anio,county_code,loan_purpose,lien_status,occupancy_type,n_focal,k_focal,n_ref,k_ref,celda
2018,01055,1,1,1,83.0,24.0,988.0,180.0,01055|1|1|1
2018,01073,1,1,3,32.0,7.0,346.0,34.0,01073|1|1|3
2018,01113,32,1,1,78.0,58.0,110.0,59.0,01113|32|1|1
2018,06013,31,1,1,387.0,131.0,3179.0,726.0,06013|31|1|1
2018,12097,1,1,1,701.0,156.0,5711.0,1068.0,12097|1|1|1
2018,12111,2,1,1,64.0,40.0,459.0,222.0,12111|2|1|1
2018,12071,4,1,1,38.0,26.0,1057.0,510.0,12071|4|1|1
2018,12083,4,2,1,57.0,47.0,658.0,401.0,12083|4|2|1
2018,24003,4,2,1,167.0,126.0,1108.0,539.0,24003|4|2|1
2018,29189,32,1,1,530.0,290.0,2905.0,648.0,29189|32|1|1
2018,36001,1,1,1,173.0,19.0,2303.0,174.0,36001|1|1|1
2018,36047,31,2,1,114.0,78.0,367.0,176.0,36047|31|2|1
2018,39113,32,1,1,154.0,85.0,1184.0,347.0,39113|32|1|1
2018,39113,31,1,1,214.0,100.0,1447.0,426.0,39113|31|1|1
2018,48367,1,1,1,48.0,9.0,3039.0,356.0,48367|1|1|1
2018,48001,1,1,1,68.0,32.0,418.0,142.0,48001|1|1|1
2018,48245,32,1,1,93.0,46.0,385.0,101.0,48245|32|1|1
2018,48029,2,1,1,67.0,43.0,1120.0,554.0,48029|2|1|1
2018,49049,1,1,1,49.0,9.0,10313.0,677.0,49049|1|1|1
2018,55101,1,1,1,109.0,17.0,2219.0,169.0,55101|1|1|1
2019,04019,32,1,1,135.0,51.0,5085.0,1210.0,04019|32|1|1
2018,12031,2,1,1,129.0,94.0,540.0,227.0,12031|2|1|1
2018,48121,32,2,1,35.0,23.0,346.0,103.0,48121|32|2|1
2019,06001,1,1,1,452.0,65.0,4150.0,336.0,06001|1|1|1
2019,06071,32,1,1,1119.0,398.0,10920.0,2257.0,06071|32|1|1
2019,12083,4,2,1,50.0,35.0,610.0,353.0,12083|4|2|1
2019,21047,1,1,1,77.0,15.0,542.0,71.0,21047|1|1|1
2019,29095,1,1,1,980.0,157.0,7546.0,465.0,29095|1|1|1
2019,34035,2,2,1,50.0,28.0,639.0,279.0,34035|2|2|1
2019,34039,1,1,1,975.0,182.0,3572.0,352.0,34039|1|1|1
2019,34023,1,1,1,625.0,123.0,4262.0,441.0,34023|1|1|1
2019,34013,1,1,1,1724.0,355.0,3509.0,356.0,34013|1|1|1
2019,36029,4,1,1,58.0,40.0,757.0,306.0,36029|4|1|1
2019,39035,4,1,1,310.0,220.0,1229.0,450.0,39035|4|1|1
2019,42069,1,1,1,52.0,12.0,1576.0,153.0,42069|1|1|1
2019,42089,31,1,1,100.0,36.0,627.0,204.0,42089|31|1|1
2019,48209,1,1,1,146.0,37.0,3829.0,476.0,48209|1|1|1
2019,51161,1,1,1,70.0,8.0,1277.0,67.0,51161|1|1|1
2019,06001,32,1,3,164.0,63.0,421.0,87.0,06001|32|1|3
2019,06037,1,2,1,271.0,53.0,1938.0,340.0,06037|1|2|1
2019,13217,32,1,1,328.0,165.0,354.0,92.0,13217|32|1|1
2019,25025,2,2,1,415.0,279.0,939.0,418.0,25025|2|2|1
2019,36027,1,1,1,237.0,40.0,2331.0,264.0,36027|1|1|1
2019,36059,1,1,1,1303.0,217.0,7148.0,600.0,36059|1|1|1
2019,36081,31,2,1,98.0,68.0,333.0,168.0,36081|31|2|1
2019,48113,31,2,1,58.0,17.0,316.0,119.0,48113|31|2|1
2020,12086,1,1,3,101.0,46.0,1679.0,417.0,12086|1|1|3
2020,12073,31,1,1,412.0,101.0,2524.0,338.0,12073|31|1|1
2020,12063,1,1,1,126.0,87.0,394.0,131.0,12063|1|1|1
2020,12115,32,1,1,43.0,12.0,2895.0,565.0,12115|32|1|1
2020,22015,1,1,1,451.0,127.0,1797.0,223.0,22015|1|1|1
2020,26125,1,1,1,1458.0,296.0,15003.0,1385.0,26125|1|1|1
2020,26161,1,1,1,420.0,204.0,3426.0,415.0,26161|1|1|1
2020,29095,1,2,1,60.0,9.0,238.0,38.0,29095|1|2|1
2020,37159,32,1,1,43.0,16.0,636.0,128.0,37159|32|1|1
2020,37119,2,2,1,450.0,282.0,1832.0,616.0,37119|2|2|1
2020,37179,2,2,1,36.0,21.0,529.0,199.0,37179|2|2|1
2020,47187,32,1,1,73.0,19.0,2919.0,301.0,47187|32|1|1
2020,04019,32,1,1,134.0,35.0,7034.0,1006.0,04019|32|1|1
2020,08005,1,1,1,951.0,128.0,9018.0,562.0,08005|1|1|1
2020,12047,1,1,1,31.0,24.0,114.0,61.0,12047|1|1|1
2020,24027,31,1,1,1350.0,270.0,6047.0,489.0,24027|31|1|1
2020,24033,1,2,1,196.0,44.0,56.0,12.0,24033|1|2|1
2020,24005,2,1,1,62.0,39.0,285.0,132.0,24005|2|1|1
2020,26081,4,2,1,35.0,19.0,956.0,272.0,26081|4|2|1
2020,29095,1,1,1,1138.0,181.0,8500.0,547.0,29095|1|1|1
2020,29047,32,1,1,48.0,7.0,1678.0,192.0,29047|32|1|1
2020,37133,32,1,1,61.0,19.0,554.0,153.0,37133|32|1|1
2020,34035,32,1,1,84.0,17.0,1181.0,165.0,34035|32|1|1
2020,36001,32,1,1,42.0,12.0,1304.0,149.0,36001|32|1|1
2020,51650,32,1,1,185.0,71.0,225.0,43.0,51650|32|1|1
2020,51650,2,2,1,48.0,27.0,60.0,22.0,51650|2|2|1
2021,08001,32,1,1,180.0,45.0,6945.0,925.0,08001|32|1|1
2021,13077,1,1,1,510.0,85.0,2321.0,146.0,13077|1|1|1
2021,13121,31,2,1,56.0,30.0,306.0,83.0,13121|31|2|1
2021,13223,4,2,1,60.0,44.0,209.0,104.0,13223|4|2|1
2021,19153,1,1,1,367.0,49.0,8403.0,523.0,19153|1|1|1
2021,19163,1,1,1,120.0,14.0,2640.0,152.0,19163|1|1|1
2021,17031,4,1,1,320.0,219.0,1494.0,634.0,17031|4|1|1
2021,26163,2,2,1,335.0,195.0,1602.0,486.0,26163|2|2|1
2021,26045,1,1,1,125.0,51.0,1588.0,243.0,26045|1|1|1
2021,26099,4,1,1,36.0,22.0,572.0,183.0,26099|4|1|1
2021,26099,2,1,1,40.0,25.0,607.0,192.0,26099|2|1|1
2021,37167,1,1,1,165.0,43.0,967.0,102.0,37167|1|1|1
2021,37133,1,1,1,547.0,81.0,4678.0,336.0,37133|1|1|1
2021,37147,31,1,1,533.0,124.0,1731.0,173.0,37147|31|1|1
2020,53063,1,1,1,154.0,23.0,7448.0,624.0,53063|1|1|1
2021,12009,4,2,1,31.0,23.0,546.0,287.0,12009|4|2|1
2021,12057,1,2,1,74.0,19.0,352.0,75.0,12057|1|2|1
2021,12031,32,1,3,117.0,48.0,476.0,85.0,12031|32|1|3
2021,17163,4,1,1,44.0,31.0,101.0,44.0,17163|4|1|1
2021,25005,31,1,1,527.0,111.0,8756.0,1027.0,25005|31|1|1
2021,25005,1,1,1,1070.0,150.0,4909.0,376.0,25005|1|1|1
2021,34013,2,1,1,82.0,57.0,171.0,66.0,34013|2|1|1
2021,39061,32,1,1,809.0,261.0,5139.0,690.0,39061|32|1|1
2021,42069,1,1,1,83.0,14.0,1878.0,204.0,42069|1|1|1
2021,48121,1,1,1,1808.0,292.0,12564.0,927.0,48121|1|1|1
2021,55079,32,1,3,67.0,24.0,376.0,65.0,55079|32|1|3
2022,12081,32,1,1,184.0,63.0,2368.0,559.0,12081|32|1|1
2022,12086,1,1,3,167.0,48.0,3431.0,643.0,12086|1|1|3
2022,13299,1,1,1,71.0,21.0,284.0,81.0,13299|1|1|1
2022,13245,1,1,3,71.0,11.0,139.0,18.0,13245|1|1|3
2021,36067,31,1,1,139.0,47.0,3090.0,424.0,36067|31|1|1
2021,42091,4,2,1,88.0,54.0,1337.0,425.0,42091|4|2|1
2021,48029,32,1,1,494.0,186.0,6933.0,1705.0,48029|32|1|1
2022,06085,2,2,1,47.0,17.0,1797.0,494.0,06085|2|2|1
2022,12031,4,1,1,102.0,79.0,373.0,164.0,12031|4|1|1
2022,13255,31,1,1,33.0,20.0,122.0,29.0,13255|31|1|1
2022,24025,32,1,1,241.0,91.0,1005.0,221.0,24025|32|1|1
2022,24005,31,2,1,60.0,30.0,225.0,57.0,24005|31|2|1
2022,36005,32,1,1,381.0,189.0,336.0,126.0,36005|32|1|1
2022,39151,1,1,1,227.0,49.0,3717.0,237.0,39151|1|1|1
2022,39113,31,1,1,179.0,74.0,1405.0,300.0,39113|31|1|1
2022,51760,2,1,1,56.0,38.0,47.0,20.0,51760|2|1|1
2023,01117,4,2,1,140.0,74.0,853.0,274.0,01117|4|2|1
2023,12089,1,1,1,119.0,23.0,1667.0,251.0,12089|1|1|1
2023,13063,32,1,1,1125.0,556.0,132.0,53.0,13063|32|1|1
2023,13051,2,2,1,127.0,80.0,439.0,187.0,13051|2|2|1
2023,13063,31,1,1,187.0,100.0,28.0,9.0,13063|31|1|1
2023,21111,32,1,1,312.0,129.0,977.0,268.0,21111|32|1|1
2022,36063,1,1,1,153.0,32.0,1710.0,179.0,36063|1|1|1
2022,36059,4,1,1,47.0,25.0,530.0,212.0,36059|4|1|1
2022,48481,1,1,1,40.0,23.0,350.0,99.0,48481|1|1|1
2023,01089,1,2,1,52.0,15.0,101.0,18.0,01089|1|2|1
2023,01125,1,2,1,55.0,11.0,41.0,3.0,01125|1|2|1
2023,26081,2,2,1,150.0,83.0,1813.0,474.0,26081|2|2|1
2023,27053,4,2,1,220.0,123.0,1927.0,704.0,27053|4|2|1
2023,27003,32,1,1,30.0,20.0,458.0,140.0,27003|32|1|1
2023,29077,1,1,1,37.0,6.0,2836.0,230.0,29077|1|1|1
2023,29189,31,2,1,43.0,18.0,439.0,101.0,29189|31|2|1
2023,48021,1,1,1,145.0,62.0,1572.0,457.0,48021|1|1|1
2023,48029,31,1,1,91.0,46.0,953.0,402.0,48029|31|1|1
2024,06029,1,1,1,222.0,48.0,4779.0,577.0,06029|1|1|1
2024,12011,31,2,1,158.0,90.0,753.0,379.0,12011|31|2|1
2024,12031,1,1,3,104.0,27.0,523.0,79.0,12031|1|1|3
2024,12011,32,1,3,213.0,92.0,547.0,153.0,12011|32|1|3
2024,13175,1,1,1,131.0,71.0,248.0,78.0,13175|1|1|1
2024,13097,4,2,1,260.0,147.0,132.0,61.0,13097|4|2|1
2024,17093,1,1,1,157.0,26.0,1293.0,81.0,17093|1|1|1
2023,39113,2,1,1,163.0,88.0,307.0,132.0,39113|2|1|1
2023,42003,4,2,1,185.0,104.0,2578.0,967.0,42003|4|2|1
2023,48401,1,1,1,104.0,68.0,478.0,144.0,48401|1|1|1
2023,51760,4,2,1,95.0,59.0,184.0,66.0,51760|4|2|1
2023,55025,2,2,1,55.0,10.0,1615.0,181.0,55025|2|2|1
2018,01069,1,1,1,170.0,54.0,1208.0,165.0,01069|1|1|1
2018,01117,32,1,1,101.0,50.0,834.0,198.0,01117|32|1|1
2018,01089,4,1,1,44.0,28.0,257.0,70.0,01089|4|1|1
2018,01089,1,1,3,42.0,8.0,305.0,29.0,01089|1|1|3
2018,26163,2,1,1,805.0,648.0,1224.0,550.0,26163|2|1|1
2018,34005,32,1,1,254.0,145.0,1331.0,480.0,34005|32|1|1
2018,12091,32,1,1,72.0,32.0,659.0,221.0,12091|32|1|1
2018,24003,1,1,1,1567.0,224.0,6538.0,471.0,24003|1|1|1
2018,42077,32,1,1,32.0,17.0,802.0,250.0,42077|32|1|1
2018,48029,1,1,3,52.0,9.0,883.0,100.0,48029|1|1|3
2018,48231,1,1,1,48.0,12.0,1207.0,223.0,48231|1|1|1
2018,55079,4,2,1,114.0,75.0,1091.0,369.0,55079|4|2|1
2019,06065,32,1,3,66.0,18.0,906.0,200.0,06065|32|1|3
2019,12111,2,1,1,61.0,45.0,450.0,203.0,12111|2|1|1
2019,13051,32,1,1,304.0,173.0,658.0,188.0,13051|32|1|1
2019,13121,1,1,2,121.0,24.0,212.0,16.0,13121|1|1|2
2019,17031,1,1,3,254.0,67.0,1924.0,183.0,17031|1|1|3
2019,29051,1,1,1,25.0,3.0,950.0,51.0,29051|1|1|1
2019,29047,1,1,1,228.0,26.0,3951.0,228.0,29047|1|1|1
2019,34021,31,1,1,150.0,64.0,1178.0,242.0,34021|31|1|1
2019,48355,1,1,1,124.0,22.0,3411.0,487.0,48355|1|1|1
2019,48351,1,1,1,26.0,23.0,117.0,50.0,48351|1|1|1
2019,51059,32,1,1,388.0,123.0,3194.0,501.0,51059|32|1|1
2019,12035,32,1,1,68.0,20.0,659.0,165.0,12035|32|1|1
2019,39049,1,1,3,100.0,24.0,750.0,69.0,39049|1|1|3
2019,51127,1,1,1,40.0,7.0,366.0,17.0,51127|1|1|1
2020,12105,1,1,1,2007.0,527.0,12463.0,2194.0,12105|1|1|1
2020,12031,31,1,3,108.0,45.0,458.0,113.0,12031|31|1|3
2020,18089,32,1,1,196.0,75.0,2639.0,364.0,18089|32|1|1
2020,22005,31,1,1,467.0,107.0,2643.0,184.0,22005|31|1|1
2020,26125,2,2,1,147.0,75.0,1942.0,585.0,26125|2|2|1
2020,26099,1,1,1,1658.0,394.0,10527.0,1257.0,26099|1|1|1
2020,37071,32,1,1,94.0,26.0,1127.0,196.0,37071|32|1|1
2020,37021,1,1,1,96.0,37.0,3652.0,465.0,37021|1|1|1
2020,48201,2,1,1,274.0,200.0,1426.0,744.0,48201|2|1|1
2019,55079,31,1,3,40.0,20.0,210.0,46.0,55079|31|1|3
2020,08031,2,2,1,62.0,34.0,1383.0,379.0,08031|2|2|1
2020,24031,1,1,1,1779.0,191.0,6727.0,336.0,24031|1|1|1
2020,24033,32,1,3,189.0,78.0,65.0,16.0,24033|32|1|3
2020,37163,1,1,1,171.0,109.0,396.0,90.0,37163|1|1|1
2020,34023,4,2,1,47.0,32.0,419.0,238.0,34023|4|2|1
2020,36059,4,1,1,44.0,28.0,556.0,268.0,36059|4|1|1
2020,36029,4,1,1,35.0,24.0,614.0,221.0,36029|4|1|1
2020,48339,31,1,1,591.0,119.0,10401.0,1449.0,48339|31|1|1
2020,51683,1,1,1,72.0,12.0,436.0,37.0,51683|1|1|1
2021,06001,31,1,1,1565.0,274.0,14203.0,1273.0,06001|31|1|1
2021,12033,32,1,1,271.0,98.0,2014.0,417.0,12033|32|1|1
2021,12127,1,1,1,742.0,142.0,9100.0,1136.0,12127|1|1|1
2021,13077,31,1,1,334.0,67.0,2449.0,318.0,13077|31|1|1
2021,13089,1,1,3,154.0,39.0,280.0,23.0,13089|1|1|3
2021,13015,32,1,1,68.0,18.0,1035.0,156.0,13015|32|1|1
2021,13015,1,1,1,199.0,57.0,1568.0,145.0,13015|1|1|1
2021,13127,32,1,1,54.0,17.0,528.0,91.0,13127|32|1|1
2021,29183,32,1,1,172.0,44.0,4848.0,456.0,29183|32|1|1
2021,29047,1,1,1,250.0,37.0,3930.0,211.0,29047|1|1|1
2021,37025,31,1,1,972.0,194.0,3857.0,396.0,37025|31|1|1
2021,37069,31,1,1,265.0,58.0,1165.0,134.0,37069|31|1|1
2020,48121,1,2,1,60.0,13.0,561.0,89.0,48121|1|2|1
2020,51810,2,2,1,55.0,29.0,516.0,191.0,51810|2|2|1
2020,55079,31,1,1,997.0,319.0,12797.0,1445.0,55079|31|1|1
2021,06013,4,2,1,92.0,49.0,1113.0,327.0,06013|4|2|1
2021,12011,2,1,1,201.0,144.0,940.0,520.0,12011|2|1|1
2021,12086,2,2,1,244.0,188.0,2528.0,1570.0,12086|2|2|1
2021,13135,4,1,1,102.0,80.0,273.0,123.0,13135|4|1|1
2021,25001,1,1,1,78.0,8.0,2145.0,160.0,25001|1|1|1
2021,37081,4,1,1,59.0,38.0,256.0,84.0,37081|4|1|1
2021,37049,32,1,1,60.0,19.0,614.0,118.0,37049|32|1|1
2021,34003,32,1,1,277.0,68.0,4396.0,642.0,34003|32|1|1
2021,34001,1,1,1,348.0,67.0,2654.0,244.0,34001|1|1|1
2021,36103,32,1,1,642.0,156.0,11153.0,1447.0,36103|32|1|1
2021,36119,32,1,1,381.0,89.0,3530.0,529.0,36119|32|1|1
2021,39151,31,1,1,114.0,31.0,5072.0,694.0,39151|31|1|1
2021,47093,32,1,1,233.0,59.0,4479.0,588.0,47093|32|1|1
2021,47113,32,1,1,108.0,50.0,340.0,78.0,47113|32|1|1
2021,48329,1,1,1,127.0,20.0,3291.0,528.0,48329|1|1|1
2021,51800,1,1,1,948.0,85.0,1306.0,55.0,51800|1|1|1
2021,51590,1,1,1,125.0,30.0,152.0,20.0,51590|1|1|1
2021,51041,1,2,1,235.0,29.0,206.0,27.0,51041|1|2|1
2021,55079,1,1,1,1914.0,360.0,7909.0,543.0,55079|1|1|1
2022,12069,1,1,1,808.0,193.0,5615.0,805.0,12069|1|1|1
2022,12111,1,1,1,2031.0,429.0,4979.0,633.0,12111|1|1|1
2022,13113,1,1,1,598.0,112.0,908.0,47.0,13113|1|1|1
2022,13015,1,1,1,190.0,35.0,1327.0,119.0,13015|1|1|1
2021,36005,4,1,1,28.0,18.0,42.0,22.0,36005|4|1|1
2021,48491,32,1,1,313.0,72.0,5341.0,761.0,48491|32|1|1
2021,51149,32,1,1,53.0,9.0,220.0,36.0,51149|32|1|1
2022,12099,4,2,1,425.0,302.0,3179.0,1670.0,12099|4|2|1
2022,12047,1,1,1,40.0,29.0,110.0,44.0,12047|1|1|1
2022,13051,4,2,1,77.0,49.0,355.0,155.0,13051|4|2|1
2022,24005,1,1,1,2605.0,328.0,4765.0,263.0,24005|1|1|1
2022,24017,32,1,1,970.0,300.0,429.0,115.0,24017|32|1|1
2022,24021,32,1,1,216.0,91.0,1046.0,242.0,24021|32|1|1
2022,36047,32,1,3,174.0,56.0,379.0,76.0,36047|32|1|3
2022,36047,31,1,3,70.0,24.0,288.0,82.0,36047|31|1|3
2022,36055,1,1,1,677.0,117.0,5165.0,250.0,36055|1|1|1
2022,39057,1,1,1,96.0,15.0,1925.0,121.0,39057|1|1|1
2022,39061,4,1,1,99.0,53.0,589.0,179.0,39061|4|1|1
2022,48085,1,1,1,1587.0,248.0,8855.0,700.0,48085|1|1|1
2022,48157,2,1,1,88.0,60.0,167.0,90.0,48157|2|1|1
2022,48185,1,1,1,47.0,31.0,508.0,145.0,48185|1|1|1
2022,51800,4,2,1,104.0,60.0,162.0,50.0,51800|4|2|1
2023,01115,1,1,1,209.0,66.0,1237.0,257.0,01115|1|1|1
2023,01073,4,1,1,193.0,138.0,273.0,84.0,01073|4|1|1
2023,12019,1,1,1,515.0,114.0,2625.0,375.0,12019|1|1|1
2023,12095,32,1,1,591.0,298.0,1510.0,540.0,12095|32|1|1
2023,13151,1,1,1,2579.0,579.0,746.0,121.0,13151|1|1|1
2023,13121,31,2,1,119.0,61.0,410.0,115.0,13121|31|2|1
2022,38017,1,1,1,92.0,9.0,2292.0,91.0,38017|1|1|1
2022,39095,1,1,1,539.0,112.0,3700.0,293.0,39095|1|1|1
2022,39043,1,1,1,36.0,5.0,633.0,47.0,39043|1|1|1
2023,13097,4,1,1,38.0,28.0,41.0,18.0,13097|4|1|1
2023,29510,31,1,1,49.0,22.0,107.0,23.0,29510|31|1|1
2023,39061,2,1,1,136.0,80.0,317.0,112.0,39061|2|1|1
2023,48397,1,1,1,397.0,69.0,1651.0,167.0,48397|1|1|1
2023,51810,31,1,1,57.0,18.0,220.0,66.0,51810|31|1|1
2023,51069,1,1,1,66.0,8.0,989.0,100.0,51069|1|1|1
2024,06073,1,1,1,541.0,93.0,11200.0,1386.0,06073|1|1|1
2024,12109,32,1,1,56.0,36.0,665.0,225.0,12109|32|1|1
2023,39113,4,1,1,92.0,53.0,310.0,126.0,39113|4|1|1
2024,12083,2,1,1,43.0,30.0,395.0,211.0,12083|2|1|1
2024,13089,1,1,1,2355.0,445.0,3074.0,197.0,13089|1|1|1
2024,13117,1,1,1,76.0,8.0,1435.0,90.0,13117|1|1|1
2024,13067,4,2,1,671.0,328.0,1244.0,487.0,13067|4|2|1
2018,01101,1,1,1,975.0,213.0,1003.0,81.0,01101|1|1|1
2018,01089,1,2,1,33.0,11.0,84.0,14.0,01089|1|2|1
2018,06001,32,1,3,197.0,75.0,424.0,101.0,06001|32|1|3
2018,42133,32,1,1,49.0,22.0,1122.0,376.0,42133|32|1|1
2018,12129,1,1,1,60.0,15.0,520.0,103.0,12129|1|1|1
2018,12086,1,2,1,51.0,14.0,954.0,309.0,12086|1|2|1
2018,12103,4,2,1,79.0,57.0,2215.0,1154.0,12103|4|2|1
2018,12105,1,1,3,39.0,7.0,457.0,55.0,12105|1|1|3
2018,24025,31,1,1,143.0,51.0,898.0,224.0,24025|31|1|1
2018,29510,2,2,1,96.0,71.0,258.0,94.0,29510|2|2|1
2018,29189,31,1,1,536.0,268.0,3096.0,704.0,29189|31|1|1
2018,42003,4,1,1,96.0,63.0,1130.0,410.0,42003|4|1|1
2018,42029,4,2,1,38.0,23.0,1474.0,521.0,42029|4|2|1
2019,06115,1,1,1,64.0,16.0,922.0,89.0,06115|1|1|1
2019,12083,2,1,1,29.0,19.0,511.0,241.0,12083|2|1|1
2019,12117,4,2,1,65.0,47.0,904.0,475.0,12117|4|2|1
2019,21111,31,2,1,48.0,16.0,673.0,112.0,21111|31|2|1
2019,26125,32,1,1,815.0,251.0,7081.0,1155.0,26125|32|1|1
2019,34003,4,2,1,57.0,38.0,1202.0,653.0,34003|4|2|1
2019,34031,2,2,1,39.0,30.0,743.0,417.0,34031|2|2|1
2019,36111,1,1,1,58.0,14.0,1254.0,205.0,36111|1|1|1
2019,42045,31,1,1,358.0,143.0,2486.0,488.0,42045|31|1|1
2019,42041,1,1,1,79.0,8.0,2848.0,237.0,42041|1|1|1
2019,42045,4,1,1,51.0,34.0,365.0,141.0,42045|4|1|1
2019,48073,1,1,1,71.0,44.0,536.0,180.0,48073|1|1|1
2019,48167,1,1,1,297.0,39.0,4330.0,419.0,48167|1|1|1
2019,48349,1,1,1,42.0,18.0,483.0,130.0,48349|1|1|1
2019,48001,1,1,1,56.0,28.0,424.0,115.0,48001|1|1|1
2019,51740,4,2,1,46.0,36.0,52.0,34.0,51740|4|2|1
2019,06075,1,1,1,39.0,9.0,1962.0,100.0,06075|1|1|1
2019,06065,2,2,1,207.0,145.0,3002.0,1692.0,06065|2|2|1
2019,12009,1,1,3,32.0,7.0,398.0,48.0,12009|1|1|3
2019,34041,1,1,1,115.0,27.0,1246.0,132.0,34041|1|1|1
2019,48491,32,1,1,106.0,40.0,1864.0,387.0,48491|32|1|1
2019,48439,32,1,3,73.0,24.0,435.0,73.0,48439|32|1|3
2019,48245,31,1,1,117.0,57.0,287.0,70.0,48245|31|1|1
2020,06071,31,1,1,2814.0,527.0,30878.0,3899.0,06071|31|1|1
2020,12101,1,1,1,897.0,154.0,10882.0,1332.0,12101|1|1|1
2020,12099,31,1,1,2155.0,721.0,18554.0,3444.0,12099|31|1|1
2020,12009,1,1,1,745.0,140.0,9843.0,1000.0,12009|1|1|1
2020,37033,1,1,1,42.0,17.0,158.0,32.0,37033|1|1|1
2020,40017,1,1,1,215.0,33.0,3068.0,275.0,40017|1|1|1
2020,42133,32,1,1,35.0,16.0,1821.0,287.0,42133|32|1|1
2020,47037,31,1,1,1612.0,392.0,11319.0,1316.0,47037|31|1|1
2020,47037,2,1,1,68.0,43.0,408.0,175.0,47037|2|1|1
2020,48213,1,1,1,75.0,50.0,1235.0,372.0,48213|1|1|1
2020,06073,32,1,3,78.0,22.0,2001.0,353.0,06073|32|1|3
2020,06013,2,2,1,97.0,56.0,1280.0,490.0,06013|2|2|1
2020,06037,31,2,1,114.0,56.0,2175.0,852.0,06037|31|2|1
2020,24031,32,1,1,624.0,175.0,4096.0,458.0,24031|32|1|1
2020,24510,1,1,3,226.0,46.0,269.0,26.0,24510|1|1|3
2020,24510,32,1,3,108.0,55.0,130.0,32.0,24510|32|1|3
2020,34039,32,1,1,339.0,105.0,1751.0,292.0,34039|32|1|1
2020,36067,32,1,1,35.0,13.0,1432.0,223.0,36067|32|1|1
2020,36027,1,1,1,313.0,52.0,2419.0,262.0,36027|1|1|1
2020,36055,31,2,1,39.0,18.0,588.0,113.0,36055|31|2|1
2020,36055,1,2,1,25.0,9.0,172.0,24.0,36055|1|2|1
2020,42045,2,1,1,70.0,49.0,330.0,118.0,42045|2|1|1
2020,47157,1,1,3,131.0,19.0,1059.0,44.0,47157|1|1|3
2020,47113,32,1,1,41.0,20.0,207.0,34.0,47113|32|1|1
2020,48113,32,1,3,103.0,32.0,481.0,102.0,48113|32|1|3
2020,48157,1,1,3,75.0,18.0,194.0,21.0,48157|1|1|3
2020,48099,1,1,1,116.0,19.0,763.0,115.0,48099|1|1|1
2020,48485,1,1,1,71.0,13.0,1201.0,88.0,48485|1|1|1
2020,51510,1,1,1,157.0,12.0,1637.0,44.0,51510|1|1|1
2020,51085,1,1,1,140.0,23.0,1727.0,96.0,51085|1|1|1
2021,06065,31,1,1,3275.0,682.0,35940.0,5154.0,06065|31|1|1
2021,12113,32,1,1,79.0,23.0,2091.0,381.0,12113|32|1|1
2021,12105,31,1,1,1119.0,308.0,7867.0,1470.0,12105|31|1|1
2021,12127,32,1,1,342.0,133.0,5656.0,1231.0,12127|32|1|1
2021,13045,32,1,1,119.0,44.0,914.0,140.0,13045|32|1|1
2021,13089,32,1,3,229.0,74.0,174.0,29.0,13089|32|1|3
2021,29510,2,1,1,87.0,70.0,94.0,38.0,29510|2|1|1
2021,37183,1,1,1,2067.0,320.0,13062.0,573.0,37183|1|1|1
2020,48481,1,1,1,52.0,38.0,299.0,60.0,48481|1|1|1
2020,53053,1,1,1,953.0,100.0,10467.0,746.0,53053|1|1|1
2021,10003,2,1,1,93.0,65.0,273.0,89.0,10003|2|1|1
2021,12105,2,1,1,64.0,34.0,534.0,215.0,12105|2|1|1
2021,12127,2,2,1,55.0,47.0,898.0,430.0,12127|2|2|1
2021,13177,1,1,1,174.0,39.0,409.0,54.0,13177|1|1|1
2021,13095,1,1,1,427.0,140.0,285.0,58.0,13095|1|1|1
2021,13151,4,1,1,73.0,51.0,63.0,25.0,13151|4|1|1
2021,37089,1,1,1,52.0,15.0,1907.0,227.0,37089|1|1|1
2021,34021,31,1,1,459.0,120.0,3351.0,473.0,34021|31|1|1
2021,36055,2,2,1,177.0,94.0,1585.0,406.0,36055|2|2|1
2021,48167,1,1,1,400.0,75.0,4554.0,457.0,48167|1|1|1
2021,48027,1,1,1,1283.0,168.0,4532.0,388.0,48027|1|1|1
2021,48491,1,1,1,740.0,120.0,8891.0,670.0,48491|1|1|1
2022,12009,32,1,1,478.0,162.0,3729.0,995.0,12009|32|1|1
2022,12009,2,1,1,57.0,35.0,577.0,203.0,12009|2|1|1
2022,13121,1,1,1,4800.0,890.0,6412.0,408.0,13121|1|1|1
2022,13207,1,1,1,102.0,31.0,385.0,67.0,13207|1|1|1
2022,13089,1,1,3,162.0,45.0,210.0,11.0,13089|1|1|3
2022,13135,4,1,1,95.0,72.0,242.0,102.0,13135|4|1|1
2022,13121,32,2,1,105.0,33.0,168.0,37.0,13121|32|2|1
2022,18097,2,2,1,581.0,236.0,1896.0,619.0,18097|2|2|1
2022,26065,4,2,1,59.0,27.0,695.0,129.0,26065|4|2|1
2021,36103,1,2,1,52.0,19.0,274.0,58.0,36103|1|2|1
2021,36059,32,2,1,25.0,11.0,360.0,118.0,36059|32|2|1
2021,48039,32,1,1,267.0,88.0,1366.0,239.0,48039|32|1|1
2021,48157,2,1,1,66.0,43.0,160.0,73.0,48157|2|1|1
2022,28071,1,1,1,117.0,70.0,506.0,59.0,28071|1|1|1
2022,28121,4,2,1,61.0,35.0,402.0,113.0,28121|4|2|1
2022,39061,4,2,1,279.0,144.0,1950.0,526.0,39061|4|2|1
2022,42011,1,1,1,240.0,40.0,3691.0,346.0,42011|1|1|1
2022,42045,32,2,1,90.0,53.0,282.0,66.0,42045|32|2|1
2022,48439,31,1,1,705.0,265.0,3337.0,860.0,48439|31|1|1
2022,51179,32,1,1,373.0,110.0,743.0,145.0,51179|32|1|1
2022,51059,4,2,1,175.0,90.0,1271.0,498.0,51059|4|2|1
2022,51710,4,2,1,98.0,57.0,167.0,79.0,51710|4|2|1
2023,01081,1,1,1,466.0,234.0,1570.0,218.0,01081|1|1|1
2023,01121,1,1,1,359.0,215.0,626.0,209.0,01121|1|1|1
2023,12057,4,2,1,668.0,388.0,3347.0,1658.0,12057|4|2|1
2023,12035,32,1,1,65.0,41.0,347.0,125.0,12035|32|1|1
2023,13113,1,1,1,504.0,131.0,728.0,64.0,13113|1|1|1
2023,13105,1,1,1,33.0,21.0,119.0,22.0,13105|1|1|1
2023,13247,1,1,1,715.0,122.0,209.0,26.0,13247|1|1|1
2023,13113,2,2,1,170.0,87.0,262.0,107.0,13113|2|2|1
2022,42029,4,2,1,72.0,38.0,2013.0,557.0,42029|4|2|1
2022,51760,1,2,1,46.0,9.0,56.0,11.0,51760|1|2|1
2023,12105,4,2,1,236.0,175.0,1711.0,993.0,12105|4|2|1
2023,26081,2,1,1,42.0,24.0,340.0,94.0,26081|2|1|1
2023,27163,1,1,1,247.0,34.0,2303.0,159.0,27163|1|1|1
2023,34035,32,1,1,54.0,17.0,245.0,79.0,34035|32|1|1
2023,48309,32,1,1,54.0,30.0,394.0,144.0,48309|32|1|1
2023,48381,1,1,1,69.0,9.0,1662.0,186.0,48381|1|1|1
2023,51510,1,1,1,166.0,18.0,1074.0,39.0,51510|1|1|1
2024,08041,4,2,1,159.0,91.0,2345.0,858.0,08041|4|2|1
2024,12099,2,2,1,470.0,292.0,2875.0,1356.0,12099|2|2|1
2024,12083,1,1,1,762.0,202.0,5779.0,923.0,12083|1|1|1
2024,12057,32,1,1,631.0,281.0,2171.0,756.0,12057|32|1|1
2024,12009,1,1,2,33.0,6.0,290.0,41.0,12009|1|1|2
2024,12131,1,1,1,45.0,17.0,1490.0,284.0,12131|1|1|1
2024,12079,1,1,1,62.0,49.0,124.0,46.0,12079|1|1|1
2024,12105,1,1,2,53.0,8.0,360.0,64.0,12105|1|1|2
2023,39113,32,1,1,190.0,81.0,852.0,258.0,39113|32|1|1
2023,51710,4,2,1,131.0,85.0,256.0,138.0,51710|4|2|1
2024,26161,32,1,1,103.0,43.0,391.0,106.0,26161|32|1|1
2024,26125,2,2,1,388.0,178.0,2629.0,684.0,26125|2|2|1
2024,37167,1,1,1,161.0,35.0,657.0,97.0,37167|1|1|1
2024,37083,1,1,1,195.0,127.0,165.0,32.0,37083|1|1|1
2025,06067,2,2,1,209.0,96.0,1663.0,486.0,06067|2|2|1
2025,06073,2,2,1,202.0,85.0,4703.0,1525.0,06073|2|2|1
2025,08059,1,1,1,42.0,2.0,5391.0,264.0,08059|1|1|1
2025,08005,1,2,1,88.0,8.0,414.0,39.0,08005|1|2|1
2025,12099,1,1,3,137.0,34.0,1127.0,185.0,12099|1|1|3
2025,12086,31,1,1,316.0,143.0,2313.0,835.0,12086|31|1|1
2025,12086,32,1,3,222.0,68.0,1574.0,434.0,12086|32|1|3
2025,13153,31,1,1,220.0,49.0,314.0,49.0,13153|31|1|1
2025,13217,32,1,1,322.0,149.0,217.0,71.0,13217|32|1|1
2025,13121,1,2,1,390.0,79.0,184.0,33.0,13121|1|2|1
2025,13097,4,2,1,223.0,116.0,116.0,47.0,13097|4|2|1
2025,13021,32,1,1,189.0,84.0,181.0,60.0,13021|32|1|1
2024,44007,1,1,1,535.0,71.0,3314.0,249.0,44007|1|1|1
2025,12031,2,2,1,308.0,161.0,1124.0,438.0,12031|2|2|1
2025,26125,2,1,1,147.0,75.0,614.0,185.0,26125|2|1|1
2025,37021,1,1,1,65.0,28.0,2269.0,302.0,37021|1|1|1
2025,37181,1,1,1,86.0,29.0,184.0,32.0,37181|1|1|1
2025,37141,1,1,1,69.0,43.0,1066.0,120.0,37141|1|1|1
2025,37153,1,1,1,110.0,57.0,222.0,67.0,37153|1|1|1
2025,29183,1,1,1,255.0,37.0,4344.0,268.0,29183|1|1|1
2025,29047,32,1,1,60.0,27.0,723.0,196.0,29047|32|1|1
2025,29510,4,2,1,59.0,41.0,274.0,98.0,29510|4|2|1
2025,39049,1,1,3,87.0,16.0,480.0,40.0,39049|1|1|3
2025,39035,31,1,1,619.0,209.0,2412.0,452.0,39035|31|1|1
2025,39035,32,1,1,677.0,336.0,1736.0,507.0,39035|32|1|1
2025,39049,4,1,1,127.0,80.0,591.0,200.0,39049|4|1|1
2025,45091,1,1,1,586.0,163.0,3273.0,303.0,45091|1|1|1
2025,45057,32,1,1,53.0,18.0,275.0,65.0,45057|32|1|1
2025,45081,1,1,1,27.0,15.0,117.0,21.0,45081|1|1|1
2025,45079,4,1,1,105.0,61.0,134.0,37.0,45079|4|1|1
2025,48201,1,1,2,43.0,14.0,188.0,40.0,48201|1|1|2
2025,51029,1,1,1,32.0,18.0,116.0,19.0,51029|1|1|1
2018,04021,1,1,1,564.0,127.0,8138.0,875.0,04021|1|1|1
2018,04013,4,2,1,272.0,179.0,7683.0,4103.0,04013|4|2|1
2018,27053,1,1,1,1080.0,162.0,13627.0,592.0,27053|1|1|1
2018,13067,31,1,1,505.0,207.0,1392.0,362.0,13067|31|1|1
2018,13285,1,1,1,140.0,25.0,600.0,68.0,13285|1|1|1
2018,13081,1,1,1,39.0,25.0,89.0,18.0,13081|1|1|1
2018,37021,32,1,1,61.0,24.0,1033.0,291.0,37021|32|1|1
2018,37025,31,1,1,116.0,43.0,632.0,174.0,37025|31|1|1
2018,37013,1,1,1,54.0,27.0,421.0,54.0,37013|1|1|1
2018,37161,1,1,1,31.0,9.0,619.0,93.0,37161|1|1|1
2018,51041,32,1,1,470.0,214.0,1271.0,363.0,51041|32|1|1
2018,37063,32,1,1,425.0,174.0,531.0,129.0,37063|32|1|1
2019,37183,2,1,1,66.0,39.0,438.0,111.0,37183|2|1|1
2019,37081,2,1,1,91.0,56.0,233.0,90.0,37081|2|1|1
2019,47037,1,1,3,71.0,9.0,937.0,78.0,47037|1|1|3
2019,37147,1,1,1,488.0,103.0,1483.0,121.0,37147|1|1|1
2019,47157,2,2,1,520.0,389.0,737.0,343.0,47157|2|2|1
2020,17197,31,1,1,1217.0,225.0,16602.0,1566.0,17197|31|1|1
2020,17031,4,1,1,347.0,235.0,1638.0,769.0,17031|4|1|1
2020,13247,1,1,1,1132.0,171.0,297.0,39.0,13247|1|1|1
2020,13021,31,1,1,276.0,77.0,672.0,91.0,13021|31|1|1
2020,13261,1,1,1,89.0,62.0,128.0,36.0,13261|1|1|1
2020,13245,2,2,1,29.0,25.0,56.0,24.0,13245|2|2|1
2021,18097,31,1,1,2186.0,510.0,10586.0,1225.0,18097|31|1|1
2020,39095,31,1,1,267.0,77.0,5305.0,790.0,39095|31|1|1
2020,39099,1,1,1,147.0,28.0,2294.0,175.0,39099|1|1|1
2020,41067,1,1,1,205.0,20.0,6192.0,361.0,41067|1|1|1
2020,45053,1,1,1,204.0,145.0,576.0,69.0,45053|1|1|1
2020,45069,1,1,1,153.0,108.0,122.0,51.0,45069|1|1|1
2021,24027,31,1,1,1384.0,276.0,4708.0,408.0,24027|31|1|1
2021,24005,4,1,1,134.0,108.0,335.0,155.0,24005|4|1|1
2022,20177,1,1,1,67.0,12.0,1704.0,130.0,20177|1|1|1
2022,37147,1,1,1,694.0,258.0,1261.0,122.0,37147|1|1|1
2022,37021,1,1,1,101.0,36.0,3218.0,443.0,37021|1|1|1
2022,47113,1,1,1,234.0,74.0,761.0,105.0,47113|1|1|1
2022,37081,1,1,3,99.0,16.0,229.0,20.0,37081|1|1|3
2022,37101,2,2,1,199.0,95.0,754.0,210.0,37101|2|2|1
2022,44007,1,1,1,781.0,109.0,4614.0,374.0,44007|1|1|1
2023,04003,1,1,1,57.0,11.0,1104.0,136.0,04003|1|1|1
2023,24003,1,1,1,1135.0,175.0,3829.0,279.0,24003|1|1|1
2023,24510,2,1,1,167.0,134.0,64.0,46.0,24510|2|1|1
2023,37159,1,1,1,270.0,51.0,1238.0,146.0,37159|1|1|1
2023,37119,2,1,1,163.0,105.0,286.0,111.0,37119|2|1|1
2023,36085,1,1,1,145.0,35.0,1228.0,140.0,36085|1|1|1
2023,36081,1,1,1,846.0,168.0,2343.0,355.0,36081|1|1|1
2023,36081,2,1,1,93.0,64.0,151.0,89.0,36081|2|1|1
2023,47189,1,1,1,158.0,31.0,1902.0,153.0,47189|1|1|1
2023,47149,4,2,1,158.0,82.0,1041.0,443.0,47149|4|2|1
2023,54003,32,1,1,65.0,41.0,329.0,105.0,54003|32|1|1
2024,29189,4,1,1,120.0,84.0,385.0,136.0,29189|4|1|1
2023,47157,31,2,1,107.0,48.0,264.0,78.0,47157|31|2|1
2024,25005,1,1,1,664.0,107.0,2756.0,212.0,25005|1|1|1
2024,51760,2,2,1,75.0,33.0,289.0,62.0,51760|2|2|1
2025,28163,1,1,1,89.0,49.0,80.0,23.0,28163|1|1|1
2025,28009,1,1,1,46.0,29.0,56.0,14.0,28009|1|1|1
2024,34039,2,1,1,44.0,30.0,146.0,76.0,34039|2|1|1
2024,45011,1,1,1,104.0,76.0,125.0,58.0,45011|1|1|1
2025,17019,1,1,1,156.0,29.0,1146.0,77.0,17019|1|1|1
2025,55079,1,2,1,89.0,20.0,302.0,54.0,55079|1|2|1
2025,36001,32,1,1,36.0,19.0,276.0,67.0,36001|32|1|1
2018,01065,1,1,1,95.0,42.0,88.0,23.0,01065|1|1|1
2018,12057,32,1,1,849.0,432.0,4516.0,1431.0,12057|32|1|1
2018,12011,32,1,1,1593.0,788.0,5227.0,1883.0,12011|32|1|1
2018,26161,32,1,1,142.0,59.0,1210.0,229.0,26161|32|1|1
2018,12071,4,2,1,64.0,39.0,1497.0,821.0,12071|4|2|1
2018,12097,4,2,1,64.0,47.0,533.0,357.0,12097|4|2|1
2018,24005,4,2,1,341.0,249.0,949.0,466.0,24005|4|2|1
2018,24031,32,1,1,550.0,231.0,1808.0,450.0,24031|32|1|1
2018,29189,1,1,1,1937.0,385.0,9309.0,549.0,29189|1|1|1
2018,29051,1,1,1,43.0,3.0,937.0,47.0,29051|1|1|1
2018,36047,31,1,1,558.0,235.0,908.0,271.0,36047|31|1|1
2018,36005,2,2,1,275.0,225.0,266.0,189.0,36005|2|2|1
2018,39049,32,1,3,46.0,20.0,331.0,106.0,39049|32|1|3
2018,42091,31,1,1,199.0,85.0,2688.0,681.0,42091|31|1|1
2018,42003,32,1,1,262.0,125.0,2858.0,805.0,42003|32|1|1
2018,42049,1,1,1,57.0,11.0,2215.0,265.0,42049|1|1|1
2018,42045,1,2,1,27.0,9.0,146.0,29.0,42045|1|2|1
2018,42091,31,2,1,64.0,27.0,1239.0,352.0,42091|31|2|1
2018,55079,32,1,3,46.0,21.0,188.0,53.0,55079|32|1|3
2018,48453,1,1,1,771.0,175.0,13570.0,1394.0,48453|1|1|1
2019,06071,1,1,1,1253.0,212.0,14853.0,1538.0,06071|1|1|1
2019,12031,4,1,1,96.0,72.0,453.0,237.0,12031|4|1|1
2019,12127,1,1,1,590.0,112.0,7867.0,937.0,12127|1|1|1
2019,26075,1,1,1,62.0,13.0,2083.0,223.0,26075|1|1|1
2019,34023,4,2,1,96.0,74.0,750.0,472.0,34023|4|2|1
2019,36071,1,1,1,549.0,77.0,2769.0,326.0,36071|1|1|1
2019,39099,1,1,1,119.0,22.0,2156.0,189.0,39099|1|1|1
2019,48373,1,1,1,43.0,29.0,434.0,159.0,48373|1|1|1
2019,51760,32,1,3,41.0,10.0,76.0,16.0,51760|32|1|3
2019,51095,1,1,1,134.0,21.0,1136.0,40.0,51095|1|1|1
2019,51550,1,2,1,78.0,16.0,129.0,7.0,51550|1|2|1
2019,06065,4,2,1,214.0,153.0,2860.0,1710.0,06065|4|2|1
2019,12023,1,1,1,96.0,53.0,848.0,257.0,12023|1|1|1
2019,12075,1,1,1,74.0,55.0,529.0,153.0,12075|1|1|1
2019,13073,32,1,1,177.0,97.0,557.0,172.0,13073|32|1|1
2019,25009,4,2,1,81.0,56.0,1530.0,710.0,25009|4|2|1
2019,25025,4,2,1,178.0,121.0,593.0,272.0,25025|4|2|1
2019,29095,2,1,1,113.0,84.0,389.0,155.0,29095|2|1|1
2019,36083,1,1,1,63.0,14.0,1317.0,121.0,36083|1|1|1
2019,39095,4,2,1,42.0,27.0,621.0,239.0,39095|4|2|1
2020,18095,1,1,1,93.0,19.0,1798.0,247.0,18095|1|1|1
2020,22097,1,1,1,495.0,311.0,484.0,144.0,22097|1|1|1
2020,37151,1,1,1,102.0,19.0,1664.0,246.0,37151|1|1|1
2020,40109,4,1,1,30.0,17.0,269.0,105.0,40109|4|1|1
2020,48423,32,1,1,34.0,17.0,644.0,138.0,48423|32|1|1
2020,48439,31,1,1,3664.0,928.0,23625.0,3186.0,48439|31|1|1
2019,53063,1,1,1,109.0,18.0,7036.0,532.0,53063|1|1|1
2020,06001,31,2,1,37.0,18.0,427.0,143.0,06001|31|2|1
2020,08031,1,1,1,499.0,73.0,9710.0,447.0,08031|1|1|1
2020,08001,4,2,1,32.0,19.0,1044.0,433.0,08001|4|2|1
2020,12083,1,1,2,31.0,7.0,489.0,49.0,12083|1|1|2
2020,12099,4,2,1,115.0,86.0,1553.0,881.0,12099|4|2|1
2020,22071,2,2,1,69.0,50.0,222.0,89.0,22071|2|2|1
2020,24005,32,1,1,625.0,212.0,2888.0,438.0,24005|32|1|1
2020,24015,1,1,1,135.0,21.0,1258.0,93.0,24015|1|1|1
2020,24005,2,2,1,217.0,166.0,746.0,334.0,24005|2|2|1
2020,24033,4,1,1,312.0,262.0,86.0,38.0,24033|4|1|1
2020,26163,1,2,1,87.0,15.0,252.0,26.0,26163|1|2|1
2020,37195,31,1,1,177.0,64.0,583.0,75.0,37195|31|1|1
2020,34007,32,1,1,142.0,57.0,1576.0,261.0,34007|32|1|1
2020,36047,2,2,1,386.0,311.0,713.0,408.0,36047|2|2|1
2020,47097,1,1,1,109.0,72.0,175.0,55.0,47097|1|1|1
2020,47065,2,2,1,46.0,29.0,507.0,236.0,47065|2|2|1
2020,48029,1,1,3,48.0,6.0,791.0,92.0,48029|1|1|3
2020,51710,1,1,1,631.0,69.0,2252.0,105.0,51710|1|1|1
2021,08041,1,1,1,782.0,62.0,12682.0,577.0,08041|1|1|1
2021,12057,1,1,1,3277.0,605.0,17887.0,1982.0,12057|1|1|1
2021,12086,31,1,3,171.0,69.0,1527.0,428.0,12086|31|1|3
2021,12095,4,1,1,123.0,79.0,592.0,257.0,12095|4|1|1
2021,13067,1,1,1,2967.0,422.0,6985.0,423.0,13067|1|1|1
2021,13217,32,1,1,543.0,196.0,612.0,108.0,13217|32|1|1
2021,13113,32,1,1,414.0,108.0,874.0,117.0,13113|32|1|1
2021,17097,31,1,1,522.0,115.0,13277.0,1376.0,17097|31|1|1
2021,26163,2,1,1,880.0,632.0,970.0,377.0,26163|2|1|1
2021,26099,32,1,1,635.0,146.0,8671.0,982.0,26099|32|1|1
2021,26125,32,1,1,1330.0,294.0,12460.0,1391.0,26125|32|1|1
2021,29189,4,1,1,86.0,62.0,390.0,135.0,29189|4|1|1
2021,37183,31,1,1,3477.0,632.0,19862.0,1547.0,37183|31|1|1
2021,37109,1,1,1,154.0,35.0,1664.0,130.0,37109|1|1|1
2020,48085,1,2,1,74.0,17.0,606.0,101.0,48085|1|2|1
2020,55101,32,1,1,31.0,8.0,1273.0,236.0,55101|32|1|1
2021,04019,1,1,1,542.0,75.0,13618.0,1158.0,04019|1|1|1
2021,12103,2,2,1,115.0,64.0,2360.0,1029.0,12103|2|2|1
2021,25013,31,1,1,376.0,106.0,4520.0,652.0,25013|31|1|1
2021,25009,2,2,1,118.0,81.0,2120.0,656.0,25009|2|2|1
2021,34003,4,2,1,29.0,15.0,678.0,325.0,34003|4|2|1
2021,36119,4,2,1,41.0,23.0,523.0,218.0,36119|4|2|1
2021,36059,31,1,1,1347.0,297.0,10577.0,1304.0,36059|31|1|1
2021,36029,1,1,1,662.0,102.0,7659.0,475.0,36029|1|1|1
2021,39035,4,1,1,259.0,191.0,1333.0,612.0,39035|4|1|1
2021,42125,1,1,1,78.0,15.0,2683.0,207.0,42125|1|1|1
2021,47037,1,1,1,1205.0,174.0,8924.0,567.0,47037|1|1|1
2021,51670,1,1,1,160.0,20.0,178.0,17.0,51670|1|1|1
2022,06039,1,1,1,68.0,8.0,1222.0,124.0,06039|1|1|1
2022,12099,32,1,1,1210.0,500.0,5958.0,1457.0,12099|32|1|1
2022,13305,1,1,1,95.0,49.0,400.0,125.0,13305|1|1|1
2022,18097,1,1,3,98.0,18.0,646.0,59.0,18097|1|1|3
2022,18127,1,1,1,76.0,8.0,2127.0,132.0,18127|1|1|1
2021,39061,2,1,1,203.0,78.0,407.0,164.0,39061|2|1|1
2021,42101,32,2,1,298.0,187.0,487.0,197.0,42101|32|2|1
2021,42091,32,2,1,33.0,15.0,398.0,84.0,42091|32|2|1
2022,06067,2,1,1,51.0,23.0,412.0,119.0,06067|2|1|1
2022,24045,1,1,1,288.0,72.0,808.0,83.0,24045|1|1|1
2022,36055,31,2,1,46.0,17.0,664.0,137.0,36055|31|2|1
2022,42011,31,1,1,45.0,14.0,1239.0,274.0,42011|31|1|1
2022,42079,1,1,1,188.0,35.0,2378.0,282.0,42079|1|1|1
2022,48121,32,1,1,503.0,164.0,3763.0,709.0,48121|32|1|1
2022,48213,1,1,1,82.0,47.0,1233.0,387.0,48213|1|1|1
2023,08041,2,2,1,116.0,57.0,1917.0,516.0,08041|2|2|1
2023,12033,1,1,1,571.0,182.0,3311.0,520.0,12033|1|1|1
2023,12057,2,1,1,116.0,82.0,555.0,279.0,12057|2|1|1
2023,13223,1,1,1,747.0,100.0,1507.0,127.0,13223|1|1|1
2023,13135,32,1,1,1261.0,556.0,1074.0,326.0,13135|32|1|1
2023,13247,4,2,1,207.0,137.0,50.0,22.0,13247|4|2|1
2022,28049,4,1,1,120.0,71.0,68.0,23.0,28049|4|1|1
2022,39095,2,2,1,105.0,61.0,981.0,306.0,39095|2|2|1
2022,48439,32,2,1,84.0,22.0,330.0,66.0,48439|32|2|1
2023,12117,2,2,1,107.0,65.0,1098.0,465.0,12117|2|2|1
2023,26163,2,1,1,1181.0,846.0,853.0,413.0,26163|2|1|1
2023,34003,1,1,1,266.0,44.0,3407.0,322.0,34003|1|1|1
2023,34001,1,1,1,188.0,33.0,1652.0,191.0,34001|1|1|1
2023,34031,1,1,1,173.0,40.0,1764.0,194.0,34031|1|1|1
2023,34013,32,1,1,451.0,232.0,317.0,98.0,34013|32|1|1
2023,39153,2,1,1,68.0,39.0,445.0,178.0,39153|2|1|1
2023,42091,1,1,1,438.0,78.0,4964.0,296.0,42091|1|1|1
2023,42045,31,1,1,83.0,39.0,468.0,100.0,42045|31|1|1
2023,48209,1,1,1,292.0,84.0,3958.0,670.0,48209|1|1|1
2023,48039,31,1,1,49.0,23.0,179.0,51.0,48039|31|1|1
2023,48201,1,2,1,226.0,70.0,699.0,165.0,48201|1|2|1
2023,51087,32,1,1,355.0,143.0,336.0,93.0,51087|32|1|1
2023,51800,32,1,1,163.0,79.0,130.0,41.0,51800|32|1|1
2023,51630,1,1,1,78.0,15.0,161.0,13.0,51630|1|1|1
2023,51650,31,1,1,58.0,21.0,41.0,8.0,51650|31|1|1
2024,08001,1,1,1,366.0,90.0,5458.0,855.0,08001|1|1|1
2024,12086,2,2,1,416.0,273.0,3892.0,2158.0,12086|2|2|1
2024,12089,1,1,1,76.0,20.0,1389.0,170.0,12089|1|1|1
2024,12099,1,1,3,141.0,41.0,1087.0,193.0,12099|1|1|3
2024,12085,1,1,1,48.0,14.0,1451.0,187.0,12085|1|1|1
2024,13067,32,1,1,783.0,325.0,944.0,227.0,13067|32|1|1
2024,13121,32,1,1,1613.0,788.0,600.0,170.0,13121|32|1|1
2024,17111,1,1,1,76.0,9.0,3341.0,215.0,17111|1|1|1
2023,34035,2,2,1,104.0,72.0,458.0,168.0,34035|2|2|1
2018,06013,32,1,1,809.0,272.0,4685.0,1019.0,06013|32|1|1
2018,12047,1,1,1,31.0,23.0,117.0,49.0,12047|1|1|1
2018,36105,1,1,1,28.0,11.0,536.0,134.0,36105|1|1|1
2018,36047,2,1,1,187.0,140.0,410.0,230.0,36047|2|1|1
2018,39153,2,2,1,70.0,38.0,1292.0,483.0,39153|2|2|1
2018,39113,1,1,1,673.0,134.0,5475.0,511.0,39113|1|1|1
2018,48351,1,1,1,32.0,25.0,104.0,46.0,48351|1|1|1
2018,55079,4,1,1,74.0,63.0,420.0,154.0,55079|4|1|1
2018,34041,1,1,1,82.0,21.0,1138.0,137.0,34041|1|1|1
2018,48201,31,1,3,166.0,49.0,712.0,155.0,48201|31|1|3
2019,12011,1,2,1,122.0,53.0,697.0,166.0,12011|1|2|1
2019,13121,32,1,1,1779.0,772.0,2768.0,524.0,13121|32|1|1
2019,13297,1,1,1,322.0,45.0,1364.0,103.0,13297|1|1|1
2019,21117,1,1,1,63.0,13.0,2564.0,221.0,21117|1|1|1
2019,29189,1,1,1,1985.0,378.0,9726.0,504.0,29189|1|1|1
2019,39049,4,1,1,123.0,82.0,835.0,306.0,39049|4|1|1
2019,42011,1,1,1,189.0,31.0,4542.0,402.0,42011|1|1|1
2019,42003,31,1,1,390.0,151.0,6879.0,1366.0,42003|31|1|1
2019,51117,1,1,1,37.0,15.0,194.0,28.0,51117|1|1|1
2019,51700,2,2,1,46.0,29.0,140.0,45.0,51700|2|2|1
2019,06013,2,2,1,174.0,114.0,1972.0,819.0,06013|2|2|1
2019,12099,32,1,1,672.0,318.0,5282.0,1516.0,12099|32|1|1
2019,12057,1,1,3,54.0,15.0,677.0,116.0,12057|1|1|3
2019,12081,32,1,1,84.0,40.0,1709.0,423.0,12081|32|1|1
2019,13115,1,1,1,87.0,15.0,974.0,120.0,13115|1|1|1
2019,25017,31,2,1,66.0,37.0,2338.0,663.0,25017|31|2|1
2019,42043,4,2,1,40.0,22.0,531.0,200.0,42043|4|2|1
2019,48257,32,1,1,37.0,16.0,441.0,101.0,48257|32|1|1
2019,55079,4,1,1,110.0,88.0,463.0,177.0,55079|4|1|1
2020,06095,31,1,1,1369.0,273.0,8047.0,837.0,06095|31|1|1
2020,06013,1,1,1,786.0,115.0,6687.0,522.0,06013|1|1|1
2020,12011,1,1,1,5674.0,1192.0,17743.0,2460.0,12011|1|1|1
2020,18091,1,1,1,52.0,5.0,1168.0,113.0,18091|1|1|1
2020,18035,1,1,1,45.0,8.0,1298.0,127.0,18035|1|1|1
2020,22015,32,1,1,34.0,14.0,384.0,64.0,22015|32|1|1
2019,55025,1,1,1,151.0,15.0,6537.0,318.0,55025|1|1|1
2020,12101,2,2,1,47.0,28.0,936.0,453.0,12101|2|2|1
2020,12105,4,1,1,43.0,26.0,412.0,167.0,12105|4|1|1
2020,18089,4,2,1,63.0,48.0,569.0,226.0,18089|4|2|1
2020,24005,32,2,1,27.0,14.0,99.0,20.0,24005|32|2|1
2020,29510,1,1,3,60.0,17.0,338.0,27.0,29510|1|1|3
2020,37069,32,1,1,29.0,11.0,266.0,36.0,37069|32|1|1
2020,37181,1,1,1,135.0,51.0,162.0,36.0,37181|1|1|1
2020,37093,1,1,1,365.0,84.0,681.0,32.0,37093|1|1|1
2020,34015,4,2,1,35.0,19.0,326.0,157.0,34015|4|2|1
2020,36087,1,1,1,321.0,83.0,2222.0,225.0,36087|1|1|1
2020,48201,1,1,3,263.0,55.0,1403.0,180.0,48201|1|1|3
2020,48039,1,1,1,1168.0,221.0,4232.0,577.0,48039|1|1|1
2020,51009,1,1,1,68.0,22.0,360.0,37.0,51009|1|1|1
2021,06097,1,1,1,68.0,12.0,4025.0,296.0,06097|1|1|1
2021,12061,1,1,1,164.0,45.0,2825.0,337.0,12061|1|1|1
2021,12053,32,1,1,101.0,47.0,2301.0,466.0,12053|32|1|1
2021,13113,31,1,1,731.0,145.0,1521.0,177.0,13113|31|1|1
2021,13067,32,1,3,115.0,38.0,299.0,51.0,13067|32|1|3
2021,26125,4,1,1,78.0,41.0,807.0,199.0,26125|4|1|1
2021,29189,32,1,1,950.0,309.0,6985.0,689.0,29189|32|1|1
2021,37081,1,1,3,103.0,23.0,272.0,20.0,37081|1|1|3
2021,37139,1,1,1,197.0,74.0,567.0,67.0,37139|1|1|1
2021,37025,4,2,1,84.0,40.0,366.0,122.0,37025|4|2|1
2021,37081,4,2,1,170.0,77.0,649.0,188.0,37081|4|2|1
2020,53067,32,1,1,75.0,21.0,3053.0,327.0,53067|32|1|1
2020,55079,32,2,1,118.0,76.0,562.0,158.0,55079|32|2|1
2020,55079,2,2,1,191.0,121.0,1519.0,451.0,55079|2|2|1
2021,04013,32,1,3,183.0,34.0,3785.0,479.0,04013|32|1|3
2021,13179,32,1,1,143.0,59.0,141.0,51.0,13179|32|1|1
2021,34023,31,1,1,924.0,190.0,6539.0,949.0,34023|31|1|1
2021,34039,2,2,1,135.0,90.0,579.0,268.0,34039|2|2|1
2021,34023,4,2,1,45.0,33.0,398.0,218.0,34023|4|2|1
2021,39113,31,1,1,733.0,208.0,6315.0,822.0,39113|31|1|1
2021,42055,1,1,1,83.0,16.0,1944.0,169.0,42055|1|1|1
2021,42017,32,1,1,142.0,48.0,6552.0,830.0,42017|32|1|1
2021,42129,1,1,1,94.0,15.0,3954.0,387.0,42129|1|1|1
2021,47125,4,2,1,35.0,18.0,203.0,82.0,47125|4|2|1
2021,48067,1,1,1,57.0,34.0,349.0,114.0,48067|1|1|1
2021,48141,1,1,1,479.0,57.0,8305.0,846.0,48141|1|1|1
2021,48245,1,1,1,473.0,93.0,1535.0,194.0,48245|1|1|1
2021,51153,1,2,1,73.0,13.0,101.0,12.0,51153|1|2|1
2021,55101,1,1,1,237.0,29.0,2676.0,231.0,55101|1|1|1
2022,06071,31,1,1,336.0,101.0,3218.0,733.0,06071|31|1|1
2022,12095,1,1,3,120.0,34.0,978.0,171.0,12095|1|1|3
2022,12131,1,1,1,63.0,27.0,1984.0,455.0,12131|1|1|1
2022,13051,32,1,1,578.0,235.0,745.0,202.0,13051|32|1|1
2022,13297,32,1,1,205.0,102.0,663.0,146.0,13297|32|1|1
2022,19153,1,1,1,358.0,61.0,6510.0,428.0,19153|1|1|1
2022,18089,2,1,1,141.0,101.0,329.0,120.0,18089|2|1|1
2022,18063,32,1,1,104.0,38.0,1175.0,203.0,18063|32|1|1
2022,26099,2,2,1,235.0,121.0,2523.0,761.0,26099|2|2|1
2022,26125,1,1,1,1443.0,313.0,12140.0,1158.0,26125|1|1|1
2022,26049,2,1,1,83.0,46.0,335.0,99.0,26049|2|1|1
2021,39113,4,2,1,108.0,62.0,691.0,224.0,39113|4|2|1
2021,42101,2,2,3,69.0,48.0,66.0,33.0,42101|2|2|3
2021,48157,2,2,1,134.0,96.0,438.0,210.0,48157|2|2|1
2022,06013,4,2,1,243.0,127.0,1441.0,502.0,06013|4|2|1
2022,12001,32,1,1,201.0,90.0,721.0,195.0,12001|32|1|1
2022,12097,4,2,1,120.0,72.0,938.0,552.0,12097|4|2|1
2022,12009,4,2,1,137.0,83.0,1537.0,648.0,12009|4|2|1
2022,13275,1,1,1,159.0,98.0,381.0,69.0,13275|1|1|1
2022,13063,1,1,3,69.0,15.0,27.0,1.0,13063|1|1|3
2022,13217,4,2,1,123.0,80.0,113.0,55.0,13217|4|2|1
2022,24009,32,1,1,87.0,32.0,452.0,104.0,24009|32|1|1
2022,24031,2,1,1,47.0,29.0,230.0,80.0,24031|2|1|1
2022,28147,1,1,1,109.0,82.0,104.0,31.0,28147|1|1|1
2022,28081,1,1,1,317.0,137.0,855.0,151.0,28081|1|1|1
2022,36047,2,2,1,537.0,385.0,843.0,427.0,36047|2|2|1
2022,42101,32,1,1,2330.0,999.0,2006.0,526.0,42101|32|1|1
2022,42045,1,1,1,1334.0,193.0,3357.0,164.0,42045|1|1|1
2022,51510,1,1,1,181.0,17.0,1433.0,42.0,51510|1|1|1
2023,01117,32,1,1,125.0,41.0,410.0,102.0,01117|32|1|1
2023,01089,1,1,3,44.0,8.0,191.0,25.0,01089|1|1|3
2023,12103,4,2,1,121.0,59.0,2347.0,1112.0,12103|4|2|1
2023,12011,31,2,1,129.0,72.0,642.0,313.0,12011|31|2|1
2023,13095,1,1,1,290.0,91.0,189.0,26.0,13095|1|1|1
2023,13051,1,1,1,640.0,126.0,2096.0,159.0,13051|1|1|1
2023,13073,1,1,1,434.0,51.0,1427.0,93.0,13073|1|1|1
2023,13245,1,1,3,55.0,19.0,93.0,7.0,13245|1|1|3
2023,21117,1,1,1,74.0,11.0,1956.0,159.0,21117|1|1|1
2022,28009,1,1,1,40.0,29.0,42.0,12.0,28009|1|1|1
2022,39017,2,2,1,87.0,46.0,1016.0,357.0,39017|2|2|1
2022,48351,1,1,1,57.0,47.0,157.0,81.0,48351|1|1|1
2023,12069,2,2,1,108.0,65.0,790.0,391.0,12069|2|2|1
2023,12031,31,2,1,37.0,22.0,186.0,85.0,12031|31|2|1
2023,12065,1,1,1,48.0,38.0,164.0,53.0,12065|1|1|1
2023,26163,4,1,1,698.0,431.0,838.0,380.0,26163|4|1|1
2023,26077,32,1,1,64.0,26.0,396.0,113.0,26077|32|1|1
2023,34005,4,1,1,49.0,36.0,219.0,78.0,34005|4|1|1
2023,34039,31,1,1,71.0,31.0,215.0,47.0,34039|31|1|1
2023,39049,1,1,1,1894.0,278.0,8141.0,517.0,39049|1|1|1
2023,39041,1,1,1,148.0,17.0,2147.0,142.0,39041|1|1|1
2023,42133,31,1,1,30.0,14.0,808.0,206.0,42133|31|1|1
2023,48491,1,1,1,702.0,116.0,6292.0,574.0,48491|1|1|1
2023,48201,31,1,3,127.0,49.0,257.0,77.0,48201|31|1|3
2023,48407,1,1,1,58.0,35.0,369.0,172.0,48407|1|1|1
2023,48439,2,1,1,134.0,96.0,713.0,328.0,48439|2|1|1
2023,51550,32,1,1,230.0,97.0,319.0,95.0,51550|32|1|1
2024,12097,2,2,1,100.0,65.0,580.0,322.0,12097|2|2|1
2024,13153,32,1,1,225.0,95.0,294.0,90.0,13153|32|1|1
2024,13135,32,1,3,42.0,18.0,85.0,26.0,13135|32|1|3
2024,13135,2,2,1,842.0,469.0,1035.0,431.0,13135|2|2|1
2024,06071,1,2,1,60.0,12.0,495.0,75.0,06071|1|2|1
2024,12086,1,2,1,84.0,40.0,1073.0,383.0,12086|1|2|1
2024,13223,1,1,1,697.0,84.0,1614.0,113.0,13223|1|1|1
2024,13035,1,1,1,69.0,12.0,185.0,30.0,13035|1|1|1
2024,13217,31,1,1,186.0,69.0,85.0,18.0,13217|31|1|1
2024,37051,4,2,1,201.0,125.0,327.0,142.0,37051|4|2|1
2024,48257,32,1,1,58.0,38.0,246.0,108.0,48257|32|1|1
2024,55059,1,1,1,50.0,11.0,1313.0,124.0,55059|1|1|1
2025,06067,4,2,1,282.0,120.0,1810.0,613.0,06067|4|2|1
2025,08041,2,2,1,101.0,42.0,1442.0,398.0,08041|2|2|1
2025,12057,2,1,1,97.0,60.0,622.0,219.0,12057|2|1|1
2025,13077,32,1,1,135.0,61.0,381.0,102.0,13077|32|1|1
2025,13277,1,1,1,69.0,42.0,230.0,38.0,13277|1|1|1
2025,20177,1,1,1,89.0,19.0,1570.0,130.0,20177|1|1|1
2024,37051,2,1,1,64.0,45.0,79.0,38.0,37051|2|1|1
2024,48085,1,1,1,1711.0,284.0,8286.0,678.0,48085|1|1|1
2024,48121,4,2,1,210.0,136.0,1360.0,768.0,48121|4|2|1
2024,48113,31,1,3,56.0,24.0,186.0,45.0,48113|31|1|3
2024,48113,1,2,1,115.0,36.0,365.0,108.0,48113|1|2|1
2025,13247,31,1,1,238.0,77.0,60.0,16.0,13247|31|1|1
2025,37179,4,2,1,96.0,37.0,806.0,297.0,37179|4|2|1
2025,37051,4,2,1,208.0,108.0,287.0,130.0,37051|4|2|1
2025,37183,31,1,1,434.0,107.0,2029.0,294.0,37183|31|1|1
2025,37001,1,1,1,497.0,149.0,1546.0,150.0,37001|1|1|1
2025,37019,32,1,1,52.0,23.0,518.0,137.0,37019|32|1|1
2025,26145,1,1,1,148.0,36.0,1450.0,163.0,26145|1|1|1
2025,37067,1,2,1,125.0,32.0,251.0,30.0,37067|1|2|1
2025,45041,31,1,1,95.0,30.0,153.0,35.0,45041|31|1|1
2025,45079,2,1,1,83.0,45.0,83.0,28.0,45079|2|1|1
2025,45045,4,2,1,183.0,83.0,1156.0,396.0,45045|4|2|1
2025,48401,1,1,1,96.0,63.0,512.0,152.0,48401|1|1|1
2025,48365,1,1,1,43.0,28.0,204.0,74.0,48365|1|1|1
2025,51013,1,1,1,59.0,9.0,1085.0,54.0,51013|1|1|1
2018,13089,32,1,1,1678.0,817.0,1170.0,262.0,13089|32|1|1
2018,13185,1,1,1,220.0,59.0,1015.0,133.0,13185|1|1|1
2018,13067,32,1,3,51.0,22.0,164.0,31.0,13067|32|1|3
2018,37001,2,2,1,29.0,21.0,241.0,104.0,37001|2|2|1
2018,51193,1,1,1,51.0,18.0,239.0,32.0,51193|1|1|1
2018,51041,4,2,1,144.0,98.0,624.0,252.0,51041|4|2|1
2019,05085,1,1,1,52.0,20.0,1307.0,160.0,05085|1|1|1
2019,05057,1,1,1,65.0,36.0,139.0,46.0,05057|1|1|1
2019,24021,31,1,1,242.0,47.0,2291.0,323.0,24021|31|1|1
2019,27123,1,2,1,59.0,8.0,275.0,21.0,27123|1|2|1
2019,37063,31,1,1,540.0,127.0,1338.0,139.0,37063|31|1|1
2019,37183,1,2,1,79.0,22.0,319.0,79.0,37183|1|2|1
2019,18089,1,1,1,879.0,130.0,5218.0,296.0,18089|1|1|1
2019,37077,1,1,1,202.0,47.0,656.0,70.0,37077|1|1|1
2019,37119,31,1,3,99.0,37.0,219.0,60.0,37119|31|1|3
2019,47157,32,1,3,45.0,16.0,162.0,22.0,47157|32|1|3
2020,13179,1,1,1,434.0,109.0,580.0,75.0,13179|1|1|1
2020,19153,1,1,1,320.0,49.0,8379.0,599.0,19153|1|1|1
2020,13245,2,1,1,35.0,28.0,44.0,24.0,13245|2|1|1
2020,27139,1,1,1,145.0,12.0,2395.0,90.0,27139|1|1|1
2020,27003,1,2,1,35.0,2.0,279.0,21.0,27003|1|2|1
2020,39043,1,1,1,38.0,9.0,775.0,78.0,39043|1|1|1
2020,39035,31,1,1,1557.0,548.0,12888.0,1897.0,39035|31|1|1
2021,05051,1,1,1,70.0,24.0,1373.0,249.0,05051|1|1|1
2021,18095,1,1,1,99.0,13.0,2077.0,257.0,18095|1|1|1
2020,45079,31,1,1,2263.0,480.0,4365.0,437.0,45079|31|1|1
2021,53061,1,1,1,407.0,27.0,8285.0,438.0,53061|1|1|1
2022,29189,1,1,1,1988.0,335.0,8165.0,447.0,29189|1|1|1
2022,29189,4,2,1,257.0,174.0,1520.0,496.0,29189|4|2|1
2022,29510,4,2,1,37.0,25.0,201.0,77.0,29510|4|2|1
2022,37051,32,1,1,871.0,364.0,774.0,243.0,37051|32|1|1
2022,37067,1,2,1,42.0,3.0,114.0,23.0,37067|1|2|1
2022,37081,31,2,1,87.0,25.0,370.0,66.0,37081|31|2|1
2023,24003,1,2,1,37.0,12.0,98.0,31.0,24003|1|2|1
2023,24025,2,2,1,106.0,68.0,537.0,192.0,24025|2|2|1
2023,37045,1,1,1,186.0,83.0,907.0,208.0,37045|1|1|1
2023,37019,32,1,1,54.0,22.0,342.0,87.0,37019|32|1|1
2023,37083,1,1,1,216.0,141.0,177.0,36.0,37083|1|1|1
2023,47187,1,1,1,66.0,10.0,2406.0,141.0,47187|1|1|1
2024,34039,1,1,1,515.0,91.0,1954.0,163.0,34039|1|1|1
2024,39095,32,1,1,124.0,66.0,702.0,210.0,39095|32|1|1
2024,39049,1,1,3,99.0,13.0,485.0,52.0,39049|1|1|3
2024,51099,1,1,1,70.0,16.0,285.0,25.0,51099|1|1|1
2025,01073,1,1,1,1782.0,374.0,4074.0,357.0,01073|1|1|1
2025,22071,4,2,1,133.0,78.0,185.0,72.0,22071|4|2|1
2025,22019,1,1,1,300.0,130.0,1519.0,281.0,22019|1|1|1
2025,28071,1,1,1,75.0,44.0,439.0,44.0,28071|1|1|1
2025,28113,1,1,1,272.0,177.0,191.0,61.0,28113|1|1|1
2024,13051,1,1,1,666.0,158.0,1885.0,152.0,13051|1|1|1
2024,26049,32,1,1,138.0,71.0,880.0,267.0,26049|32|1|1
2024,26099,2,2,1,216.0,104.0,1749.0,551.0,26099|2|2|1
2024,37183,31,2,1,300.0,113.0,1269.0,302.0,37183|31|2|1
2024,37023,1,1,1,26.0,10.0,776.0,119.0,37023|1|1|1
2024,47125,31,1,1,161.0,29.0,597.0,88.0,47125|31|1|1
2024,55079,4,2,1,596.0,372.0,1863.0,675.0,55079|4|2|1
2025,06037,31,1,1,883.0,250.0,8046.0,1612.0,06037|31|1|1
2025,06029,1,1,1,240.0,37.0,4819.0,533.0,06029|1|1|1
2025,12113,1,1,1,139.0,23.0,3046.0,385.0,12113|1|1|1
2025,13223,32,1,1,220.0,93.0,457.0,115.0,13223|32|1|1
2025,13151,1,1,1,2360.0,515.0,744.0,113.0,13151|1|1|1
2025,13071,1,1,1,58.0,42.0,246.0,85.0,13071|1|1|1
2025,13067,31,2,1,119.0,51.0,394.0,118.0,13067|31|2|1
2025,13089,2,2,1,584.0,329.0,707.0,236.0,13089|2|2|1
2024,48113,1,1,3,124.0,28.0,569.0,74.0,48113|1|1|3
2024,48201,4,2,1,780.0,567.0,3144.0,1940.0,48201|4|2|1
2024,48439,32,2,1,98.0,28.0,372.0,97.0,48439|32|2|1
2025,06037,31,2,1,196.0,84.0,1816.0,685.0,06037|31|2|1
2025,12039,1,1,1,211.0,134.0,178.0,32.0,12039|1|1|1
2025,45063,1,1,1,768.0,293.0,3546.0,389.0,45063|1|1|1
2025,45091,4,2,1,131.0,56.0,735.0,211.0,45091|4|2|1
2025,48201,32,1,3,309.0,119.0,748.0,213.0,48201|32|1|3
2025,48187,1,1,1,284.0,41.0,3129.0,508.0,48187|1|1|1
2025,48085,4,2,1,162.0,94.0,1218.0,605.0,48085|4|2|1
2025,48201,4,1,1,299.0,183.0,1486.0,719.0,48201|4|1|1
2025,51710,4,2,1,119.0,67.0,264.0,90.0,51710|4|2|1
2018,17197,4,2,1,87.0,69.0,1380.0,726.0,17197|4|2|1
2018,37109,1,1,1,61.0,10.0,1443.0,135.0,37109|1|1|1
2018,37081,1,1,1,1467.0,256.0,4213.0,335.0,37081|1|1|1
2018,37025,32,1,1,171.0,77.0,802.0,236.0,37025|32|1|1
2018,51630,1,1,1,26.0,2.0,223.0,10.0,51630|1|1|1
2019,08041,2,2,1,71.0,35.0,1429.0,463.0,08041|2|2|1
2019,24031,2,1,1,54.0,37.0,300.0,124.0,24031|2|1|1
2019,37147,32,1,1,87.0,43.0,220.0,54.0,37147|32|1|1
2020,19049,1,1,1,51.0,4.0,2112.0,108.0,19049|1|1|1
2020,13059,1,1,1,225.0,102.0,969.0,76.0,13059|1|1|1
2020,13063,32,1,1,612.0,239.0,120.0,32.0,13063|32|1|1
2020,13153,31,1,1,733.0,128.0,1681.0,188.0,13153|31|1|1
2020,13285,32,1,1,25.0,17.0,221.0,40.0,13285|32|1|1
2020,39035,32,1,3,32.0,14.0,249.0,56.0,39035|32|1|3
2020,39153,32,1,1,127.0,45.0,2574.0,428.0,39153|32|1|1
2021,24017,31,1,1,2940.0,541.0,1681.0,205.0,24017|31|1|1
2022,05035,1,1,1,197.0,41.0,268.0,34.0,05035|1|1|1
2021,53067,32,1,1,140.0,34.0,3820.0,416.0,53067|32|1|1
2022,37085,32,1,1,188.0,67.0,646.0,151.0,37085|32|1|1
2022,37025,1,1,1,552.0,99.0,1804.0,179.0,37025|1|1|1
2022,37069,31,1,1,108.0,37.0,289.0,50.0,37069|31|1|1
2022,47119,32,1,1,110.0,25.0,759.0,134.0,47119|32|1|1
2023,17143,1,1,1,184.0,28.0,1330.0,90.0,17143|1|1|1
2023,04013,2,1,1,66.0,46.0,1995.0,858.0,04013|2|1|1
2023,24017,31,1,1,83.0,29.0,42.0,11.0,24017|31|1|1
2023,24510,1,1,3,290.0,64.0,242.0,30.0,24510|1|1|3
2023,37061,1,1,1,96.0,62.0,304.0,86.0,37061|1|1|1
2023,37129,32,1,1,66.0,23.0,334.0,99.0,37129|32|1|1
2023,37191,32,1,1,74.0,20.0,140.0,52.0,37191|32|1|1
2023,36067,1,1,1,268.0,53.0,2733.0,185.0,36067|1|1|1
2024,29189,32,1,1,527.0,226.0,1188.0,295.0,29189|32|1|1
2024,29510,1,1,1,359.0,50.0,1770.0,115.0,29510|1|1|1
2023,47065,4,1,1,27.0,20.0,260.0,120.0,47065|4|1|1
2024,39093,1,1,1,189.0,31.0,3085.0,288.0,39093|1|1|1
2024,45085,32,1,1,113.0,52.0,158.0,41.0,45085|32|1|1
2025,01077,1,1,1,54.0,13.0,943.0,130.0,01077|1|1|1
2025,01125,32,1,1,195.0,110.0,294.0,80.0,01125|32|1|1
2025,22051,31,1,1,101.0,24.0,347.0,72.0,22051|31|1|1
2025,22045,1,1,1,194.0,94.0,302.0,83.0,22045|1|1|1
2025,22013,1,1,1,58.0,41.0,68.0,30.0,22013|1|1|1
2024,13067,31,1,1,352.0,119.0,651.0,107.0,13067|31|1|1
2024,17197,1,2,1,64.0,15.0,283.0,61.0,17197|1|2|1
2024,47037,31,1,3,36.0,7.0,144.0,24.0,47037|31|1|3
2025,08005,32,1,1,145.0,68.0,1065.0,333.0,08005|32|1|1
2025,12055,1,1,1,100.0,31.0,1021.0,169.0,12055|1|1|1
2025,12033,32,1,1,151.0,75.0,571.0,189.0,12033|32|1|1
2025,12005,1,1,1,246.0,71.0,2622.0,415.0,12005|1|1|1
2024,37117,1,1,1,61.0,32.0,105.0,17.0,37117|1|1|1
2024,48041,1,1,1,175.0,87.0,1804.0,319.0,48041|1|1|1
2025,12111,4,2,1,214.0,149.0,719.0,373.0,12111|4|2|1
2025,12011,31,2,1,131.0,64.0,785.0,351.0,12011|31|2|1
2025,13147,1,1,1,39.0,27.0,234.0,44.0,13147|1|1|1
2025,37081,2,2,1,383.0,205.0,806.0,270.0,37081|2|2|1
2025,37045,1,1,1,203.0,79.0,857.0,177.0,37045|1|1|1
2025,37051,1,1,1,1208.0,292.0,1836.0,152.0,37051|1|1|1
2025,37133,1,1,1,341.0,77.0,2771.0,210.0,37133|1|1|1
2025,39113,1,1,1,723.0,122.0,4289.0,309.0,39113|1|1|1
2025,39061,1,1,1,1160.0,181.0,6003.0,356.0,39061|1|1|1
2025,45045,31,1,1,163.0,48.0,1295.0,197.0,45045|31|1|1
2025,45083,31,1,1,129.0,35.0,756.0,126.0,45083|31|1|1
2025,48201,1,2,1,366.0,82.0,993.0,177.0,48201|1|2|1
2025,48439,32,1,1,541.0,238.0,2530.0,680.0,48439|32|1|1
2025,48231,1,1,1,169.0,55.0,1554.0,335.0,48231|1|1|1
2025,48291,1,1,1,296.0,185.0,2286.0,1111.0,48291|1|1|1
2025,48439,31,1,3,57.0,27.0,211.0,51.0,48439|31|1|3
2025,48157,2,1,1,81.0,39.0,131.0,69.0,48157|2|1|1
2018,13117,1,1,1,215.0,38.0,3489.0,265.0,13117|1|1|1
2018,13051,31,1,1,214.0,104.0,475.0,138.0,13051|31|1|1
2018,13001,1,1,1,45.0,29.0,138.0,61.0,13001|1|1|1
2018,37067,31,2,1,43.0,13.0,310.0,63.0,37067|31|2|1
2018,37119,1,1,3,101.0,23.0,706.0,69.0,37119|1|1|3
2018,51770,1,1,1,133.0,30.0,832.0,75.0,51770|1|1|1
2018,51093,1,1,1,71.0,19.0,437.0,30.0,51093|1|1|1
2018,51153,31,1,1,349.0,115.0,1017.0,250.0,51153|31|1|1
2018,51800,4,2,1,78.0,52.0,134.0,66.0,51800|4|2|1
2019,24005,4,2,1,387.0,294.0,977.0,473.0,24005|4|2|1
2019,37081,4,2,1,260.0,151.0,774.0,302.0,37081|4|2|1
2020,05125,1,1,1,360.0,45.0,2322.0,358.0,05125|1|1|1
2020,05069,1,1,1,264.0,85.0,351.0,102.0,05069|1|1|1
2020,13067,2,1,1,61.0,40.0,405.0,146.0,13067|2|1|1
2021,18019,1,1,1,154.0,16.0,2252.0,221.0,18019|1|1|1
2020,39139,1,1,1,50.0,6.0,1366.0,78.0,39139|1|1|1
2020,41051,2,2,1,51.0,28.0,1507.0,421.0,41051|2|2|1
2020,45045,4,2,1,56.0,35.0,735.0,237.0,45045|4|2|1
2021,24003,32,1,1,698.0,208.0,4824.0,642.0,24003|32|1|1
2022,37183,1,1,1,1813.0,406.0,10276.0,472.0,37183|1|1|1
2022,37151,1,1,1,168.0,33.0,1489.0,246.0,37151|1|1|1
2022,37195,31,1,1,102.0,38.0,212.0,40.0,37195|31|1|1
2022,41051,32,1,1,129.0,42.0,2276.0,388.0,41051|32|1|1
2023,17019,32,1,1,25.0,15.0,128.0,39.0,17019|32|1|1
2023,24037,1,1,1,228.0,40.0,857.0,52.0,24037|1|1|1
2023,37109,1,1,1,53.0,11.0,1090.0,100.0,37109|1|1|1
2023,37183,1,2,1,76.0,25.0,278.0,74.0,37183|1|2|1
2023,36079,1,1,1,37.0,6.0,584.0,58.0,36079|1|1|1
2023,36119,4,2,1,121.0,77.0,708.0,354.0,36119|4|2|1
2023,47149,1,1,1,591.0,88.0,3464.0,310.0,47149|1|1|1
2023,47119,1,1,1,64.0,14.0,1460.0,131.0,47119|1|1|1
2024,20209,1,1,1,120.0,18.0,1016.0,103.0,20209|1|1|1
2024,20061,1,1,1,61.0,10.0,370.0,26.0,20061|1|1|1
2024,04013,2,2,1,521.0,244.0,9918.0,3176.0,04013|2|2|1
2024,25021,31,1,1,59.0,24.0,902.0,152.0,25021|31|1|1
2024,45045,1,1,1,695.0,207.0,5786.0,626.0,45045|1|1|1
2024,45079,2,2,1,259.0,123.0,372.0,97.0,45079|2|2|1
2024,45063,31,1,1,96.0,23.0,502.0,88.0,45063|31|1|1
2024,51550,1,2,1,64.0,8.0,72.0,7.0,51550|1|2|1
2025,01115,1,1,1,267.0,67.0,1261.0,221.0,01115|1|1|1
2025,01045,1,1,1,62.0,23.0,420.0,86.0,01045|1|1|1
2025,22051,1,1,1,509.0,90.0,1626.0,158.0,22051|1|1|1
2025,22071,32,1,3,122.0,38.0,79.0,28.0,22071|32|1|3
2025,28079,1,1,1,86.0,54.0,90.0,23.0,28079|1|1|1
2024,45033,1,1,1,152.0,103.0,165.0,59.0,45033|1|1|1
2018,53053,2,2,1,158.0,95.0,2470.0,942.0,53053|2|2|1
2019,01031,1,1,1,102.0,25.0,713.0,96.0,01031|1|1|1
2019,40031,1,1,1,127.0,24.0,883.0,110.0,40031|1|1|1
2020,01073,1,1,3,49.0,10.0,491.0,31.0,01073|1|1|3
2020,01013,1,1,1,121.0,83.0,126.0,50.0,01013|1|1|1
2020,01001,1,1,1,269.0,84.0,949.0,116.0,01001|1|1|1
2020,01101,4,2,1,37.0,28.0,79.0,31.0,01101|4|2|1
2021,22073,1,1,1,481.0,147.0,1566.0,216.0,22073|1|1|1
2021,28095,1,1,1,197.0,111.0,331.0,69.0,28095|1|1|1
2022,27053,31,2,1,71.0,27.0,1039.0,149.0,27053|31|2|1
2022,27037,32,1,1,77.0,30.0,1510.0,276.0,27037|32|1|1
2022,34039,4,2,1,184.0,124.0,625.0,271.0,34039|4|2|1
2022,34005,1,2,1,51.0,14.0,95.0,16.0,34005|1|2|1
2022,45007,32,1,1,150.0,61.0,909.0,211.0,45007|32|1|1
2024,01089,1,2,1,115.0,28.0,181.0,25.0,01089|1|2|1
2024,19153,1,1,1,317.0,49.0,5057.0,324.0,19153|1|1|1
2024,18011,1,1,1,97.0,28.0,1157.0,84.0,18011|1|1|1
2024,28035,1,1,1,186.0,66.0,549.0,126.0,28035|1|1|1
2025,42003,31,1,1,271.0,90.0,2963.0,595.0,42003|31|1|1
2024,36055,2,1,1,110.0,79.0,524.0,159.0,36055|2|1|1
2025,24031,31,2,1,115.0,57.0,471.0,132.0,24031|31|2|1
2025,53053,1,1,1,990.0,143.0,5718.0,357.0,53053|1|1|1
2025,53053,4,2,1,206.0,131.0,1873.0,708.0,53053|4|2|1
2018,72127,1,1,1,104.0,28.0,1304.0,298.0,72127|1|1|1
2018,25027,32,1,1,126.0,64.0,3144.0,859.0,25027|32|1|1
2018,27163,1,1,1,186.0,19.0,3695.0,205.0,27163|1|1|1
2018,27139,1,1,1,96.0,17.0,2080.0,89.0,27139|1|1|1
2018,45019,1,1,1,533.0,206.0,5977.0,532.0,45019|1|1|1
2019,22101,1,1,1,113.0,67.0,242.0,57.0,22101|1|1|1
2019,22033,2,2,1,87.0,71.0,243.0,98.0,22033|2|2|1
2021,45059,1,1,1,197.0,82.0,737.0,184.0,45059|1|1|1
2021,45069,1,1,1,179.0,124.0,125.0,55.0,45069|1|1|1
2022,54003,1,1,1,247.0,58.0,2330.0,327.0,54003|1|1|1
2023,05037,1,1,1,60.0,44.0,146.0,40.0,05037|1|1|1
2023,45051,1,1,1,615.0,318.0,6895.0,1262.0,45051|1|1|1
2023,53033,4,1,1,30.0,20.0,587.0,215.0,53033|4|1|1
2025,18089,31,1,1,224.0,65.0,924.0,145.0,18089|31|1|1
2025,04021,31,1,1,134.0,44.0,1496.0,285.0,04021|31|1|1
2025,18089,2,2,1,164.0,87.0,974.0,295.0,18089|2|2|1
2019,31055,1,1,1,337.0,42.0,6709.0,294.0,31055|1|1|1
2019,20091,2,2,1,37.0,16.0,1681.0,474.0,20091|2|2|1
2024,13299,1,1,1,73.0,39.0,197.0,64.0,13299|1|1|1
2024,17031,2,2,1,1396.0,972.0,4451.0,1962.0,17031|2|2|1
2024,21067,1,1,1,223.0,37.0,2048.0,113.0,21067|1|1|1
2024,26081,31,1,1,63.0,22.0,1180.0,171.0,26081|31|1|1
2024,26045,1,1,1,54.0,16.0,1053.0,171.0,26045|1|1|1
2024,37019,32,1,1,62.0,29.0,428.0,137.0,37019|32|1|1
2024,37183,1,2,1,83.0,29.0,283.0,72.0,37183|1|2|1
2024,47157,1,2,1,204.0,46.0,132.0,18.0,47157|1|2|1
2025,06019,1,1,1,144.0,19.0,3499.0,342.0,06019|1|1|1
2025,08031,1,1,1,260.0,37.0,5078.0,294.0,08031|1|1|1
2025,12105,1,1,1,1915.0,542.0,8779.0,1678.0,12105|1|1|1
2025,12111,1,1,2,25.0,6.0,173.0,17.0,12111|1|1|2
2025,12109,1,1,1,235.0,44.0,4924.0,397.0,12109|1|1|1
2025,13297,32,1,1,95.0,49.0,356.0,95.0,13297|32|1|1
2025,13045,1,1,1,288.0,55.0,1136.0,143.0,13045|1|1|1
2025,13047,1,1,1,41.0,10.0,751.0,97.0,13047|1|1|1
2024,32003,1,1,3,124.0,20.0,1243.0,204.0,32003|1|1|3
2024,48231,1,1,1,241.0,78.0,1802.0,351.0,48231|1|1|1
2025,12073,2,2,1,63.0,36.0,232.0,67.0,12073|2|2|1
2025,12101,2,2,1,106.0,50.0,1120.0,416.0,12101|2|2|1
2025,12095,2,1,1,83.0,56.0,423.0,189.0,12095|2|1|1
2025,37183,4,1,1,68.0,41.0,499.0,132.0,37183|4|1|1
2025,29183,32,1,1,89.0,32.0,1088.0,228.0,29183|32|1|1
2025,29510,4,1,1,54.0,38.0,63.0,21.0,29510|4|1|1
2025,39153,2,2,1,155.0,85.0,1278.0,354.0,39153|2|2|1
2025,48473,1,1,1,465.0,143.0,1212.0,299.0,48473|1|1|1
2025,51059,31,2,1,64.0,34.0,575.0,173.0,51059|31|2|1
2025,51700,1,1,1,510.0,75.0,868.0,55.0,51700|1|1|1
2025,51087,2,2,1,191.0,80.0,501.0,115.0,51087|2|2|1
2018,13247,32,1,1,321.0,164.0,144.0,52.0,13247|32|1|1
2018,13217,1,1,1,961.0,188.0,764.0,80.0,13217|1|1|1
2018,13169,1,1,1,61.0,15.0,237.0,39.0,13169|1|1|1
2018,13095,1,1,1,225.0,54.0,189.0,23.0,13095|1|1|1
2018,13121,32,2,1,63.0,28.0,221.0,66.0,13121|32|2|1
2018,26163,1,1,1,2940.0,792.0,12193.0,1339.0,26163|1|1|1
2018,37063,4,2,1,223.0,127.0,490.0,145.0,37063|4|2|1
2018,37021,1,1,1,59.0,12.0,3187.0,410.0,37021|1|1|1
2019,27003,1,1,1,443.0,33.0,4897.0,367.0,27003|1|1|1
2019,47149,31,1,1,357.0,77.0,2184.0,319.0,47149|31|1|1
2020,17097,31,1,1,446.0,109.0,15927.0,1580.0,17097|31|1|1
2020,17113,1,1,1,124.0,12.0,2183.0,148.0,17113|1|1|1
2020,17031,1,2,1,673.0,156.0,965.0,172.0,17031|1|2|1
2020,13067,31,1,1,3330.0,643.0,12094.0,1181.0,13067|31|1|1
2020,13121,31,1,1,4679.0,1209.0,13342.0,1350.0,13121|31|1|1
2020,13153,32,1,1,113.0,42.0,387.0,68.0,13153|32|1|1
2020,13131,1,1,1,91.0,61.0,148.0,44.0,13131|1|1|1
2020,39061,4,1,1,72.0,48.0,473.0,188.0,39061|4|1|1
2020,39035,2,1,3,42.0,25.0,88.0,32.0,39035|2|1|3
2020,45007,1,1,1,438.0,121.0,3181.0,408.0,45007|1|1|1
2020,45091,4,2,1,43.0,31.0,393.0,170.0,45091|4|2|1
2021,24013,1,1,1,169.0,28.0,2224.0,82.0,24013|1|1|1
2021,24003,1,2,1,92.0,21.0,199.0,35.0,24003|1|2|1
2021,40143,32,1,1,170.0,72.0,2510.0,464.0,40143|32|1|1
2021,53033,1,2,1,111.0,18.0,1002.0,210.0,53033|1|2|1
2022,05123,1,1,1,62.0,30.0,59.0,18.0,05123|1|1|1
2022,20209,32,1,1,146.0,52.0,447.0,107.0,20209|32|1|1
2022,37085,1,1,1,604.0,145.0,2071.0,183.0,37085|1|1|1
2022,47149,4,2,1,189.0,105.0,1107.0,432.0,47149|4|2|1
2022,37051,2,1,1,55.0,34.0,91.0,47.0,37051|2|1|1
2022,37017,1,1,1,114.0,82.0,205.0,59.0,37017|1|1|1
2022,37081,2,2,1,509.0,225.0,1032.0,288.0,37081|2|2|1
2023,25025,2,1,1,45.0,32.0,110.0,61.0,25025|2|1|1
2023,24033,2,1,1,182.0,130.0,67.0,49.0,24033|2|1|1
2023,37001,32,1,1,118.0,55.0,266.0,74.0,37001|32|1|1
2023,36005,4,1,1,44.0,32.0,38.0,24.0,36005|4|1|1
2023,36005,4,2,1,134.0,100.0,102.0,62.0,36005|4|2|1
2023,47037,1,1,1,845.0,152.0,6046.0,418.0,47037|1|1|1
2023,47165,1,1,1,116.0,25.0,2349.0,209.0,47165|1|1|1
2023,36027,2,2,1,120.0,71.0,809.0,307.0,36027|2|2|1
2023,47045,1,1,1,46.0,24.0,308.0,88.0,47045|1|1|1
2023,47157,2,1,1,451.0,351.0,246.0,106.0,47157|2|1|1
2024,04003,1,1,1,41.0,8.0,1109.0,110.0,04003|1|1|1
2024,45019,32,1,1,195.0,76.0,626.0,146.0,45019|32|1|1
2024,51770,1,1,1,124.0,19.0,642.0,61.0,51770|1|1|1
2025,21111,32,1,1,357.0,164.0,1248.0,341.0,21111|32|1|1
2025,28049,31,1,1,232.0,85.0,178.0,21.0,28049|31|1|1
2025,17097,32,1,1,111.0,48.0,1066.0,287.0,17097|32|1|1
2025,17197,4,1,1,38.0,21.0,391.0,125.0,17197|4|1|1
2025,36119,4,2,1,147.0,85.0,802.0,319.0,36119|4|2|1
2025,36055,31,1,1,118.0,37.0,1083.0,197.0,36055|31|1|1
2025,36071,4,2,1,119.0,74.0,492.0,181.0,36071|4|2|1
2025,36005,1,1,1,636.0,168.0,643.0,135.0,36005|1|1|1
2018,01053,1,1,1,53.0,24.0,202.0,49.0,01053|1|1|1
2018,01083,32,1,1,47.0,23.0,260.0,77.0,01083|32|1|1
2018,06065,4,1,1,46.0,30.0,935.0,498.0,06065|4|1|1
2018,06095,1,1,1,566.0,85.0,2883.0,266.0,06095|1|1|1
2018,12119,1,1,1,33.0,10.0,2140.0,160.0,12119|1|1|1
2018,12011,1,1,3,163.0,42.0,1069.0,225.0,12011|1|1|3
2018,12071,1,1,3,34.0,6.0,638.0,114.0,12071|1|1|3
2018,12086,2,1,1,190.0,147.0,1591.0,1094.0,12086|2|1|1
2018,24027,2,2,1,105.0,61.0,488.0,152.0,24027|2|2|1
2018,31055,1,2,1,29.0,2.0,436.0,31.0,31055|1|2|1
2018,36071,1,1,1,610.0,137.0,3061.0,407.0,36071|1|1|1
2018,36055,1,1,1,588.0,97.0,6714.0,398.0,36055|1|1|1
2018,36055,2,2,1,109.0,72.0,1241.0,390.0,36055|2|2|1
2018,36085,32,1,1,121.0,30.0,1426.0,306.0,36085|32|1|1
2018,48067,1,1,1,34.0,26.0,256.0,85.0,48067|1|1|1
2018,48029,32,2,1,48.0,25.0,647.0,250.0,48029|32|2|1
2019,13089,31,2,1,63.0,35.0,215.0,53.0,13089|31|2|1
2019,13135,2,2,1,635.0,458.0,1345.0,653.0,13135|2|2|1
2019,13075,1,1,1,49.0,27.0,105.0,32.0,13075|1|1|1
2019,13039,1,1,1,100.0,29.0,906.0,93.0,13039|1|1|1
2019,13073,1,1,1,691.0,63.0,2514.0,123.0,13073|1|1|1
2019,13297,32,1,1,80.0,33.0,559.0,105.0,13297|32|1|1
2019,21111,1,1,1,1379.0,207.0,8835.0,777.0,21111|1|1|1
2019,26163,31,1,1,1024.0,357.0,6476.0,999.0,26163|31|1|1
2019,39151,31,1,1,56.0,12.0,2015.0,373.0,39151|31|1|1
2019,42101,1,2,1,115.0,51.0,187.0,52.0,42101|1|2|1
2019,11001,31,1,1,945.0,259.0,2423.0,204.0,11001|31|1|1
2019,10005,1,1,2,34.0,7.0,1832.0,101.0,10005|1|1|2
2019,12117,31,1,1,162.0,43.0,2092.0,366.0,12117|31|1|1
2019,12097,1,1,2,86.0,20.0,806.0,101.0,12097|1|1|2
2019,42017,2,2,1,41.0,25.0,2035.0,718.0,42017|2|2|1
2019,36067,1,1,1,257.0,30.0,4158.0,316.0,36067|1|1|1
2019,36029,31,1,1,122.0,52.0,2989.0,715.0,36029|31|1|1
2019,36059,4,2,1,277.0,198.0,1932.0,986.0,36059|4|2|1
2019,48439,1,2,1,207.0,30.0,734.0,110.0,48439|1|2|1
2020,06071,1,1,3,44.0,8.0,786.0,102.0,06071|1|1|3
2020,12095,31,1,1,2424.0,587.0,15674.0,2445.0,12095|31|1|1
2020,12017,1,1,1,57.0,12.0,2876.0,481.0,12017|1|1|1
2020,12071,1,1,3,42.0,10.0,744.0,123.0,12071|1|1|3
2020,18057,1,1,1,284.0,43.0,6777.0,314.0,18057|1|1|1
2020,37019,32,1,1,27.0,8.0,805.0,144.0,37019|32|1|1
2020,40031,1,1,1,148.0,14.0,1047.0,91.0,40031|1|1|1
2020,42089,1,1,1,363.0,82.0,1600.0,223.0,42089|1|1|1
2020,47125,31,1,1,782.0,158.0,3323.0,414.0,47125|31|1|1
2020,47157,4,1,1,235.0,177.0,299.0,116.0,47157|4|1|1
2020,48367,1,1,1,52.0,12.0,3515.0,432.0,48367|1|1|1
2020,08101,1,1,1,63.0,7.0,2491.0,254.0,08101|1|1|1
2020,12011,2,1,1,157.0,123.0,995.0,580.0,12011|2|1|1
2020,24005,31,2,1,53.0,27.0,304.0,98.0,24005|31|2|1
2020,29189,2,2,1,181.0,122.0,1486.0,451.0,29189|2|2|1
2020,34015,1,1,1,562.0,84.0,3746.0,238.0,34015|1|1|1
2020,36029,1,1,1,568.0,79.0,7468.0,525.0,36029|1|1|1
2020,36105,1,1,1,62.0,19.0,610.0,150.0,36105|1|1|1
2020,42043,4,1,1,26.0,16.0,170.0,68.0,42043|4|1|1
2020,42043,2,1,1,34.0,25.0,220.0,81.0,42043|2|1|1
2020,51650,31,1,1,918.0,201.0,1043.0,139.0,51650|31|1|1
2021,08031,32,1,1,652.0,149.0,6412.0,701.0,08031|32|1|1
2021,12117,32,1,1,288.0,77.0,4123.0,666.0,12117|32|1|1
2021,12103,1,1,1,506.0,132.0,11862.0,1378.0,12103|1|1|1
2021,12009,1,1,2,65.0,18.0,1048.0,88.0,12009|1|1|2
2021,13097,31,1,1,1255.0,299.0,842.0,131.0,13097|31|1|1
2021,13127,1,1,1,160.0,40.0,1119.0,105.0,13127|1|1|1
2021,17043,1,1,1,592.0,89.0,10949.0,582.0,17043|1|1|1
2021,26081,2,2,1,89.0,46.0,1554.0,380.0,26081|2|2|1
2021,26021,32,1,1,59.0,22.0,1272.0,195.0,26021|32|1|1
2021,37159,32,1,1,102.0,35.0,1042.0,187.0,37159|32|1|1
2021,37161,1,1,1,40.0,15.0,851.0,147.0,37161|1|1|1
2020,51570,1,1,1,50.0,6.0,173.0,5.0,51570|1|1|1
2020,51153,4,2,1,98.0,63.0,372.0,184.0,51153|4|2|1
2021,06073,2,2,1,160.0,96.0,4443.0,1598.0,06073|2|2|1
2021,06077,4,2,1,46.0,29.0,328.0,139.0,06077|4|2|1
2021,12086,1,2,1,75.0,28.0,1136.0,251.0,12086|1|2|1
2021,25025,32,1,3,137.0,30.0,495.0,67.0,25025|32|1|3
2021,25013,32,1,1,210.0,53.0,2904.0,447.0,25013|32|1|1
2021,42089,1,1,1,383.0,73.0,1717.0,221.0,42089|1|1|1
2021,42101,31,1,3,240.0,93.0,964.0,170.0,42101|31|1|3
2021,47119,32,1,1,73.0,21.0,1208.0,158.0,47119|32|1|1
2021,47189,1,1,1,203.0,37.0,2946.0,230.0,47189|1|1|1
2021,47157,2,1,1,336.0,249.0,326.0,118.0,47157|2|1|1
2021,48367,1,1,1,100.0,25.0,3572.0,462.0,48367|1|1|1
2021,48401,1,1,1,74.0,44.0,565.0,153.0,48401|1|1|1
2021,48419,1,1,1,61.0,46.0,234.0,103.0,48419|1|1|1
2021,51033,32,1,1,81.0,27.0,321.0,53.0,51033|32|1|1
2021,55079,2,1,1,119.0,86.0,470.0,129.0,55079|2|1|1
2022,06073,2,2,1,337.0,173.0,8114.0,2645.0,06073|2|2|1
2022,12097,1,1,3,108.0,28.0,1266.0,205.0,12097|1|1|3
2022,12086,4,1,1,146.0,97.0,1371.0,670.0,12086|4|1|1
2022,13039,32,1,1,72.0,32.0,318.0,92.0,13039|32|1|1
2022,13157,1,1,1,182.0,37.0,1351.0,129.0,13157|1|1|1
2022,18089,4,1,1,68.0,49.0,254.0,96.0,18089|4|1|1
2021,39095,2,2,1,56.0,33.0,556.0,202.0,39095|2|2|1
2021,42101,31,2,1,148.0,81.0,274.0,99.0,42101|31|2|1
2021,48139,32,1,1,149.0,57.0,1442.0,219.0,48139|32|1|1
2022,04013,2,2,1,823.0,420.0,16442.0,5692.0,04013|2|2|1
2022,04021,31,1,1,81.0,31.0,1230.0,257.0,04021|31|1|1
2022,12075,1,1,1,98.0,57.0,649.0,216.0,12075|1|1|1
2022,12069,2,2,1,103.0,70.0,856.0,391.0,12069|2|2|1
2022,24033,1,2,1,176.0,64.0,46.0,17.0,24033|1|2|1
2022,36081,31,2,1,66.0,42.0,122.0,55.0,36081|31|2|1
2022,48471,1,1,1,111.0,49.0,773.0,169.0,48471|1|1|1
2022,48395,1,1,1,37.0,25.0,183.0,64.0,48395|1|1|1
2022,48407,1,1,1,42.0,30.0,415.0,153.0,48407|1|1|1
2022,51003,1,1,1,78.0,26.0,1068.0,69.0,51003|1|1|1
2023,01015,32,1,1,68.0,41.0,205.0,59.0,01015|32|1|1
2023,12057,32,1,1,757.0,364.0,2196.0,794.0,12057|32|1|1
2023,12071,4,1,1,37.0,25.0,716.0,348.0,12071|4|1|1
2023,12086,2,1,1,138.0,100.0,823.0,540.0,12086|2|1|1
2023,12086,31,1,3,47.0,26.0,248.0,96.0,12086|31|1|3
2023,13057,1,1,1,228.0,42.0,2937.0,251.0,13057|1|1|1
2023,13089,1,2,1,169.0,42.0,91.0,16.0,13089|1|2|1
2023,13151,32,1,1,863.0,409.0,354.0,92.0,13151|32|1|1
2023,13121,1,2,1,194.0,56.0,180.0,45.0,13121|1|2|1
2023,13029,1,1,1,90.0,24.0,705.0,81.0,13029|1|1|1
2022,36007,1,1,1,90.0,24.0,1311.0,118.0,36007|1|1|1
2022,36059,1,1,1,1198.0,199.0,6053.0,507.0,36059|1|1|1
2022,36071,31,1,1,88.0,30.0,600.0,152.0,36071|31|1|1
2022,42003,2,2,1,286.0,149.0,3675.0,1006.0,42003|2|2|1
2023,26081,31,1,1,32.0,13.0,648.0,151.0,26081|31|1|1
2023,39049,4,1,1,127.0,81.0,560.0,221.0,39049|4|1|1
2023,39093,1,1,1,159.0,27.0,2867.0,253.0,39093|1|1|1
2023,48113,4,1,1,201.0,144.0,715.0,359.0,48113|4|1|1
2023,51550,2,2,1,231.0,123.0,543.0,151.0,51550|2|2|1
2023,51153,31,1,1,58.0,17.0,158.0,43.0,51153|31|1|1
2024,06065,1,1,3,41.0,9.0,904.0,140.0,06065|1|1|3
2024,08035,1,1,1,45.0,3.0,4337.0,224.0,08035|1|1|1
2024,12057,4,2,1,650.0,358.0,3085.0,1421.0,12057|4|2|1
2024,12086,1,1,1,983.0,254.0,15208.0,3121.0,12086|1|1|1
2024,17097,1,1,1,279.0,43.0,4621.0,380.0,17097|1|1|1
2023,34013,31,2,1,71.0,30.0,225.0,64.0,34013|31|2|1
2023,42003,2,2,1,297.0,174.0,3067.0,906.0,42003|2|2|1
2023,48113,32,2,1,297.0,72.0,563.0,140.0,48113|32|2|1
2023,51650,1,2,1,54.0,5.0,32.0,1.0,51650|1|2|1
2023,51800,4,2,1,137.0,80.0,215.0,93.0,51800|4|2|1
2025,36103,1,2,1,47.0,13.0,284.0,105.0,36103|1|2|1
2025,49035,2,2,1,48.0,20.0,3125.0,825.0,49035|2|2|1
2018,10003,2,1,1,93.0,67.0,363.0,135.0,10003|2|1|1
2018,10005,1,1,2,37.0,7.0,1800.0,121.0,10005|1|1|2
2020,01097,31,1,1,811.0,291.0,3272.0,559.0,01097|31|1|1
2020,01073,4,1,1,137.0,108.0,332.0,142.0,01073|4|1|1
2020,21111,1,1,3,66.0,16.0,453.0,39.0,21111|1|1|3
2020,21015,1,1,1,100.0,12.0,2568.0,275.0,21015|1|1|1
2020,25017,1,1,1,457.0,52.0,11119.0,619.0,25017|1|1|1
2020,28089,4,2,1,41.0,18.0,201.0,55.0,28089|4|2|1
2021,27003,32,1,1,122.0,35.0,4388.0,428.0,27003|32|1|1
2022,01113,31,1,1,46.0,16.0,51.0,6.0,01113|31|1|1
2022,11001,1,1,3,111.0,28.0,156.0,13.0,11001|1|1|3
2022,17197,4,1,1,33.0,24.0,341.0,118.0,17197|4|1|1
2023,22053,1,1,1,55.0,29.0,219.0,51.0,22053|1|1|1
2024,18141,32,1,1,83.0,33.0,628.0,156.0,18141|32|1|1
2024,31055,1,1,1,340.0,46.0,4641.0,232.0,31055|1|1|1
2024,36103,1,1,1,863.0,114.0,7866.0,616.0,36103|1|1|1
2024,36059,2,2,1,482.0,310.0,2160.0,922.0,36059|2|2|1
2024,42101,1,2,1,158.0,42.0,191.0,32.0,42101|1|2|1
2025,42103,1,1,1,47.0,7.0,628.0,53.0,42103|1|1|1
2025,24031,1,1,1,1198.0,162.0,3882.0,233.0,24031|1|1|1
2018,18043,1,1,1,41.0,4.0,1169.0,128.0,18043|1|1|1
2018,45007,32,1,1,78.0,36.0,698.0,209.0,45007|32|1|1
2018,45013,32,1,1,94.0,46.0,696.0,190.0,45013|32|1|1
2019,35043,1,1,1,51.0,8.0,2284.0,207.0,35043|1|1|1
2020,05057,1,1,1,64.0,46.0,143.0,38.0,05057|1|1|1
2020,11001,32,1,3,302.0,93.0,193.0,34.0,11001|32|1|3
2022,08031,2,2,1,155.0,68.0,2304.0,515.0,08031|2|2|1
2022,25005,32,1,1,194.0,86.0,2328.0,464.0,25005|32|1|1
2023,72127,1,1,1,105.0,33.0,1585.0,360.0,72127|1|1|1
2024,27123,1,1,1,323.0,46.0,3166.0,162.0,27123|1|1|1
2023,53033,32,1,1,132.0,54.0,1044.0,268.0,53033|32|1|1
2025,27139,1,1,1,171.0,26.0,1438.0,82.0,27139|1|1|1
2025,18097,32,1,3,105.0,36.0,262.0,52.0,18097|32|1|3
2025,47149,4,2,1,161.0,79.0,848.0,307.0,47149|4|2|1
2019,01103,1,1,1,131.0,26.0,1479.0,184.0,01103|1|1|1
2019,01073,1,1,3,54.0,9.0,418.0,19.0,01073|1|1|3
2020,01083,32,1,1,55.0,16.0,521.0,61.0,01083|32|1|1
2020,21111,2,2,1,110.0,65.0,973.0,278.0,21111|2|2|1
2020,28075,31,1,1,92.0,30.0,450.0,64.0,28075|31|1|1
2020,01097,2,2,1,51.0,36.0,281.0,125.0,01097|2|2|1
2021,22087,1,1,1,241.0,42.0,402.0,32.0,22087|1|1|1
2021,22061,1,1,1,172.0,109.0,367.0,71.0,22061|1|1|1
2021,22101,1,1,1,165.0,108.0,286.0,58.0,22101|1|1|1
2021,28005,1,1,1,84.0,61.0,91.0,37.0,28005|1|1|1
2022,01097,4,2,1,164.0,94.0,559.0,212.0,01097|4|2|1
2022,01087,1,1,1,152.0,113.0,40.0,20.0,01087|1|1|1
2022,01073,1,2,1,299.0,38.0,121.0,29.0,01073|1|2|1
2022,21111,4,1,1,73.0,41.0,594.0,166.0,21111|4|1|1
2022,17031,1,1,3,393.0,117.0,2064.0,252.0,17031|1|1|3
2022,34029,1,1,1,195.0,38.0,6720.0,563.0,34029|1|1|1
2023,18003,1,1,1,302.0,67.0,3703.0,358.0,18003|1|1|1
2023,22071,1,1,1,819.0,190.0,1174.0,89.0,22071|1|1|1
2022,45059,1,1,1,222.0,106.0,764.0,177.0,45059|1|1|1
2023,06067,1,2,1,67.0,10.0,301.0,38.0,06067|1|2|1
2024,36027,1,1,1,224.0,40.0,1512.0,182.0,36027|1|1|1
2024,01083,32,1,1,74.0,35.0,316.0,91.0,01083|32|1|1
2024,01113,32,1,1,97.0,47.0,103.0,42.0,01113|32|1|1
2024,42091,1,1,1,442.0,72.0,5093.0,313.0,42091|1|1|1
2024,42011,31,1,1,39.0,9.0,686.0,148.0,42011|31|1|1
2024,42003,4,1,1,123.0,70.0,901.0,351.0,42003|4|1|1
2024,36055,2,2,1,250.0,130.0,1884.0,409.0,36055|2|2|1
2024,36047,2,1,1,106.0,73.0,157.0,84.0,36047|2|1|1
2025,24033,1,1,1,4565.0,774.0,2057.0,235.0,24033|1|1|1
2025,24005,2,2,1,464.0,275.0,880.0,317.0,24005|2|2|1
2018,25025,1,2,1,62.0,27.0,241.0,62.0,25025|1|2|1
2018,25009,1,1,1,457.0,60.0,7730.0,535.0,25009|1|1|1
2018,34007,2,2,1,94.0,60.0,841.0,398.0,34007|2|2|1
2018,34023,2,2,1,133.0,92.0,934.0,475.0,34023|2|2|1
2018,34031,2,2,1,33.0,26.0,674.0,379.0,34031|2|2|1
2018,34003,2,2,1,106.0,75.0,1860.0,915.0,34003|2|2|1
2018,41051,4,2,1,47.0,30.0,1613.0,580.0,41051|4|2|1
2019,22033,1,1,1,1532.0,294.0,3132.0,176.0,22033|1|1|1
2019,22073,32,1,1,85.0,38.0,335.0,74.0,22073|32|1|1
2020,05107,1,1,1,27.0,13.0,34.0,14.0,05107|1|1|1
2021,21047,1,1,1,94.0,13.0,634.0,80.0,21047|1|1|1
2021,45075,1,1,1,787.0,510.0,444.0,135.0,45075|1|1|1
2021,45051,1,1,2,166.0,20.0,3140.0,347.0,45051|1|1|2
2023,40143,1,1,1,394.0,72.0,4567.0,425.0,40143|1|1|1
2023,40031,1,1,1,155.0,25.0,890.0,113.0,40031|1|1|1
2023,45025,1,1,1,170.0,104.0,306.0,106.0,45025|1|1|1
2024,72127,1,1,1,159.0,27.0,1316.0,291.0,72127|1|1|1
2024,53061,2,2,1,89.0,49.0,1742.0,486.0,53061|2|2|1
2025,04013,31,2,1,153.0,50.0,4073.0,1061.0,04013|31|2|1
2025,18003,2,2,1,60.0,24.0,773.0,131.0,18003|2|2|1
2025,25021,31,1,1,110.0,30.0,1472.0,195.0,25021|31|1|1
2025,47125,31,1,1,215.0,48.0,852.0,141.0,47125|31|1|1
2025,47037,31,1,3,43.0,14.0,198.0,48.0,47037|31|1|3
2018,22005,32,1,1,112.0,51.0,368.0,90.0,22005|32|1|1
2019,19193,1,1,1,39.0,8.0,1089.0,134.0,19193|1|1|1
2025,55079,2,1,1,153.0,92.0,494.0,153.0,55079|2|1|1
2025,36059,4,2,1,351.0,223.0,1733.0,779.0,36059|4|2|1
2025,36081,31,1,1,181.0,65.0,337.0,83.0,36081|31|1|1
2025,36055,1,1,1,574.0,107.0,4444.0,179.0,36055|1|1|1
2025,36081,1,1,1,814.0,161.0,2353.0,372.0,36081|1|1|1
2025,36087,1,1,1,139.0,19.0,1449.0,142.0,36087|1|1|1
2025,49057,1,1,1,35.0,4.0,3028.0,269.0,49057|1|1|1
2018,47065,31,1,1,159.0,91.0,961.0,307.0,47065|31|1|1
2018,47125,32,1,1,216.0,131.0,646.0,265.0,47125|32|1|1
2018,47125,1,1,1,870.0,129.0,3805.0,360.0,47125|1|1|1
2020,28095,1,1,1,191.0,120.0,306.0,83.0,28095|1|1|1
2020,25017,31,1,1,655.0,120.0,30096.0,2199.0,25017|31|1|1
2021,22071,32,1,3,108.0,40.0,119.0,22.0,22071|32|1|3
2021,27163,1,1,1,292.0,22.0,4057.0,190.0,27163|1|1|1
2021,22033,2,2,1,41.0,31.0,182.0,48.0,22033|2|2|1
2022,01121,1,1,1,404.0,234.0,802.0,257.0,01121|1|1|1
2022,11001,2,2,1,475.0,242.0,657.0,183.0,11001|2|2|1
2022,17197,1,1,1,1222.0,182.0,6586.0,499.0,17197|1|1|1
2022,17031,4,1,1,468.0,303.0,1554.0,639.0,17031|4|1|1
2022,34013,2,1,1,93.0,59.0,189.0,73.0,34013|2|1|1
2023,06075,1,1,1,48.0,5.0,1239.0,79.0,06075|1|1|1
2023,06059,32,1,1,47.0,19.0,1531.0,409.0,06059|32|1|1
2023,06077,4,2,1,104.0,61.0,679.0,360.0,06077|4|2|1
2023,18081,1,1,1,85.0,30.0,1927.0,264.0,18081|1|1|1
2023,18097,32,2,1,134.0,36.0,380.0,73.0,18097|32|2|1
2023,22003,1,1,1,39.0,21.0,187.0,92.0,22003|1|1|1
2022,45047,32,1,1,70.0,31.0,219.0,57.0,45047|32|1|1
2024,19113,1,2,1,25.0,1.0,286.0,9.0,19113|1|2|1
2024,01081,1,1,1,434.0,190.0,1470.0,168.0,01081|1|1|1
2024,01015,32,1,1,63.0,28.0,205.0,65.0,01015|32|1|1
2024,36001,32,1,1,40.0,18.0,301.0,81.0,36001|32|1|1
2025,10003,1,1,1,1178.0,171.0,3046.0,224.0,10003|1|1|1
2025,24021,2,2,1,93.0,49.0,583.0,150.0,24021|2|2|1
2025,53033,2,2,1,235.0,129.0,2910.0,804.0,53033|2|2|1
2018,18063,32,1,1,77.0,35.0,1013.0,245.0,18063|32|1|1
2018,18091,1,1,1,69.0,20.0,1158.0,117.0,18091|1|1|1
2018,18097,1,2,1,60.0,10.0,181.0,27.0,18097|1|2|1
2018,25009,4,2,1,91.0,57.0,1776.0,787.0,25009|4|2|1
2018,34027,1,1,1,159.0,20.0,4523.0,353.0,34027|1|1|1
2018,34017,1,1,1,229.0,51.0,2601.0,289.0,34017|1|1|1
2018,45023,1,1,1,56.0,21.0,240.0,61.0,45023|1|1|1
2018,45067,1,1,1,98.0,65.0,106.0,39.0,45067|1|1|1
2019,22017,32,1,1,193.0,115.0,404.0,124.0,22017|32|1|1
2022,08005,31,1,1,200.0,75.0,1713.0,325.0,08005|31|1|1
2021,45029,1,1,1,257.0,193.0,419.0,135.0,45029|1|1|1
2022,25017,32,1,1,210.0,68.0,3964.0,625.0,25017|32|1|1
2023,40143,31,1,1,26.0,11.0,279.0,82.0,40143|31|1|1
2024,27053,32,1,1,162.0,92.0,952.0,247.0,27053|32|1|1
2024,11001,32,1,3,104.0,36.0,37.0,5.0,11001|32|1|3
2024,53033,2,2,1,276.0,135.0,3007.0,900.0,53033|2|2|1
2025,27053,4,2,1,207.0,135.0,1909.0,668.0,27053|4|2|1
2025,47065,1,1,1,227.0,38.0,3671.0,363.0,47065|1|1|1
2018,05143,1,1,1,57.0,8.0,3034.0,317.0,05143|1|1|1
2018,47065,2,1,1,55.0,42.0,422.0,200.0,47065|2|1|1
2018,47157,31,1,3,97.0,44.0,162.0,30.0,47157|31|1|3
2018,53033,1,1,1,825.0,115.0,14285.0,958.0,53033|1|1|1
2020,01077,1,1,1,65.0,12.0,1232.0,129.0,01077|1|1|1
2020,01069,1,1,1,285.0,76.0,1387.0,189.0,01069|1|1|1
2020,25025,31,2,1,81.0,41.0,321.0,110.0,25025|31|2|1
2021,22057,1,1,1,243.0,142.0,1122.0,283.0,22057|1|1|1
2021,28101,1,1,1,72.0,41.0,119.0,35.0,28101|1|1|1
2022,01117,31,1,1,96.0,23.0,590.0,105.0,01117|31|1|1
2022,01089,2,2,1,267.0,128.0,1069.0,277.0,01089|2|2|1
2022,21047,1,1,1,93.0,23.0,635.0,93.0,21047|1|1|1
2022,17093,1,1,1,335.0,55.0,1731.0,110.0,17093|1|1|1
2022,17031,32,1,3,371.0,156.0,668.0,161.0,17031|32|1|3
2022,17031,31,2,1,110.0,64.0,880.0,320.0,17031|31|2|1
2022,34015,32,1,1,159.0,60.0,1377.0,336.0,34015|32|1|1
2023,19049,1,1,1,75.0,12.0,1394.0,82.0,19049|1|1|1
2023,19153,32,1,1,59.0,31.0,676.0,236.0,19153|32|1|1
2023,22033,1,1,3,67.0,12.0,174.0,21.0,22033|1|1|3
2023,22113,1,1,1,111.0,53.0,432.0,130.0,22113|1|1|1
2023,22067,1,1,1,91.0,54.0,107.0,38.0,22067|1|1|1
2023,22055,31,1,1,34.0,15.0,205.0,43.0,22055|31|1|1
2023,22013,1,1,1,62.0,49.0,84.0,38.0,22013|1|1|1
2022,45041,1,1,1,840.0,350.0,996.0,192.0,45041|1|1|1
2024,18089,1,1,1,896.0,170.0,3686.0,273.0,18089|1|1|1
2024,28029,1,1,1,124.0,77.0,111.0,41.0,28029|1|1|1
2024,01073,32,1,3,41.0,19.0,70.0,22.0,01073|32|1|3
2024,24031,31,1,1,167.0,54.0,687.0,99.0,24031|31|1|1
2024,24031,31,2,1,93.0,51.0,425.0,142.0,24031|31|2|1
2024,42029,32,1,1,65.0,28.0,669.0,170.0,42029|32|1|1
2025,42017,1,1,1,117.0,25.0,4169.0,325.0,42017|1|1|1
2024,36047,31,2,1,111.0,67.0,258.0,116.0,36047|31|2|1
2025,24009,1,1,1,90.0,7.0,788.0,35.0,24009|1|1|1
2025,24027,2,2,1,156.0,77.0,414.0,98.0,24027|2|2|1
2025,53061,1,1,1,319.0,37.0,4223.0,282.0,53061|1|1|1
2018,18089,1,1,1,848.0,121.0,5546.0,363.0,18089|1|1|1
2018,45059,1,1,1,158.0,65.0,633.0,156.0,45059|1|1|1
2018,45063,32,1,1,116.0,58.0,1006.0,316.0,45063|32|1|1
2018,45075,32,1,1,99.0,60.0,102.0,44.0,45075|32|1|1
2019,22071,1,1,1,991.0,153.0,1905.0,124.0,22071|1|1|1
2019,22017,2,2,1,66.0,49.0,94.0,44.0,22017|2|2|1
2022,08031,1,1,1,391.0,53.0,7268.0,360.0,08031|1|1|1
2021,45017,1,1,1,85.0,67.0,125.0,27.0,45017|1|1|1
2021,45045,2,1,1,35.0,21.0,315.0,98.0,45045|2|1|1
2023,40027,1,1,1,146.0,29.0,2152.0,339.0,40027|1|1|1
2023,45049,1,1,1,151.0,124.0,117.0,55.0,45049|1|1|1
2023,45033,1,1,1,169.0,123.0,146.0,55.0,45033|1|1|1
2023,45019,2,1,1,51.0,40.0,182.0,66.0,45019|2|1|1
2023,53067,1,1,1,117.0,13.0,2194.0,195.0,53067|1|1|1
2025,18011,1,1,1,94.0,31.0,1159.0,88.0,18011|1|1|1
2025,18063,1,1,1,657.0,178.0,2137.0,168.0,18063|1|1|1
2025,27171,1,1,1,179.0,21.0,2021.0,155.0,27171|1|1|1
2025,27109,1,1,1,94.0,16.0,1474.0,77.0,27109|1|1|1
2025,04013,2,2,1,525.0,232.0,9504.0,2878.0,04013|2|2|1
2025,25025,32,1,1,183.0,82.0,268.0,89.0,25025|32|1|1
2024,12086,32,1,3,208.0,70.0,1221.0,363.0,12086|32|1|3
2024,13145,1,1,1,74.0,14.0,308.0,24.0,13145|1|1|1
2024,13095,1,1,1,287.0,78.0,165.0,25.0,13095|1|1|1
2024,13067,31,2,1,118.0,56.0,320.0,114.0,13067|31|2|1
2024,37071,31,1,1,102.0,35.0,386.0,87.0,37071|31|1|1
2024,40143,32,1,1,104.0,42.0,822.0,271.0,40143|32|1|1
2024,47011,1,1,1,47.0,10.0,1205.0,219.0,47011|1|1|1
2024,47149,4,2,1,168.0,103.0,888.0,317.0,47149|4|2|1
2024,48039,4,2,1,104.0,75.0,320.0,171.0,48039|4|2|1
2025,06013,32,1,1,160.0,79.0,779.0,202.0,06013|32|1|1
2025,08041,1,1,1,472.0,60.0,7836.0,544.0,08041|1|1|1
2025,13121,32,1,1,1408.0,731.0,699.0,201.0,13121|32|1|1
2025,13135,1,2,1,157.0,43.0,210.0,47.0,13135|1|2|1
2025,13059,1,1,1,80.0,25.0,556.0,44.0,13059|1|1|1
2025,13135,4,2,1,748.0,380.0,1074.0,460.0,13135|4|2|1
2025,13247,2,2,1,149.0,92.0,48.0,27.0,13247|2|2|1
2024,48187,1,1,1,335.0,47.0,3059.0,442.0,48187|1|1|1
2025,06077,31,1,1,102.0,35.0,626.0,158.0,06077|31|1|1
2025,12057,31,2,1,91.0,36.0,812.0,283.0,12057|31|2|1
2025,37151,1,1,1,108.0,44.0,1237.0,193.0,37151|1|1|1
2025,37131,1,1,1,53.0,33.0,67.0,8.0,37131|1|1|1
2025,39153,32,1,1,160.0,77.0,1191.0,356.0,39153|32|1|1
2025,48439,1,1,1,2416.0,523.0,13227.0,1449.0,48439|1|1|1
2025,51670,1,1,1,94.0,11.0,134.0,10.0,51670|1|1|1
2025,51177,32,1,1,119.0,44.0,389.0,118.0,51177|32|1|1
2018,13077,1,1,1,233.0,31.0,2264.0,183.0,13077|1|1|1
2018,13051,2,1,1,69.0,49.0,145.0,74.0,13051|2|1|1
2018,13297,32,1,1,90.0,55.0,468.0,129.0,13297|32|1|1
2018,17031,32,1,3,296.0,143.0,1076.0,289.0,17031|32|1|3
2018,37051,32,1,1,506.0,297.0,555.0,235.0,37051|32|1|1
2018,37093,1,1,1,247.0,40.0,581.0,37.0,37093|1|1|1
2018,51700,32,1,1,195.0,116.0,258.0,90.0,51700|32|1|1
2018,34025,1,1,1,209.0,36.0,6609.0,594.0,34025|1|1|1
2019,27053,2,1,1,36.0,20.0,562.0,137.0,27053|2|1|1
2019,37183,4,1,1,87.0,49.0,648.0,185.0,37183|4|1|1
2019,37179,2,2,1,61.0,38.0,681.0,282.0,37179|2|2|1
2019,18081,1,1,1,69.0,15.0,2716.0,198.0,18081|1|1|1
2019,37163,1,1,1,107.0,45.0,380.0,79.0,37163|1|1|1
2020,17197,2,2,1,67.0,55.0,662.0,304.0,17197|2|2|1
2020,13095,32,1,1,52.0,26.0,58.0,13.0,13095|32|1|1
2020,13245,4,1,1,36.0,27.0,45.0,20.0,13245|4|1|1
2020,39049,32,1,3,57.0,18.0,422.0,90.0,39049|32|1|3
2020,45079,32,1,1,445.0,160.0,1199.0,150.0,45079|32|1|1
2021,24033,32,1,1,6717.0,1745.0,1709.0,315.0,24033|32|1|1
2022,37063,4,1,1,44.0,18.0,137.0,45.0,37063|4|1|1
2023,02090,1,1,1,29.0,7.0,756.0,42.0,02090|1|1|1
2023,17163,2,1,1,99.0,80.0,124.0,62.0,17163|2|1|1
2023,24510,31,1,3,79.0,35.0,28.0,9.0,24510|31|1|3
2023,37071,1,1,1,658.0,98.0,2124.0,216.0,37071|1|1|1
2023,37067,2,2,1,249.0,138.0,752.0,236.0,37067|2|2|1
2023,36047,32,1,1,396.0,182.0,326.0,92.0,36047|32|1|1
2023,47157,1,1,1,2154.0,418.0,3486.0,226.0,47157|1|1|1
2024,29189,1,1,3,95.0,17.0,611.0,42.0,29189|1|1|3
2024,29095,4,2,1,223.0,132.0,1242.0,518.0,29095|4|2|1
2023,37049,32,1,1,51.0,24.0,184.0,58.0,37049|32|1|1
2023,36059,1,2,1,38.0,26.0,106.0,51.0,36059|1|2|1
2024,25005,4,2,1,127.0,77.0,1169.0,477.0,25005|4|2|1
2024,34039,31,1,1,111.0,32.0,334.0,53.0,34039|31|1|1
2024,34013,2,2,1,471.0,309.0,764.0,284.0,34013|2|2|1
2024,39049,31,2,1,188.0,93.0,1089.0,293.0,39049|31|2|1
2024,45083,4,2,1,146.0,70.0,783.0,304.0,45083|4|2|1
2024,45003,32,1,1,125.0,66.0,380.0,105.0,45003|32|1|1
2024,51683,1,1,1,36.0,4.0,237.0,16.0,51683|1|1|1
2024,51700,2,2,1,159.0,71.0,204.0,46.0,51700|2|2|1
2025,01003,1,1,1,256.0,141.0,4079.0,674.0,01003|1|1|1
2025,22055,31,1,1,89.0,22.0,408.0,54.0,22055|31|1|1
2025,22031,1,1,1,193.0,122.0,232.0,61.0,22031|1|1|1
2025,28161,1,1,1,67.0,46.0,74.0,13.0,28161|1|1|1
2025,28145,1,1,1,38.0,23.0,225.0,64.0,28145|1|1|1
2025,28115,1,1,1,54.0,31.0,239.0,61.0,28115|1|1|1
2024,34013,2,1,1,87.0,62.0,116.0,49.0,34013|2|1|1
2024,45051,31,1,1,68.0,14.0,731.0,128.0,45051|31|1|1
2025,22041,1,1,1,56.0,38.0,102.0,37.0,22041|1|1|1
2025,55079,4,1,1,153.0,104.0,441.0,166.0,55079|4|1|1
2025,36071,2,2,1,194.0,97.0,806.0,248.0,36071|2|2|1
2025,36071,32,1,1,107.0,48.0,494.0,116.0,36071|32|1|1
2018,47037,2,2,1,300.0,209.0,1519.0,674.0,47037|2|2|1
2018,47003,1,1,1,41.0,8.0,650.0,78.0,47003|1|1|1
2018,53053,1,2,1,127.0,25.0,791.0,109.0,53053|1|2|1
2019,01055,1,1,1,83.0,22.0,956.0,174.0,01055|1|1|1
2020,01073,32,1,1,524.0,209.0,2918.0,331.0,01073|32|1|1
2020,01073,1,2,1,76.0,12.0,98.0,14.0,01073|1|2|1
2020,21111,32,1,1,351.0,107.0,4323.0,490.0,21111|32|1|1
2020,01017,1,1,1,144.0,69.0,280.0,79.0,01017|1|1|1
2020,01097,4,2,1,53.0,37.0,354.0,161.0,01097|4|2|1
2021,22013,1,1,1,106.0,74.0,119.0,49.0,22013|1|1|1
2021,22079,1,1,1,450.0,130.0,1245.0,199.0,22079|1|1|1
2021,22017,32,1,1,236.0,123.0,529.0,120.0,22017|32|1|1
2021,22109,1,1,1,378.0,230.0,976.0,238.0,22109|1|1|1
2021,28089,32,1,1,148.0,54.0,518.0,89.0,28089|32|1|1
2021,28121,4,2,1,40.0,25.0,315.0,95.0,28121|4|2|1
2021,28011,1,1,1,88.0,45.0,139.0,16.0,28011|1|1|1
2022,17031,2,1,3,74.0,52.0,90.0,43.0,17031|2|1|3
2022,27109,1,1,1,94.0,16.0,1677.0,73.0,27109|1|1|1
2022,34025,1,1,1,196.0,53.0,5292.0,418.0,34025|1|1|1
2022,49035,4,2,1,54.0,35.0,4327.0,1272.0,49035|4|2|1
2023,06065,32,1,1,444.0,195.0,2793.0,991.0,06065|32|1|1
2023,06061,1,1,1,99.0,17.0,2973.0,241.0,06061|1|1|1
2023,06073,31,1,1,61.0,18.0,1093.0,279.0,06073|31|1|1
2023,06039,1,1,1,39.0,8.0,985.0,140.0,06039|1|1|1
2022,45003,32,1,1,196.0,89.0,622.0,177.0,45003|32|1|1
2022,45091,2,2,1,115.0,56.0,803.0,222.0,45091|2|2|1
2023,06067,31,1,1,61.0,24.0,377.0,89.0,06067|31|1|1
2023,06071,2,2,1,374.0,200.0,2974.0,1435.0,06071|2|2|1
2024,01097,2,1,1,96.0,60.0,166.0,71.0,01097|2|1|1
2024,18097,1,1,3,93.0,23.0,421.0,60.0,18097|1|1|3
2024,18003,31,1,1,51.0,13.0,641.0,103.0,18003|31|1|1
2024,28085,1,1,1,105.0,64.0,260.0,104.0,28085|1|1|1
2024,36007,1,1,1,66.0,14.0,940.0,76.0,36007|1|1|1
2024,01047,1,1,1,171.0,97.0,66.0,20.0,01047|1|1|1
2024,36055,31,2,1,58.0,27.0,651.0,124.0,36055|31|2|1
2025,24021,32,1,1,74.0,30.0,409.0,103.0,24021|32|1|1
2025,24027,32,1,1,139.0,63.0,188.0,40.0,24027|32|1|1
2025,24003,2,2,1,248.0,126.0,1222.0,402.0,24003|2|2|1
2018,25005,2,2,1,56.0,47.0,1434.0,566.0,25005|2|2|1
2018,25025,32,1,3,98.0,35.0,367.0,71.0,25025|32|1|3
2018,34017,2,2,1,65.0,51.0,563.0,338.0,34017|2|2|1
2018,45019,32,1,1,357.0,179.0,1518.0,384.0,45019|32|1|1
2018,45079,2,1,1,68.0,41.0,116.0,47.0,45079|2|1|1
2018,45063,1,2,1,27.0,7.0,73.0,12.0,45063|1|2|1
2019,22083,1,1,1,56.0,34.0,144.0,37.0,22083|1|1|1
2019,22015,32,1,1,58.0,40.0,253.0,69.0,22015|32|1|1
2019,22013,1,1,1,54.0,33.0,73.0,21.0,22013|1|1|1
2021,11001,2,2,1,362.0,240.0,571.0,167.0,11001|2|2|1
2021,45035,32,1,1,240.0,67.0,1506.0,237.0,45035|32|1|1
2021,45083,4,1,1,35.0,20.0,221.0,94.0,45083|4|1|1
2021,45045,2,2,1,57.0,40.0,640.0,213.0,45045|2|2|1
2022,25027,2,2,1,148.0,83.0,3121.0,822.0,25027|2|2|1
2023,40143,2,1,1,32.0,24.0,295.0,118.0,40143|2|1|1
2023,45063,1,2,1,33.0,2.0,93.0,12.0,45063|1|2|1
2023,53061,4,2,1,77.0,46.0,1751.0,720.0,53061|4|2|1
2025,18095,1,1,1,74.0,14.0,1415.0,157.0,18095|1|1|1
2025,27053,1,2,1,145.0,24.0,436.0,46.0,27053|1|2|1
2025,18097,2,2,1,559.0,293.0,1437.0,425.0,18097|2|2|1
2025,25025,31,1,1,131.0,53.0,773.0,135.0,25025|31|1|1
2025,47187,32,1,1,36.0,11.0,527.0,128.0,47187|32|1|1
2025,47037,2,1,1,77.0,52.0,255.0,94.0,47037|2|1|1
2018,06037,31,1,3,316.0,115.0,2312.0,631.0,06037|31|1|3
2018,12053,1,1,1,183.0,42.0,3490.0,517.0,12053|1|1|1
2018,12103,32,1,1,335.0,164.0,4456.0,1373.0,12103|32|1|1
2018,24033,31,2,1,277.0,147.0,95.0,30.0,24033|31|2|1
2018,29037,1,1,1,74.0,9.0,1793.0,137.0,29037|1|1|1
2018,36047,32,1,1,1211.0,457.0,1757.0,447.0,36047|32|1|1
2018,36001,2,2,1,49.0,27.0,753.0,213.0,36001|2|2|1
2018,39095,2,2,1,39.0,28.0,526.0,194.0,39095|2|2|1
2018,48453,31,1,1,179.0,76.0,1989.0,542.0,48453|31|1|1
2018,48121,1,2,1,47.0,13.0,506.0,108.0,48121|1|2|1
2018,55025,2,2,1,44.0,11.0,2221.0,212.0,55025|2|2|1
2018,12031,1,1,3,64.0,14.0,652.0,73.0,12031|1|1|3
2019,06037,31,1,3,374.0,123.0,3355.0,666.0,06037|31|1|3
2019,13077,31,1,1,129.0,29.0,843.0,124.0,13077|31|1|1
2019,13067,31,1,1,1072.0,254.0,3215.0,430.0,13067|31|1|1
2019,13057,1,1,1,281.0,39.0,4611.0,323.0,13057|1|1|1
2019,13139,32,1,1,61.0,27.0,907.0,192.0,13139|32|1|1
2019,13207,1,1,1,40.0,16.0,321.0,32.0,13207|1|1|1
2019,17093,1,1,1,224.0,29.0,2128.0,141.0,17093|1|1|1
2019,17115,1,1,1,84.0,10.0,1014.0,80.0,17115|1|1|1
2019,26139,1,1,1,45.0,20.0,4346.0,530.0,26139|1|1|1
2019,29037,1,1,1,77.0,8.0,1700.0,160.0,29037|1|1|1
2019,39003,1,1,1,57.0,5.0,1020.0,113.0,39003|1|1|1
2019,51087,1,2,1,155.0,24.0,190.0,33.0,51087|1|2|1
2019,06037,2,1,1,278.0,145.0,2201.0,872.0,06037|2|1|1
2019,06077,4,2,1,61.0,38.0,598.0,341.0,06077|4|2|1
2019,10003,2,2,1,250.0,172.0,1052.0,389.0,10003|2|2|1
2019,13153,4,2,1,54.0,37.0,162.0,68.0,13153|4|2|1
2019,13097,4,1,1,32.0,25.0,76.0,34.0,13097|4|1|1
2019,39061,4,2,1,172.0,106.0,1300.0,441.0,39061|4|2|1
2019,42017,32,1,1,61.0,26.0,2920.0,651.0,42017|32|1|1
2019,42103,1,1,1,59.0,18.0,729.0,89.0,42103|1|1|1
2019,48085,2,2,1,93.0,64.0,1326.0,670.0,48085|2|2|1
2020,06065,4,1,1,50.0,35.0,783.0,389.0,06065|4|1|1
2020,12031,1,1,1,3600.0,835.0,10985.0,1339.0,12031|1|1|1
2020,12097,1,1,3,27.0,7.0,581.0,130.0,12097|1|1|3
2020,12001,31,1,1,241.0,72.0,2209.0,299.0,12001|31|1|1
2020,12039,1,1,1,395.0,258.0,206.0,51.0,12039|1|1|1
2020,22055,32,1,1,62.0,20.0,782.0,120.0,22055|32|1|1
2020,37063,1,1,1,892.0,124.0,3449.0,148.0,37063|1|1|1
2020,42125,1,1,1,44.0,9.0,2458.0,192.0,42125|1|1|1
2020,48113,4,2,1,150.0,122.0,822.0,508.0,48113|4|2|1
2020,06039,1,1,1,38.0,3.0,1458.0,159.0,06039|1|1|1
2020,18097,4,2,1,130.0,96.0,804.0,299.0,18097|4|2|1
2020,22033,1,1,3,91.0,18.0,199.0,9.0,22033|1|1|3
2020,22009,1,1,1,92.0,46.0,288.0,81.0,22009|1|1|1
2020,24031,32,2,1,31.0,12.0,153.0,35.0,24031|32|2|1
2020,29183,1,1,1,440.0,57.0,7106.0,383.0,29183|1|1|1
2020,37185,1,1,1,74.0,38.0,97.0,27.0,37185|1|1|1
2020,34005,31,1,1,875.0,213.0,7176.0,887.0,34005|31|1|1
2020,34035,2,2,1,39.0,23.0,451.0,183.0,34035|2|2|1
2020,34007,2,2,1,81.0,51.0,623.0,278.0,34007|2|2|1
2021,08005,1,1,1,1024.0,112.0,8664.0,443.0,08005|1|1|1
2021,13113,4,2,1,35.0,20.0,121.0,36.0,13113|4|2|1
2021,17163,32,1,1,225.0,94.0,1180.0,200.0,17163|32|1|1
2021,17019,1,1,1,249.0,47.0,1751.0,116.0,17019|1|1|1
2021,20209,1,1,1,211.0,38.0,1429.0,159.0,20209|1|1|1
2021,37097,31,1,1,238.0,50.0,3571.0,405.0,37097|31|1|1
2021,37147,1,1,1,813.0,269.0,1577.0,124.0,37147|1|1|1
2021,37119,31,1,3,205.0,42.0,750.0,100.0,37119|31|1|3
2020,53053,2,2,1,89.0,53.0,1640.0,656.0,53053|2|2|1
2021,06037,4,2,1,344.0,191.0,4250.0,1709.0,06037|4|2|1
2021,13051,4,1,1,37.0,24.0,117.0,47.0,13051|4|1|1
2021,13247,4,2,1,76.0,50.0,30.0,19.0,13247|4|2|1
2021,25023,2,2,1,246.0,162.0,2105.0,662.0,25023|2|2|1
2021,34015,4,2,1,32.0,23.0,323.0,144.0,34015|4|2|1
2021,39045,1,1,1,323.0,56.0,2172.0,156.0,39045|1|1|1
2021,42091,31,1,1,912.0,186.0,13403.0,1579.0,42091|31|1|1
2021,47125,1,1,1,1156.0,155.0,4655.0,384.0,47125|1|1|1
2021,47037,4,1,1,69.0,44.0,468.0,138.0,47037|4|1|1
2021,48381,1,1,1,92.0,4.0,2644.0,234.0,48381|1|1|1
2021,51680,1,1,1,142.0,33.0,822.0,69.0,51680|1|1|1
2021,51033,1,1,1,164.0,22.0,546.0,48.0,51033|1|1|1
2021,51740,1,2,1,162.0,16.0,103.0,9.0,51740|1|2|1
2021,51570,1,1,1,79.0,14.0,208.0,11.0,51570|1|1|1
2021,55025,2,2,1,35.0,7.0,1786.0,138.0,55025|2|2|1
2022,06065,32,1,1,1686.0,512.0,11154.0,2449.0,06065|32|1|1
2022,06029,32,1,1,253.0,91.0,3372.0,886.0,06029|32|1|1
2022,06095,2,2,1,148.0,71.0,581.0,174.0,06095|2|2|1
2022,13067,32,1,1,1776.0,590.0,2620.0,467.0,13067|32|1|1
2022,13059,32,1,1,127.0,51.0,268.0,56.0,13059|32|1|1
2022,13179,1,1,1,455.0,96.0,654.0,73.0,13179|1|1|1
2022,26125,31,1,1,437.0,146.0,3124.0,595.0,26125|31|1|1
2022,26163,32,1,3,161.0,57.0,332.0,80.0,26163|32|1|3
2021,48039,4,2,1,29.0,22.0,76.0,53.0,48039|4|2|1
2021,51710,1,2,1,41.0,2.0,101.0,10.0,51710|1|2|1
2022,04013,4,1,1,79.0,54.0,1820.0,630.0,04013|4|1|1
2022,12129,1,1,1,83.0,17.0,568.0,61.0,12129|1|1|1
2022,13103,1,1,1,261.0,76.0,1082.0,139.0,13103|1|1|1
2022,13205,1,1,1,99.0,81.0,114.0,61.0,13205|1|1|1
2022,42101,2,2,1,1459.0,909.0,1651.0,668.0,42101|2|2|1
2022,48201,32,1,1,2326.0,1032.0,7985.0,2229.0,48201|32|1|1
2022,48361,1,1,1,42.0,10.0,1133.0,307.0,48361|1|1|1
2022,51137,1,1,1,78.0,15.0,553.0,47.0,51137|1|1|1
2022,51760,32,1,3,54.0,19.0,73.0,7.0,51760|32|1|3
2023,01073,31,1,1,286.0,136.0,463.0,92.0,01073|31|1|1
2023,08005,2,2,1,195.0,104.0,1611.0,490.0,08005|2|2|1
2023,12127,1,1,1,570.0,104.0,6367.0,901.0,12127|1|1|1
2023,13225,1,1,1,133.0,44.0,171.0,34.0,13225|1|1|1
2023,13067,31,2,1,73.0,33.0,284.0,93.0,13067|31|2|1
2022,36001,32,1,1,83.0,37.0,679.0,144.0,36001|32|1|1
2022,42017,2,2,1,70.0,34.0,2893.0,753.0,42017|2|2|1
2022,42101,31,2,1,167.0,77.0,287.0,81.0,42101|31|2|1
2022,48085,1,2,1,62.0,22.0,278.0,75.0,48085|1|2|1
2022,51550,1,2,1,56.0,9.0,84.0,16.0,51550|1|2|1
2023,12031,32,1,1,844.0,427.0,1536.0,592.0,12031|32|1|1
2023,12095,2,1,1,95.0,75.0,372.0,196.0,12095|2|1|1
2023,12083,2,2,1,91.0,67.0,779.0,414.0,12083|2|2|1
2023,13069,1,1,1,81.0,52.0,184.0,64.0,13069|1|1|1
2023,34037,1,1,1,78.0,12.0,1237.0,103.0,34037|1|1|1
2023,34029,1,1,1,184.0,37.0,5043.0,498.0,34029|1|1|1
2023,34023,4,2,1,187.0,114.0,1050.0,511.0,34023|4|2|1
2023,34007,2,2,1,256.0,146.0,1104.0,430.0,34007|2|2|1
2023,39099,1,1,1,168.0,27.0,1649.0,151.0,39099|1|1|1
2023,39003,1,1,1,81.0,20.0,813.0,122.0,39003|1|1|1
2023,48215,1,1,1,85.0,22.0,4545.0,1134.0,48215|1|1|1
2023,48201,32,1,3,186.0,82.0,389.0,131.0,48201|32|1|3
2023,51800,1,1,1,694.0,116.0,797.0,57.0,51800|1|1|1
2023,55079,32,1,3,97.0,43.0,113.0,34.0,55079|32|1|3
2024,06037,32,1,1,1306.0,533.0,5575.0,1579.0,06037|32|1|1
2024,12103,32,1,1,189.0,79.0,1712.0,573.0,12103|32|1|1
2024,12115,32,1,1,65.0,35.0,867.0,305.0,12115|32|1|1
2024,13097,32,1,1,432.0,183.0,198.0,54.0,13097|32|1|1
2024,13051,31,1,1,123.0,29.0,264.0,53.0,13051|31|1|1
2023,51179,2,2,1,145.0,78.0,355.0,124.0,51179|2|2|1
2024,06065,1,2,1,80.0,16.0,483.0,90.0,06065|1|2|1
2024,06037,4,1,1,140.0,89.0,1229.0,465.0,06037|4|1|1
2024,06095,2,2,1,115.0,51.0,426.0,157.0,06095|2|2|1
2024,13077,1,1,1,274.0,49.0,1438.0,92.0,13077|1|1|1
2024,13255,31,1,1,53.0,15.0,76.0,11.0,13255|31|1|1
2024,13045,1,1,1,255.0,36.0,1045.0,137.0,13045|1|1|1
2024,13247,31,1,1,138.0,43.0,52.0,13.0,13247|31|1|1
2024,37179,4,2,1,120.0,74.0,875.0,327.0,37179|4|2|1
2024,37045,1,1,1,204.0,74.0,855.0,201.0,37045|1|1|1
2024,37091,1,1,1,46.0,23.0,55.0,5.0,37091|1|1|1
2024,48439,4,1,1,124.0,62.0,782.0,336.0,48439|4|1|1
2025,12103,1,1,1,272.0,66.0,7214.0,818.0,12103|1|1|1
2025,12119,1,1,1,85.0,25.0,2990.0,226.0,12119|1|1|1
2025,12057,31,1,1,403.0,152.0,2005.0,585.0,12057|31|1|1
2025,12117,1,1,1,271.0,47.0,3358.0,353.0,12117|1|1|1
2025,12009,1,1,2,25.0,5.0,259.0,36.0,12009|1|1|2
2025,13015,1,1,1,105.0,23.0,1300.0,115.0,13015|1|1|1
2025,13089,4,1,1,169.0,110.0,125.0,42.0,13089|4|1|1
2024,37015,1,1,1,45.0,25.0,58.0,8.0,37015|1|1|1
2024,37119,31,1,3,36.0,14.0,69.0,21.0,37119|31|1|3
2024,44007,31,1,1,86.0,35.0,889.0,157.0,44007|31|1|1
2025,12127,2,2,1,77.0,48.0,1006.0,445.0,12127|2|2|1
2025,72025,1,1,1,46.0,4.0,578.0,79.0,72025|1|1|1
2025,29510,1,1,1,319.0,66.0,1814.0,91.0,29510|1|1|1
2025,32003,1,1,1,1850.0,309.0,14007.0,1437.0,32003|1|1|1
2025,39095,1,1,1,381.0,77.0,2910.0,184.0,39095|1|1|1
2025,39113,2,1,1,112.0,69.0,407.0,138.0,39113|2|1|1
2025,39165,1,1,1,76.0,10.0,2529.0,143.0,39165|1|1|1
2025,45019,2,1,1,40.0,26.0,213.0,72.0,45019|2|1|1
2025,48113,1,2,1,141.0,26.0,364.0,64.0,48113|1|2|1
2025,48029,2,1,1,36.0,21.0,511.0,270.0,48029|2|1|1
2025,48407,1,1,1,70.0,52.0,444.0,177.0,48407|1|1|1
2025,51680,1,1,1,99.0,25.0,593.0,52.0,51680|1|1|1
2025,51107,1,1,1,255.0,31.0,2553.0,111.0,51107|1|1|1
2025,51650,1,1,1,556.0,67.0,727.0,47.0,51650|1|1|1
2025,51710,31,1,1,202.0,33.0,428.0,89.0,51710|31|1|1
2018,26021,32,1,1,35.0,22.0,502.0,160.0,26021|32|1|1
2018,18003,32,1,1,114.0,53.0,1420.0,381.0,18003|32|1|1
2018,13097,1,1,1,1197.0,218.0,846.0,105.0,13097|1|1|1
2018,13067,1,1,3,61.0,12.0,368.0,46.0,13067|1|1|3
2018,13179,1,1,1,359.0,84.0,457.0,53.0,13179|1|1|1
2018,13027,1,1,1,27.0,12.0,105.0,38.0,13027|1|1|1
2018,37119,4,2,1,583.0,371.0,2241.0,908.0,37119|4|2|1
2018,37183,31,1,1,659.0,221.0,2620.0,477.0,37183|31|1|1
2018,37119,31,1,3,113.0,46.0,209.0,61.0,37119|31|1|3
2018,37133,31,1,1,61.0,27.0,372.0,138.0,37133|31|1|1
2018,37191,1,1,1,216.0,52.0,964.0,97.0,37191|1|1|1
2018,37131,1,1,1,50.0,32.0,67.0,10.0,37131|1|1|1
2018,37019,32,1,1,31.0,15.0,476.0,159.0,37019|32|1|1
2018,51087,32,1,1,460.0,206.0,915.0,247.0,51087|32|1|1
2018,51800,31,1,1,116.0,47.0,194.0,38.0,51800|31|1|1
2018,51059,31,2,1,61.0,26.0,705.0,234.0,51059|31|2|1
2018,51179,2,2,1,79.0,52.0,279.0,110.0,51179|2|2|1
2019,05045,1,1,1,106.0,29.0,1605.0,195.0,05045|1|1|1
2019,05119,1,1,3,51.0,11.0,331.0,14.0,05119|1|1|3
2019,08041,1,1,1,725.0,69.0,12385.0,706.0,08041|1|1|1
2019,18089,2,1,1,152.0,117.0,402.0,183.0,18089|2|1|1
2019,24027,1,1,1,708.0,96.0,2086.0,106.0,24027|1|1|1
2019,24510,1,1,1,2201.0,361.0,2557.0,136.0,24510|1|1|1
2019,37063,2,1,1,66.0,39.0,138.0,45.0,37063|2|1|1
2019,47093,32,1,1,120.0,35.0,2149.0,462.0,47093|32|1|1
2019,37131,1,1,1,66.0,38.0,57.0,7.0,37131|1|1|1
2020,13103,1,1,1,253.0,72.0,1230.0,157.0,13103|1|1|1
2020,13089,32,1,1,1411.0,487.0,2402.0,271.0,13089|32|1|1
2020,13297,1,1,1,381.0,51.0,1424.0,103.0,13297|1|1|1
2020,13153,1,1,1,823.0,123.0,2033.0,117.0,13153|1|1|1
2020,13067,1,1,3,65.0,14.0,327.0,38.0,13067|1|1|3
2020,13215,31,1,1,657.0,114.0,1154.0,137.0,13215|31|1|1
2020,39049,2,2,1,284.0,174.0,2043.0,585.0,39049|2|2|1
2021,18081,1,1,1,102.0,26.0,2849.0,292.0,18081|1|1|1
2020,45059,1,1,1,192.0,88.0,729.0,196.0,45059|1|1|1
2021,24031,2,2,1,243.0,138.0,1175.0,420.0,24031|2|2|1
2022,37081,31,1,1,641.0,154.0,1156.0,226.0,37081|31|1|1
2022,37127,1,1,1,576.0,205.0,713.0,111.0,37127|1|1|1
2022,47037,4,1,1,91.0,68.0,515.0,159.0,47037|4|1|1
2022,47157,32,1,1,2149.0,849.0,1640.0,331.0,47157|32|1|1
2022,47189,32,1,1,97.0,31.0,1052.0,178.0,47189|32|1|1
2022,47065,2,1,1,48.0,31.0,297.0,100.0,47065|2|1|1
2023,04013,32,1,1,551.0,199.0,6660.0,1939.0,04013|32|1|1
2023,25009,4,2,1,104.0,71.0,1522.0,634.0,25009|4|2|1
2023,25025,32,1,3,33.0,14.0,62.0,14.0,25025|32|1|3
2023,37101,1,1,1,725.0,149.0,2713.0,209.0,37101|1|1|1
2023,37119,1,1,3,88.0,16.0,386.0,42.0,37119|1|1|3
2023,37155,1,1,1,475.0,326.0,457.0,169.0,37155|1|1|1
2023,37195,31,1,1,26.0,12.0,82.0,17.0,37195|31|1|1
2024,34017,32,1,1,73.0,32.0,203.0,75.0,34017|32|1|1
2024,39025,1,1,1,69.0,15.0,2545.0,250.0,39025|1|1|1
2024,39049,2,1,1,205.0,122.0,576.0,241.0,39049|2|1|1
2024,45091,1,1,1,580.0,128.0,2985.0,305.0,45091|1|1|1
2024,51550,32,1,1,294.0,124.0,424.0,129.0,51550|32|1|1
2024,51760,31,1,1,72.0,18.0,149.0,22.0,51760|31|1|1
2024,51041,4,2,1,391.0,194.0,860.0,307.0,51041|4|2|1
2025,01067,1,1,1,58.0,38.0,204.0,51.0,01067|1|1|1
2025,01001,1,1,1,156.0,42.0,653.0,102.0,01001|1|1|1
2025,01099,1,1,1,49.0,32.0,108.0,33.0,01099|1|1|1
2025,01015,1,1,1,196.0,65.0,999.0,207.0,01015|1|1|1
2025,21067,2,2,1,99.0,38.0,648.0,157.0,21067|2|2|1
2025,22071,1,1,3,112.0,29.0,120.0,17.0,22071|1|1|3
2024,34013,31,1,3,31.0,8.0,118.0,24.0,34013|31|1|3
2024,45023,1,1,1,175.0,76.0,344.0,72.0,45023|1|1|1
2025,01113,31,1,1,113.0,22.0,130.0,21.0,01113|31|1|1
2025,17031,1,1,3,357.0,108.0,1822.0,268.0,17031|1|1|3
2025,22081,1,1,1,58.0,39.0,48.0,12.0,22081|1|1|1
2025,55079,2,2,1,364.0,235.0,1823.0,496.0,55079|2|2|1
2018,05051,1,1,1,48.0,20.0,1255.0,248.0,05051|1|1|1
2018,10001,4,2,1,48.0,30.0,223.0,131.0,10001|4|2|1
2018,40143,31,1,1,93.0,55.0,1069.0,286.0,40143|31|1|1
2020,01047,1,1,1,199.0,102.0,109.0,28.0,01047|1|1|1
2020,01073,2,1,1,184.0,148.0,364.0,149.0,01073|2|1|1
2020,25003,1,1,1,32.0,7.0,1339.0,122.0,25003|1|1|1
2020,28033,4,2,1,71.0,53.0,271.0,111.0,28033|4|2|1
2021,22051,31,1,1,691.0,225.0,3059.0,449.0,22051|31|1|1
2021,22005,32,1,1,134.0,54.0,600.0,81.0,22005|32|1|1
2022,01069,1,1,1,299.0,94.0,1166.0,240.0,01069|1|1|1
2022,01101,1,1,1,1475.0,364.0,973.0,91.0,01101|1|1|1
2022,01089,1,1,1,1172.0,197.0,4934.0,367.0,01089|1|1|1
2022,01125,31,1,1,137.0,49.0,386.0,67.0,01125|31|1|1
2022,01091,1,1,1,118.0,81.0,75.0,22.0,01091|1|1|1
2022,17197,2,2,1,163.0,87.0,1277.0,472.0,17197|2|2|1
2022,34021,2,2,1,89.0,50.0,503.0,162.0,34021|2|2|1
2023,06067,1,1,3,28.0,6.0,287.0,34.0,06067|1|1|3
2023,22095,1,1,1,293.0,127.0,144.0,31.0,22095|1|1|1
2023,22033,32,1,1,322.0,171.0,210.0,74.0,22033|32|1|1
2022,45063,31,1,1,110.0,35.0,721.0,159.0,45063|31|1|1
2022,45045,2,1,1,34.0,25.0,270.0,89.0,45045|2|1|1
2024,28067,1,1,1,128.0,66.0,442.0,121.0,28067|1|1|1
2024,28139,1,1,1,39.0,21.0,114.0,35.0,28139|1|1|1
2024,31055,1,2,1,56.0,3.0,450.0,39.0,31055|1|2|1
2024,36103,2,1,1,41.0,26.0,651.0,305.0,36103|2|1|1
2024,24005,4,1,1,87.0,61.0,237.0,100.0,24005|4|1|1
2024,24005,32,1,3,43.0,20.0,81.0,16.0,24005|32|1|3
2024,42043,31,1,1,72.0,26.0,412.0,119.0,42043|31|1|1
2024,42091,2,2,1,287.0,138.0,2398.0,541.0,42091|2|2|1
2024,42003,4,2,1,225.0,124.0,2385.0,836.0,42003|4|2|1
2025,42077,32,1,1,65.0,35.0,584.0,160.0,42077|32|1|1
2025,42049,1,1,1,103.0,16.0,1816.0,199.0,42049|1|1|1
2025,10003,4,2,1,377.0,186.0,966.0,298.0,10003|4|2|1
2025,24005,1,1,1,1703.0,243.0,3689.0,251.0,24005|1|1|1
2025,24011,1,1,1,42.0,19.0,245.0,20.0,24011|1|1|1
2025,42101,31,1,3,109.0,48.0,164.0,34.0,42101|31|1|3
2018,34035,32,1,1,89.0,45.0,803.0,216.0,34035|32|1|1
2018,27037,1,1,1,348.0,51.0,5928.0,320.0,27037|1|1|1
2018,27053,31,2,1,35.0,23.0,1162.0,283.0,27053|31|2|1
2018,34003,4,2,1,76.0,58.0,1451.0,825.0,34003|4|2|1
2018,34039,2,2,1,134.0,110.0,840.0,399.0,34039|2|2|1
2018,34007,31,1,1,171.0,88.0,1188.0,398.0,34007|31|1|1
2018,45045,32,1,1,331.0,153.0,1706.0,483.0,45045|32|1|1
2018,45077,1,1,1,52.0,11.0,1404.0,185.0,45077|1|1|1
2019,22095,1,1,1,258.0,55.0,166.0,25.0,22095|1|1|1
2019,22033,2,1,1,72.0,53.0,110.0,27.0,22033|2|1|1
2021,45079,31,1,1,2281.0,510.0,3493.0,391.0,45079|31|1|1
2021,45083,2,2,1,26.0,18.0,267.0,114.0,45083|2|2|1
2022,25025,31,2,1,109.0,51.0,290.0,92.0,25025|31|2|1
2023,05057,1,1,1,70.0,57.0,92.0,29.0,05057|1|1|1
2024,53033,1,2,1,114.0,19.0,363.0,97.0,53033|1|2|1
2025,25025,1,2,1,63.0,27.0,197.0,68.0,25025|1|2|1
2025,47147,1,1,1,62.0,8.0,1016.0,73.0,47147|1|1|1
2019,20061,1,1,1,32.0,7.0,297.0,20.0,20061|1|1|1
2019,45053,1,1,1,132.0,65.0,454.0,59.0,45053|1|1|1
2018,01001,1,1,1,149.0,38.0,701.0,73.0,01001|1|1|1
2018,01113,31,1,1,41.0,23.0,56.0,25.0,01113|31|1|1
2018,06037,32,2,1,205.0,90.0,2543.0,742.0,06037|32|2|1
2018,06059,1,1,1,203.0,33.0,13530.0,1617.0,06059|1|1|1
2018,08123,1,1,1,36.0,7.0,6668.0,759.0,08123|1|1|1
2018,08041,31,1,1,178.0,49.0,2276.0,571.0,08041|31|1|1
2018,12109,1,1,1,228.0,43.0,5958.0,675.0,12109|1|1|1
2018,12069,1,1,1,618.0,143.0,6002.0,756.0,12069|1|1|1
2018,12073,2,2,1,40.0,29.0,221.0,92.0,12073|2|2|1
2018,12111,4,2,1,104.0,80.0,611.0,352.0,12111|4|2|1
2018,16027,1,1,1,27.0,3.0,4435.0,338.0,16027|1|1|1
2018,20173,32,1,1,93.0,44.0,1274.0,380.0,20173|32|1|1
2018,24021,1,1,1,527.0,69.0,3483.0,211.0,24021|1|1|1
2018,24033,32,1,3,183.0,69.0,82.0,33.0,24033|32|1|3
2018,36081,32,1,1,916.0,296.0,1725.0,464.0,36081|32|1|1
2018,36059,32,1,1,458.0,158.0,3957.0,939.0,36059|32|1|1
2018,36067,1,1,1,242.0,39.0,4201.0,331.0,36067|1|1|1
2018,39049,1,1,3,85.0,26.0,711.0,81.0,39049|1|1|3
2018,48471,1,1,1,90.0,59.0,500.0,115.0,48471|1|1|1
2018,48201,4,2,1,412.0,335.0,2303.0,1491.0,48201|4|2|1
2018,48029,2,2,1,103.0,75.0,1315.0,708.0,48029|2|2|1
2018,49035,1,1,1,185.0,22.0,16191.0,1094.0,49035|1|1|1
2018,55079,1,1,1,1058.0,238.0,7197.0,573.0,55079|1|1|1
2018,12031,31,1,3,41.0,23.0,151.0,47.0,12031|31|1|3
2018,48423,31,1,1,65.0,27.0,448.0,122.0,48423|31|1|1
2019,06059,31,1,1,300.0,61.0,20127.0,2452.0,06059|31|1|1
2019,13077,32,1,1,111.0,45.0,863.0,178.0,13077|32|1|1
2019,17043,32,1,1,73.0,27.0,3489.0,638.0,17043|32|1|1
2019,17111,1,1,1,50.0,9.0,4466.0,283.0,17111|1|1|1
2019,26145,1,1,1,137.0,20.0,1576.0,128.0,26145|1|1|1
2019,34015,2,2,1,52.0,31.0,671.0,315.0,34015|2|2|1
2019,48157,2,1,1,82.0,55.0,237.0,127.0,48157|2|1|1
2019,06065,4,1,1,35.0,25.0,936.0,457.0,06065|4|1|1
2019,12085,1,1,1,36.0,9.0,2010.0,211.0,12085|1|1|1
2019,12019,1,1,1,482.0,87.0,2982.0,424.0,12019|1|1|1
2019,12117,1,1,1,499.0,73.0,5605.0,542.0,12117|1|1|1
2019,13021,31,1,1,138.0,55.0,247.0,59.0,13021|31|1|1
2019,13021,2,1,1,56.0,41.0,84.0,43.0,13021|2|1|1
2019,25017,31,1,1,251.0,78.0,10123.0,1131.0,25017|31|1|1
2019,29189,31,2,1,34.0,21.0,626.0,164.0,29189|31|2|1
2019,36081,4,1,1,86.0,58.0,335.0,187.0,36081|4|1|1
2019,39113,4,2,1,82.0,44.0,781.0,298.0,39113|4|2|1
2019,39061,32,1,3,49.0,22.0,173.0,42.0,39061|32|1|3
2019,48085,32,1,1,301.0,97.0,3580.0,664.0,48085|32|1|1
2020,06067,1,2,1,273.0,24.0,867.0,77.0,06067|1|2|1
2020,12031,32,1,1,612.0,239.0,3339.0,657.0,12031|32|1|1
2020,12053,32,1,1,53.0,27.0,1291.0,321.0,12053|32|1|1
2020,12001,1,1,1,461.0,181.0,2765.0,273.0,12001|1|1|1
2020,18003,1,1,1,409.0,68.0,5828.0,390.0,18003|1|1|1
2020,22019,31,1,1,229.0,39.0,1692.0,251.0,22019|31|1|1
2020,22105,32,1,1,37.0,15.0,429.0,76.0,22105|32|1|1
2020,29095,4,2,1,73.0,46.0,628.0,271.0,29095|4|2|1
2020,37157,1,1,1,183.0,77.0,986.0,167.0,37157|1|1|1
2020,37147,31,1,1,359.0,93.0,1641.0,170.0,37147|31|1|1
2020,40027,1,1,1,192.0,32.0,3452.0,439.0,40027|1|1|1
2020,42003,4,1,1,75.0,41.0,932.0,308.0,42003|4|1|1
2020,42003,32,1,1,192.0,78.0,4490.0,705.0,42003|32|1|1
2020,48039,2,2,1,41.0,27.0,157.0,72.0,48039|2|2|1
2020,48029,4,2,1,47.0,28.0,582.0,380.0,48029|4|2|1
2020,48251,1,1,1,321.0,61.0,3224.0,525.0,48251|1|1|1
2020,04013,2,1,1,92.0,46.0,3373.0,1176.0,04013|2|1|1
2020,12009,2,2,1,49.0,29.0,1089.0,505.0,12009|2|2|1
2020,12099,31,2,1,31.0,21.0,585.0,263.0,12099|31|2|1
2020,12031,4,1,1,101.0,90.0,375.0,188.0,12031|4|1|1
2020,18089,2,1,1,82.0,73.0,257.0,122.0,18089|2|1|1
2020,22079,32,1,1,48.0,31.0,351.0,64.0,22079|32|1|1
2020,24047,1,1,1,36.0,6.0,854.0,65.0,24047|1|1|1
2020,37195,32,1,1,37.0,22.0,161.0,28.0,37195|32|1|1
2020,37183,4,1,1,64.0,41.0,479.0,148.0,37183|4|1|1
2020,34031,32,1,1,76.0,25.0,1363.0,271.0,34031|32|1|1
2020,42045,4,2,1,65.0,45.0,610.0,257.0,42045|4|2|1
2020,42101,4,2,1,249.0,162.0,589.0,270.0,42101|4|2|1
2020,47157,4,2,1,245.0,171.0,627.0,279.0,47157|4|2|1
2020,51143,1,1,1,71.0,22.0,437.0,77.0,51143|1|1|1
2021,12033,1,1,1,852.0,266.0,4122.0,556.0,12033|1|1|1
2021,12031,2,1,1,104.0,73.0,440.0,167.0,12031|2|1|1
2021,12023,1,1,1,143.0,76.0,967.0,237.0,12023|1|1|1
2021,29047,32,1,1,77.0,24.0,2439.0,318.0,29047|32|1|1
2021,29510,31,1,1,386.0,142.0,2735.0,213.0,29510|31|1|1
2021,29169,1,1,1,86.0,6.0,849.0,72.0,29169|1|1|1
2021,37067,1,1,1,983.0,168.0,3977.0,271.0,37067|1|1|1
2021,37049,1,1,1,255.0,78.0,1723.0,149.0,37049|1|1|1
2020,51153,2,2,1,122.0,69.0,521.0,220.0,51153|2|2|1
2020,53053,31,1,1,1413.0,281.0,21809.0,2223.0,53053|31|1|1
2021,04013,2,2,1,635.0,296.0,11243.0,4030.0,04013|2|2|1
2021,13153,31,1,1,691.0,135.0,1575.0,191.0,13153|31|1|1
2021,13033,1,1,1,74.0,46.0,126.0,30.0,13033|1|1|1
2021,13131,1,1,1,90.0,61.0,196.0,54.0,13131|1|1|1
2021,25017,4,2,1,52.0,34.0,1462.0,476.0,25017|4|2|1
2021,25023,1,2,1,54.0,14.0,165.0,35.0,25023|1|2|1
2021,37071,2,2,1,53.0,37.0,359.0,140.0,37071|2|2|1
2021,34015,1,1,1,741.0,99.0,3564.0,194.0,34015|1|1|1
2021,42091,1,1,1,950.0,125.0,8072.0,402.0,42091|1|1|1
2022,06037,32,1,1,3915.0,1192.0,21175.0,4279.0,06037|32|1|1
2022,12057,1,1,1,2462.0,486.0,13366.0,1714.0,12057|1|1|1
2022,12039,1,1,1,335.0,195.0,205.0,40.0,12039|1|1|1
2022,13255,32,1,1,169.0,76.0,303.0,72.0,13255|32|1|1
2022,13063,31,1,1,422.0,171.0,85.0,34.0,13063|31|1|1
2022,26049,1,1,1,607.0,205.0,4132.0,506.0,26049|1|1|1
2022,26081,2,1,1,39.0,16.0,427.0,90.0,26081|2|1|1
2021,36005,4,2,1,55.0,37.0,55.0,37.0,36005|4|2|1
2021,42043,4,2,1,40.0,21.0,417.0,130.0,42043|4|2|1
2021,48397,1,1,1,351.0,60.0,2303.0,198.0,48397|1|1|1
2021,51550,4,2,1,61.0,37.0,271.0,97.0,51550|4|2|1
2022,04013,1,1,3,163.0,26.0,3086.0,327.0,04013|1|1|3
2022,04021,1,1,1,920.0,191.0,8224.0,926.0,04021|1|1|1
2022,12086,2,1,1,154.0,109.0,1081.0,683.0,12086|2|1|1
2022,12111,2,1,1,59.0,38.0,372.0,160.0,12111|2|1|1
2022,13121,4,2,1,754.0,471.0,1372.0,504.0,13121|4|2|1
2022,24021,31,1,1,99.0,34.0,731.0,133.0,24021|31|1|1
2022,24005,32,2,1,67.0,18.0,226.0,45.0,24005|32|2|1
2022,28095,1,1,1,205.0,136.0,267.0,63.0,28095|1|1|1
2022,36047,1,1,1,1039.0,204.0,5060.0,613.0,36047|1|1|1
2022,39049,2,2,1,724.0,407.0,3520.0,1069.0,39049|2|2|1
2022,42101,32,2,1,459.0,282.0,767.0,316.0,42101|32|2|1
2022,48141,1,1,1,482.0,87.0,7112.0,963.0,48141|1|1|1
2022,48187,1,1,1,341.0,67.0,3015.0,482.0,48187|1|1|1
2022,48039,32,1,1,256.0,118.0,990.0,275.0,48039|32|1|1
2022,51041,31,1,1,252.0,79.0,708.0,115.0,51041|31|1|1
2023,08101,1,1,1,78.0,18.0,1729.0,167.0,08101|1|1|1
2023,12109,1,1,1,231.0,51.0,4830.0,522.0,12109|1|1|1
2023,12111,1,1,3,87.0,19.0,266.0,48.0,12111|1|1|3
2023,12115,32,1,1,40.0,19.0,764.0,260.0,12115|32|1|1
2023,13045,1,1,1,288.0,57.0,1090.0,173.0,13045|1|1|1
2023,13121,31,1,1,400.0,208.0,294.0,73.0,13121|31|1|1
2023,13063,1,1,3,70.0,16.0,29.0,5.0,13063|1|1|3
2023,13089,32,1,3,159.0,66.0,42.0,20.0,13089|32|1|3
2022,36105,1,1,1,63.0,20.0,638.0,144.0,36105|1|1|1
2022,39153,4,1,1,53.0,33.0,487.0,172.0,39153|4|1|1
2023,01125,31,1,1,55.0,24.0,155.0,28.0,01125|31|1|1
2023,12071,4,2,1,174.0,117.0,2158.0,1139.0,12071|4|2|1
2023,12073,2,2,1,82.0,49.0,235.0,82.0,12073|2|2|1
2023,26163,1,1,3,187.0,46.0,551.0,55.0,26163|1|1|3
2023,27053,1,1,1,976.0,150.0,9017.0,362.0,27053|1|1|1
2023,29189,32,1,1,524.0,232.0,1070.0,264.0,29189|32|1|1
2023,34007,1,2,1,73.0,18.0,140.0,37.0,34007|1|2|1
2023,48113,31,1,1,381.0,174.0,882.0,340.0,48113|31|1|1
2023,48491,31,1,1,32.0,15.0,308.0,95.0,48491|31|1|1
2023,48121,4,2,1,235.0,169.0,1412.0,888.0,48121|4|2|1
2023,51107,32,1,1,43.0,25.0,246.0,76.0,51107|32|1|1
2023,51025,1,1,1,50.0,27.0,70.0,14.0,51025|1|1|1
2024,06037,31,1,1,703.0,194.0,5207.0,1108.0,06037|31|1|1
2024,12097,4,2,1,176.0,103.0,1010.0,618.0,12097|4|2|1
2024,12101,32,1,1,152.0,70.0,1450.0,490.0,12101|32|1|1
2024,13057,32,1,1,88.0,27.0,727.0,143.0,13057|32|1|1
2024,17031,31,1,3,119.0,48.0,220.0,54.0,17031|31|1|3
2023,42101,2,2,3,93.0,64.0,79.0,49.0,42101|2|2|3
2023,42045,2,2,1,344.0,202.0,1215.0,359.0,42045|2|2|1
2023,48029,32,2,1,133.0,42.0,1166.0,294.0,48029|32|2|1
2023,51041,2,2,1,371.0,238.0,847.0,334.0,51041|2|2|1
2018,06037,2,2,1,1217.0,762.0,12935.0,6609.0,06037|2|2|1
2018,06065,1,1,3,42.0,7.0,1311.0,175.0,06065|1|1|3
2018,13151,32,1,1,689.0,366.0,579.0,193.0,13151|32|1|1
2018,36005,31,1,1,189.0,75.0,260.0,85.0,36005|31|1|1
2018,42045,1,1,3,34.0,8.0,189.0,23.0,42045|1|1|3
2018,48355,1,1,1,107.0,22.0,3373.0,445.0,48355|1|1|1
2018,55079,1,2,1,34.0,11.0,229.0,45.0,55079|1|2|1
2019,13113,2,2,1,99.0,75.0,167.0,63.0,13113|2|2|1
2019,13051,4,1,1,47.0,35.0,161.0,75.0,13051|4|1|1
2019,13013,32,1,1,56.0,25.0,579.0,128.0,13013|32|1|1
2019,26099,2,1,1,47.0,35.0,746.0,257.0,26099|2|1|1
2019,34013,2,2,1,309.0,224.0,912.0,414.0,34013|2|2|1
2019,48471,1,1,1,99.0,62.0,490.0,102.0,48471|1|1|1
2019,48029,2,1,1,67.0,39.0,1020.0,536.0,48029|2|1|1
2019,11001,4,1,1,102.0,69.0,148.0,46.0,11001|4|1|1
2019,17163,2,2,1,43.0,36.0,174.0,68.0,17163|2|2|1
2019,39113,2,2,1,101.0,70.0,781.0,260.0,39113|2|2|1
2019,48303,1,1,1,123.0,25.0,3528.0,314.0,48303|1|1|1
2020,06095,1,2,1,80.0,9.0,250.0,26.0,06095|1|2|1
2020,12117,32,1,1,152.0,42.0,2880.0,442.0,12117|32|1|1
2020,12097,32,1,1,167.0,77.0,1511.0,388.0,12097|32|1|1
2020,12095,32,1,1,801.0,286.0,5540.0,1071.0,12095|32|1|1
2020,18003,31,1,1,373.0,80.0,7594.0,633.0,18003|31|1|1
2020,22119,1,1,1,150.0,81.0,330.0,107.0,22119|1|1|1
2020,37067,1,1,1,862.0,169.0,4239.0,346.0,37067|1|1|1
2020,37183,31,1,1,3112.0,635.0,24101.0,1860.0,37183|31|1|1
2020,42029,32,1,1,69.0,22.0,3472.0,466.0,42029|32|1|1
2020,47037,32,1,1,850.0,214.0,3979.0,529.0,47037|32|1|1
2020,48121,4,2,1,52.0,42.0,549.0,309.0,48121|4|2|1
2020,06073,4,2,1,98.0,50.0,3650.0,1349.0,06073|4|2|1
2020,06077,4,2,1,36.0,24.0,310.0,159.0,06077|4|2|1
2020,12061,32,1,1,26.0,10.0,972.0,194.0,12061|32|1|1
2020,24005,4,2,1,216.0,149.0,626.0,289.0,24005|4|2|1
2020,24005,1,2,1,143.0,27.0,228.0,30.0,24005|1|2|1
2020,34005,2,1,1,34.0,16.0,296.0,116.0,34005|2|1|1
2020,34025,2,2,1,58.0,27.0,1251.0,526.0,34025|2|2|1
2020,36119,32,1,1,287.0,90.0,2752.0,559.0,36119|32|1|1
2020,47065,4,1,1,49.0,36.0,327.0,130.0,47065|4|1|1
2020,48453,1,1,1,1042.0,275.0,15169.0,1451.0,48453|1|1|1
2020,51019,1,1,1,58.0,12.0,1202.0,131.0,51019|1|1|1
2020,51013,1,1,1,79.0,4.0,1631.0,70.0,51013|1|1|1
2020,51149,32,1,1,33.0,7.0,128.0,24.0,51149|32|1|1
2021,06071,1,1,1,1772.0,311.0,16563.0,1808.0,06071|1|1|1
2021,06037,31,1,3,949.0,193.0,10552.0,1699.0,06037|31|1|3
2021,08005,31,1,1,1303.0,251.0,13460.0,1455.0,08005|31|1|1
2021,08041,32,1,1,518.0,113.0,9623.0,1234.0,08041|32|1|1
2021,13245,4,2,1,33.0,21.0,43.0,24.0,13245|4|2|1
2021,20061,1,1,1,73.0,12.0,459.0,37.0,20061|1|1|1
2021,37067,4,2,1,85.0,37.0,512.0,141.0,37067|4|2|1
2020,51590,1,1,1,99.0,15.0,170.0,20.0,51590|1|1|1
2021,06001,2,2,1,167.0,66.0,1264.0,348.0,06001|2|2|1
2021,12083,2,1,1,35.0,20.0,472.0,191.0,12083|2|1|1
2021,12117,4,2,1,44.0,26.0,561.0,274.0,12117|4|2|1
2021,25025,2,1,1,88.0,54.0,162.0,75.0,25025|2|1|1
2021,26161,32,1,1,240.0,56.0,2644.0,307.0,26161|32|1|1
2021,34029,32,1,1,126.0,38.0,6252.0,862.0,34029|32|1|1
2021,34039,4,2,1,81.0,61.0,328.0,143.0,34039|4|2|1
2021,34013,31,2,1,37.0,21.0,144.0,40.0,34013|31|2|1
2021,39153,2,1,1,58.0,37.0,553.0,194.0,39153|2|1|1
2021,48291,1,1,1,189.0,98.0,1754.0,690.0,48291|1|1|1
2022,12099,1,1,3,167.0,42.0,1384.0,223.0,12099|1|1|3
2022,26099,2,1,1,70.0,34.0,648.0,241.0,26099|2|1|1
2022,26099,4,1,1,50.0,25.0,675.0,240.0,26099|4|1|1
2021,42045,4,1,1,48.0,30.0,259.0,97.0,42045|4|1|1
2021,42101,1,2,1,202.0,56.0,254.0,49.0,42101|1|2|1
2021,48257,32,1,1,73.0,25.0,835.0,174.0,48257|32|1|1
2021,48491,31,1,1,713.0,140.0,9386.0,1197.0,48491|31|1|1
2021,48453,2,2,1,46.0,30.0,1324.0,535.0,48453|2|2|1
2021,48085,1,2,1,63.0,14.0,409.0,70.0,48085|1|2|1
2021,51700,4,2,1,55.0,22.0,77.0,25.0,51700|4|2|1
2022,06077,1,2,1,71.0,12.0,198.0,31.0,06077|1|2|1
2022,12103,2,2,1,181.0,96.0,3380.0,1432.0,12103|2|2|1
2022,12057,2,2,1,586.0,349.0,3960.0,1783.0,12057|2|2|1
2022,12031,31,2,1,114.0,64.0,441.0,146.0,12031|31|2|1
2022,13071,1,1,1,75.0,45.0,257.0,96.0,13071|1|1|1
2022,24510,32,1,3,262.0,93.0,162.0,29.0,24510|32|1|3
2022,28159,1,1,1,67.0,37.0,87.0,26.0,28159|1|1|1
2022,39151,31,1,1,55.0,20.0,1368.0,303.0,39151|31|1|1
2022,39035,31,1,1,692.0,284.0,3395.0,723.0,39035|31|1|1
2022,42003,31,1,1,316.0,133.0,4999.0,990.0,42003|31|1|1
2022,48121,1,1,1,1646.0,290.0,10431.0,994.0,48121|1|1|1
2022,48491,1,1,1,720.0,141.0,7443.0,788.0,48491|1|1|1
2022,48167,31,1,1,103.0,52.0,824.0,231.0,48167|31|1|1
2022,48365,1,1,1,62.0,40.0,228.0,82.0,48365|1|1|1
2022,48303,1,1,1,130.0,22.0,3504.0,337.0,48303|1|1|1
2022,48291,1,1,1,222.0,121.0,2055.0,919.0,48291|1|1|1
2022,48245,32,1,1,137.0,70.0,269.0,87.0,48245|32|1|1
2022,51107,2,2,1,163.0,67.0,1494.0,380.0,51107|2|2|1
2023,12071,32,1,1,129.0,66.0,1377.0,561.0,12071|32|1|1
2023,12099,2,2,1,482.0,346.0,3280.0,1607.0,12099|2|2|1
2023,13057,32,1,1,70.0,35.0,607.0,159.0,13057|32|1|1
2023,13223,4,2,1,187.0,117.0,602.0,258.0,13223|4|2|1
2023,21047,1,1,1,63.0,10.0,472.0,68.0,21047|1|1|1
2022,51001,1,1,1,68.0,29.0,285.0,54.0,51001|1|1|1
2023,12099,31,1,3,36.0,20.0,90.0,25.0,12099|31|1|3
2023,13305,1,1,1,99.0,51.0,289.0,92.0,13305|1|1|1
2023,26125,31,1,1,120.0,40.0,910.0,274.0,26125|31|1|1
2023,27053,2,2,1,242.0,125.0,2526.0,609.0,27053|2|2|1
2023,39045,32,1,1,35.0,17.0,344.0,102.0,39045|32|1|1
2023,39045,1,1,1,291.0,49.0,1423.0,110.0,39045|1|1|1
2023,39151,31,1,1,25.0,10.0,538.0,125.0,39151|31|1|1
2023,48113,1,1,1,2816.0,607.0,10927.0,1171.0,48113|1|1|1
2023,48201,1,1,3,376.0,82.0,1197.0,179.0,48201|1|1|3
2023,48201,4,1,1,402.0,292.0,1445.0,770.0,48201|4|1|1
2023,48423,31,1,1,30.0,13.0,208.0,36.0,48423|31|1|1
2023,48157,1,2,1,64.0,21.0,108.0,39.0,48157|1|2|1
2023,48027,31,1,1,70.0,34.0,177.0,76.0,48027|31|1|1
2024,12105,4,2,1,254.0,174.0,1651.0,961.0,12105|4|2|1
2024,12031,4,1,1,86.0,55.0,284.0,130.0,12031|4|1|1
2024,17113,1,1,1,98.0,17.0,1456.0,109.0,17113|1|1|1
2024,17097,32,1,1,105.0,43.0,927.0,246.0,17097|32|1|1
2024,17019,32,1,1,28.0,15.0,176.0,54.0,17019|32|1|1
2023,27123,2,2,1,46.0,27.0,903.0,231.0,27123|2|2|1
2023,42101,1,2,1,138.0,37.0,224.0,54.0,42101|1|2|1
2024,06071,2,2,1,363.0,189.0,2892.0,1345.0,06071|2|2|1
2024,12083,31,1,1,112.0,48.0,716.0,199.0,12083|31|1|1
2024,13215,1,1,1,413.0,60.0,737.0,40.0,13215|1|1|1
2024,13113,4,2,1,162.0,89.0,216.0,102.0,13113|4|2|1
2024,13021,4,1,1,45.0,35.0,48.0,19.0,13021|4|1|1
2024,21111,1,1,1,1177.0,218.0,6284.0,556.0,21111|1|1|1
2024,37001,4,2,1,114.0,64.0,446.0,174.0,37001|4|2|1
2024,37025,32,1,1,150.0,63.0,441.0,126.0,37025|32|1|1
2024,46099,1,1,1,92.0,18.0,2156.0,155.0,46099|1|1|1
2025,08001,32,1,1,54.0,41.0,1038.0,381.0,08001|32|1|1
2025,29095,1,1,3,56.0,9.0,386.0,27.0,29095|1|1|3
2025,39023,1,1,1,126.0,18.0,1230.0,138.0,39023|1|1|1
2025,39061,32,1,3,88.0,23.0,168.0,32.0,39061|32|1|3
2025,45035,1,1,1,593.0,248.0,2359.0,245.0,45035|1|1|1
2025,48167,1,1,1,341.0,85.0,3659.0,422.0,48167|1|1|1
2025,48439,4,2,1,317.0,177.0,1638.0,810.0,48439|4|2|1
2025,48113,4,2,1,364.0,241.0,1204.0,667.0,48113|4|2|1
2025,48001,1,1,1,73.0,54.0,479.0,211.0,48001|1|1|1
2025,51810,31,1,1,192.0,35.0,932.0,151.0,51810|31|1|1
2018,13139,1,1,1,117.0,25.0,2528.0,262.0,13139|1|1|1
2018,13113,1,1,1,556.0,140.0,1269.0,118.0,13113|1|1|1
2018,17019,1,1,1,191.0,24.0,1748.0,112.0,17019|1|1|1
2018,37025,2,2,1,58.0,39.0,400.0,158.0,37025|2|2|1
2018,37067,1,2,1,33.0,4.0,90.0,15.0,37067|1|2|1
2018,51107,1,1,1,420.0,54.0,4542.0,229.0,51107|1|1|1
2018,05125,1,1,1,217.0,43.0,1910.0,270.0,05125|1|1|1
2019,24003,31,1,1,884.0,178.0,4383.0,608.0,24003|31|1|1
2019,24033,1,1,1,6792.0,1066.0,3298.0,327.0,24033|1|1|1
2019,24510,1,2,1,123.0,30.0,108.0,25.0,24510|1|2|1
2019,27123,2,2,1,43.0,20.0,912.0,243.0,27123|2|2|1
2019,37133,31,1,1,133.0,29.0,912.0,160.0,37133|31|1|1
2019,47157,4,1,1,308.0,227.0,315.0,139.0,47157|4|1|1
2019,37081,1,1,3,48.0,9.0,206.0,24.0,37081|1|1|3
2019,37051,1,1,3,43.0,8.0,160.0,25.0,37051|1|1|3
2019,37025,32,1,1,156.0,55.0,902.0,179.0,37025|32|1|1
2019,47065,2,1,1,73.0,46.0,353.0,160.0,47065|2|1|1
2020,13069,1,1,1,130.0,97.0,273.0,97.0,13069|1|1|1
2020,19013,1,1,1,69.0,6.0,1754.0,101.0,19013|1|1|1
2020,17197,4,2,1,57.0,45.0,723.0,362.0,17197|4|2|1
2020,13063,1,1,1,2748.0,588.0,407.0,51.0,13063|1|1|1
2020,13057,32,1,1,85.0,16.0,2678.0,351.0,13057|32|1|1
2020,13135,2,1,1,80.0,50.0,331.0,149.0,13135|2|1|1
2020,13151,2,2,1,143.0,103.0,122.0,62.0,13151|2|2|1
2020,27123,32,1,1,96.0,28.0,2979.0,374.0,27123|32|1|1
2020,39153,2,2,1,55.0,38.0,976.0,335.0,39153|2|2|1
2020,39153,1,1,1,607.0,85.0,6265.0,349.0,39153|1|1|1
2020,51700,2,2,1,42.0,25.0,87.0,32.0,51700|2|2|1
2021,18157,1,1,1,75.0,10.0,2167.0,99.0,18157|1|1|1
2020,39045,1,1,1,300.0,43.0,2330.0,213.0,39045|1|1|1
2020,39151,1,1,1,173.0,19.0,4702.0,329.0,39151|1|1|1
2020,45077,1,1,1,101.0,46.0,1637.0,258.0,45077|1|1|1
2020,45035,1,1,1,922.0,333.0,3026.0,345.0,45035|1|1|1
2021,24031,4,1,1,56.0,39.0,234.0,84.0,24031|4|1|1
2021,40109,2,2,1,57.0,37.0,483.0,227.0,40109|2|2|1
2022,05119,32,1,1,486.0,223.0,758.0,214.0,05119|32|1|1
2022,16027,1,1,1,43.0,4.0,3498.0,237.0,16027|1|1|1
2021,32003,1,1,3,141.0,24.0,1981.0,203.0,32003|1|1|3
2021,53067,1,1,1,245.0,24.0,3768.0,246.0,53067|1|1|1
2022,20103,1,1,1,65.0,8.0,896.0,52.0,20103|1|1|1
2022,37049,1,1,1,203.0,65.0,1534.0,145.0,37049|1|1|1
2022,37157,1,1,1,209.0,80.0,1066.0,188.0,37157|1|1|1
2022,37119,31,1,3,78.0,16.0,161.0,25.0,37119|31|1|3
2022,37129,31,1,1,64.0,13.0,709.0,130.0,37129|31|1|1
2022,35001,1,1,1,190.0,34.0,5778.0,593.0,35001|1|1|1
2022,35013,1,1,1,69.0,25.0,2586.0,568.0,35013|1|1|1
2022,47157,1,1,1,2470.0,458.0,4142.0,254.0,47157|1|1|1
2023,17197,32,1,1,208.0,93.0,1007.0,300.0,17197|32|1|1
2023,17037,1,1,1,43.0,9.0,852.0,63.0,17037|1|1|1
2022,37119,4,2,1,794.0,426.0,2321.0,822.0,37119|4|2|1
2023,04027,1,1,1,25.0,3.0,1660.0,146.0,04027|1|1|1
2023,25027,32,1,1,90.0,45.0,1224.0,386.0,25027|32|1|1
2023,25023,32,1,1,164.0,88.0,750.0,215.0,25023|32|1|1
2023,37183,1,1,1,1645.0,356.0,8520.0,455.0,37183|1|1|1
2023,37131,1,1,1,76.0,43.0,52.0,8.0,37131|1|1|1
2023,37119,32,1,3,98.0,33.0,113.0,18.0,37119|32|1|3
2023,36087,32,1,1,37.0,20.0,166.0,36.0,36087|32|1|1
2023,47037,32,1,3,98.0,32.0,140.0,41.0,47037|32|1|3
2024,34037,1,1,1,77.0,18.0,1238.0,95.0,34037|1|1|1
2024,34031,2,2,1,66.0,39.0,703.0,306.0,34031|2|2|1
2024,39113,32,1,1,248.0,110.0,869.0,235.0,39113|32|1|1
2024,45035,1,1,1,539.0,195.0,2351.0,245.0,45035|1|1|1
2024,45047,1,1,1,125.0,64.0,504.0,81.0,45047|1|1|1
2024,51650,1,1,1,587.0,66.0,720.0,53.0,51650|1|1|1
2025,01125,1,1,1,797.0,325.0,1610.0,244.0,01125|1|1|1
2025,01007,1,1,1,80.0,62.0,190.0,61.0,01007|1|1|1
2025,21111,31,1,1,311.0,90.0,1450.0,258.0,21111|31|1|1
2025,22019,32,1,1,55.0,33.0,203.0,82.0,22019|32|1|1
2025,28081,32,1,1,36.0,18.0,121.0,42.0,28081|32|1|1
2025,28049,32,1,1,261.0,162.0,94.0,32.0,28049|32|1|1
2024,39061,2,1,1,133.0,83.0,376.0,135.0,39061|2|1|1
2024,39113,31,1,1,135.0,42.0,747.0,150.0,39113|31|1|1
2025,36005,4,1,1,41.0,27.0,34.0,15.0,36005|4|1|1
2025,55025,2,2,1,53.0,19.0,1799.0,235.0,55025|2|2|1
2024,13021,2,1,1,53.0,38.0,44.0,24.0,13021|2|1|1
2024,26163,31,2,1,113.0,57.0,652.0,202.0,26163|31|2|1
2024,37183,2,2,1,695.0,337.0,2694.0,658.0,37183|2|2|1
2024,37105,1,1,1,123.0,33.0,624.0,75.0,37105|1|1|1
2024,37089,1,1,1,25.0,15.0,1239.0,211.0,37089|1|1|1
2024,48039,32,1,1,105.0,46.0,370.0,126.0,48039|32|1|1
2024,48121,32,2,1,85.0,30.0,532.0,131.0,48121|32|2|1
2024,48201,2,2,1,590.0,419.0,2363.0,1351.0,48201|2|2|1
2024,55079,32,1,3,119.0,43.0,156.0,46.0,55079|32|1|3
2025,06013,4,2,1,191.0,71.0,1147.0,386.0,06013|4|2|1
2025,12083,31,1,1,116.0,45.0,974.0,275.0,12083|31|1|1
2025,13217,1,1,1,680.0,125.0,529.0,57.0,13217|1|1|1
2025,13097,1,1,1,963.0,197.0,510.0,69.0,13097|1|1|1
2025,13157,1,1,1,126.0,33.0,1333.0,118.0,13157|1|1|1
2025,20173,32,1,1,85.0,45.0,894.0,302.0,20173|32|1|1
2024,48361,1,1,1,62.0,24.0,882.0,246.0,48361|1|1|1
2024,48141,32,1,1,68.0,32.0,1265.0,480.0,48141|32|1|1
2024,48439,2,1,1,127.0,82.0,624.0,285.0,48439|2|1|1
2025,12105,4,1,1,54.0,33.0,452.0,213.0,12105|4|1|1
2025,26163,1,1,1,3685.0,1136.0,8893.0,1263.0,26163|1|1|1
2025,37071,1,2,1,70.0,12.0,114.0,15.0,37071|1|2|1
2025,37025,4,2,1,159.0,74.0,486.0,161.0,37025|4|2|1
2025,32023,1,1,1,36.0,3.0,575.0,68.0,32023|1|1|1
2025,45075,1,1,1,890.0,617.0,468.0,139.0,45075|1|1|1
2018,37085,31,1,1,79.0,35.0,345.0,89.0,37085|31|1|1
2018,13215,31,1,1,171.0,69.0,219.0,61.0,13215|31|1|1
2018,26163,4,1,1,404.0,290.0,1004.0,484.0,26163|4|1|1
2018,51059,4,2,1,149.0,88.0,1413.0,639.0,51059|4|2|1
2018,13015,32,1,1,41.0,25.0,462.0,146.0,13015|32|1|1
2018,51810,4,2,1,96.0,65.0,626.0,299.0,51810|4|2|1
2019,24025,32,1,1,147.0,63.0,1070.0,217.0,24025|32|1|1
2019,24025,1,1,1,557.0,88.0,3078.0,192.0,24025|1|1|1
2019,37195,31,1,1,86.0,26.0,225.0,33.0,37195|31|1|1
2019,47113,1,1,1,249.0,51.0,918.0,84.0,47113|1|1|1
2019,37161,1,1,1,35.0,10.0,715.0,116.0,37161|1|1|1
2020,05119,32,1,1,201.0,91.0,1089.0,117.0,05119|32|1|1
2020,17031,2,1,1,429.0,341.0,1285.0,627.0,17031|2|1|1
2020,13113,2,2,1,52.0,30.0,165.0,63.0,13113|2|2|1
2020,13051,2,2,1,64.0,55.0,224.0,101.0,13051|2|2|1
2020,27123,2,2,1,26.0,18.0,570.0,166.0,27123|2|2|1
2021,18141,1,1,1,357.0,61.0,3206.0,232.0,18141|1|1|1
2020,45087,1,1,1,54.0,29.0,157.0,41.0,45087|1|1|1
2020,45083,4,1,1,26.0,21.0,236.0,93.0,45083|4|1|1
2021,05119,1,1,3,60.0,4.0,452.0,18.0,05119|1|1|3
2021,18097,1,2,1,252.0,19.0,386.0,45.0,18097|1|2|1
2021,24025,2,2,1,35.0,28.0,339.0,135.0,24025|2|2|1
2022,05103,1,1,1,100.0,65.0,176.0,61.0,05103|1|1|1
2022,37109,1,1,1,101.0,23.0,1349.0,117.0,37109|1|1|1
2022,37101,31,1,1,208.0,46.0,844.0,156.0,37101|31|1|1
2022,35001,32,1,1,119.0,44.0,2685.0,668.0,35001|32|1|1
2022,37119,2,2,1,1158.0,555.0,2976.0,863.0,37119|2|2|1
2022,37063,4,2,1,246.0,122.0,452.0,148.0,37063|4|2|1
2022,37063,2,2,1,353.0,159.0,641.0,153.0,37063|2|2|1
2023,25023,1,2,1,59.0,23.0,188.0,59.0,25023|1|2|1
2023,24019,1,1,1,151.0,38.0,287.0,38.0,24019|1|1|1
2023,24005,1,1,3,66.0,15.0,202.0,16.0,24005|1|1|3
2023,24005,1,2,1,91.0,25.0,106.0,26.0,24005|1|2|1
2023,37033,1,1,1,53.0,24.0,161.0,31.0,37033|1|1|1
2023,54037,1,1,1,67.0,6.0,783.0,62.0,54037|1|1|1
2024,20091,32,1,1,45.0,15.0,997.0,243.0,20091|32|1|1
2023,47157,4,2,1,492.0,296.0,699.0,285.0,47157|4|2|1
2024,04021,32,1,1,99.0,51.0,1221.0,365.0,04021|32|1|1
2024,25017,31,2,1,59.0,30.0,1417.0,411.0,25017|31|2|1
2024,34029,32,1,1,54.0,19.0,1451.0,353.0,34029|32|1|1
2024,34015,1,1,1,368.0,65.0,2201.0,152.0,34015|1|1|1
2024,34013,32,1,3,83.0,24.0,167.0,32.0,34013|32|1|3
2024,39061,2,2,1,472.0,253.0,1648.0,514.0,39061|2|2|1
2024,39061,4,1,1,115.0,72.0,496.0,187.0,39061|4|1|1
2024,45075,1,1,1,644.0,399.0,386.0,116.0,45075|1|1|1
2024,51059,31,1,1,115.0,26.0,825.0,146.0,51059|31|1|1
2024,51670,1,1,1,103.0,11.0,128.0,12.0,51670|1|1|1
2024,51083,1,1,1,48.0,15.0,153.0,26.0,51083|1|1|1
2025,21111,1,2,1,134.0,30.0,714.0,84.0,21111|1|2|1
2024,45001,1,1,1,52.0,39.0,156.0,33.0,45001|1|1|1
2025,36103,31,1,1,149.0,50.0,1526.0,317.0,36103|31|1|1
2025,36055,4,1,1,118.0,66.0,759.0,216.0,36055|4|1|1
2025,36061,1,1,1,141.0,23.0,2946.0,354.0,36061|1|1|1
2018,05119,4,2,1,79.0,63.0,298.0,152.0,05119|4|2|1
2018,05027,1,1,1,47.0,32.0,109.0,30.0,05027|1|1|1
2018,01073,2,1,1,239.0,191.0,391.0,154.0,01073|2|1|1
2018,01007,1,1,1,26.0,15.0,198.0,57.0,01007|1|1|1
2018,06085,2,2,1,75.0,40.0,2327.0,862.0,06085|2|2|1
2018,06037,1,1,1,2762.0,468.0,34171.0,4118.0,06037|1|1|1
2018,08059,1,1,1,44.0,5.0,8010.0,490.0,08059|1|1|1
2018,47149,32,1,1,315.0,127.0,1887.0,436.0,47149|32|1|1
2018,18141,32,1,1,70.0,38.0,915.0,301.0,18141|32|1|1
2018,12103,2,1,1,61.0,44.0,1307.0,578.0,12103|2|1|1
2018,12115,32,1,1,66.0,32.0,2026.0,654.0,12115|32|1|1
2018,12099,1,1,3,106.0,29.0,897.0,180.0,12099|1|1|3
2018,24031,32,2,1,63.0,28.0,363.0,110.0,24031|32|2|1
2018,24025,32,1,1,140.0,69.0,955.0,253.0,24025|32|1|1
2018,31055,32,1,1,124.0,59.0,1592.0,383.0,31055|32|1|1
2018,36055,32,1,1,88.0,40.0,1138.0,258.0,36055|32|1|1
2018,36081,1,1,1,1126.0,171.0,3459.0,460.0,36081|1|1|1
2018,39035,2,2,1,308.0,230.0,2318.0,856.0,39035|2|2|1
2018,39017,2,2,1,29.0,12.0,681.0,231.0,39017|2|2|1
2018,48201,1,1,3,179.0,39.0,1463.0,196.0,48201|1|1|3
2018,48135,1,1,1,115.0,43.0,2566.0,785.0,48135|1|1|1
2018,48113,2,2,1,544.0,455.0,1998.0,1145.0,48113|2|2|1
2018,42101,1,1,1,2835.0,584.0,7314.0,556.0,42101|1|1|1
2019,12095,2,2,1,355.0,259.0,2029.0,1087.0,12095|2|2|1
2019,12011,31,2,1,106.0,64.0,798.0,375.0,12011|31|2|1
2019,13089,1,2,1,251.0,36.0,161.0,20.0,13089|1|2|1
2019,17089,32,1,1,53.0,18.0,1840.0,367.0,17089|32|1|1
2019,26021,1,1,1,85.0,22.0,1729.0,192.0,26021|1|1|1
2019,39025,1,1,1,32.0,8.0,3205.0,334.0,39025|1|1|1
2019,51650,31,1,1,328.0,89.0,289.0,62.0,51650|31|1|1
2019,51650,2,2,1,82.0,54.0,88.0,31.0,51650|2|2|1
2019,06095,2,2,1,110.0,65.0,538.0,217.0,06095|2|2|1
2019,12073,31,1,1,144.0,51.0,632.0,111.0,12073|31|1|1
2019,12101,32,1,1,156.0,64.0,2648.0,752.0,12101|32|1|1
2019,12086,32,1,1,1216.0,534.0,6541.0,2028.0,12086|32|1|1
2019,25005,32,1,1,104.0,33.0,3078.0,589.0,25005|32|1|1
2019,29189,2,1,1,157.0,120.0,616.0,190.0,29189|2|1|1
2019,39017,2,2,1,37.0,21.0,612.0,228.0,39017|2|2|1
2019,42043,2,1,1,46.0,30.0,260.0,96.0,42043|2|1|1
2020,12103,1,1,1,496.0,106.0,12522.0,1368.0,12103|1|1|1
2020,12011,31,1,3,128.0,49.0,652.0,214.0,12011|31|1|3
2020,18097,1,1,1,2256.0,360.0,9971.0,699.0,18097|1|1|1
2020,18097,32,1,1,659.0,200.0,4337.0,611.0,18097|32|1|1
2020,22017,4,2,1,26.0,18.0,88.0,46.0,22017|4|2|1
2020,26125,4,1,1,49.0,33.0,659.0,204.0,26125|4|1|1
2020,37081,1,1,1,1971.0,393.0,4404.0,335.0,37081|1|1|1
2020,37129,31,1,1,204.0,53.0,4997.0,529.0,37129|31|1|1
2020,37081,4,1,1,71.0,35.0,320.0,126.0,37081|4|1|1
2020,37119,1,1,3,126.0,25.0,649.0,47.0,37119|1|1|3
2020,37119,2,1,1,106.0,65.0,426.0,140.0,37119|2|1|1
2020,37183,31,2,1,86.0,35.0,849.0,186.0,37183|31|2|1
2020,40109,32,1,1,222.0,95.0,2330.0,391.0,40109|32|1|1
2020,42003,2,1,1,136.0,96.0,1273.0,451.0,42003|2|1|1
2020,42045,1,1,1,1313.0,236.0,4080.0,212.0,42045|1|1|1
2020,42045,32,1,1,174.0,67.0,2543.0,356.0,42045|32|1|1
2020,47093,1,1,1,362.0,66.0,8329.0,961.0,47093|1|1|1
2020,48439,32,2,1,25.0,10.0,187.0,62.0,48439|32|2|1
2020,12103,4,2,1,68.0,50.0,1519.0,774.0,12103|4|2|1
2020,15003,1,1,1,266.0,24.0,1941.0,132.0,15003|1|1|1
2020,24013,1,1,1,122.0,23.0,2375.0,145.0,24013|1|1|1
2020,29189,1,1,3,91.0,14.0,717.0,37.0,29189|1|1|3
2020,29510,2,2,1,54.0,39.0,227.0,81.0,29510|2|2|1
2020,37153,1,1,1,143.0,76.0,284.0,50.0,37153|1|1|1
2020,34029,32,1,1,45.0,16.0,3518.0,579.0,34029|32|1|1
2020,36091,1,1,1,49.0,10.0,2794.0,353.0,36091|1|1|1
2020,36059,32,2,1,27.0,17.0,492.0,210.0,36059|32|2|1
2020,36059,31,2,1,33.0,21.0,570.0,241.0,36059|31|2|1
2020,47157,1,2,1,87.0,19.0,62.0,18.0,47157|1|2|1
2020,48027,1,1,1,1213.0,184.0,4632.0,452.0,48027|1|1|1
2020,48329,1,1,1,153.0,37.0,3297.0,690.0,48329|1|1|1
2020,51670,1,1,1,138.0,27.0,145.0,18.0,51670|1|1|1
2021,12031,1,1,1,3624.0,878.0,11031.0,1470.0,12031|1|1|1
2021,12073,32,1,1,315.0,100.0,1423.0,215.0,12073|32|1|1
2021,12011,4,1,1,198.0,136.0,1011.0,499.0,12011|4|1|1
2021,13139,1,1,1,299.0,73.0,3167.0,317.0,13139|1|1|1
2021,13157,1,1,1,226.0,45.0,1724.0,135.0,13157|1|1|1
2021,13153,1,1,1,961.0,184.0,1850.0,105.0,13153|1|1|1
2021,13139,32,1,1,107.0,39.0,1719.0,271.0,13139|32|1|1
2021,13255,32,1,1,97.0,34.0,341.0,67.0,13255|32|1|1
2021,17161,1,1,1,168.0,16.0,1834.0,171.0,17161|1|1|1
2021,37077,1,1,1,198.0,50.0,640.0,55.0,37077|1|1|1
2021,37067,2,2,1,109.0,50.0,583.0,167.0,37067|2|2|1
2020,53053,4,2,1,73.0,51.0,1412.0,638.0,53053|4|2|1
2020,55059,1,1,1,57.0,7.0,2197.0,211.0,55059|1|1|1
2021,12099,2,1,1,95.0,66.0,1132.0,565.0,12099|2|1|1
2021,12095,1,1,3,113.0,29.0,1060.0,128.0,12095|1|1|3
2021,12051,1,1,1,67.0,31.0,648.0,161.0,12051|1|1|1
2021,12095,2,2,1,258.0,180.0,1498.0,716.0,12095|2|2|1
2021,37065,31,1,1,120.0,36.0,188.0,39.0,37065|31|1|1
2021,36071,31,1,1,420.0,93.0,2821.0,451.0,36071|31|1|1
2021,42003,4,1,1,86.0,54.0,1090.0,381.0,42003|4|1|1
2021,48099,1,1,1,124.0,15.0,822.0,102.0,48099|1|1|1
2021,51087,31,1,1,1325.0,258.0,4405.0,445.0,51087|31|1|1
2022,06065,4,2,1,411.0,251.0,3376.0,1678.0,06065|4|2|1
2022,12061,32,1,1,71.0,31.0,922.0,208.0,12061|32|1|1
2022,12071,1,1,1,859.0,203.0,11029.0,1496.0,12071|1|1|1
2022,13279,1,1,1,68.0,44.0,159.0,56.0,13279|1|1|1
2021,44007,2,2,1,189.0,137.0,1666.0,675.0,44007|2|2|1
2022,12011,4,2,1,813.0,564.0,3092.0,1667.0,12011|4|2|1
2022,13199,1,1,1,74.0,44.0,216.0,34.0,13199|1|1|1
2022,13113,4,2,1,107.0,63.0,211.0,77.0,13113|4|2|1
2022,24031,31,2,1,57.0,28.0,375.0,99.0,24031|31|2|1
2022,28075,1,1,1,234.0,82.0,405.0,76.0,28075|1|1|1
2022,36047,1,2,1,73.0,41.0,198.0,81.0,36047|1|2|1
2022,39045,32,1,1,86.0,33.0,856.0,184.0,39045|32|1|1
2022,48439,32,1,1,1449.0,566.0,6596.0,1555.0,48439|32|1|1
2022,48005,1,1,1,61.0,29.0,889.0,251.0,48005|1|1|1
2022,48085,31,1,1,263.0,99.0,1788.0,365.0,48085|31|1|1
2022,48201,1,1,3,477.0,97.0,1615.0,204.0,48201|1|1|3
2022,48199,1,1,1,52.0,34.0,1044.0,357.0,48199|1|1|1
2023,08005,1,1,1,741.0,112.0,5133.0,398.0,08005|1|1|1
2023,13121,1,1,3,225.0,58.0,239.0,27.0,13121|1|1|3
2022,36119,1,1,1,865.0,175.0,5664.0,472.0,36119|1|1|1
2022,51630,1,1,1,108.0,22.0,289.0,21.0,51630|1|1|1
2023,01035,1,1,1,39.0,26.0,52.0,24.0,01035|1|1|1
2023,12073,32,1,1,175.0,88.0,246.0,87.0,12073|32|1|1
2023,12111,2,2,1,228.0,160.0,943.0,526.0,12111|2|2|1
2023,48029,1,1,3,81.0,18.0,812.0,118.0,48029|1|1|3
2023,48139,31,1,1,50.0,23.0,143.0,37.0,48139|31|1|1
2023,51710,1,1,1,500.0,71.0,1500.0,80.0,51710|1|1|1
2023,51740,4,2,1,106.0,59.0,98.0,45.0,51740|4|2|1
2024,08031,32,1,1,153.0,80.0,743.0,249.0,08031|32|1|1
2024,12105,31,1,1,231.0,96.0,882.0,295.0,12105|31|1|1
2024,12033,31,1,1,69.0,18.0,384.0,92.0,12033|31|1|1
2024,13015,32,1,1,49.0,26.0,284.0,75.0,13015|32|1|1
2024,13135,4,1,1,97.0,68.0,227.0,110.0,13135|4|1|1
2024,17119,32,1,1,33.0,14.0,495.0,150.0,17119|32|1|1
2023,39061,32,1,3,47.0,11.0,94.0,23.0,39061|32|1|3
2023,42045,32,2,1,108.0,53.0,399.0,98.0,42045|32|2|1
2023,48121,1,2,1,48.0,15.0,231.0,70.0,48121|1|2|1
2023,51810,2,2,1,188.0,96.0,1053.0,342.0,51810|2|2|1
2023,51760,2,1,1,59.0,46.0,36.0,14.0,51760|2|1|1
2018,01101,2,2,1,57.0,42.0,75.0,38.0,01101|2|2|1
2018,01051,32,1,1,53.0,29.0,292.0,83.0,01051|32|1|1
2018,06001,2,2,1,302.0,179.0,1994.0,738.0,06001|2|2|1
2018,06065,31,1,1,523.0,200.0,6330.0,1902.0,06065|31|1|1
2018,06067,2,1,1,58.0,25.0,658.0,190.0,06067|2|1|1
2018,18089,31,1,1,233.0,120.0,1280.0,375.0,18089|31|1|1
2018,12019,1,1,1,443.0,87.0,3022.0,448.0,12019|1|1|1
2018,12057,1,2,1,75.0,23.0,415.0,116.0,12057|1|2|1
2018,12001,32,1,1,132.0,79.0,603.0,194.0,12001|32|1|1
2018,24005,1,1,1,2292.0,301.0,5552.0,379.0,24005|1|1|1
2018,24037,32,1,1,56.0,34.0,339.0,100.0,24037|32|1|1
2018,36119,2,2,1,170.0,127.0,1541.0,754.0,36119|2|2|1
2018,36047,4,2,1,362.0,285.0,952.0,563.0,36047|4|2|1
2018,12111,1,1,3,33.0,8.0,205.0,26.0,12111|1|1|3
2018,36047,1,2,1,71.0,48.0,231.0,102.0,36047|1|2|1
2019,04021,1,2,1,56.0,10.0,446.0,61.0,04021|1|2|1
2019,12057,4,2,1,273.0,193.0,2252.0,1162.0,12057|4|2|1
2019,12057,2,1,1,143.0,95.0,964.0,469.0,12057|2|1|1
2019,13073,31,1,1,243.0,45.0,724.0,124.0,13073|31|1|1
2019,13297,31,1,1,102.0,36.0,561.0,95.0,13297|31|1|1
2019,13261,1,1,1,50.0,27.0,97.0,20.0,13261|1|1|1
2019,17043,1,1,1,325.0,56.0,8844.0,518.0,17043|1|1|1
2019,36029,32,1,1,129.0,54.0,2637.0,485.0,36029|32|1|1
2019,39045,32,1,1,65.0,24.0,878.0,194.0,39045|32|1|1
2019,42045,32,1,1,221.0,123.0,1678.0,343.0,42045|32|1|1
2019,42003,1,1,3,42.0,20.0,507.0,51.0,42003|1|1|3
2019,48365,1,1,1,38.0,22.0,201.0,57.0,48365|1|1|1
2019,48201,32,1,1,1214.0,575.0,7213.0,1977.0,48201|32|1|1
2019,51087,2,2,1,188.0,130.0,575.0,235.0,51087|2|2|1
2019,06095,1,2,1,109.0,4.0,346.0,34.0,06095|1|2|1
2019,06067,4,2,1,149.0,112.0,1427.0,749.0,06067|4|2|1
2019,10005,32,1,1,57.0,32.0,1000.0,286.0,10005|32|1|1
2019,12009,32,1,1,242.0,104.0,3107.0,830.0,12009|32|1|1
2019,13071,1,1,1,58.0,35.0,244.0,93.0,13071|1|1|1
2019,36081,1,1,1,1166.0,195.0,3272.0,400.0,36081|1|1|1
2019,48113,4,2,1,311.0,271.0,1166.0,768.0,48113|4|2|1
2019,48121,4,2,1,97.0,72.0,881.0,565.0,48121|4|2|1
2019,48029,4,2,1,86.0,72.0,814.0,580.0,48029|4|2|1
2020,06029,1,1,1,357.0,56.0,8302.0,637.0,06029|1|1|1
2020,12111,32,1,1,240.0,84.0,1637.0,337.0,12111|32|1|1
2020,18097,1,2,1,175.0,15.0,280.0,34.0,18097|1|2|1
2020,22069,1,1,1,190.0,110.0,246.0,66.0,22069|1|1|1
2020,26049,32,1,1,87.0,30.0,2233.0,317.0,26049|32|1|1
2020,42077,1,1,1,256.0,44.0,3239.0,338.0,42077|1|1|1
2020,48201,4,1,1,244.0,180.0,1517.0,814.0,48201|4|1|1
2019,55059,1,1,1,57.0,10.0,2097.0,172.0,55059|1|1|1
2020,06085,2,2,1,38.0,17.0,1241.0,439.0,06085|2|2|1
2020,06013,4,2,1,74.0,41.0,1002.0,382.0,06013|4|2|1
2020,12069,2,2,1,30.0,23.0,499.0,247.0,12069|2|2|1
2020,24027,2,2,1,64.0,34.0,332.0,107.0,24027|2|2|1
2020,37101,2,2,1,52.0,24.0,348.0,130.0,37101|2|2|1
2020,34017,1,1,1,257.0,47.0,2424.0,281.0,34017|1|1|1
2020,36081,1,1,1,1098.0,222.0,2758.0,437.0,36081|1|1|1
2020,48187,1,1,1,314.0,54.0,3078.0,471.0,48187|1|1|1
2020,51041,2,2,1,130.0,70.0,550.0,250.0,51041|2|2|1
2021,06037,1,1,1,3494.0,581.0,39567.0,3843.0,06037|1|1|1
2021,12089,1,1,1,131.0,39.0,2179.0,330.0,12089|1|1|1
2021,26099,2,2,1,113.0,64.0,1484.0,458.0,26099|2|2|1
2021,26065,32,1,1,135.0,40.0,1642.0,230.0,26065|32|1|1
2021,29095,32,1,1,694.0,211.0,4793.0,632.0,29095|32|1|1
2021,37151,1,1,1,168.0,34.0,1753.0,237.0,37151|1|1|1
2021,37037,1,1,1,72.0,21.0,1204.0,79.0,37037|1|1|1
2020,51740,1,2,1,98.0,7.0,76.0,5.0,51740|1|2|1
2020,55079,32,1,3,43.0,21.0,248.0,68.0,55079|32|1|3
2021,12071,1,1,3,73.0,11.0,1300.0,152.0,12071|1|1|3
2021,17031,2,1,3,64.0,45.0,84.0,47.0,17031|2|1|3
2021,37101,4,2,1,65.0,32.0,457.0,143.0,37101|4|2|1
2021,34007,1,1,1,1388.0,237.0,4531.0,260.0,34007|1|1|1
2021,36055,31,2,1,56.0,20.0,627.0,98.0,36055|31|2|1
2021,39113,1,1,1,929.0,162.0,5902.0,477.0,39113|1|1|1
2021,42089,31,1,1,383.0,113.0,1721.0,398.0,42089|31|1|1
2021,42045,32,1,1,521.0,195.0,3687.0,510.0,42045|32|1|1
2021,48349,1,1,1,109.0,84.0,697.0,246.0,48349|1|1|1
2021,48309,1,1,1,234.0,42.0,2738.0,324.0,48309|1|1|1
2021,48365,1,1,1,52.0,32.0,251.0,81.0,48365|1|1|1
2021,51760,1,1,1,416.0,54.0,1979.0,79.0,51760|1|1|1
2021,51550,1,2,1,98.0,12.0,150.0,7.0,51550|1|2|1
2021,55079,31,1,3,81.0,31.0,595.0,89.0,55079|31|1|3
2022,12083,1,1,1,806.0,216.0,6002.0,981.0,12083|1|1|1
2022,12033,31,1,1,95.0,36.0,575.0,135.0,12033|31|1|1
2022,13121,32,1,1,3268.0,1164.0,1932.0,382.0,13121|32|1|1
2022,13153,32,1,1,327.0,122.0,563.0,141.0,13153|32|1|1
2022,18019,1,1,1,142.0,24.0,1864.0,193.0,18019|1|1|1
2022,26081,1,1,1,506.0,136.0,6811.0,761.0,26081|1|1|1
2021,39057,1,1,1,130.0,13.0,2277.0,122.0,39057|1|1|1
2021,42091,31,2,1,52.0,20.0,737.0,164.0,42091|31|2|1
2021,47037,31,1,3,122.0,39.0,892.0,112.0,47037|31|1|3
2021,48029,32,2,1,28.0,18.0,292.0,81.0,48029|32|2|1
2021,51550,2,2,1,115.0,66.0,338.0,126.0,51550|2|2|1
2021,51107,2,2,1,89.0,42.0,1134.0,339.0,51107|2|2|1
2022,24025,31,1,1,116.0,30.0,707.0,102.0,24025|31|1|1
2022,28033,32,1,1,504.0,178.0,891.0,212.0,28033|32|1|1
2022,28065,1,1,1,143.0,111.0,76.0,37.0,28065|1|1|1
2022,28137,1,1,1,78.0,37.0,271.0,59.0,28137|1|1|1
2022,39049,32,1,3,107.0,35.0,421.0,69.0,39049|32|1|3
2022,39035,4,2,1,389.0,241.0,2411.0,853.0,39035|4|2|1
2022,48401,1,1,1,88.0,52.0,469.0,124.0,48401|1|1|1
2022,51149,32,1,1,77.0,24.0,151.0,40.0,51149|32|1|1
2022,51013,1,1,1,78.0,11.0,1503.0,52.0,51013|1|1|1
2022,51153,31,2,1,29.0,16.0,128.0,56.0,51153|31|2|1
2023,01097,2,2,1,125.0,78.0,385.0,164.0,01097|2|2|1
2023,01097,31,1,1,113.0,51.0,348.0,90.0,01097|31|1|1
2023,12115,1,1,1,155.0,42.0,5208.0,664.0,12115|1|1|1
2023,12099,4,1,1,115.0,88.0,1024.0,502.0,12099|4|1|1
2023,12009,32,1,1,236.0,125.0,1450.0,525.0,12009|32|1|1
2023,12086,4,2,1,348.0,238.0,4282.0,2731.0,12086|4|2|1
2023,13245,4,2,1,118.0,75.0,104.0,60.0,13245|4|2|1
2023,13001,1,1,1,63.0,48.0,124.0,52.0,13001|1|1|1
2022,36081,31,1,1,504.0,167.0,830.0,196.0,36081|31|1|1
2022,48439,2,1,1,139.0,88.0,749.0,327.0,48439|2|1|1
2023,26065,32,1,1,43.0,18.0,369.0,112.0,26065|32|1|1
2023,29189,31,1,1,130.0,59.0,615.0,122.0,29189|31|1|1
2023,39139,1,1,1,33.0,5.0,1022.0,85.0,39139|1|1|1
2023,39043,1,1,1,27.0,8.0,583.0,78.0,39043|1|1|1
2023,42043,1,1,1,318.0,74.0,1609.0,204.0,42043|1|1|1
2023,48141,32,1,1,45.0,19.0,1163.0,477.0,48141|32|1|1
2024,06099,1,1,1,120.0,22.0,2249.0,195.0,06099|1|1|1
2024,08101,1,1,1,52.0,8.0,1605.0,172.0,08101|1|1|1
2024,12111,1,1,2,32.0,5.0,210.0,25.0,12111|1|1|2
2024,12083,32,1,1,166.0,86.0,1146.0,395.0,12083|32|1|1
2024,17031,1,1,3,299.0,75.0,1584.0,230.0,17031|1|1|3
2024,17197,1,1,1,747.0,136.0,5303.0,438.0,17197|1|1|1
2023,39049,2,1,1,156.0,102.0,538.0,233.0,39049|2|1|1
2023,51107,4,2,1,93.0,47.0,747.0,311.0,51107|4|2|1
2024,12103,2,1,1,47.0,35.0,691.0,339.0,12103|2|1|1
2024,21029,1,1,1,61.0,10.0,1102.0,202.0,21029|1|1|1
2024,21111,31,2,1,56.0,16.0,482.0,121.0,21111|31|2|1
2024,26145,31,1,1,26.0,15.0,229.0,46.0,26145|31|1|1
2024,37025,4,2,1,196.0,86.0,579.0,188.0,37025|4|2|1
2024,47165,32,1,1,65.0,20.0,563.0,140.0,47165|32|1|1
2024,48453,2,2,1,60.0,39.0,832.0,389.0,48453|2|2|1
2024,48157,1,2,1,53.0,23.0,108.0,37.0,48157|1|2|1
2025,06067,1,1,3,47.0,6.0,400.0,45.0,06067|1|1|3
2025,13089,2,1,1,175.0,114.0,134.0,53.0,13089|2|1|1
2025,13067,1,1,3,83.0,14.0,260.0,34.0,13067|1|1|3
2025,13067,32,2,1,285.0,69.0,700.0,121.0,13067|32|2|1
2025,13225,1,1,1,105.0,29.0,155.0,20.0,13225|1|1|1
2024,47157,4,1,1,240.0,170.0,222.0,88.0,47157|4|1|1
2024,48339,1,1,1,1503.0,441.0,10611.0,1895.0,48339|1|1|1
2024,48201,32,1,1,1043.0,486.0,3343.0,1086.0,48201|32|1|1
2024,48491,31,1,1,68.0,25.0,540.0,146.0,48491|31|1|1
2024,48453,32,2,1,62.0,23.0,534.0,144.0,48453|32|2|1
2025,12073,32,1,1,126.0,50.0,292.0,77.0,12073|32|1|1
2025,12095,32,1,3,95.0,32.0,339.0,92.0,12095|32|1|3
2025,13255,32,1,1,84.0,41.0,155.0,47.0,13255|32|1|1
2025,26139,1,1,1,28.0,7.0,2734.0,244.0,26139|1|1|1
2025,37067,2,1,1,71.0,32.0,263.0,82.0,37067|2|1|1
2025,37063,2,2,1,285.0,137.0,486.0,124.0,37063|2|2|1
2025,37179,1,1,1,316.0,74.0,2514.0,188.0,37179|1|1|1
2025,32003,2,2,1,306.0,162.0,2513.0,992.0,32003|2|2|1
2025,39095,32,1,1,127.0,68.0,741.0,232.0,39095|32|1|1
2025,39045,32,1,1,40.0,13.0,435.0,128.0,39045|32|1|1
2025,39035,2,1,3,53.0,43.0,47.0,20.0,39035|2|1|3
2025,39049,31,2,1,271.0,118.0,1428.0,382.0,39049|31|2|1
2025,45019,32,1,1,209.0,74.0,797.0,163.0,45019|32|1|1
2025,45019,2,2,1,64.0,37.0,1109.0,301.0,45019|2|2|1
2025,48113,1,1,3,148.0,26.0,653.0,91.0,48113|1|1|3
2025,48157,4,1,1,83.0,43.0,230.0,99.0,48157|4|1|1
2025,51800,31,1,1,249.0,40.0,262.0,25.0,51800|31|1|1
2025,51800,32,1,1,214.0,101.0,178.0,66.0,51800|32|1|1
2018,13067,1,2,1,58.0,16.0,134.0,44.0,13067|1|2|1
2018,13215,32,1,1,250.0,171.0,264.0,114.0,13215|32|1|1
2018,13247,31,1,1,194.0,88.0,102.0,39.0,13247|31|1|1
2018,13285,32,1,1,57.0,35.0,136.0,43.0,13285|32|1|1
2018,13089,4,1,1,171.0,119.0,207.0,83.0,13089|4|1|1
2018,13021,4,1,1,37.0,27.0,72.0,33.0,13021|4|1|1
2018,17037,1,1,1,41.0,11.0,1228.0,89.0,17037|1|1|1
2018,37147,32,1,1,93.0,51.0,189.0,65.0,37147|32|1|1
2018,47093,31,1,1,85.0,42.0,1278.0,367.0,47093|31|1|1
2019,24003,32,1,1,361.0,139.0,2324.0,525.0,24003|32|1|1
2019,27053,1,2,1,147.0,17.0,725.0,67.0,27053|1|2|1
2019,37101,31,1,1,263.0,67.0,1370.0,215.0,37101|31|1|1
2019,18097,31,1,1,723.0,218.0,4322.0,673.0,18097|31|1|1
2019,37119,1,2,1,252.0,57.0,490.0,98.0,37119|1|2|1
2019,37083,1,1,1,167.0,90.0,168.0,33.0,37083|1|1|1
2020,13175,1,1,1,147.0,74.0,327.0,71.0,13175|1|1|1
2020,13051,1,1,1,839.0,148.0,3123.0,244.0,13051|1|1|1
2021,05139,1,1,1,180.0,98.0,391.0,100.0,05139|1|1|1
2021,05007,1,1,1,98.0,8.0,5049.0,343.0,05007|1|1|1
2021,18097,32,1,1,1365.0,426.0,5936.0,883.0,18097|32|1|1
2021,24510,32,1,1,1060.0,458.0,921.0,182.0,24510|32|1|1
2021,24510,31,1,1,2139.0,638.0,3153.0,363.0,24510|31|1|1
2021,54037,1,1,1,52.0,6.0,988.0,74.0,54037|1|1|1
2022,05119,1,2,1,104.0,21.0,82.0,8.0,05119|1|2|1
2022,05069,32,1,1,106.0,44.0,74.0,24.0,05069|32|1|1
2021,53033,31,2,1,44.0,15.0,1141.0,268.0,53033|31|2|1
2022,37127,32,1,1,176.0,69.0,239.0,59.0,37127|32|1|1
2022,47037,1,1,1,954.0,169.0,7062.0,566.0,47037|1|1|1
2022,53061,1,1,1,365.0,42.0,5852.0,406.0,53061|1|1|1
2022,53035,1,1,1,95.0,8.0,2938.0,167.0,53035|1|1|1
2022,53061,4,2,1,127.0,78.0,2391.0,849.0,53061|4|2|1
2023,17031,31,1,1,570.0,257.0,1832.0,570.0,17031|31|1|1
2022,37153,1,1,1,203.0,116.0,295.0,74.0,37153|1|1|1
2022,37183,2,2,1,810.0,361.0,4074.0,931.0,37183|2|2|1
2023,04013,1,2,1,127.0,55.0,1761.0,677.0,04013|1|2|1
2023,24033,32,1,1,1742.0,805.0,303.0,115.0,24033|32|1|1
2023,24033,2,2,1,1586.0,888.0,365.0,215.0,24033|2|2|1
2023,37183,31,2,1,227.0,63.0,1158.0,276.0,37183|31|2|1
2023,37183,2,2,1,839.0,414.0,3045.0,741.0,37183|2|2|1
2023,37007,1,1,1,105.0,45.0,120.0,26.0,37007|1|1|1
2023,37101,4,2,1,198.0,107.0,800.0,300.0,37101|4|2|1
2023,36007,1,1,1,90.0,25.0,978.0,121.0,36007|1|1|1
2023,36005,2,2,1,233.0,183.0,119.0,81.0,36005|2|2|1
2024,29510,31,1,1,60.0,23.0,285.0,28.0,29510|31|1|1
2023,47097,1,1,1,70.0,44.0,141.0,37.0,47097|1|1|1
2024,45079,1,1,3,84.0,19.0,144.0,15.0,45079|1|1|3
2024,51810,1,1,1,453.0,49.0,3014.0,150.0,51810|1|1|1
2024,51680,32,1,1,43.0,14.0,76.0,17.0,51680|32|1|1
2025,01053,1,1,1,73.0,38.0,259.0,68.0,01053|1|1|1
2025,01129,1,1,1,58.0,38.0,113.0,34.0,01129|1|1|1
2025,22051,32,1,1,201.0,122.0,433.0,151.0,22051|32|1|1
2025,28033,31,1,1,265.0,71.0,391.0,69.0,28033|31|1|1
2024,45091,31,1,1,96.0,24.0,427.0,79.0,45091|31|1|1
2024,45071,1,1,1,80.0,52.0,281.0,61.0,45071|1|1|1
2024,45069,1,1,1,90.0,53.0,87.0,33.0,45069|1|1|1
2025,01089,2,2,1,181.0,95.0,704.0,186.0,01089|2|2|1
2025,36081,32,1,3,72.0,18.0,194.0,40.0,36081|32|1|3
2024,13277,1,1,1,60.0,36.0,222.0,62.0,13277|1|1|1
2024,13089,31,2,1,108.0,57.0,215.0,72.0,13089|31|2|1
2024,21067,32,1,1,81.0,28.0,381.0,87.0,21067|32|1|1
2024,21111,2,2,1,210.0,115.0,1198.0,340.0,21111|2|2|1
2024,26099,1,1,1,1081.0,267.0,6518.0,721.0,26099|1|1|1
2024,37133,32,1,1,147.0,67.0,561.0,200.0,37133|32|1|1
2024,37151,1,1,1,121.0,29.0,1223.0,206.0,37151|1|1|1
2024,37159,32,1,1,89.0,30.0,404.0,124.0,37159|32|1|1
2024,47065,2,2,1,104.0,55.0,817.0,281.0,47065|2|2|1
2024,47093,1,1,1,226.0,52.0,5150.0,626.0,47093|1|1|1
2024,47157,2,1,1,449.0,337.0,225.0,94.0,47157|2|1|1
2024,48167,31,1,1,55.0,22.0,422.0,108.0,48167|31|1|1
2025,12031,1,2,1,261.0,48.0,406.0,41.0,12031|1|2|1
2025,12081,1,1,1,436.0,102.0,5919.0,753.0,12081|1|1|1
2025,13059,32,1,1,68.0,30.0,114.0,26.0,13059|32|1|1
2025,13121,4,2,1,813.0,438.0,1117.0,431.0,13121|4|2|1
2025,13067,4,1,1,72.0,47.0,298.0,97.0,13067|4|1|1
2025,13135,4,1,1,96.0,66.0,231.0,87.0,13135|4|1|1
2024,26163,2,1,1,1132.0,822.0,923.0,399.0,26163|2|1|1
2024,48439,1,1,1,2656.0,518.0,13435.0,1449.0,48439|1|1|1
2024,48201,1,2,1,238.0,62.0,841.0,191.0,48201|1|2|1
2025,12031,32,1,1,678.0,338.0,1362.0,439.0,12031|32|1|1
2025,12086,2,2,1,341.0,209.0,3349.0,1718.0,12086|2|2|1
2025,13217,31,1,1,181.0,65.0,144.0,26.0,13217|31|1|1
2025,29095,4,1,1,64.0,43.0,317.0,130.0,29095|4|1|1
2025,29189,2,2,1,402.0,262.0,1854.0,465.0,29189|2|2|1
2025,39049,4,2,1,642.0,356.0,2352.0,789.0,39049|4|2|1
2025,39049,32,1,3,93.0,33.0,228.0,54.0,39049|32|1|3
2025,45007,31,1,1,50.0,20.0,504.0,95.0,45007|31|1|1
2025,45087,1,1,1,61.0,28.0,222.0,58.0,45087|1|1|1
2025,48453,1,1,1,557.0,101.0,7842.0,787.0,48453|1|1|1
2025,48309,32,1,1,34.0,14.0,389.0,89.0,48309|32|1|1
2025,51083,1,1,1,69.0,31.0,184.0,25.0,51083|1|1|1
2025,51041,4,2,1,297.0,112.0,812.0,245.0,51041|4|2|1
2018,04019,1,1,1,342.0,35.0,12992.0,1065.0,04019|1|1|1
2018,37159,31,1,1,47.0,20.0,417.0,139.0,37159|31|1|1
2018,41051,32,1,1,196.0,69.0,3336.0,723.0,41051|32|1|1
2018,13063,1,1,1,2345.0,516.0,365.0,59.0,13063|1|1|1
2018,13245,4,2,1,71.0,63.0,66.0,30.0,13245|4|2|1
2018,17031,31,1,3,267.0,139.0,1338.0,351.0,17031|31|1|3
2018,17031,4,2,1,666.0,532.0,4921.0,2731.0,17031|4|2|1
2018,37051,2,1,1,62.0,42.0,78.0,31.0,37051|2|1|1
2018,37151,1,1,1,66.0,17.0,1314.0,157.0,37151|1|1|1
2018,37067,1,1,1,759.0,120.0,3934.0,337.0,37067|1|1|1
2018,37195,1,1,1,229.0,49.0,510.0,50.0,37195|1|1|1
2018,51153,31,2,1,41.0,15.0,192.0,59.0,51153|31|2|1
2018,53053,32,1,1,558.0,237.0,5417.0,1232.0,53053|32|1|1
2019,18163,1,1,1,101.0,18.0,2385.0,200.0,18163|1|1|1
2019,24031,31,2,1,65.0,31.0,657.0,210.0,24031|31|2|1
2019,24005,32,1,3,33.0,11.0,110.0,23.0,24005|32|1|3
2019,18067,1,1,1,43.0,2.0,1128.0,89.0,18067|1|1|1
2019,37159,31,1,1,81.0,22.0,636.0,125.0,37159|31|1|1
2019,37167,1,1,1,77.0,9.0,860.0,91.0,37167|1|1|1
2019,47125,4,2,1,69.0,36.0,321.0,132.0,47125|4|2|1
2019,47157,4,2,1,375.0,287.0,738.0,331.0,47157|4|2|1
2020,05119,1,1,1,1282.0,256.0,3900.0,307.0,05119|1|1|1
2020,17089,32,1,1,51.0,10.0,2553.0,352.0,17089|32|1|1
2020,17031,1,1,1,9557.0,2069.0,38624.0,3103.0,17031|1|1|1
2020,13067,32,1,3,69.0,22.0,210.0,45.0,13067|32|1|3
2020,13151,4,1,1,71.0,61.0,67.0,37.0,13151|4|1|1
2020,39095,2,2,1,33.0,17.0,453.0,137.0,39095|2|2|1
2020,39049,1,2,1,41.0,8.0,177.0,23.0,39049|1|2|1
2021,18097,31,2,1,49.0,20.0,251.0,51.0,18097|31|2|1
2020,39061,32,1,3,40.0,9.0,237.0,53.0,39061|32|1|3
2020,45013,32,1,1,63.0,28.0,1283.0,205.0,45013|32|1|1
2020,45089,1,1,1,234.0,174.0,120.0,53.0,45089|1|1|1
2021,05011,1,1,1,51.0,34.0,28.0,10.0,05011|1|1|1
2021,49049,1,1,1,103.0,17.0,11287.0,574.0,49049|1|1|1
2022,29095,32,1,1,674.0,266.0,2461.0,523.0,29095|32|1|1
2022,37071,1,2,1,30.0,5.0,62.0,13.0,37071|1|2|1
2022,53033,32,1,1,506.0,150.0,5259.0,809.0,53033|32|1|1
2023,17089,1,1,1,205.0,28.0,4090.0,310.0,17089|1|1|1
2023,25005,31,1,1,28.0,10.0,433.0,108.0,25005|31|1|1
2023,37067,1,2,1,76.0,13.0,174.0,15.0,37067|1|2|1
2024,20103,1,1,1,33.0,4.0,874.0,58.0,20103|1|1|1
2024,25023,2,2,1,303.0,190.0,1678.0,451.0,25023|2|2|1
2024,39035,4,1,1,314.0,206.0,914.0,368.0,39035|4|1|1
2025,01125,31,1,1,131.0,46.0,295.0,55.0,01125|31|1|1
2025,28011,1,1,1,47.0,21.0,81.0,6.0,28011|1|1|1
2024,45091,2,2,1,119.0,54.0,691.0,205.0,45091|2|2|1
2025,17111,1,1,1,66.0,12.0,3208.0,204.0,17111|1|1|1
2025,55079,32,1,3,160.0,45.0,257.0,60.0,55079|32|1|3
2018,06001,31,2,1,98.0,39.0,701.0,212.0,06001|31|2|1
2018,48157,32,1,1,509.0,241.0,1202.0,316.0,48157|32|1|1
2018,12009,32,1,1,285.0,127.0,3058.0,945.0,12009|32|1|1
2018,24510,1,1,1,2209.0,396.0,2632.0,178.0,24510|1|1|1
2018,24019,1,1,1,69.0,23.0,295.0,37.0,24019|1|1|1
2018,36071,4,2,1,44.0,39.0,528.0,286.0,36071|4|2|1
2018,39035,32,1,3,39.0,22.0,221.0,73.0,39035|32|1|3
2018,42045,2,2,1,146.0,104.0,1215.0,487.0,42045|2|2|1
2018,48213,1,1,1,44.0,29.0,1017.0,301.0,48213|1|1|1
2018,48157,1,1,3,49.0,7.0,188.0,20.0,48157|1|1|3
2019,04013,2,2,1,398.0,264.0,11159.0,5183.0,04013|2|2|1
2019,06065,1,1,3,43.0,5.0,1181.0,105.0,06065|1|1|3
2019,12111,4,2,1,115.0,86.0,547.0,312.0,12111|4|2|1
2019,12071,1,1,1,797.0,155.0,11611.0,1375.0,12071|1|1|1
2019,13217,31,1,1,333.0,85.0,298.0,67.0,13217|31|1|1
2019,17031,31,1,1,3415.0,1144.0,26612.0,3513.0,17031|31|1|1
2019,29189,4,2,1,207.0,157.0,1647.0,683.0,29189|4|2|1
2019,34031,1,1,1,233.0,39.0,3120.0,309.0,34031|1|1|1
2019,51087,32,1,1,496.0,200.0,1121.0,201.0,51087|32|1|1
2019,51800,31,1,1,314.0,72.0,445.0,66.0,51800|31|1|1
2019,06067,2,2,1,177.0,114.0,1952.0,865.0,06067|2|2|1
2019,12053,32,1,1,62.0,25.0,1167.0,381.0,12053|32|1|1
2019,13245,2,1,1,59.0,44.0,66.0,39.0,13245|2|1|1
2019,13021,2,2,1,41.0,30.0,88.0,42.0,13021|2|2|1
2019,25027,1,2,1,30.0,4.0,324.0,69.0,25027|1|2|1
2019,25025,31,1,1,370.0,140.0,3053.0,345.0,25025|31|1|1
2019,36047,1,2,1,72.0,47.0,179.0,64.0,36047|1|2|1
2019,39113,2,1,1,108.0,75.0,344.0,149.0,39113|2|1|1
2019,42101,2,1,3,210.0,147.0,99.0,57.0,42101|2|1|3
2019,48245,2,1,1,41.0,29.0,121.0,38.0,48245|2|1|1
2019,51670,1,1,1,97.0,18.0,159.0,11.0,51670|1|1|1
2019,51153,31,2,1,49.0,24.0,166.0,62.0,51153|31|2|1
2020,12099,32,1,1,622.0,221.0,7368.0,1531.0,12099|32|1|1
2020,12057,32,1,3,39.0,18.0,285.0,63.0,12057|32|1|3
2020,16001,1,1,1,81.0,8.0,8769.0,466.0,16001|1|1|1
2020,22005,1,1,1,841.0,290.0,1910.0,221.0,22005|1|1|1
2020,22019,1,1,1,466.0,179.0,2323.0,639.0,22019|1|1|1
2020,22017,2,2,1,34.0,18.0,75.0,22.0,22017|2|2|1
2020,22097,31,1,1,115.0,27.0,457.0,54.0,22097|31|1|1
2020,37067,32,1,1,138.0,51.0,1214.0,195.0,37067|32|1|1
2020,37019,1,1,1,203.0,81.0,3177.0,437.0,37019|1|1|1
2020,42091,31,1,1,867.0,193.0,15779.0,1780.0,42091|31|1|1
2020,42101,4,1,1,240.0,153.0,320.0,149.0,42101|4|1|1
2020,48113,4,1,1,112.0,79.0,707.0,355.0,48113|4|1|1
2020,48113,32,2,1,90.0,6.0,272.0,47.0,48113|32|2|1
2019,55079,1,1,1,1177.0,244.0,7121.0,521.0,55079|1|1|1
2020,06047,1,1,1,74.0,12.0,2197.0,217.0,06047|1|1|1
2020,08041,2,2,1,28.0,16.0,1322.0,358.0,08041|2|2|1
2020,12105,4,2,1,53.0,45.0,518.0,275.0,12105|4|2|1
2020,12011,32,2,1,44.0,11.0,245.0,81.0,12011|32|2|1
2020,24021,32,1,1,75.0,24.0,1577.0,204.0,24021|32|1|1
2020,24031,4,2,1,139.0,87.0,726.0,291.0,24031|4|2|1
2020,26099,2,1,1,39.0,24.0,595.0,179.0,26099|2|1|1
2020,34021,32,1,1,85.0,38.0,934.0,158.0,34021|32|1|1
2020,34013,2,2,1,193.0,140.0,544.0,261.0,34013|2|2|1
2020,36081,2,1,1,94.0,66.0,262.0,160.0,36081|2|1|1
2020,36047,4,1,1,76.0,47.0,278.0,139.0,36047|4|1|1
2021,06001,1,1,1,626.0,77.0,4514.0,278.0,06001|1|1|1
2021,06099,32,1,1,187.0,39.0,4954.0,591.0,06099|32|1|1
2021,08035,1,1,1,120.0,16.0,7558.0,382.0,08035|1|1|1
2021,12105,1,1,1,2415.0,556.0,12696.0,2219.0,12105|1|1|1
2021,13223,31,1,1,817.0,159.0,2545.0,339.0,13223|31|1|1
2021,13001,1,1,1,59.0,54.0,148.0,71.0,13001|1|1|1
2021,13051,4,2,1,55.0,40.0,191.0,95.0,13051|4|2|1
2021,13135,1,2,1,70.0,20.0,92.0,32.0,13135|1|2|1
2021,13217,2,2,1,65.0,46.0,56.0,35.0,13217|2|2|1
2021,29189,31,1,1,2024.0,524.0,16084.0,1203.0,29189|31|1|1
2021,37061,1,1,1,152.0,97.0,393.0,105.0,37061|1|1|1
2021,10001,4,2,1,48.0,27.0,215.0,98.0,10001|4|2|1
2021,12031,4,2,1,88.0,59.0,541.0,307.0,12031|4|2|1
2021,12097,2,2,1,41.0,34.0,333.0,224.0,12097|2|2|1
2021,12011,32,1,3,191.0,64.0,657.0,134.0,12011|32|1|3
2021,17031,32,2,1,37.0,23.0,300.0,83.0,17031|32|2|1
2021,25005,4,2,1,33.0,22.0,723.0,298.0,25005|4|2|1
2021,23005,1,1,1,95.0,15.0,3751.0,263.0,23005|1|1|1
2021,34017,1,1,1,369.0,72.0,2910.0,253.0,34017|1|1|1
2021,34017,2,2,1,47.0,32.0,190.0,106.0,34017|2|2|1
2021,39089,1,1,1,163.0,27.0,2637.0,245.0,39089|1|1|1
2021,47157,1,1,1,2844.0,443.0,5107.0,261.0,47157|1|1|1
2021,47149,31,1,1,903.0,177.0,5233.0,571.0,47149|31|1|1
2021,51193,1,1,1,59.0,12.0,293.0,24.0,51193|1|1|1
2022,13067,1,1,3,82.0,10.0,246.0,17.0,13067|1|1|3
2022,13121,31,1,3,107.0,40.0,88.0,23.0,13121|31|1|3
2021,44007,31,1,1,696.0,159.0,7973.0,1104.0,44007|31|1|1
2021,48453,31,1,1,944.0,218.0,14648.0,1740.0,48453|31|1|1
2021,51800,31,1,1,809.0,151.0,1295.0,163.0,51800|31|1|1
2022,06001,4,2,1,187.0,98.0,1013.0,328.0,06001|4|2|1
2022,24027,31,1,1,213.0,48.0,510.0,66.0,24027|31|1|1
2022,24031,4,2,1,348.0,204.0,1040.0,382.0,24031|4|2|1
2022,24005,4,1,1,114.0,87.0,287.0,115.0,24005|4|1|1
2022,24510,31,1,3,108.0,45.0,125.0,27.0,24510|31|1|3
2022,28145,1,1,1,39.0,17.0,263.0,88.0,28145|1|1|1
2022,48439,1,1,3,77.0,10.0,797.0,83.0,48439|1|1|3
2023,01073,1,1,3,86.0,26.0,359.0,29.0,01073|1|1|3
2023,12095,1,1,3,122.0,37.0,767.0,135.0,12095|1|1|3
2023,12071,31,1,1,39.0,22.0,510.0,182.0,12071|31|1|1
2023,13071,1,1,1,76.0,51.0,291.0,139.0,13071|1|1|1
2022,28017,1,1,1,138.0,104.0,80.0,39.0,28017|1|1|1
2022,48157,1,1,3,109.0,19.0,237.0,30.0,48157|1|1|3
2023,08031,1,2,1,31.0,6.0,346.0,50.0,08031|1|2|1
2023,12031,31,1,3,43.0,28.0,62.0,36.0,12031|31|1|3
2023,26145,1,1,1,151.0,28.0,1346.0,129.0,26145|1|1|1
2023,26045,1,1,1,73.0,28.0,1073.0,165.0,26045|1|1|1
2023,26163,32,1,1,1017.0,487.0,2036.0,513.0,26163|32|1|1
2023,48121,1,1,1,1470.0,241.0,8560.0,726.0,48121|1|1|1
2023,48453,32,1,1,162.0,67.0,976.0,312.0,48453|32|1|1
2023,48245,31,1,1,68.0,32.0,122.0,41.0,48245|31|1|1
2024,08041,2,2,1,116.0,60.0,1553.0,431.0,08041|2|2|1
2024,12086,4,2,1,438.0,274.0,4152.0,2566.0,12086|4|2|1
2024,12057,2,2,1,518.0,286.0,2561.0,1023.0,12057|2|2|1
2024,12011,1,1,2,47.0,17.0,433.0,103.0,12011|1|1|2
2024,12035,1,1,1,162.0,35.0,1921.0,226.0,12035|1|1|1
2024,17031,2,1,3,85.0,58.0,92.0,55.0,17031|2|1|3
2023,48157,2,2,1,309.0,220.0,579.0,320.0,48157|2|2|1
2024,06065,2,2,1,401.0,181.0,3413.0,1351.0,06065|2|2|1
2024,12011,1,2,1,325.0,98.0,732.0,221.0,12011|1|2|1
2024,13217,1,1,1,695.0,129.0,453.0,44.0,13217|1|1|1
2018,05043,1,1,1,36.0,20.0,87.0,23.0,05043|1|1|1
2018,10003,31,2,1,69.0,31.0,490.0,123.0,10003|31|2|1
2018,45063,1,1,1,700.0,186.0,4162.0,475.0,45063|1|1|1
2020,01081,32,1,1,71.0,36.0,643.0,73.0,01081|32|1|1
2020,28089,32,1,1,63.0,16.0,410.0,43.0,28089|32|1|1
2020,28049,1,1,3,32.0,10.0,65.0,5.0,28049|1|1|3
2020,25027,1,1,1,661.0,82.0,8795.0,677.0,25027|1|1|1
2021,22051,1,1,1,859.0,161.0,2803.0,192.0,22051|1|1|1
2021,28047,1,1,1,654.0,179.0,2708.0,362.0,28047|1|1|1
2022,01021,1,1,1,68.0,45.0,739.0,275.0,01021|1|1|1
2022,01117,4,2,1,120.0,52.0,747.0,218.0,01117|4|2|1
2022,01089,4,2,1,187.0,96.0,862.0,290.0,01089|4|2|1
2022,17019,32,1,1,53.0,15.0,279.0,58.0,17019|32|1|1
2022,34025,2,2,1,84.0,46.0,2279.0,818.0,34025|2|2|1
2023,06037,32,1,3,301.0,113.0,1154.0,298.0,06037|32|1|3
2023,06095,1,2,1,33.0,5.0,98.0,12.0,06095|1|2|1
2023,06095,2,2,1,124.0,62.0,464.0,177.0,06095|2|2|1
2023,06085,2,2,1,35.0,17.0,1027.0,379.0,06085|2|2|1
2024,18063,32,1,1,54.0,22.0,530.0,129.0,18063|32|1|1
2024,36047,4,2,1,337.0,234.0,409.0,234.0,36047|4|2|1
2024,36103,2,2,1,353.0,249.0,3282.0,1444.0,36103|2|2|1
2024,01031,1,1,1,75.0,23.0,560.0,79.0,01031|1|1|1
2024,24005,2,1,1,64.0,49.0,226.0,113.0,24005|2|1|1
2024,36047,31,1,1,140.0,53.0,345.0,90.0,36047|31|1|1
2024,42095,32,1,1,50.0,23.0,594.0,177.0,42095|32|1|1
2025,42003,32,1,1,242.0,108.0,1556.0,501.0,42003|32|1|1
2024,36005,4,2,1,128.0,74.0,97.0,64.0,36005|4|2|1
2025,10005,2,2,1,60.0,34.0,609.0,191.0,10005|2|2|1
2025,24510,4,1,1,138.0,103.0,76.0,35.0,24510|4|1|1
2018,34001,32,1,1,60.0,40.0,535.0,221.0,34001|32|1|1
2018,18157,1,1,1,54.0,2.0,2207.0,158.0,18157|1|1|1
2018,72025,1,1,1,31.0,9.0,533.0,121.0,72025|1|1|1
2018,45079,1,2,1,104.0,23.0,58.0,9.0,45079|1|2|1
2018,45013,1,1,1,316.0,144.0,3061.0,337.0,45013|1|1|1
2018,45049,1,1,1,77.0,54.0,98.0,38.0,45049|1|1|1
2019,22017,31,1,1,264.0,79.0,528.0,118.0,22017|31|1|1
2019,22051,1,1,1,786.0,122.0,2676.0,173.0,22051|1|1|1
2019,22069,1,1,1,136.0,66.0,219.0,63.0,22069|1|1|1
2019,22037,1,1,1,86.0,50.0,116.0,27.0,22037|1|1|1
2021,45019,31,1,1,526.0,129.0,7559.0,808.0,45019|31|1|1
2021,45079,1,2,1,194.0,31.0,61.0,10.0,45079|1|2|1
2021,45041,32,1,1,129.0,61.0,444.0,72.0,45041|32|1|1
2021,45083,1,2,1,34.0,5.0,70.0,13.0,45083|1|2|1
2022,25023,4,2,1,171.0,94.0,1508.0,501.0,25023|4|2|1
2022,25009,2,2,1,165.0,93.0,2901.0,815.0,25009|2|2|1
2022,25025,2,2,1,340.0,197.0,902.0,316.0,25025|2|2|1
2023,40109,4,2,1,111.0,65.0,897.0,360.0,40109|4|2|1
2023,45045,2,1,1,40.0,25.0,227.0,91.0,45045|2|1|1
2025,35001,1,1,1,151.0,28.0,4640.0,470.0,35001|1|1|1
2018,15003,1,1,1,200.0,8.0,1962.0,138.0,15003|1|1|1
2018,11001,31,1,1,660.0,263.0,666.0,144.0,11001|31|1|1
2018,05007,1,1,1,90.0,12.0,5002.0,489.0,05007|1|1|1
2018,05069,1,1,1,265.0,84.0,275.0,80.0,05069|1|1|1
2018,44007,31,2,1,37.0,19.0,902.0,217.0,44007|31|2|1
2018,47045,1,1,1,25.0,5.0,315.0,42.0,47045|1|1|1
2018,34025,2,2,1,80.0,49.0,1877.0,845.0,34025|2|2|1
2019,01083,32,1,1,61.0,22.0,314.0,62.0,01083|32|1|1
2019,40109,4,1,1,32.0,19.0,341.0,157.0,40109|4|1|1
2019,01007,1,1,1,35.0,26.0,202.0,50.0,01007|1|1|1
2019,01067,1,1,1,28.0,15.0,208.0,35.0,01067|1|1|1
2020,28047,32,1,1,87.0,44.0,617.0,185.0,28047|32|1|1
2020,25023,4,2,1,36.0,28.0,869.0,342.0,25023|4|2|1
2021,28089,31,1,1,352.0,80.0,1546.0,168.0,28089|31|1|1
2021,28109,1,1,1,87.0,39.0,947.0,241.0,28109|1|1|1
2021,27053,1,2,1,198.0,18.0,651.0,71.0,27053|1|2|1
2022,49035,2,2,1,95.0,38.0,6520.0,1327.0,49035|2|2|1
2023,06037,4,1,1,151.0,76.0,1151.0,406.0,06037|4|1|1
2022,45067,1,1,1,142.0,100.0,173.0,52.0,45067|1|1|1
2023,22071,32,1,3,85.0,22.0,43.0,12.0,22071|32|1|3
2024,28033,1,2,1,75.0,9.0,72.0,8.0,28033|1|2|1
2024,28089,4,2,1,106.0,65.0,300.0,82.0,28089|4|2|1
2023,44007,4,2,1,201.0,117.0,1742.0,763.0,44007|4|2|1
2024,24510,32,1,3,211.0,78.0,104.0,25.0,24510|32|1|3
2024,24510,31,1,3,65.0,26.0,36.0,14.0,24510|31|1|3
2024,24031,4,2,1,393.0,226.0,1013.0,445.0,24031|4|2|1
2024,36047,32,1,1,360.0,183.0,331.0,84.0,36047|32|1|1
2024,49035,2,2,1,61.0,27.0,3575.0,910.0,49035|2|2|1
2025,42029,32,1,1,47.0,23.0,787.0,173.0,42029|32|1|1
2025,42129,1,1,1,77.0,15.0,3039.0,317.0,42129|1|1|1
2024,36071,31,1,1,36.0,14.0,262.0,67.0,36071|31|1|1
2025,24033,4,2,1,1729.0,887.0,381.0,203.0,24033|4|2|1
2018,45073,1,1,1,35.0,11.0,917.0,142.0,45073|1|1|1
2018,45091,31,1,1,169.0,60.0,942.0,189.0,45091|31|1|1
2018,45089,1,1,1,146.0,102.0,90.0,29.0,45089|1|1|1
2019,22103,1,1,1,660.0,125.0,3494.0,278.0,22103|1|1|1
2020,05091,1,1,1,81.0,16.0,500.0,179.0,05091|1|1|1
2020,05017,1,1,1,49.0,34.0,37.0,7.0,05017|1|1|1
2021,21111,31,1,1,1566.0,405.0,11191.0,1333.0,21111|31|1|1
2022,08059,1,1,1,56.0,8.0,6649.0,353.0,08059|1|1|1
2023,05119,1,1,1,938.0,239.0,2501.0,309.0,05119|1|1|1
2023,11001,1,1,3,69.0,18.0,117.0,18.0,11001|1|1|3
2023,40143,32,1,1,92.0,45.0,714.0,241.0,40143|32|1|1
2023,45035,32,1,1,157.0,71.0,342.0,101.0,45035|32|1|1
2023,45091,4,2,1,153.0,69.0,781.0,295.0,45091|4|2|1
2024,11001,4,1,1,81.0,56.0,81.0,28.0,11001|4|1|1
2025,25009,32,1,1,59.0,29.0,1010.0,241.0,25009|32|1|1
2025,47149,1,1,1,495.0,88.0,3288.0,314.0,47149|1|1|1
2025,47149,31,1,1,137.0,29.0,774.0,136.0,47149|31|1|1
2025,47157,1,2,1,210.0,48.0,107.0,24.0,47157|1|2|1
2025,47157,2,2,1,594.0,380.0,661.0,217.0,47157|2|2|1
2018,11001,32,1,3,307.0,109.0,133.0,32.0,11001|32|1|3
2021,01089,1,1,3,67.0,6.0,534.0,24.0,01089|1|1|3
2021,01073,31,1,1,2215.0,606.0,5904.0,636.0,01073|31|1|1
2021,01107,1,1,1,83.0,35.0,123.0,24.0,01107|1|1|1
2019,01101,1,1,1,1018.0,200.0,1043.0,79.0,01101|1|1|1
2019,01041,1,1,1,33.0,18.0,98.0,27.0,01041|1|1|1
2020,21111,31,1,1,1363.0,303.0,13724.0,1478.0,21111|31|1|1
2020,21111,1,2,1,139.0,8.0,428.0,52.0,21111|1|2|1
2020,28035,1,1,1,175.0,74.0,689.0,110.0,28035|1|1|1
2020,28009,1,1,1,35.0,27.0,45.0,22.0,28009|1|1|1
2020,01099,1,1,1,83.0,51.0,93.0,22.0,01099|1|1|1
2020,01041,1,1,1,68.0,48.0,111.0,38.0,01041|1|1|1
2020,25027,2,2,1,54.0,37.0,1243.0,458.0,25027|2|2|1
2021,22117,1,1,1,128.0,75.0,377.0,123.0,22117|1|1|1
2020,49035,1,1,1,225.0,38.0,16821.0,1282.0,49035|1|1|1
2022,01073,1,1,3,99.0,35.0,436.0,37.0,01073|1|1|3
2022,21093,32,1,1,96.0,38.0,482.0,124.0,21093|32|1|1
2022,17163,31,1,1,130.0,50.0,592.0,137.0,17163|31|1|1
2022,34017,1,1,1,338.0,73.0,2385.0,280.0,34017|1|1|1
2023,06037,32,2,1,521.0,161.0,3270.0,881.0,06037|32|2|1
2023,19153,1,1,1,337.0,54.0,5105.0,389.0,19153|1|1|1
2023,22081,1,1,1,55.0,41.0,41.0,26.0,22081|1|1|1
2022,45007,1,1,1,415.0,123.0,2861.0,428.0,45007|1|1|1
2024,18097,32,1,3,60.0,27.0,163.0,60.0,18097|32|1|3
2024,28061,1,1,1,122.0,88.0,75.0,21.0,28061|1|1|1
2024,28161,1,1,1,86.0,58.0,78.0,20.0,28161|1|1|1
2024,36047,1,1,3,64.0,21.0,416.0,79.0,36047|1|1|3
2024,24005,32,2,1,275.0,81.0,533.0,101.0,24005|32|2|1
2025,42101,4,1,1,311.0,198.0,339.0,152.0,42101|4|1|1
2024,42101,2,2,3,88.0,74.0,71.0,52.0,42101|2|2|3
2018,27053,2,2,1,129.0,75.0,2601.0,747.0,27053|2|2|1
2018,34021,31,1,1,107.0,56.0,714.0,230.0,34021|31|1|1
2018,45085,32,1,1,123.0,78.0,213.0,74.0,45085|32|1|1
2018,45011,1,1,1,60.0,38.0,126.0,42.0,45011|1|1|1
2022,13153,4,2,1,90.0,52.0,166.0,64.0,13153|4|2|1
2022,13021,2,1,1,49.0,35.0,73.0,32.0,13021|2|1|1
2022,25003,1,1,1,53.0,8.0,1103.0,98.0,25003|1|1|1
2022,25025,2,1,1,71.0,42.0,167.0,65.0,25025|2|1|1
2023,45015,1,1,1,1136.0,480.0,3805.0,434.0,45015|1|1|1
2023,45037,1,1,1,67.0,35.0,285.0,46.0,45037|1|1|1
2023,45079,1,2,1,158.0,30.0,69.0,5.0,45079|1|2|1
2023,53067,32,1,1,30.0,12.0,438.0,112.0,53067|32|1|1
2025,27053,1,1,3,74.0,14.0,330.0,30.0,27053|1|1|3
2025,25027,4,2,1,103.0,57.0,1579.0,502.0,25027|4|2|1
2025,47093,32,1,1,106.0,34.0,1401.0,321.0,47093|32|1|1
2025,47113,31,1,1,67.0,23.0,229.0,43.0,47113|31|1|1
2019,45083,32,1,1,174.0,75.0,1018.0,304.0,45083|32|1|1
2024,26049,1,1,1,369.0,58.0,3345.0,364.0,26049|1|1|1
2024,26081,2,2,1,162.0,84.0,1566.0,366.0,26081|2|2|1
2024,37049,32,1,1,64.0,32.0,279.0,77.0,37049|32|1|1
2024,37047,1,1,1,161.0,114.0,364.0,126.0,37047|1|1|1
2024,37057,1,1,1,282.0,58.0,1869.0,268.0,37057|1|1|1
2024,47157,1,1,3,146.0,28.0,722.0,54.0,47157|1|1|3
2025,08001,4,2,1,78.0,43.0,1411.0,611.0,08001|4|2|1
2025,13067,1,2,1,100.0,24.0,168.0,34.0,13067|1|2|1
2025,13135,32,1,3,55.0,22.0,97.0,19.0,13135|32|1|3
2025,13063,1,1,3,72.0,13.0,39.0,5.0,13063|1|1|3
2025,13245,1,1,3,40.0,6.0,91.0,14.0,13245|1|1|3
2024,37119,1,1,3,112.0,15.0,455.0,42.0,37119|1|1|3
2024,37081,4,1,1,84.0,53.0,283.0,110.0,37081|4|1|1
2024,48199,1,1,1,94.0,71.0,936.0,425.0,48199|1|1|1
2025,12099,32,1,3,138.0,51.0,518.0,136.0,12099|32|1|3
2025,12031,2,1,1,88.0,59.0,294.0,114.0,12031|2|1|1
2025,12069,2,2,1,67.0,40.0,610.0,251.0,12069|2|2|1
2025,26163,4,2,1,628.0,358.0,2482.0,810.0,26163|4|2|1
2025,37119,1,1,1,2200.0,377.0,7959.0,421.0,37119|1|1|1
2025,37183,1,1,1,1552.0,330.0,9075.0,477.0,37183|1|1|1
2025,37101,4,2,1,150.0,68.0,628.0,226.0,37101|4|2|1
2025,37167,1,1,1,90.0,23.0,749.0,95.0,37167|1|1|1
2025,39113,4,2,1,167.0,88.0,1012.0,393.0,39113|4|2|1
2025,45043,1,1,1,176.0,115.0,589.0,98.0,45043|1|1|1
2025,45075,32,1,1,97.0,56.0,71.0,21.0,45075|32|1|1
2025,48471,1,1,1,116.0,69.0,542.0,153.0,48471|1|1|1
2025,48085,31,1,1,275.0,111.0,1600.0,344.0,48085|31|1|1
2025,48157,1,1,1,2211.0,422.0,5034.0,614.0,48157|1|1|1
2025,48113,31,1,3,102.0,43.0,261.0,66.0,48113|31|1|3
2025,51550,32,1,1,286.0,111.0,473.0,115.0,51550|32|1|1
2025,51710,1,2,1,49.0,8.0,51.0,2.0,51710|1|2|1
2018,04013,2,1,1,86.0,54.0,3172.0,1313.0,04013|2|1|1
2018,13127,1,1,1,125.0,38.0,907.0,128.0,13127|1|1|1
2018,13015,1,1,1,143.0,30.0,1453.0,176.0,13015|1|1|1
2018,13069,1,1,1,66.0,39.0,271.0,100.0,13069|1|1|1
2018,13153,2,2,1,46.0,23.0,132.0,54.0,13153|2|2|1
2018,17167,1,1,1,138.0,25.0,2324.0,193.0,17167|1|1|1
2018,17115,1,1,1,77.0,15.0,992.0,81.0,17115|1|1|1
2018,45091,1,1,1,648.0,110.0,4445.0,429.0,45091|1|1|1
2018,37049,1,1,1,170.0,54.0,1216.0,132.0,37049|1|1|1
2018,51730,1,1,1,146.0,24.0,64.0,10.0,51730|1|1|1
2018,51127,1,1,1,58.0,5.0,414.0,17.0,51127|1|1|1
2019,08001,1,1,1,249.0,41.0,7792.0,769.0,08001|1|1|1
2019,18089,4,2,1,87.0,62.0,862.0,422.0,18089|4|2|1
2019,18097,4,2,1,200.0,119.0,1169.0,491.0,18097|4|2|1
2019,24005,1,1,1,2326.0,275.0,5475.0,334.0,24005|1|1|1
2019,27163,1,1,1,227.0,23.0,3849.0,173.0,27163|1|1|1
2019,37051,2,1,1,52.0,33.0,85.0,37.0,37051|2|1|1
2019,37067,2,1,1,31.0,18.0,210.0,99.0,37067|2|1|1
2019,18095,1,1,1,51.0,15.0,1615.0,197.0,18095|1|1|1
2019,37069,31,1,1,113.0,27.0,427.0,54.0,37069|31|1|1
2019,32003,4,2,1,324.0,227.0,3431.0,1953.0,32003|4|2|1
2019,47037,4,2,1,301.0,191.0,1454.0,635.0,47037|4|2|1
2020,17197,1,2,1,44.0,13.0,202.0,27.0,17197|1|2|1
2020,17163,31,1,1,551.0,110.0,3652.0,379.0,17163|31|1|1
2020,32003,32,1,3,81.0,19.0,894.0,177.0,32003|32|1|3
2020,39061,4,2,1,109.0,69.0,1104.0,340.0,39061|4|2|1
2021,18089,4,1,1,58.0,38.0,262.0,112.0,18089|4|1|1
2020,39153,4,1,1,27.0,18.0,483.0,203.0,39153|4|1|1
2020,45051,31,1,1,257.0,69.0,6463.0,964.0,45051|31|1|1
2020,45057,1,1,1,377.0,108.0,2039.0,246.0,45057|1|1|1
2020,45013,1,1,1,474.0,283.0,3566.0,339.0,45013|1|1|1
2020,45085,1,1,1,661.0,299.0,1016.0,97.0,45085|1|1|1
2021,18097,32,2,1,38.0,17.0,175.0,26.0,18097|32|2|1
2021,24005,32,2,1,43.0,16.0,95.0,27.0,24005|32|2|1
2022,05119,31,1,1,252.0,105.0,577.0,119.0,05119|31|1|1
2022,29095,1,1,3,44.0,6.0,698.0,48.0,29095|1|1|3
2022,37133,31,1,1,64.0,16.0,415.0,82.0,37133|31|1|1
2022,37179,1,1,1,453.0,83.0,2848.0,216.0,37179|1|1|1
2022,47065,1,1,1,312.0,65.0,4233.0,386.0,47065|1|1|1
2023,17031,32,1,1,1853.0,952.0,2886.0,950.0,17031|32|1|1
2022,44007,4,2,1,177.0,108.0,1747.0,742.0,44007|4|2|1
2023,25017,31,1,1,40.0,17.0,973.0,220.0,25017|31|1|1
2023,25005,2,2,1,190.0,138.0,1522.0,482.0,25005|2|2|1
2023,24011,1,1,1,26.0,5.0,244.0,23.0,24011|1|1|1
2023,24005,2,1,1,60.0,43.0,199.0,98.0,24005|2|1|1
2023,24033,31,2,1,193.0,102.0,53.0,22.0,24033|31|2|1
2023,37025,1,1,1,539.0,112.0,1573.0,152.0,37025|1|1|1
2023,37125,1,1,1,92.0,40.0,1333.0,100.0,37125|1|1|1
2023,37105,1,1,1,84.0,18.0,561.0,76.0,37105|1|1|1
2023,37081,32,1,1,429.0,175.0,527.0,183.0,37081|32|1|1
2023,37063,4,1,1,42.0,23.0,92.0,33.0,37063|4|1|1
2023,36063,1,1,1,131.0,36.0,1479.0,148.0,36063|1|1|1
2023,36091,1,1,1,41.0,11.0,2003.0,344.0,36091|1|1|1
2024,25005,31,1,1,81.0,35.0,780.0,161.0,25005|31|1|1
2024,25005,32,1,1,86.0,37.0,933.0,274.0,25005|32|1|1
2024,34031,32,1,1,70.0,32.0,478.0,156.0,34031|32|1|1
2024,39113,1,1,1,702.0,140.0,4116.0,311.0,39113|1|1|1
2024,39153,2,1,1,68.0,38.0,474.0,171.0,39153|2|1|1
2024,51810,31,1,1,163.0,33.0,605.0,96.0,51810|31|1|1
2024,51550,2,2,1,270.0,121.0,493.0,143.0,51550|2|2|1
2024,51041,4,1,1,43.0,19.0,127.0,43.0,51041|4|1|1
2025,01091,1,1,1,134.0,92.0,67.0,18.0,01091|1|1|1
2024,45085,31,1,1,79.0,15.0,115.0,16.0,45085|31|1|1
2024,51029,1,1,1,47.0,34.0,98.0,19.0,51029|1|1|1
2025,28049,2,2,1,139.0,85.0,72.0,17.0,28049|2|2|1
2025,36103,2,1,1,36.0,20.0,729.0,273.0,36103|2|1|1
2025,36067,2,2,1,136.0,59.0,1222.0,270.0,36067|2|2|1
2025,36111,1,1,1,63.0,14.0,977.0,131.0,36111|1|1|1
2018,47047,1,1,1,124.0,30.0,609.0,36.0,47047|1|1|1
2018,47125,31,1,1,113.0,39.0,491.0,144.0,47125|31|1|1
2019,40109,31,1,1,234.0,81.0,1917.0,397.0,40109|31|1|1
2020,01003,1,1,1,259.0,106.0,5157.0,680.0,01003|1|1|1
2020,01089,1,1,1,1197.0,152.0,6175.0,354.0,01089|1|1|1
2020,28073,1,1,1,207.0,61.0,871.0,131.0,28073|1|1|1
2020,28075,1,1,1,200.0,66.0,454.0,91.0,28075|1|1|1
2020,01089,2,1,1,46.0,28.0,254.0,60.0,01089|2|1|1
2020,25013,31,1,1,267.0,68.0,4612.0,642.0,25013|31|1|1
2021,28121,31,1,1,318.0,76.0,2024.0,246.0,28121|31|1|1
2022,01103,1,1,1,150.0,31.0,1522.0,273.0,01103|1|1|1
2022,01097,2,1,1,92.0,63.0,204.0,82.0,01097|2|1|1
2022,01023,1,1,1,41.0,29.0,51.0,19.0,01023|1|1|1
2022,11001,2,1,1,130.0,83.0,72.0,34.0,11001|2|1|1
2022,11001,32,2,1,84.0,29.0,114.0,29.0,11001|32|2|1
2022,49011,1,1,1,52.0,4.0,4039.0,362.0,49011|1|1|1
2023,06037,31,1,1,504.0,159.0,2393.0,638.0,06037|31|1|1
2023,18097,32,1,1,740.0,315.0,1650.0,460.0,18097|32|1|1
2023,18097,4,1,1,84.0,54.0,432.0,188.0,18097|4|1|1
2023,22083,1,1,1,100.0,76.0,183.0,94.0,22083|1|1|1
2022,45015,1,1,1,1279.0,497.0,4321.0,512.0,45015|1|1|1
2022,45071,1,1,1,109.0,66.0,349.0,63.0,45071|1|1|1
2022,45091,32,1,1,463.0,160.0,1845.0,345.0,45091|32|1|1
2022,45069,1,1,1,129.0,98.0,105.0,38.0,45069|1|1|1
2024,01117,1,1,1,492.0,98.0,2527.0,248.0,01117|1|1|1
2024,28049,4,2,1,199.0,122.0,146.0,47.0,28049|4|2|1
2024,36071,1,1,1,415.0,70.0,1959.0,253.0,36071|1|1|1
2024,36081,1,1,1,882.0,176.0,2383.0,402.0,36081|1|1|1
2024,36119,2,2,1,195.0,123.0,997.0,394.0,36119|2|2|1
2024,42017,2,2,1,69.0,34.0,1953.0,486.0,42017|2|2|1
2024,42045,2,1,1,136.0,99.0,333.0,116.0,42045|2|1|1
2025,24033,31,2,1,295.0,130.0,70.0,24.0,24033|31|2|1
2025,42043,2,2,1,115.0,64.0,729.0,186.0,42043|2|2|1
2025,53053,31,1,1,233.0,57.0,1882.0,278.0,53053|31|1|1
2018,18039,1,1,1,72.0,17.0,2849.0,320.0,18039|1|1|1
2018,18089,2,2,1,118.0,80.0,783.0,299.0,18089|2|2|1
2018,25025,31,1,1,282.0,127.0,1171.0,269.0,25025|31|1|1
2018,25017,1,1,1,396.0,58.0,10889.0,627.0,25017|1|1|1
2018,34039,31,1,1,256.0,116.0,901.0,280.0,34039|31|1|1
2019,22073,1,1,1,306.0,115.0,1246.0,183.0,22073|1|1|1
2020,46099,1,1,1,110.0,12.0,3313.0,179.0,46099|1|1|1
2021,21067,32,1,1,165.0,40.0,1978.0,238.0,21067|32|1|1
2021,45011,1,1,1,114.0,74.0,179.0,49.0,45011|1|1|1
2023,05091,1,1,1,55.0,25.0,349.0,130.0,05091|1|1|1
2023,11001,2,2,1,431.0,263.0,447.0,164.0,11001|2|2|1
2024,27123,32,1,1,49.0,26.0,415.0,103.0,27123|32|1|1
2023,45091,1,1,1,619.0,142.0,2941.0,269.0,45091|1|1|1
2023,45045,2,2,1,138.0,79.0,1022.0,329.0,45045|2|2|1
2023,53053,1,1,1,764.0,93.0,5575.0,463.0,53053|1|1|1
2023,53061,2,2,1,109.0,59.0,2077.0,613.0,53061|2|2|1
2024,72031,1,1,1,110.0,13.0,684.0,132.0,72031|1|1|1
2025,27163,1,1,1,299.0,34.0,2653.0,136.0,27163|1|1|1
2025,04013,32,1,3,104.0,44.0,1108.0,275.0,04013|32|1|3
2019,20177,1,1,1,87.0,13.0,1867.0,148.0,20177|1|1|1
2019,31109,1,1,1,74.0,9.0,3821.0,155.0,31109|1|1|1
2019,45089,1,1,1,199.0,135.0,100.0,39.0,45089|1|1|1
2018,06037,31,2,1,229.0,111.0,3698.0,1489.0,06037|31|2|1
2018,06077,1,1,1,608.0,105.0,4731.0,479.0,06077|1|1|1
2018,17097,31,1,1,94.0,37.0,2252.0,561.0,17097|31|1|1
2018,12033,31,1,1,98.0,58.0,511.0,171.0,12033|31|1|1
2018,12057,31,2,1,34.0,20.0,517.0,151.0,12057|31|2|1
2018,12009,1,1,3,27.0,7.0,376.0,58.0,12009|1|1|3
2018,12061,1,1,1,104.0,18.0,2288.0,284.0,12061|1|1|1
2018,20209,32,1,1,96.0,47.0,342.0,104.0,20209|32|1|1
2018,21111,31,1,1,371.0,148.0,2098.0,503.0,21111|31|1|1
2018,24005,32,1,1,783.0,405.0,1885.0,557.0,24005|32|1|1
2018,24510,32,1,3,129.0,51.0,125.0,39.0,24510|32|1|3
2018,24015,1,1,1,84.0,10.0,1135.0,128.0,24015|1|1|1
2018,29189,2,1,1,135.0,97.0,635.0,160.0,29189|2|1|1
2018,29095,1,2,1,38.0,10.0,176.0,40.0,29095|1|2|1
2018,36059,4,2,1,211.0,161.0,1991.0,1085.0,36059|4|2|1
2018,39095,31,1,1,105.0,57.0,1188.0,334.0,39095|31|1|1
2018,39165,1,1,1,84.0,10.0,3709.0,248.0,39165|1|1|1
2018,42133,31,1,1,50.0,28.0,2301.0,627.0,42133|31|1|1
2018,42007,1,1,1,50.0,10.0,1673.0,156.0,42007|1|1|1
2018,42101,32,2,1,355.0,208.0,739.0,267.0,42101|32|2|1
2018,48091,1,1,1,78.0,13.0,2865.0,380.0,48091|1|1|1
2018,48485,1,1,1,54.0,7.0,1161.0,98.0,48485|1|1|1
2019,04013,1,1,1,2810.0,419.0,61484.0,4921.0,04013|1|1|1
2019,06037,32,1,1,5217.0,1540.0,35306.0,6596.0,06037|32|1|1
2019,06095,32,1,1,551.0,180.0,2568.0,500.0,06095|32|1|1
2019,12057,4,1,1,80.0,49.0,935.0,469.0,12057|4|1|1
2019,13179,1,1,1,347.0,61.0,522.0,53.0,13179|1|1|1
2019,21227,1,1,1,79.0,12.0,1407.0,158.0,21227|1|1|1
2019,26125,1,1,1,1381.0,259.0,14375.0,1304.0,26125|1|1|1
2019,29189,31,1,1,724.0,264.0,7338.0,686.0,29189|31|1|1
2019,34007,31,1,1,318.0,133.0,1940.0,395.0,34007|31|1|1
2019,42045,1,1,1,1181.0,188.0,3966.0,235.0,42045|1|1|1
2019,42007,1,1,1,69.0,11.0,1652.0,147.0,42007|1|1|1
2019,42101,4,1,1,394.0,265.0,463.0,222.0,42101|4|1|1
2019,48199,1,1,1,29.0,15.0,973.0,286.0,48199|1|1|1
2019,48201,31,1,3,160.0,39.0,622.0,116.0,48201|31|1|3
2019,48039,2,2,1,66.0,54.0,208.0,112.0,48039|2|2|1
2019,51083,1,1,1,49.0,20.0,173.0,20.0,51083|1|1|1
2019,47125,1,1,1,887.0,118.0,3903.0,293.0,47125|1|1|1
2019,10003,31,1,1,711.0,191.0,2605.0,373.0,10003|31|1|1
2019,12011,32,1,3,136.0,62.0,454.0,133.0,12011|32|1|3
2019,12095,32,1,3,69.0,23.0,325.0,103.0,12095|32|1|3
2019,12105,1,1,3,64.0,15.0,650.0,84.0,12105|1|1|3
2019,13087,1,1,1,88.0,43.0,157.0,52.0,13087|1|1|1
2019,13121,31,1,3,153.0,56.0,171.0,33.0,13121|31|1|3
2019,25005,1,1,1,606.0,95.0,5223.0,433.0,25005|1|1|1
2019,36119,31,1,1,211.0,69.0,2488.0,518.0,36119|31|1|1
2019,36059,32,2,1,61.0,25.0,754.0,236.0,36059|32|2|1
2019,39035,2,1,1,439.0,317.0,1041.0,402.0,39035|2|1|1
2019,42101,32,2,1,383.0,205.0,760.0,277.0,42101|32|2|1
2020,06077,31,1,1,1080.0,209.0,10281.0,1286.0,06077|31|1|1
2020,12011,32,1,3,127.0,47.0,499.0,193.0,12011|32|1|3
2020,22087,1,1,1,193.0,33.0,382.0,34.0,22087|1|1|1
2020,22071,32,1,1,425.0,177.0,1098.0,180.0,22071|32|1|1
2020,22051,31,1,1,638.0,175.0,4026.0,509.0,22051|31|1|1
2020,26145,1,1,1,166.0,36.0,1761.0,153.0,26145|1|1|1
2020,37109,1,1,1,91.0,18.0,1551.0,149.0,37109|1|1|1
2020,40109,4,2,1,42.0,30.0,432.0,204.0,40109|4|2|1
2020,42095,32,1,1,36.0,12.0,1225.0,194.0,42095|32|1|1
2020,48453,2,2,1,39.0,25.0,1074.0,414.0,48453|2|2|1
2020,48139,32,1,1,65.0,19.0,1109.0,150.0,48139|32|1|1
2020,06071,4,2,1,76.0,51.0,906.0,508.0,06071|4|2|1
2020,12089,1,1,1,150.0,46.0,2065.0,318.0,12089|1|1|1
2020,12083,2,1,1,30.0,18.0,424.0,206.0,12083|2|1|1
2020,12083,2,2,1,38.0,29.0,497.0,255.0,12083|2|2|1
2020,26161,2,2,1,37.0,22.0,369.0,103.0,26161|2|2|1
2020,37001,2,2,1,28.0,13.0,227.0,67.0,37001|2|2|1
2020,34027,1,1,1,191.0,23.0,5132.0,328.0,34027|1|1|1
2020,36055,32,1,1,74.0,31.0,2718.0,296.0,36055|32|1|1
2020,36067,31,1,1,106.0,39.0,3147.0,432.0,36067|31|1|1
2020,36059,1,1,1,1303.0,232.0,7372.0,684.0,36059|1|1|1
2020,36081,2,2,1,350.0,278.0,539.0,357.0,36081|2|2|1
2020,36027,2,2,1,32.0,20.0,502.0,220.0,36027|2|2|1
2020,42101,1,1,3,201.0,37.0,565.0,63.0,42101|1|1|3
2020,42043,2,2,1,44.0,26.0,541.0,165.0,42043|2|2|1
2020,48113,1,1,3,86.0,16.0,706.0,64.0,48113|1|1|3
2020,51041,1,1,1,1635.0,213.0,4866.0,264.0,51041|1|1|1
2020,51087,4,2,1,115.0,76.0,351.0,134.0,51087|4|2|1
2020,51760,4,2,1,47.0,34.0,171.0,60.0,51760|4|2|1
2021,08101,1,1,1,72.0,8.0,2664.0,244.0,08101|1|1|1
2021,12111,1,1,3,79.0,13.0,287.0,41.0,12111|1|1|3
2021,13247,31,1,1,1080.0,273.0,276.0,54.0,13247|31|1|1
2021,13117,1,1,1,167.0,25.0,3091.0,214.0,13117|1|1|1
2021,17097,32,1,1,179.0,66.0,4113.0,610.0,17097|32|1|1
2021,20091,1,1,1,274.0,24.0,8142.0,257.0,20091|1|1|1
2021,29189,1,1,1,2455.0,368.0,10126.0,469.0,29189|1|1|1
2020,51087,2,2,1,114.0,69.0,412.0,178.0,51087|2|2|1
2021,06085,2,2,1,36.0,18.0,1377.0,384.0,06085|2|2|1
2021,13151,32,1,1,1412.0,470.0,1246.0,252.0,13151|32|1|1
2021,13151,4,2,1,159.0,111.0,101.0,49.0,13151|4|2|1
2021,34005,4,2,1,53.0,33.0,462.0,234.0,34005|4|2|1
2021,36005,1,1,1,849.0,166.0,1267.0,160.0,36005|1|1|1
2021,36087,1,1,1,379.0,51.0,2582.0,195.0,36087|1|1|1
2021,39153,2,2,1,78.0,47.0,1098.0,357.0,39153|2|2|1
2021,39041,1,1,1,154.0,18.0,3147.0,148.0,39041|1|1|1
2021,47157,31,1,3,109.0,24.0,469.0,45.0,47157|31|1|3
2021,48041,1,1,1,214.0,80.0,2658.0,304.0,48041|1|1|1
2021,48029,1,1,3,78.0,12.0,1129.0,107.0,48029|1|1|3
2021,51041,32,1,1,928.0,275.0,3242.0,443.0,51041|32|1|1
2021,51085,1,1,1,161.0,28.0,1663.0,86.0,51085|1|1|1
2021,55079,4,2,1,199.0,124.0,1037.0,247.0,55079|4|2|1
2022,06071,2,2,1,326.0,183.0,3001.0,1398.0,06071|2|2|1
2022,06095,31,1,1,177.0,50.0,571.0,121.0,06095|31|1|1
2022,12009,31,1,1,161.0,59.0,1534.0,392.0,12009|31|1|1
2022,12033,32,1,1,292.0,96.0,1492.0,389.0,12033|32|1|1
2022,13113,32,1,1,350.0,130.0,471.0,95.0,13113|32|1|1
2022,13067,31,1,1,510.0,152.0,1151.0,192.0,13067|31|1|1
2022,13185,1,1,1,429.0,104.0,1127.0,109.0,13185|1|1|1
2022,28047,1,1,1,528.0,147.0,2232.0,389.0,28047|1|1|1
2022,39109,1,1,1,42.0,5.0,1441.0,69.0,39109|1|1|1
2022,39049,1,1,3,119.0,14.0,612.0,47.0,39049|1|1|3
2022,51179,1,1,1,672.0,96.0,1741.0,134.0,51179|1|1|1
2023,12099,1,1,1,2141.0,506.0,10417.0,1510.0,12099|1|1|1
2023,12057,1,1,3,85.0,17.0,624.0,114.0,12057|1|1|3
2023,13089,1,1,1,2656.0,563.0,3062.0,177.0,13089|1|1|1
2023,13113,32,1,1,169.0,78.0,173.0,45.0,13113|32|1|1
2022,36067,31,1,1,38.0,11.0,893.0,169.0,36067|31|1|1
2022,39061,32,1,3,82.0,25.0,249.0,50.0,39061|32|1|3
2022,48113,2,1,1,243.0,176.0,760.0,381.0,48113|2|1|1
2022,48113,4,1,1,195.0,141.0,787.0,340.0,48113|4|1|1
2023,12011,1,2,1,304.0,90.0,782.0,258.0,12011|1|2|1
2023,12097,4,2,1,161.0,118.0,1085.0,704.0,12097|4|2|1
2023,13135,1,2,1,76.0,28.0,100.0,34.0,13135|1|2|1
2023,13153,2,2,1,98.0,44.0,227.0,52.0,13153|2|2|1
2023,26025,1,1,1,86.0,20.0,1229.0,172.0,26025|1|1|1
2023,29051,1,1,1,45.0,6.0,684.0,27.0,29051|1|1|1
2023,34003,32,1,1,61.0,31.0,607.0,204.0,34003|32|1|1
2023,34015,31,1,1,25.0,7.0,230.0,57.0,34015|31|1|1
2023,34007,4,2,1,194.0,116.0,968.0,424.0,34007|4|2|1
2023,34003,4,2,1,121.0,76.0,1267.0,633.0,34003|4|2|1
2023,39061,1,1,1,1184.0,189.0,5441.0,314.0,39061|1|1|1
2023,39095,1,1,1,434.0,78.0,2928.0,295.0,39095|1|1|1
2023,39153,4,1,1,58.0,37.0,482.0,202.0,39153|4|1|1
2023,39095,2,2,1,91.0,50.0,790.0,286.0,39095|2|2|1
2023,39061,4,1,1,104.0,69.0,451.0,169.0,39061|4|1|1
2023,42017,32,1,1,39.0,22.0,900.0,265.0,42017|32|1|1
2023,42045,2,1,1,125.0,80.0,289.0,122.0,42045|2|1|1
2023,42101,32,1,3,271.0,125.0,214.0,53.0,42101|32|1|3
2023,51550,31,1,1,68.0,27.0,129.0,31.0,51550|31|1|1
2023,51031,1,1,1,58.0,20.0,460.0,83.0,51031|1|1|1
2023,51800,31,1,1,37.0,11.0,51.0,9.0,51800|31|1|1
2024,06001,32,1,1,164.0,69.0,437.0,103.0,06001|32|1|1
2024,12031,31,2,1,44.0,26.0,172.0,66.0,12031|31|2|1
2024,13089,4,1,1,188.0,109.0,117.0,45.0,13089|4|1|1
2023,34039,2,1,1,43.0,33.0,133.0,61.0,34039|2|1|1
2023,39017,2,2,1,97.0,45.0,834.0,286.0,39017|2|2|1
2018,01115,1,1,1,167.0,42.0,1495.0,226.0,01115|1|1|1
2018,01003,32,1,1,48.0,28.0,907.0,299.0,01003|32|1|1
2018,06067,31,1,1,437.0,150.0,3683.0,915.0,06067|31|1|1
2018,06019,1,1,1,266.0,39.0,6927.0,584.0,06019|1|1|1
2018,06071,32,1,1,1160.0,438.0,9716.0,2530.0,06071|32|1|1
2018,06001,1,1,1,443.0,76.0,4075.0,361.0,06001|1|1|1
2018,08035,1,1,1,104.0,20.0,6808.0,483.0,08035|1|1|1
2018,08005,1,1,1,727.0,100.0,8259.0,593.0,08005|1|1|1
2018,08031,4,2,1,156.0,95.0,2001.0,812.0,08031|4|2|1
2018,51087,2,1,1,70.0,44.0,153.0,61.0,51087|2|1|1
2018,12083,1,1,1,486.0,158.0,5126.0,862.0,12083|1|1|1
2018,12095,2,1,1,146.0,113.0,743.0,385.0,12095|2|1|1
2018,36047,1,1,1,968.0,218.0,4359.0,580.0,36047|1|1|1
2018,36059,2,1,1,80.0,51.0,960.0,426.0,36059|2|1|1
2018,36047,2,2,1,803.0,639.0,1435.0,801.0,36047|2|2|1
2018,36027,2,2,1,43.0,34.0,740.0,356.0,36027|2|2|1
2018,39139,1,1,1,32.0,5.0,1358.0,106.0,39139|1|1|1
2018,42101,4,1,1,398.0,276.0,444.0,225.0,42101|4|1|1
2018,48141,31,1,1,68.0,23.0,1566.0,659.0,48141|31|1|1
2018,48085,4,2,1,138.0,104.0,1255.0,731.0,48085|4|2|1
2018,12011,32,2,1,75.0,39.0,461.0,160.0,12011|32|2|1
2018,48157,2,1,1,93.0,61.0,218.0,125.0,48157|2|1|1
2019,12086,4,1,1,160.0,114.0,1529.0,954.0,12086|4|1|1
2019,12095,31,2,1,52.0,31.0,419.0,169.0,12095|31|2|1
2019,12097,2,2,1,77.0,63.0,482.0,300.0,12097|2|2|1
2019,13067,2,1,1,84.0,61.0,440.0,175.0,13067|2|1|1
2019,34035,1,1,1,301.0,41.0,2408.0,189.0,34035|1|1|1
2019,36007,1,1,1,55.0,13.0,1345.0,130.0,36007|1|1|1
2019,39151,1,1,1,141.0,18.0,4249.0,272.0,39151|1|1|1
2019,39095,31,1,1,144.0,50.0,1896.0,366.0,39095|31|1|1
2019,42091,4,2,1,128.0,70.0,1648.0,639.0,42091|4|2|1
2019,48201,1,1,3,222.0,54.0,1522.0,168.0,48201|1|1|3
2019,48139,1,1,1,703.0,107.0,2700.0,272.0,48139|1|1|1
2019,51087,1,1,1,934.0,116.0,2800.0,121.0,51087|1|1|1
2019,51179,32,1,1,237.0,94.0,721.0,141.0,51179|32|1|1
2019,51041,32,1,1,538.0,231.0,1573.0,312.0,51041|32|1|1
2019,51199,1,1,1,100.0,8.0,862.0,40.0,51199|1|1|1
2019,01073,31,1,1,941.0,387.0,2342.0,465.0,01073|31|1|1
2019,06031,1,1,1,42.0,4.0,1130.0,89.0,06031|1|1|1
2019,06013,1,2,1,127.0,29.0,566.0,73.0,06013|1|2|1
2019,12086,1,1,3,102.0,29.0,1990.0,342.0,12086|1|1|3
2020,12109,1,1,1,347.0,78.0,7435.0,747.0,12109|1|1|1
2020,26065,4,2,1,29.0,9.0,428.0,69.0,26065|4|2|1
2020,40109,1,1,1,820.0,155.0,8141.0,720.0,40109|1|1|1
2020,42003,31,1,1,583.0,176.0,16125.0,2311.0,42003|31|1|1
2020,48201,2,2,1,282.0,213.0,1890.0,1049.0,48201|2|2|1
2020,18089,2,2,1,68.0,41.0,614.0,249.0,18089|2|2|1
2020,24005,1,1,3,49.0,12.0,256.0,24.0,24005|1|1|3
2020,37133,1,1,1,351.0,55.0,3645.0,308.0,37133|1|1|1
2020,34015,31,1,1,381.0,85.0,5336.0,679.0,34015|31|1|1
2020,34013,1,1,1,1892.0,410.0,3833.0,386.0,34013|1|1|1
2020,34031,2,2,1,43.0,33.0,395.0,192.0,34031|2|2|1
2020,36103,32,1,1,309.0,80.0,8382.0,1243.0,36103|32|1|1
2020,48491,31,1,1,742.0,160.0,11157.0,1255.0,48491|31|1|1
2020,48167,31,1,1,393.0,88.0,5116.0,873.0,48167|31|1|1
2020,48027,31,1,1,1358.0,259.0,3496.0,592.0,48027|31|1|1
2021,06059,32,1,1,349.0,59.0,22140.0,2491.0,06059|32|1|1
2021,06059,1,1,1,291.0,43.0,14688.0,1309.0,06059|1|1|1
2021,06077,1,2,1,104.0,11.0,440.0,49.0,06077|1|2|1
2021,13035,1,1,1,131.0,31.0,368.0,47.0,13035|1|1|1
2021,13225,1,1,1,172.0,36.0,223.0,34.0,13225|1|1|1
2021,19013,1,1,1,91.0,8.0,1844.0,98.0,19013|1|1|1
2021,29095,1,1,1,1215.0,170.0,8041.0,458.0,29095|1|1|1
2021,37051,4,2,1,39.0,24.0,145.0,58.0,37051|4|2|1
2020,51107,2,2,1,61.0,28.0,942.0,304.0,51107|2|2|1
2020,53033,2,2,1,193.0,100.0,4069.0,1237.0,53033|2|2|1
2021,06077,2,2,1,63.0,35.0,439.0,181.0,06077|2|2|1
2021,06085,1,1,1,132.0,21.0,4057.0,312.0,06085|1|1|1
2021,12031,2,2,1,193.0,145.0,825.0,399.0,12031|2|2|1
2021,25013,1,1,1,591.0,75.0,4098.0,266.0,25013|1|1|1
2021,37131,1,1,1,119.0,78.0,81.0,17.0,37131|1|1|1
2021,34035,2,2,1,46.0,23.0,401.0,160.0,34035|2|2|1
2021,51760,32,1,3,64.0,17.0,123.0,22.0,51760|32|1|3
2022,06095,1,1,1,524.0,72.0,2147.0,177.0,06095|1|1|1
2022,12011,32,2,1,182.0,91.0,548.0,175.0,12011|32|2|1
2022,13015,32,1,1,87.0,38.0,716.0,168.0,13015|32|1|1
2022,19113,1,1,1,186.0,23.0,3157.0,124.0,19113|1|1|1
2021,36081,2,2,1,337.0,265.0,403.0,261.0,36081|2|2|1
2021,42049,1,1,1,115.0,15.0,2445.0,227.0,42049|1|1|1
2021,48245,31,1,1,376.0,113.0,1044.0,177.0,48245|31|1|1
2021,48439,2,1,1,159.0,91.0,857.0,336.0,48439|2|1|1
2021,48121,2,2,1,99.0,61.0,840.0,364.0,48121|2|2|1
2021,51650,4,2,1,37.0,19.0,61.0,33.0,51650|4|2|1
2022,04013,4,2,1,515.0,299.0,9333.0,4148.0,04013|4|2|1
2022,13215,4,1,1,30.0,21.0,55.0,21.0,13215|4|1|1
2022,13001,1,1,1,54.0,46.0,165.0,85.0,13001|1|1|1
2022,28049,32,1,1,392.0,208.0,173.0,57.0,28049|32|1|1
2022,36059,2,2,1,586.0,392.0,2730.0,1140.0,36059|2|2|1
2022,39113,1,1,1,747.0,133.0,4752.0,437.0,39113|1|1|1
2022,39155,1,1,1,108.0,24.0,1759.0,166.0,39155|1|1|1
2022,42091,31,1,1,204.0,65.0,2239.0,389.0,42091|31|1|1
2022,48135,1,1,1,95.0,26.0,2875.0,1121.0,48135|1|1|1
2022,51041,2,2,1,342.0,205.0,928.0,332.0,51041|2|2|1
2023,01125,32,1,1,153.0,84.0,210.0,68.0,01125|32|1|1
2023,01073,32,1,3,52.0,25.0,68.0,23.0,01073|32|1|3
2023,08001,32,1,1,49.0,26.0,965.0,387.0,08001|32|1|1
2023,12021,32,1,1,26.0,13.0,513.0,184.0,12021|32|1|1
2023,13131,1,1,1,116.0,100.0,180.0,74.0,13131|1|1|1
2023,21093,32,1,1,54.0,19.0,282.0,81.0,21093|32|1|1
2022,42091,4,1,1,31.0,17.0,481.0,152.0,42091|4|1|1
2022,42101,2,1,1,938.0,569.0,562.0,259.0,42101|2|1|1
2022,42091,31,2,1,52.0,19.0,1003.0,198.0,42091|31|2|1
2022,48085,2,2,1,235.0,138.0,1682.0,741.0,48085|2|2|1
2023,12011,31,1,3,52.0,31.0,93.0,40.0,12011|31|1|3
2023,12019,32,1,1,122.0,58.0,638.0,241.0,12019|32|1|1
2023,26049,32,1,1,123.0,59.0,749.0,223.0,26049|32|1|1
2023,27139,1,1,1,105.0,7.0,1301.0,64.0,27139|1|1|1
2023,39109,1,1,1,33.0,3.0,1138.0,89.0,39109|1|1|1
2023,39049,32,1,3,73.0,26.0,146.0,40.0,39049|32|1|3
2023,48441,1,1,1,114.0,23.0,1401.0,173.0,48441|1|1|1
2023,48367,1,1,1,62.0,19.0,2709.0,476.0,48367|1|1|1
2023,48203,1,1,1,185.0,116.0,678.0,203.0,48203|1|1|1
2023,51109,1,1,1,57.0,23.0,474.0,66.0,51109|1|1|1
2023,55105,1,1,1,42.0,11.0,1624.0,151.0,55105|1|1|1
2024,12019,32,1,1,140.0,59.0,650.0,225.0,12019|32|1|1
2024,12107,1,1,1,90.0,45.0,693.0,199.0,12107|1|1|1
2024,13245,32,1,1,319.0,132.0,169.0,56.0,13245|32|1|1
2024,13153,2,2,1,82.0,26.0,219.0,49.0,13153|2|2|1
2024,17161,1,1,1,148.0,22.0,1096.0,96.0,17161|1|1|1
2024,17031,4,1,3,48.0,26.0,98.0,48.0,17031|4|1|3
2023,42043,2,2,1,139.0,79.0,804.0,250.0,42043|2|2|1
2023,51087,2,2,1,296.0,197.0,538.0,199.0,51087|2|2|1
2024,06077,2,2,1,104.0,56.0,556.0,214.0,06077|2|2|1
2024,06095,4,2,1,146.0,83.0,500.0,201.0,06095|4|2|1
2024,12105,2,1,1,54.0,38.0,440.0,258.0,12105|2|1|1
2024,13015,1,1,1,156.0,21.0,1257.0,125.0,13015|1|1|1
2018,06077,4,2,1,81.0,59.0,670.0,385.0,06077|4|2|1
2018,06013,1,1,1,727.0,99.0,6474.0,582.0,06013|1|1|1
2018,24510,2,1,1,247.0,197.0,143.0,88.0,24510|2|1|1
2018,24005,32,2,1,72.0,37.0,178.0,45.0,24005|32|2|1
2018,36103,2,2,1,207.0,158.0,3789.0,2086.0,36103|2|2|1
2018,36081,2,1,1,170.0,105.0,459.0,270.0,36081|2|1|1
2018,39061,32,1,1,437.0,231.0,1926.0,539.0,39061|32|1|1
2018,39099,1,1,1,102.0,20.0,2136.0,196.0,39099|1|1|1
2018,39133,1,1,1,58.0,9.0,1890.0,220.0,39133|1|1|1
2018,42029,1,1,1,193.0,43.0,5377.0,394.0,42029|1|1|1
2018,42045,2,1,1,103.0,72.0,496.0,213.0,42045|2|1|1
2018,42091,4,1,1,29.0,18.0,577.0,215.0,42091|4|1|1
2018,48201,2,2,1,528.0,447.0,2732.0,1633.0,48201|2|2|1
2018,55079,31,2,1,59.0,24.0,596.0,116.0,55079|31|2|1
2018,01035,1,1,1,32.0,27.0,49.0,22.0,01035|1|1|1
2018,48141,1,1,1,318.0,42.0,7901.0,1105.0,48141|1|1|1
2019,12127,2,2,1,61.0,49.0,1129.0,580.0,12127|2|2|1
2019,13067,4,2,1,363.0,242.0,1178.0,520.0,13067|4|2|1
2019,13223,1,1,1,855.0,126.0,2417.0,177.0,13223|1|1|1
2019,13183,1,1,1,109.0,31.0,232.0,52.0,13183|1|1|1
2019,21015,1,1,1,58.0,7.0,2269.0,190.0,21015|1|1|1
2019,34013,31,2,1,48.0,31.0,403.0,154.0,34013|31|2|1
2019,34001,1,1,1,231.0,36.0,2300.0,229.0,34001|1|1|1
2019,42091,32,1,1,246.0,109.0,2946.0,569.0,42091|32|1|1
2019,42045,2,2,1,192.0,133.0,1179.0,438.0,42045|2|2|1
2019,48113,1,1,3,95.0,17.0,834.0,75.0,48113|1|1|3
2019,06013,4,2,1,144.0,103.0,1558.0,662.0,06013|4|2|1
2019,06001,31,2,1,71.0,32.0,723.0,218.0,06001|31|2|1
2019,10003,32,1,1,386.0,174.0,1478.0,366.0,10003|32|1|1
2019,12011,1,1,1,5604.0,1092.0,16294.0,2253.0,12011|1|1|1
2019,13145,1,1,1,64.0,11.0,486.0,26.0,13145|1|1|1
2019,48453,2,2,1,69.0,52.0,1237.0,576.0,48453|2|2|1
2019,51730,1,1,1,136.0,31.0,73.0,8.0,51730|1|1|1
2020,12071,31,1,1,483.0,149.0,10869.0,2156.0,12071|31|1|1
2020,12113,1,1,1,265.0,49.0,4166.0,533.0,12113|1|1|1
2020,18063,32,1,1,53.0,14.0,1600.0,174.0,18063|32|1|1
2020,42089,31,1,1,230.0,70.0,1495.0,333.0,42089|31|1|1
2020,42129,1,1,1,74.0,15.0,3800.0,354.0,42129|1|1|1
2020,47157,31,1,1,2616.0,727.0,7360.0,688.0,47157|31|1|1
2020,47157,32,1,1,814.0,308.0,2520.0,315.0,47157|32|1|1
2020,47119,32,1,1,32.0,9.0,803.0,115.0,47119|32|1|1
2020,48113,31,1,1,3857.0,1040.0,18424.0,2458.0,48113|31|1|1
2020,48139,1,1,1,1171.0,201.0,3007.0,344.0,48139|1|1|1
2020,48085,31,1,1,1803.0,362.0,17477.0,1885.0,48085|31|1|1
2020,37127,31,1,1,300.0,83.0,699.0,83.0,37127|31|1|1
2020,37085,32,1,1,49.0,18.0,379.0,87.0,37085|32|1|1
2020,34013,31,1,3,102.0,51.0,529.0,117.0,34013|31|1|3
2020,34013,4,2,1,79.0,60.0,357.0,183.0,34013|4|2|1
2020,36005,31,1,1,698.0,185.0,1198.0,242.0,36005|31|1|1
2020,36071,2,2,1,49.0,35.0,425.0,218.0,36071|2|2|1
2020,42133,1,1,1,341.0,57.0,5861.0,490.0,42133|1|1|1
2020,42043,4,2,1,38.0,22.0,406.0,144.0,42043|4|2|1
2020,47149,2,2,1,46.0,32.0,392.0,167.0,47149|2|2|1
2020,48201,32,1,3,164.0,65.0,727.0,174.0,48201|32|1|3
2020,51161,1,1,1,82.0,8.0,1299.0,83.0,51161|1|1|1
2020,51061,1,1,1,46.0,7.0,1088.0,71.0,51061|1|1|1
2020,51700,31,1,1,630.0,107.0,1466.0,182.0,51700|31|1|1
2020,51109,1,1,1,60.0,15.0,658.0,53.0,51109|1|1|1
2021,12083,31,1,1,372.0,115.0,3887.0,776.0,12083|31|1|1
2021,12097,1,1,1,938.0,202.0,6443.0,1005.0,12097|1|1|1
2021,12091,32,1,1,106.0,41.0,1448.0,285.0,12091|32|1|1
2021,13121,1,1,1,5811.0,1012.0,9258.0,481.0,13121|1|1|1
2021,13063,1,1,3,99.0,15.0,56.0,1.0,13063|1|1|3
2021,13135,32,1,1,2742.0,762.0,4930.0,678.0,13135|32|1|1
2021,13039,1,1,1,122.0,25.0,1112.0,81.0,13039|1|1|1
2021,13285,32,1,1,62.0,27.0,292.0,58.0,13285|32|1|1
2021,13245,2,2,1,48.0,36.0,65.0,26.0,13245|2|2|1
2021,26099,1,1,1,2122.0,475.0,10796.0,1321.0,26099|1|1|1
2021,26161,2,2,1,25.0,12.0,428.0,105.0,26161|2|2|1
2021,26021,1,1,1,137.0,40.0,1867.0,238.0,26021|1|1|1
2021,37071,31,1,1,515.0,118.0,3134.0,459.0,37071|31|1|1
2021,37051,2,2,1,57.0,36.0,96.0,44.0,37051|2|2|1
2020,53061,1,1,1,433.0,49.0,8716.0,544.0,53061|1|1|1
2020,55079,1,1,1,1532.0,302.0,7597.0,496.0,55079|1|1|1
2021,25009,1,1,1,425.0,62.0,7443.0,368.0,25009|1|1|1
2021,37117,1,1,1,90.0,46.0,144.0,39.0,37117|1|1|1
2021,34001,31,1,1,267.0,89.0,2913.0,533.0,34001|31|1|1
2021,34035,32,1,1,211.0,51.0,1555.0,241.0,34035|32|1|1
2021,34015,2,2,1,56.0,38.0,680.0,282.0,34015|2|2|1
2021,34013,4,2,1,103.0,80.0,331.0,139.0,34013|4|2|1
2021,42003,4,2,1,91.0,47.0,1731.0,565.0,42003|4|2|1
2021,47037,32,1,1,1501.0,358.0,4906.0,648.0,47037|32|1|1
2021,48157,1,1,1,3487.0,587.0,7519.0,626.0,48157|1|1|1
2021,51153,32,1,1,1098.0,237.0,3193.0,404.0,51153|32|1|1
2021,51710,32,1,1,402.0,149.0,858.0,148.0,51710|32|1|1
2021,51025,1,1,1,49.0,30.0,69.0,8.0,51025|1|1|1
2022,12103,31,1,1,143.0,45.0,2251.0,569.0,12103|31|1|1
2022,12109,32,1,1,136.0,48.0,1987.0,447.0,12109|32|1|1
2022,12051,1,1,1,76.0,29.0,548.0,117.0,12051|1|1|1
2022,12113,1,1,1,197.0,38.0,3360.0,415.0,12113|1|1|1
2022,12031,1,1,3,140.0,41.0,696.0,84.0,12031|1|1|3
2021,42003,1,1,3,42.0,13.0,575.0,48.0,42003|1|1|3
2022,12095,31,2,1,50.0,28.0,352.0,136.0,12095|31|2|1
2022,28089,31,1,1,98.0,31.0,340.0,37.0,28089|31|1|1
2022,48339,1,1,1,1537.0,361.0,11250.0,1743.0,48339|1|1|1
2022,48085,32,1,1,551.0,186.0,3966.0,686.0,48085|32|1|1
2022,51740,32,1,1,294.0,130.0,274.0,71.0,51740|32|1|1
2023,01115,32,1,1,33.0,10.0,185.0,48.0,01115|32|1|1
2023,12097,1,1,1,793.0,157.0,5026.0,972.0,12097|1|1|1
2023,12011,1,1,1,4058.0,1148.0,11686.0,2062.0,12011|1|1|1
2023,12063,1,1,1,122.0,81.0,384.0,159.0,12063|1|1|1
2023,13031,1,1,1,125.0,56.0,554.0,101.0,13031|1|1|1
2022,36047,2,1,1,137.0,80.0,185.0,93.0,36047|2|1|1
2022,48141,32,1,1,64.0,34.0,1862.0,726.0,48141|32|1|1
2022,51650,2,2,1,134.0,60.0,143.0,37.0,51650|2|2|1
2023,01121,32,1,1,56.0,26.0,92.0,29.0,01121|32|1|1
2023,08041,31,1,1,32.0,13.0,436.0,116.0,08041|31|1|1
2023,34025,1,1,1,148.0,38.0,3903.0,390.0,34025|1|1|1
2023,34013,31,1,1,115.0,56.0,201.0,58.0,34013|31|1|1
2023,39035,32,1,1,590.0,303.0,1392.0,425.0,39035|32|1|1
2023,42017,1,1,1,146.0,19.0,4011.0,352.0,42017|1|1|1
2023,42101,4,1,1,364.0,255.0,307.0,159.0,42101|4|1|1
2023,42101,2,1,3,129.0,95.0,65.0,34.0,42101|2|1|3
2023,48231,1,1,1,282.0,71.0,1812.0,316.0,48231|1|1|1
2023,48157,2,1,1,74.0,43.0,141.0,69.0,48157|2|1|1
2023,51041,31,1,1,95.0,31.0,210.0,45.0,51041|31|1|1
2024,06019,1,1,1,186.0,30.0,3605.0,421.0,06019|1|1|1
2024,06073,32,1,3,31.0,15.0,520.0,133.0,06073|32|1|3
2024,08031,31,1,1,61.0,21.0,862.0,144.0,08031|31|1|1
2024,12111,32,1,1,282.0,144.0,801.0,274.0,12111|32|1|1
2024,12119,1,1,1,53.0,9.0,2163.0,154.0,12119|1|1|1
2024,13135,31,1,1,546.0,216.0,529.0,111.0,13135|31|1|1
2023,48085,2,2,1,244.0,160.0,1428.0,724.0,48085|2|2|1
2023,55079,2,2,1,323.0,195.0,1847.0,413.0,55079|2|2|1
2024,12073,31,1,1,59.0,15.0,165.0,31.0,12073|31|1|1
2024,13097,1,1,1,1035.0,221.0,508.0,60.0,13097|1|1|1
2024,13275,1,1,1,127.0,85.0,349.0,92.0,13275|1|1|1
2024,13121,1,1,3,248.0,59.0,293.0,37.0,13121|1|1|3
2024,37063,1,1,1,402.0,62.0,1954.0,85.0,37063|1|1|1
2024,37085,32,1,1,126.0,60.0,338.0,98.0,37085|32|1|1
2024,37051,1,2,1,90.0,10.0,100.0,11.0,37051|1|2|1
2024,48113,32,1,3,118.0,45.0,340.0,96.0,48113|32|1|3
2024,55025,2,2,1,45.0,17.0,1501.0,176.0,55025|2|2|1
2025,06001,2,2,1,121.0,54.0,752.0,228.0,06001|2|2|1
2025,12107,1,1,1,99.0,49.0,778.0,230.0,12107|1|1|1
2025,12095,1,1,1,1725.0,377.0,8049.0,1107.0,12095|1|1|1
2025,12097,1,1,2,34.0,11.0,259.0,48.0,12097|1|1|2
2025,13135,1,1,1,1868.0,342.0,3672.0,374.0,13135|1|1|1
2025,13121,1,1,3,296.0,73.0,279.0,33.0,13121|1|1|3
2025,13051,4,2,1,160.0,98.0,405.0,166.0,13051|4|2|1
2025,13113,31,1,1,103.0,30.0,198.0,41.0,13113|31|1|1
2024,32003,1,2,1,156.0,32.0,694.0,145.0,32003|1|2|1
2024,48257,1,1,1,1441.0,271.0,2569.0,412.0,48257|1|1|1
2025,06071,32,1,3,60.0,15.0,529.0,129.0,06071|32|1|3
2025,12075,1,1,1,66.0,31.0,589.0,168.0,12075|1|1|1
2025,13305,1,1,1,53.0,24.0,279.0,63.0,13305|1|1|1
2025,72127,1,1,1,101.0,26.0,1461.0,285.0,72127|1|1|1
2025,39093,1,1,1,191.0,40.0,3385.0,307.0,39093|1|1|1
2025,48039,1,1,1,1185.0,302.0,3366.0,675.0,48039|1|1|1
2025,48453,31,1,1,97.0,38.0,1413.0,333.0,48453|31|1|1
2025,48245,31,1,1,91.0,41.0,225.0,68.0,48245|31|1|1
2025,51760,31,1,1,82.0,23.0,236.0,35.0,51760|31|1|1
2018,18097,32,1,1,787.0,408.0,3041.0,871.0,18097|32|1|1
2018,13245,1,1,3,44.0,10.0,108.0,10.0,13245|1|1|3
2018,13075,1,1,1,31.0,24.0,125.0,47.0,13075|1|1|1
2018,45015,32,1,1,227.0,112.0,870.0,283.0,45015|32|1|1
2018,17089,1,1,1,230.0,33.0,6414.0,505.0,17089|1|1|1
2018,26145,32,1,1,83.0,50.0,476.0,127.0,26145|32|1|1
2018,37183,1,2,1,61.0,9.0,297.0,57.0,37183|1|2|1
2018,37097,31,1,1,64.0,21.0,739.0,168.0,37097|31|1|1
2018,37051,1,1,3,47.0,11.0,101.0,23.0,37051|1|1|3
2018,37141,1,1,1,86.0,36.0,1048.0,129.0,37141|1|1|1
2018,37025,1,1,1,692.0,112.0,2591.0,239.0,37025|1|1|1
2018,32003,31,2,1,35.0,13.0,559.0,237.0,32003|31|2|1
2018,51760,2,2,1,130.0,98.0,340.0,111.0,51760|2|2|1
2019,24510,4,2,1,315.0,251.0,203.0,109.0,24510|4|2|1
2019,37063,2,2,1,236.0,138.0,542.0,163.0,37063|2|2|1
2019,37097,31,1,1,117.0,25.0,1256.0,221.0,37097|31|1|1
2019,37085,31,1,1,176.0,36.0,632.0,99.0,37085|31|1|1
2019,47069,1,1,1,63.0,27.0,128.0,25.0,47069|1|1|1
2019,18059,1,1,1,69.0,5.0,1572.0,86.0,18059|1|1|1
2019,37129,32,1,1,99.0,52.0,909.0,194.0,37129|32|1|1
2020,13215,32,1,1,137.0,62.0,319.0,67.0,13215|32|1|1
2019,53061,4,2,1,65.0,39.0,1947.0,786.0,53061|4|2|1
2020,17161,1,1,1,128.0,21.0,1639.0,192.0,17161|1|1|1
2020,39061,31,2,1,51.0,30.0,644.0,172.0,39061|31|2|1
2020,39095,2,1,1,36.0,29.0,222.0,102.0,39095|2|1|1
2020,45073,1,1,1,48.0,20.0,960.0,148.0,45073|1|1|1
2020,45063,1,1,1,934.0,281.0,4645.0,536.0,45063|1|1|1
2020,45079,1,2,1,193.0,25.0,49.0,6.0,45079|1|2|1
2021,24510,1,1,3,341.0,65.0,358.0,27.0,24510|1|1|3
2022,41051,2,2,1,119.0,57.0,2682.0,639.0,41051|2|2|1
2022,47187,32,1,1,86.0,21.0,1432.0,190.0,47187|32|1|1
2022,47037,31,2,1,56.0,27.0,362.0,78.0,47037|31|2|1
2023,17031,1,1,3,288.0,80.0,1419.0,233.0,17031|1|1|3
2022,37015,1,1,1,86.0,46.0,70.0,10.0,37015|1|1|1
2022,37001,4,2,1,103.0,47.0,397.0,106.0,37001|4|2|1
2023,25013,31,1,1,36.0,20.0,444.0,99.0,25013|31|1|1
2023,24003,4,1,1,33.0,23.0,174.0,74.0,24003|4|1|1
2023,24510,32,1,3,177.0,55.0,83.0,28.0,24510|32|1|3
2023,24009,32,1,1,42.0,17.0,150.0,35.0,24009|32|1|1
2023,24005,31,2,1,81.0,56.0,268.0,96.0,24005|31|2|1
2023,37183,4,2,1,771.0,377.0,2626.0,848.0,37183|4|2|1
2023,37191,1,1,1,334.0,118.0,886.0,142.0,37191|1|1|1
2023,36059,1,1,1,880.0,142.0,4390.0,399.0,36059|1|1|1
2023,47065,32,1,1,171.0,66.0,670.0,168.0,47065|32|1|1
2024,04013,31,1,1,453.0,122.0,6457.0,1213.0,04013|31|1|1
2024,34035,1,1,1,159.0,29.0,1274.0,84.0,34035|1|1|1
2024,39057,1,1,1,70.0,9.0,1584.0,94.0,39057|1|1|1
2024,39035,1,1,3,212.0,47.0,888.0,86.0,39035|1|1|3
2024,45003,1,1,1,550.0,200.0,1848.0,251.0,45003|1|1|1
2024,45083,4,1,1,30.0,17.0,235.0,81.0,45083|4|1|1
2024,45079,32,1,1,655.0,298.0,400.0,121.0,45079|32|1|1
2024,45013,32,1,1,56.0,23.0,397.0,128.0,45013|32|1|1
2024,45085,1,1,1,587.0,251.0,720.0,110.0,45085|1|1|1
2024,51019,1,1,1,39.0,11.0,736.0,93.0,51019|1|1|1
2025,22093,1,1,1,106.0,86.0,83.0,6.0,22093|1|1|1
2025,22085,1,1,1,53.0,41.0,284.0,130.0,22085|1|1|1
2025,22111,1,1,1,107.0,85.0,200.0,88.0,22111|1|1|1
2025,28025,1,1,1,116.0,68.0,61.0,4.0,28025|1|1|1
2025,36103,1,1,1,753.0,106.0,7914.0,588.0,36103|1|1|1
2025,36059,32,2,1,144.0,50.0,622.0,120.0,36059|32|2|1
2024,13135,1,2,1,97.0,37.0,192.0,42.0,13135|1|2|1
2024,13297,31,1,1,69.0,31.0,167.0,25.0,13297|31|1|1
2024,26099,32,1,1,260.0,119.0,1709.0,426.0,26099|32|1|1
2024,37067,2,2,1,246.0,131.0,735.0,243.0,37067|2|2|1
2024,47149,1,1,1,584.0,89.0,3425.0,292.0,47149|1|1|1
2024,47157,31,1,3,42.0,17.0,108.0,21.0,47157|31|1|3
2024,47167,1,1,1,77.0,30.0,535.0,60.0,47167|1|1|1
2025,06065,1,2,1,63.0,15.0,482.0,90.0,06065|1|2|1
2025,12057,1,1,1,1646.0,372.0,11255.0,1386.0,12057|1|1|1
2025,12011,1,2,1,207.0,70.0,449.0,146.0,12011|1|2|1
2025,13067,32,1,1,723.0,301.0,1036.0,244.0,13067|32|1|1
2025,20091,32,1,1,54.0,22.0,1028.0,242.0,20091|32|1|1
2025,20103,1,1,1,33.0,3.0,847.0,48.0,20103|1|1|1
2025,20209,32,1,1,102.0,41.0,296.0,92.0,20209|32|1|1
2025,06059,31,1,1,58.0,10.0,3738.0,550.0,06059|31|1|1
2025,12117,4,2,1,84.0,39.0,1048.0,445.0,12117|4|2|1
2025,26163,1,2,1,199.0,50.0,260.0,49.0,26163|1|2|1
2025,37023,1,1,1,28.0,16.0,782.0,136.0,37023|1|1|1
2025,37105,1,1,1,118.0,30.0,687.0,86.0,37105|1|1|1
2025,39035,2,2,1,872.0,514.0,2433.0,759.0,39035|2|2|1
2025,39089,1,1,1,98.0,14.0,1762.0,180.0,39089|1|1|1
2025,39035,31,2,1,214.0,78.0,1298.0,310.0,39035|31|2|1
2025,45047,1,1,1,166.0,73.0,528.0,80.0,45047|1|1|1
2025,45015,32,1,1,227.0,90.0,606.0,165.0,45015|32|1|1
2025,48373,1,1,1,57.0,38.0,565.0,254.0,48373|1|1|1
2025,48135,1,1,1,96.0,31.0,2631.0,964.0,48135|1|1|1
2025,48439,4,1,1,98.0,59.0,766.0,268.0,48439|4|1|1
2025,48039,4,2,1,113.0,79.0,320.0,175.0,48039|4|2|1
2025,48029,2,2,1,104.0,62.0,914.0,476.0,48029|2|2|1
2025,48423,32,1,1,57.0,23.0,346.0,98.0,48423|32|1|1
2025,51143,1,1,1,64.0,28.0,324.0,49.0,51143|1|1|1
2025,51137,1,1,1,93.0,19.0,541.0,46.0,51137|1|1|1
2025,51810,4,2,1,217.0,93.0,1059.0,312.0,51810|4|2|1
2018,13057,1,1,1,304.0,48.0,4508.0,385.0,13057|1|1|1
2018,13113,31,1,1,125.0,65.0,285.0,69.0,13113|31|1|1
2018,13135,2,2,1,588.0,430.0,1354.0,661.0,13135|2|2|1
2018,13151,2,2,1,189.0,140.0,190.0,98.0,13151|2|2|1
2018,13121,4,1,1,197.0,143.0,402.0,155.0,13121|4|1|1
2018,37081,31,2,1,56.0,18.0,356.0,91.0,37081|31|2|1
2018,37081,2,1,1,82.0,50.0,222.0,88.0,37081|2|1|1
2018,37119,1,2,1,202.0,38.0,391.0,81.0,37119|1|2|1
2018,37183,31,2,1,103.0,38.0,986.0,167.0,37183|31|2|1
2018,37083,1,1,1,137.0,60.0,139.0,23.0,37083|1|1|1
2018,32003,4,2,1,348.0,241.0,3821.0,2252.0,32003|4|2|1
2019,05123,1,1,1,47.0,19.0,88.0,32.0,05123|1|1|1
2019,06095,4,2,1,101.0,62.0,414.0,181.0,06095|4|2|1
2019,08031,2,2,1,106.0,63.0,1713.0,532.0,08031|2|2|1
2019,18089,4,1,1,76.0,60.0,417.0,184.0,18089|4|1|1
2019,24021,32,1,1,102.0,42.0,1146.0,237.0,24021|32|1|1
2019,24017,31,1,1,1157.0,253.0,640.0,115.0,24017|31|1|1
2019,37063,31,2,1,60.0,26.0,196.0,58.0,37063|31|2|1
2019,37125,1,1,1,79.0,21.0,1723.0,142.0,37125|1|1|1
2019,37153,1,1,1,99.0,51.0,283.0,62.0,37153|1|1|1
2019,05119,4,2,1,89.0,65.0,312.0,172.0,05119|4|2|1
2019,47065,2,2,1,110.0,71.0,720.0,317.0,47065|2|2|1
2020,05011,1,1,1,33.0,20.0,54.0,15.0,05011|1|1|1
2020,13113,32,1,1,215.0,68.0,703.0,89.0,13113|32|1|1
2020,17031,31,1,3,383.0,167.0,3135.0,593.0,17031|31|1|3
2020,13151,1,1,1,3288.0,593.0,1332.0,114.0,13151|1|1|1
2020,13057,1,1,1,378.0,51.0,5075.0,375.0,13057|1|1|1
2020,13051,32,1,1,181.0,79.0,891.0,151.0,13051|32|1|1
2020,13051,2,1,1,61.0,47.0,172.0,77.0,13051|2|1|1
2020,13217,2,2,1,49.0,41.0,76.0,43.0,13217|2|2|1
2020,17091,1,1,1,134.0,41.0,1227.0,156.0,17091|1|1|1
2021,18089,31,1,1,963.0,232.0,6475.0,829.0,18089|31|1|1
2021,24021,32,1,1,190.0,53.0,2385.0,282.0,24021|32|1|1
2021,54003,1,1,1,278.0,45.0,2657.0,311.0,54003|1|1|1
2022,05119,4,2,1,161.0,104.0,440.0,171.0,05119|4|2|1
2021,53033,4,2,1,140.0,75.0,2930.0,865.0,53033|4|2|1
2022,47037,1,2,1,54.0,16.0,239.0,73.0,47037|1|2|1
2022,47037,31,1,1,366.0,119.0,1653.0,286.0,47037|31|1|1
2022,53061,2,2,1,159.0,76.0,3468.0,910.0,53061|2|2|1
2023,17119,32,1,1,37.0,22.0,414.0,139.0,17119|32|1|1
2023,37065,31,1,1,33.0,13.0,39.0,11.0,37065|31|1|1
2023,36047,1,1,1,817.0,177.0,3134.0,476.0,36047|1|1|1
2023,36111,1,1,1,60.0,19.0,956.0,137.0,36111|1|1|1
2023,36071,31,1,1,37.0,9.0,320.0,76.0,36071|31|1|1
2024,29189,2,2,1,410.0,256.0,1685.0,454.0,29189|2|2|1
2024,29095,4,1,1,92.0,56.0,288.0,119.0,29095|4|1|1
2023,36047,31,1,3,40.0,19.0,109.0,28.0,36047|31|1|3
2024,25025,32,1,1,141.0,49.0,234.0,83.0,25025|32|1|1
2024,25025,4,2,1,153.0,97.0,425.0,180.0,25025|4|2|1
2024,34003,1,1,1,276.0,43.0,3379.0,292.0,34003|1|1|1
2024,34015,2,2,1,132.0,67.0,931.0,304.0,34015|2|2|1
2024,41067,1,1,1,199.0,26.0,3433.0,266.0,41067|1|1|1
2024,51087,4,2,1,289.0,157.0,576.0,211.0,51087|4|2|1
2024,51710,1,2,1,46.0,1.0,58.0,2.0,51710|1|2|1
2024,51710,2,2,1,154.0,71.0,243.0,78.0,51710|2|2|1
2024,51740,4,2,1,117.0,58.0,126.0,49.0,51740|4|2|1
2025,01073,32,1,3,82.0,27.0,104.0,22.0,01073|32|1|3
2025,28049,1,1,1,905.0,302.0,540.0,58.0,28049|1|1|1
2025,28017,1,1,1,98.0,61.0,81.0,23.0,28017|1|1|1
2025,28023,1,1,1,95.0,62.0,123.0,30.0,28023|1|1|1
2025,01121,32,1,1,64.0,36.0,132.0,53.0,01121|32|1|1
2025,17201,1,1,1,166.0,34.0,2173.0,154.0,17201|1|1|1
2025,55079,31,1,1,299.0,97.0,1543.0,255.0,55079|31|1|1
2018,01097,2,1,1,100.0,78.0,252.0,106.0,01097|2|1|1
2018,06095,31,1,1,258.0,98.0,1089.0,276.0,06095|31|1|1
2018,04013,32,1,1,1139.0,461.0,21866.0,5313.0,04013|32|1|1
2018,48113,31,1,1,1142.0,474.0,3639.0,1062.0,48113|31|1|1
2018,34025,32,1,1,118.0,56.0,2572.0,693.0,34025|32|1|1
2018,51760,32,1,1,286.0,157.0,362.0,96.0,51760|32|1|1
2018,12097,31,1,1,80.0,38.0,700.0,276.0,12097|31|1|1
2018,12069,2,2,1,49.0,35.0,692.0,386.0,12069|2|2|1
2018,24033,31,1,1,2268.0,925.0,688.0,214.0,24033|31|1|1
2018,36081,2,2,1,610.0,478.0,1204.0,791.0,36081|2|2|1
2018,36081,4,1,1,80.0,54.0,330.0,174.0,36081|4|1|1
2018,42101,2,1,3,150.0,102.0,161.0,87.0,42101|2|1|3
2018,48439,32,2,1,49.0,20.0,372.0,113.0,48439|32|2|1
2019,06065,31,1,1,1711.0,328.0,17598.0,2669.0,06065|31|1|1
2019,12057,31,2,1,47.0,23.0,576.0,199.0,12057|31|2|1
2019,12009,4,2,1,74.0,57.0,1026.0,565.0,12009|4|2|1
2019,13121,4,2,1,543.0,405.0,1436.0,590.0,13121|4|2|1
2019,13067,32,1,1,1162.0,435.0,3237.0,612.0,13067|32|1|1
2019,13051,1,1,1,790.0,129.0,2717.0,209.0,13051|1|1|1
2019,13303,1,1,1,56.0,42.0,50.0,17.0,13303|1|1|1
2019,13245,31,1,1,292.0,93.0,249.0,62.0,13245|31|1|1
2019,39151,32,1,1,50.0,28.0,1502.0,358.0,39151|32|1|1
2019,39035,1,1,3,116.0,25.0,837.0,62.0,39035|1|1|3
2019,42017,1,1,1,242.0,33.0,6427.0,469.0,42017|1|1|1
2019,48029,1,1,1,2009.0,384.0,20639.0,2674.0,48029|1|1|1
2019,51019,1,1,1,43.0,8.0,1064.0,105.0,51019|1|1|1
2019,51650,1,1,1,727.0,82.0,974.0,55.0,51650|1|1|1
2019,12131,1,1,1,34.0,10.0,1690.0,337.0,12131|1|1|1
2019,12073,32,1,1,143.0,53.0,542.0,127.0,12073|32|1|1
2019,13147,1,1,1,27.0,12.0,243.0,47.0,13147|1|1|1
2019,25005,31,1,1,192.0,63.0,3826.0,628.0,25005|31|1|1
2019,36047,31,1,3,75.0,27.0,355.0,63.0,36047|31|1|3
2019,36055,4,1,1,143.0,103.0,884.0,277.0,36055|4|1|1
2019,39153,2,2,1,67.0,40.0,1236.0,423.0,39153|2|2|1
2019,39061,31,2,1,59.0,23.0,859.0,175.0,39061|31|2|1
2019,48113,32,1,3,131.0,44.0,390.0,89.0,48113|32|1|3
2019,51099,1,1,1,56.0,11.0,375.0,20.0,51099|1|1|1
2020,06095,1,1,1,574.0,70.0,2938.0,251.0,06095|1|1|1
2020,06077,32,1,1,347.0,93.0,4285.0,535.0,06077|32|1|1
2020,06065,32,1,3,56.0,20.0,1097.0,206.0,06065|32|1|3
2020,12109,32,1,1,69.0,23.0,2035.0,355.0,12109|32|1|1
2020,22085,1,1,1,55.0,43.0,219.0,77.0,22085|1|1|1
2020,22077,1,1,1,74.0,40.0,174.0,37.0,22077|1|1|1
2020,22047,1,1,1,198.0,97.0,228.0,36.0,22047|1|1|1
2020,37179,32,1,1,119.0,32.0,2117.0,274.0,37179|32|1|1
2020,37081,31,2,1,48.0,19.0,327.0,82.0,37081|31|2|1
2020,42017,32,1,1,53.0,17.0,4854.0,656.0,42017|32|1|1
2019,55101,32,1,1,27.0,11.0,1013.0,185.0,55101|32|1|1
2020,06037,32,2,1,103.0,39.0,1174.0,326.0,06037|32|2|1
2020,22071,2,1,1,86.0,69.0,80.0,27.0,22071|2|1|1
2020,26081,2,1,1,25.0,15.0,454.0,102.0,26081|2|1|1
2020,29189,1,2,1,116.0,33.0,203.0,27.0,29189|1|2|1
2020,37047,1,1,1,180.0,133.0,328.0,105.0,37047|1|1|1
2020,37051,2,2,1,53.0,36.0,116.0,56.0,37051|2|2|1
2020,37051,4,2,1,48.0,28.0,102.0,44.0,37051|4|2|1
2020,36059,4,2,1,174.0,118.0,1422.0,766.0,36059|4|2|1
2020,51059,31,2,1,37.0,14.0,518.0,141.0,51059|31|2|1
2021,06029,1,1,1,528.0,77.0,8478.0,737.0,06029|1|1|1
2021,06067,32,1,1,1793.0,354.0,13780.0,1531.0,06067|32|1|1
2021,08059,1,1,1,73.0,7.0,8538.0,367.0,08059|1|1|1
2021,12057,32,1,1,1764.0,593.0,10503.0,1883.0,12057|32|1|1
2021,12099,32,1,1,1212.0,402.0,10502.0,1964.0,12099|32|1|1
2021,13121,32,1,3,320.0,86.0,344.0,53.0,13121|32|1|3
2021,13151,31,1,1,2651.0,597.0,1522.0,237.0,13151|31|1|1
2021,13135,31,2,1,41.0,22.0,126.0,40.0,13135|31|2|1
2021,26025,1,1,1,133.0,32.0,1707.0,239.0,26025|1|1|1
2021,29510,2,2,1,76.0,54.0,321.0,116.0,29510|2|2|1
2020,48395,1,1,1,51.0,39.0,158.0,50.0,48395|1|1|1
2020,51107,4,2,1,43.0,25.0,490.0,200.0,51107|4|2|1
2020,53061,4,2,1,40.0,19.0,1320.0,555.0,53061|4|2|1
2020,53033,4,2,1,110.0,64.0,2936.0,1055.0,53033|4|2|1
2021,06037,32,2,1,126.0,26.0,1504.0,199.0,06037|32|2|1
2021,10003,1,1,3,79.0,14.0,264.0,24.0,10003|1|1|3
2021,10003,4,1,1,46.0,37.0,198.0,71.0,10003|4|1|1
2021,13245,1,1,1,1228.0,264.0,1109.0,123.0,13245|1|1|1
2021,13067,4,1,1,73.0,44.0,338.0,123.0,13067|4|1|1
2021,13299,1,1,1,91.0,46.0,309.0,87.0,13299|1|1|1
2021,25027,2,2,1,62.0,41.0,1518.0,546.0,25027|2|2|1
2021,26163,4,1,1,349.0,222.0,734.0,264.0,26163|4|1|1
2021,36047,32,1,1,1692.0,472.0,2854.0,497.0,36047|32|1|1
2021,36029,32,1,1,246.0,66.0,5115.0,575.0,36029|32|1|1
2021,46099,1,1,1,117.0,18.0,3121.0,158.0,46099|1|1|1
2021,47157,32,1,1,1863.0,608.0,3345.0,439.0,47157|32|1|1
2021,48085,1,1,1,1600.0,223.0,11718.0,797.0,48085|1|1|1
2021,51680,32,1,1,56.0,14.0,272.0,32.0,51680|32|1|1
2022,06061,1,1,1,142.0,18.0,3848.0,285.0,06061|1|1|1
2022,06037,1,2,1,140.0,39.0,976.0,290.0,06037|1|2|1
2022,12011,32,1,3,232.0,98.0,620.0,155.0,12011|32|1|3
2022,12057,2,1,1,132.0,85.0,825.0,382.0,12057|2|1|1
2022,13135,1,1,1,2883.0,481.0,4415.0,461.0,13135|1|1|1
2022,13151,1,1,1,2920.0,562.0,805.0,107.0,13151|1|1|1
2022,18097,32,2,1,71.0,31.0,256.0,43.0,18097|32|2|1
2022,26163,4,1,1,681.0,411.0,870.0,346.0,26163|4|1|1
2021,36001,32,1,1,70.0,19.0,1400.0,186.0,36001|32|1|1
2021,39049,4,1,1,120.0,70.0,717.0,268.0,39049|4|1|1
2021,48113,2,2,1,197.0,145.0,1045.0,542.0,48113|2|2|1
2021,48439,4,1,1,103.0,74.0,629.0,274.0,48439|4|1|1
2022,12033,1,1,1,615.0,208.0,3783.0,571.0,12033|1|1|1
2022,12105,2,2,1,226.0,158.0,1652.0,796.0,12105|2|2|1
2022,13095,32,1,1,138.0,64.0,67.0,22.0,13095|32|1|1
2022,28093,1,1,1,247.0,123.0,343.0,92.0,28093|1|1|1
2022,36079,1,1,1,50.0,6.0,851.0,83.0,36079|1|1|1
2022,39061,1,1,1,1442.0,227.0,7017.0,387.0,39061|1|1|1
2022,39061,31,1,1,504.0,197.0,2412.0,434.0,39061|31|1|1
2022,42029,1,1,1,220.0,44.0,4494.0,282.0,42029|1|1|1
2022,48231,1,1,1,335.0,58.0,2199.0,417.0,48231|1|1|1
2022,51800,32,1,1,342.0,120.0,333.0,87.0,51800|32|1|1
2023,01123,1,1,1,102.0,67.0,356.0,72.0,01123|1|1|1
2023,01097,32,1,1,311.0,178.0,543.0,180.0,01097|32|1|1
2023,01069,32,1,1,53.0,26.0,151.0,54.0,01069|32|1|1
2023,12083,1,1,1,748.0,187.0,5911.0,977.0,12083|1|1|1
2023,12105,32,1,1,346.0,165.0,1521.0,594.0,12105|32|1|1
2023,12051,1,1,1,71.0,28.0,547.0,160.0,12051|1|1|1
2023,13021,1,1,1,488.0,109.0,542.0,44.0,13021|1|1|1
2023,13177,1,1,1,96.0,30.0,244.0,22.0,13177|1|1|1
2023,21093,1,1,1,106.0,29.0,1108.0,247.0,21093|1|1|1
2022,36067,1,1,1,330.0,51.0,3641.0,279.0,36067|1|1|1
2022,39095,4,2,1,60.0,36.0,814.0,304.0,39095|4|2|1
2022,48029,32,1,1,630.0,262.0,5478.0,1669.0,48029|32|1|1
2022,48141,31,1,1,77.0,37.0,1532.0,564.0,48141|31|1|1
2022,48257,32,1,1,136.0,77.0,599.0,171.0,48257|32|1|1
2023,34035,1,1,1,201.0,39.0,1311.0,88.0,34035|1|1|1
2023,39035,4,1,1,288.0,184.0,894.0,380.0,39035|4|1|1
2023,42045,1,1,1,992.0,145.0,2585.0,113.0,42045|1|1|1
2023,42003,31,1,1,148.0,74.0,1963.0,509.0,42003|31|1|1
2023,42003,1,1,3,35.0,2.0,362.0,43.0,42003|1|1|3
2023,48157,1,1,1,2372.0,432.0,4540.0,490.0,48157|1|1|1
2023,48291,1,1,1,233.0,113.0,1983.0,993.0,48291|1|1|1
2023,48183,1,1,1,172.0,70.0,891.0,196.0,48183|1|1|1
2023,55079,1,1,3,110.0,27.0,480.0,52.0,55079|1|1|3
2024,12127,1,1,1,498.0,103.0,6061.0,760.0,12127|1|1|1
2024,12095,4,1,1,97.0,62.0,484.0,259.0,12095|4|1|1
2024,13223,32,1,1,278.0,116.0,460.0,115.0,13223|32|1|1
2024,06001,2,2,1,177.0,90.0,927.0,294.0,06001|2|2|1
2024,13207,1,1,1,62.0,21.0,257.0,27.0,13207|1|1|1
2024,13303,1,1,1,88.0,61.0,65.0,21.0,13303|1|1|1
2024,13069,1,1,1,78.0,37.0,165.0,46.0,13069|1|1|1
2024,13223,2,2,1,128.0,72.0,288.0,114.0,13223|2|2|1
2024,13247,2,2,1,201.0,106.0,49.0,30.0,13247|2|2|1
2024,17163,31,1,1,142.0,40.0,443.0,59.0,17163|31|1|1
2024,37097,31,1,1,53.0,25.0,392.0,71.0,37097|31|1|1
2024,37065,1,1,1,198.0,78.0,206.0,48.0,37065|1|1|1
2024,40143,1,1,1,392.0,78.0,4490.0,434.0,40143|1|1|1
2024,47037,1,1,3,66.0,20.0,564.0,73.0,47037|1|1|3
2025,06073,1,1,1,488.0,89.0,10955.0,1222.0,06073|1|1|1
2025,12019,1,1,1,500.0,102.0,2366.0,258.0,12019|1|1|1
2025,12086,1,2,1,59.0,25.0,805.0,336.0,12086|1|2|1
2025,13145,1,1,1,60.0,15.0,314.0,22.0,13145|1|1|1
2025,13183,1,1,1,175.0,19.0,289.0,32.0,13183|1|1|1
2025,13297,1,1,1,182.0,30.0,907.0,76.0,13297|1|1|1
2025,13115,1,1,1,73.0,31.0,896.0,169.0,13115|1|1|1
2025,13245,4,2,1,128.0,53.0,101.0,44.0,13245|4|2|1
2025,13069,1,1,1,95.0,65.0,169.0,48.0,13069|1|1|1
2024,32023,1,1,1,67.0,14.0,663.0,64.0,32023|1|1|1
2024,44007,32,1,1,145.0,61.0,922.0,272.0,44007|32|1|1
2024,47093,31,1,1,54.0,14.0,737.0,130.0,47093|31|1|1
2024,48473,1,1,1,384.0,96.0,1076.0,284.0,48473|1|1|1
2024,48201,31,1,1,806.0,306.0,2501.0,844.0,48201|31|1|1
2025,26163,31,1,1,724.0,271.0,2665.0,545.0,26163|31|1|1
2025,37119,31,2,1,326.0,158.0,1142.0,286.0,37119|31|2|1
2025,37001,2,2,1,87.0,52.0,347.0,121.0,37001|2|2|1
2025,26065,1,1,1,226.0,73.0,2268.0,277.0,26065|1|1|1
2025,39113,31,1,1,158.0,50.0,1117.0,184.0,39113|31|1|1
2025,45045,2,1,1,57.0,39.0,295.0,109.0,45045|2|1|1
2025,48183,1,1,1,133.0,46.0,963.0,165.0,48183|1|1|1
2025,48157,4,2,1,324.0,219.0,734.0,359.0,48157|4|2|1
2025,48439,32,2,1,148.0,57.0,705.0,218.0,48439|32|2|1
2025,51087,1,1,1,731.0,119.0,1979.0,98.0,51087|1|1|1
2018,13051,32,1,1,338.0,208.0,587.0,213.0,13051|32|1|1
2018,26163,4,2,1,196.0,127.0,1633.0,740.0,26163|4|2|1
2018,37067,4,1,1,47.0,34.0,308.0,93.0,37067|4|1|1
2018,37101,4,2,1,61.0,30.0,468.0,146.0,37101|4|2|1
2018,37183,4,1,1,96.0,61.0,606.0,170.0,37183|4|1|1
2018,37077,31,1,1,52.0,28.0,160.0,36.0,37077|31|1|1
2018,51760,4,1,1,46.0,30.0,82.0,31.0,51760|4|1|1
2018,37117,1,1,1,46.0,26.0,99.0,26.0,37117|1|1|1
2019,37067,31,2,1,39.0,15.0,281.0,65.0,37067|31|2|1
2019,37093,1,1,1,271.0,39.0,578.0,41.0,37093|1|1|1
2019,53053,4,2,1,112.0,77.0,2062.0,876.0,53053|4|2|1
2020,13223,1,1,1,1006.0,153.0,2633.0,195.0,13223|1|1|1
2020,17163,32,1,1,80.0,37.0,884.0,124.0,17163|32|1|1
2020,27037,1,1,1,467.0,66.0,6092.0,355.0,27037|1|1|1
2020,54003,1,1,1,232.0,50.0,2249.0,271.0,54003|1|1|1
2021,05045,1,1,1,158.0,29.0,1960.0,301.0,05045|1|1|1
2021,05019,1,1,1,47.0,18.0,227.0,72.0,05019|1|1|1
2021,05035,1,1,1,239.0,43.0,298.0,31.0,05035|1|1|1
2020,45083,31,1,1,499.0,154.0,4002.0,581.0,45083|31|1|1
2020,45067,1,1,1,152.0,105.0,150.0,54.0,45067|1|1|1
2022,05007,1,1,1,72.0,5.0,4038.0,302.0,05007|1|1|1
2022,16001,1,1,1,45.0,7.0,5731.0,342.0,16001|1|1|1
2021,53053,1,2,1,146.0,22.0,726.0,125.0,53053|1|2|1
2022,37093,1,1,1,388.0,95.0,683.0,45.0,37093|1|1|1
2022,37093,32,1,1,175.0,71.0,191.0,64.0,37093|32|1|1
2022,37019,32,1,1,77.0,33.0,735.0,158.0,37019|32|1|1
2022,47125,1,1,1,927.0,144.0,3747.0,342.0,47125|1|1|1
2023,17031,1,2,1,889.0,201.0,1489.0,254.0,17031|1|2|1
2022,37067,31,2,1,50.0,9.0,269.0,54.0,37067|31|2|1
2022,47069,1,1,1,109.0,47.0,146.0,30.0,47069|1|1|1
2023,17197,2,2,1,216.0,135.0,1137.0,453.0,17197|2|2|1
2023,24005,2,2,1,509.0,341.0,1021.0,422.0,24005|2|2|1
2023,37063,2,2,1,341.0,163.0,489.0,139.0,37063|2|2|1
2023,37065,1,1,1,227.0,95.0,184.0,35.0,37065|1|1|1
2023,47113,32,1,1,95.0,43.0,140.0,43.0,47113|32|1|1
2023,47113,1,1,1,207.0,54.0,635.0,88.0,47113|1|1|1
2023,47157,31,1,1,342.0,161.0,399.0,95.0,47157|31|1|1
2024,04013,2,1,1,60.0,42.0,1755.0,637.0,04013|2|1|1
2024,25027,1,2,1,74.0,20.0,445.0,80.0,25027|1|2|1
2024,34005,1,2,1,59.0,14.0,135.0,26.0,34005|1|2|1
2024,45045,2,1,1,43.0,23.0,221.0,102.0,45045|2|1|1
2024,45083,2,2,1,91.0,36.0,479.0,180.0,45083|2|2|1
2024,45013,1,1,1,412.0,299.0,2161.0,225.0,45013|1|1|1
2024,51710,32,1,1,195.0,81.0,186.0,68.0,51710|32|1|1
2024,51710,31,1,1,166.0,31.0,294.0,55.0,51710|31|1|1
2024,51031,1,1,1,48.0,20.0,468.0,61.0,51031|1|1|1
2025,01073,31,1,1,469.0,171.0,904.0,184.0,01073|31|1|1
2025,22071,31,1,1,183.0,84.0,243.0,34.0,22071|31|1|1
2025,28033,32,1,1,252.0,122.0,339.0,94.0,28033|32|1|1
2025,28067,1,1,1,121.0,62.0,455.0,117.0,28067|1|1|1
2024,45091,4,2,1,212.0,102.0,820.0,299.0,45091|4|2|1
2025,01073,4,1,1,223.0,120.0,352.0,106.0,01073|4|1|1
2025,17019,32,1,1,47.0,21.0,190.0,58.0,17019|32|1|1
2025,17031,31,1,1,1471.0,509.0,7547.0,1064.0,17031|31|1|1
2025,17167,1,1,1,217.0,102.0,1848.0,175.0,17167|1|1|1
2018,01073,2,2,1,240.0,193.0,738.0,282.0,01073|2|2|1
2018,01073,31,2,1,39.0,21.0,361.0,84.0,01073|31|2|1
2018,06071,2,2,1,204.0,145.0,2525.0,1351.0,06071|2|2|1
2018,06037,1,2,1,187.0,43.0,1853.0,428.0,06037|1|2|1
2018,06037,4,1,1,209.0,142.0,2520.0,1055.0,06037|4|1|1
2018,26163,32,1,1,839.0,399.0,4249.0,1021.0,26163|32|1|1
2018,12086,32,1,3,142.0,69.0,881.0,333.0,12086|32|1|3
2018,24510,31,1,3,122.0,61.0,132.0,41.0,24510|31|1|3
2018,29189,4,1,1,112.0,79.0,609.0,219.0,29189|4|1|1
2018,36067,31,1,1,48.0,20.0,1184.0,297.0,36067|31|1|1
2018,36119,31,1,1,137.0,55.0,1402.0,413.0,36119|31|1|1
2018,36071,2,2,1,60.0,46.0,568.0,318.0,36071|2|2|1
2018,36059,32,2,1,65.0,45.0,1091.0,368.0,36059|32|2|1
2018,39151,32,1,1,39.0,27.0,1364.0,417.0,39151|32|1|1
2018,39045,32,1,1,28.0,12.0,736.0,194.0,39045|32|1|1
2018,42103,1,1,1,43.0,6.0,687.0,94.0,42103|1|1|1
2018,48491,32,1,1,113.0,45.0,1840.0,432.0,48491|32|1|1
2018,48203,1,1,1,78.0,40.0,674.0,123.0,48203|1|1|1
2018,48491,31,1,1,90.0,32.0,1123.0,272.0,48491|31|1|1
2018,48201,1,2,1,165.0,43.0,984.0,228.0,48201|1|2|1
2018,48113,1,2,1,111.0,31.0,620.0,153.0,48113|1|2|1
2019,12071,4,2,1,78.0,61.0,1467.0,826.0,12071|4|2|1
2019,12105,2,2,1,97.0,75.0,935.0,520.0,12105|2|2|1
2019,12097,4,2,1,76.0,59.0,626.0,408.0,12097|4|2|1
2019,13035,1,1,1,49.0,12.0,288.0,34.0,13035|1|1|1
2019,21111,4,2,1,152.0,95.0,1271.0,461.0,21111|4|2|1
2019,34013,4,1,1,56.0,35.0,220.0,99.0,34013|4|1|1
2019,34021,32,1,1,89.0,50.0,708.0,167.0,34021|32|1|1
2019,34001,31,1,1,85.0,36.0,1063.0,268.0,34001|31|1|1
2019,34025,1,1,1,190.0,29.0,6303.0,555.0,34025|1|1|1
2019,48203,1,1,1,90.0,44.0,772.0,160.0,48203|1|1|1
2019,51770,1,1,1,128.0,18.0,892.0,69.0,51770|1|1|1
2019,51087,4,1,1,59.0,41.0,154.0,54.0,51087|4|1|1
2019,01069,1,1,1,220.0,79.0,1219.0,147.0,01069|1|1|1
2019,10003,4,2,1,127.0,95.0,610.0,310.0,10003|4|2|1
2019,12073,1,1,1,678.0,196.0,2358.0,180.0,12073|1|1|1
2019,12117,32,1,1,197.0,83.0,2103.0,479.0,12117|32|1|1
2019,12107,1,1,1,78.0,42.0,697.0,183.0,12107|1|1|1
2019,12011,31,1,3,74.0,28.0,308.0,111.0,12011|31|1|3
2019,12063,1,1,1,111.0,79.0,417.0,148.0,12063|1|1|1
2019,17197,1,2,1,45.0,10.0,216.0,42.0,17197|1|2|1
2019,26099,2,2,1,105.0,67.0,1910.0,696.0,26099|2|2|1
2019,29510,1,1,3,27.0,7.0,289.0,24.0,29510|1|1|3
2019,36005,32,1,3,47.0,19.0,120.0,26.0,36005|32|1|3
2019,39035,31,2,1,67.0,40.0,1286.0,335.0,39035|31|2|1
2019,42003,31,2,1,72.0,28.0,1973.0,343.0,42003|31|2|1
2019,48027,31,1,1,424.0,98.0,953.0,232.0,48027|31|1|1
2019,48027,32,1,1,83.0,51.0,434.0,128.0,48027|32|1|1
2019,51087,4,2,1,170.0,116.0,492.0,216.0,51087|4|2|1
2020,06077,1,1,1,602.0,108.0,4725.0,455.0,06077|1|1|1
2020,12095,1,1,1,2544.0,475.0,14353.0,1898.0,12095|1|1|1
2020,12086,2,1,1,112.0,87.0,1098.0,694.0,12086|2|1|1
2020,18097,31,1,1,2021.0,437.0,12915.0,1334.0,18097|31|1|1
2020,18057,32,1,1,71.0,20.0,3771.0,350.0,18057|32|1|1
2020,22007,1,1,1,96.0,62.0,150.0,40.0,22007|1|1|1
2020,22101,1,1,1,117.0,80.0,249.0,48.0,22101|1|1|1
2020,22071,31,1,1,906.0,252.0,2946.0,324.0,22071|31|1|1
2020,26049,1,1,1,472.0,126.0,4535.0,504.0,26049|1|1|1
2020,29169,1,1,1,53.0,4.0,720.0,76.0,29169|1|1|1
2020,37179,31,1,1,479.0,93.0,5739.0,629.0,37179|31|1|1
2020,37063,2,2,1,165.0,73.0,377.0,95.0,37063|2|2|1
2020,47065,32,1,1,168.0,41.0,2072.0,318.0,47065|32|1|1
2020,47147,1,1,1,83.0,9.0,1351.0,132.0,47147|1|1|1
2020,48453,31,1,1,985.0,220.0,18897.0,2056.0,48453|31|1|1
2019,53053,1,2,1,145.0,21.0,935.0,77.0,53053|1|2|1
2020,04013,31,1,1,4655.0,748.0,122367.0,11875.0,04013|31|1|1
2020,04021,31,1,1,650.0,134.0,11277.0,1435.0,04021|31|1|1
2020,12086,4,2,1,171.0,120.0,1723.0,1155.0,12086|4|2|1
2020,22051,4,2,1,28.0,26.0,233.0,109.0,22051|4|2|1
2020,24025,31,1,1,767.0,144.0,6419.0,535.0,24025|31|1|1
2020,24025,1,1,1,712.0,110.0,3389.0,190.0,24025|1|1|1
2020,37045,1,1,1,172.0,58.0,1030.0,211.0,37045|1|1|1
2020,37125,1,1,1,83.0,27.0,1957.0,130.0,37125|1|1|1
2020,37067,2,1,1,36.0,20.0,204.0,75.0,37067|2|1|1
2020,34039,4,2,1,64.0,43.0,386.0,193.0,34039|4|2|1
2020,36059,32,1,1,576.0,166.0,6247.0,979.0,36059|32|1|1
2020,48349,1,1,1,60.0,39.0,530.0,148.0,48349|1|1|1
2020,51059,31,1,1,2153.0,384.0,24430.0,1978.0,51059|31|1|1
2020,51710,31,1,1,703.0,149.0,2508.0,307.0,51710|31|1|1
2021,06095,31,1,1,1230.0,211.0,5871.0,668.0,06095|31|1|1
2021,06065,32,1,1,2310.0,554.0,25773.0,3518.0,06065|32|1|1
2021,12061,32,1,1,49.0,16.0,1461.0,258.0,12061|32|1|1
2021,20173,1,1,1,320.0,52.0,6471.0,572.0,20173|1|1|1
2021,29165,1,1,1,113.0,13.0,1595.0,87.0,29165|1|1|1
2021,37063,32,1,1,837.0,218.0,1526.0,141.0,37063|32|1|1
2021,37183,31,2,1,93.0,33.0,701.0,146.0,37183|31|2|1
2020,48029,1,2,1,54.0,9.0,768.0,89.0,48029|1|2|1
2020,51550,1,2,1,93.0,7.0,145.0,12.0,51550|1|2|1
2020,53035,1,1,1,91.0,5.0,3343.0,212.0,53035|1|1|1
2021,06013,2,2,1,127.0,69.0,1745.0,542.0,06013|2|2|1
2021,10005,32,1,1,102.0,31.0,2140.0,367.0,10005|32|1|1
2021,12031,1,2,1,239.0,51.0,296.0,48.0,12031|1|2|1
2021,12057,31,2,1,29.0,15.0,339.0,112.0,12057|31|2|1
2021,13169,1,1,1,105.0,29.0,276.0,34.0,13169|1|1|1
2021,37127,32,1,1,131.0,42.0,308.0,41.0,37127|32|1|1
2021,37081,2,1,1,76.0,49.0,233.0,78.0,37081|2|1|1
2021,34007,31,1,1,945.0,253.0,5657.0,825.0,34007|31|1|1
2021,34013,32,1,1,1099.0,369.0,2367.0,351.0,34013|32|1|1
2021,39049,31,2,1,68.0,45.0,462.0,149.0,39049|31|2|1
2021,51059,31,1,1,1815.0,308.0,17293.0,1460.0,51059|31|1|1
2021,51009,1,1,1,56.0,17.0,324.0,34.0,51009|1|1|1
2021,51730,1,1,1,198.0,34.0,84.0,10.0,51730|1|1|1
2022,06095,32,1,1,426.0,134.0,1273.0,230.0,06095|32|1|1
2022,06001,31,1,1,309.0,88.0,1739.0,265.0,06001|31|1|1
2022,06067,2,2,1,333.0,162.0,2598.0,834.0,06067|2|2|1
2022,12031,31,1,3,52.0,29.0,134.0,34.0,12031|31|1|3
2022,13051,4,1,1,40.0,22.0,139.0,60.0,13051|4|1|1
2022,26077,31,1,1,65.0,20.0,915.0,136.0,26077|31|1|1
2022,26163,4,2,1,470.0,264.0,2163.0,864.0,26163|4|2|1
2021,48039,31,1,1,951.0,212.0,3434.0,610.0,48039|31|1|1
2021,51059,2,2,1,169.0,76.0,1714.0,504.0,51059|2|2|1
2022,12099,2,2,1,524.0,338.0,4192.0,1946.0,12099|2|2|1
2022,12073,2,2,1,82.0,40.0,320.0,104.0,12073|2|2|1
2022,24005,31,1,1,632.0,213.0,1550.0,292.0,24005|31|1|1
2022,24033,31,2,1,184.0,87.0,49.0,18.0,24033|31|2|1
2022,28121,32,1,1,109.0,50.0,449.0,135.0,28121|32|1|1
2022,28043,1,1,1,74.0,32.0,147.0,36.0,28043|1|1|1
2022,36061,1,1,1,219.0,33.0,4678.0,436.0,36061|1|1|1
2022,39049,4,2,1,479.0,263.0,2583.0,886.0,39049|4|2|1
2022,42045,32,1,1,559.0,238.0,1618.0,350.0,42045|32|1|1
2022,42003,4,1,1,116.0,69.0,1262.0,443.0,42003|4|1|1
2022,48039,31,1,1,203.0,63.0,656.0,167.0,48039|31|1|1
2022,48373,1,1,1,71.0,42.0,608.0,238.0,48373|1|1|1
2022,51153,32,1,1,685.0,224.0,1264.0,249.0,51153|32|1|1
2022,51059,32,1,1,301.0,90.0,1851.0,326.0,51059|32|1|1
2022,51810,1,1,1,681.0,79.0,4140.0,199.0,51810|1|1|1
2022,51059,31,1,1,240.0,62.0,1585.0,266.0,51059|31|1|1
2023,01103,1,1,1,125.0,40.0,1209.0,227.0,01103|1|1|1
2023,01033,1,1,1,69.0,24.0,591.0,112.0,01033|1|1|1
2023,01017,1,1,1,137.0,76.0,234.0,74.0,01017|1|1|1
2023,01081,32,1,1,101.0,50.0,213.0,53.0,01081|32|1|1
2023,01073,2,2,1,489.0,314.0,927.0,254.0,01073|2|2|1
2023,08123,1,1,1,64.0,16.0,4710.0,686.0,08123|1|1|1
2023,08031,32,1,1,156.0,79.0,669.0,223.0,08031|32|1|1
2023,13245,31,1,1,74.0,30.0,69.0,27.0,13245|31|1|1
2023,13113,31,1,1,43.0,18.0,61.0,12.0,13113|31|1|1
2023,21111,1,1,1,1209.0,208.0,5848.0,536.0,21111|1|1|1
2022,28049,4,2,1,158.0,91.0,128.0,37.0,28049|4|2|1
2022,36093,1,1,1,157.0,30.0,1128.0,79.0,36093|1|1|1
2022,39061,31,2,1,54.0,23.0,509.0,119.0,39061|31|2|1
2022,42091,4,2,1,216.0,110.0,2175.0,705.0,42091|4|2|1
2022,42045,2,2,1,335.0,206.0,1602.0,411.0,42045|2|2|1
2022,51710,31,1,1,118.0,44.0,289.0,66.0,51710|31|1|1
2022,51740,1,2,1,84.0,13.0,55.0,3.0,51740|1|2|1
2023,01113,31,1,1,29.0,10.0,30.0,8.0,01113|31|1|1
2023,12079,1,1,1,66.0,55.0,114.0,43.0,12079|1|1|1
2023,26121,32,1,1,66.0,27.0,417.0,113.0,26121|32|1|1
2023,29189,1,1,3,133.0,11.0,514.0,51.0,29189|1|1|3
2023,34007,1,1,1,820.0,142.0,2789.0,196.0,34007|1|1|1
2023,34001,32,1,1,66.0,34.0,399.0,118.0,34001|32|1|1
2023,39165,1,1,1,82.0,14.0,2226.0,157.0,39165|1|1|1
2023,39153,4,2,1,124.0,89.0,1281.0,536.0,39153|4|2|1
2023,42045,32,1,1,317.0,157.0,628.0,185.0,42045|32|1|1
2023,42103,1,1,1,62.0,8.0,577.0,55.0,42103|1|1|1
2023,42091,31,2,1,60.0,18.0,884.0,238.0,42091|31|2|1
2023,48473,1,1,1,391.0,105.0,988.0,205.0,48473|1|1|1
2023,48361,1,1,1,57.0,21.0,967.0,307.0,48361|1|1|1
2023,48113,32,1,3,108.0,42.0,273.0,93.0,48113|32|1|3
2023,51087,31,1,1,76.0,20.0,143.0,35.0,51087|31|1|1
2023,51740,1,1,1,539.0,86.0,726.0,59.0,51740|1|1|1
2023,55079,31,1,1,153.0,68.0,626.0,148.0,55079|31|1|1
2024,12086,4,1,1,131.0,79.0,929.0,561.0,12086|4|1|1
2024,12099,2,1,1,105.0,72.0,733.0,399.0,12099|2|1|1
2024,12105,32,1,1,363.0,189.0,1458.0,547.0,12105|32|1|1
2024,12071,32,1,1,171.0,88.0,1557.0,591.0,12071|32|1|1
2018,47113,32,1,1,80.0,48.0,187.0,61.0,47113|32|1|1
2019,01073,32,1,1,695.0,343.0,1871.0,356.0,01073|32|1|1
2019,01073,4,1,1,211.0,161.0,437.0,161.0,01073|4|1|1
2019,40017,1,1,1,155.0,27.0,2707.0,252.0,40017|1|1|1
2019,01073,4,2,1,253.0,163.0,983.0,373.0,01073|4|2|1
2019,01101,2,2,1,59.0,47.0,65.0,18.0,01101|2|2|1
2020,01055,1,1,1,107.0,23.0,1238.0,221.0,01055|1|1|1
2020,01097,1,1,1,1265.0,316.0,4045.0,555.0,01097|1|1|1
2020,28151,1,1,1,174.0,80.0,111.0,16.0,28151|1|1|1
2020,25013,32,1,1,82.0,27.0,1765.0,287.0,25013|32|1|1
2021,28139,1,1,1,31.0,20.0,177.0,86.0,28139|1|1|1
2021,28159,1,1,1,91.0,51.0,72.0,12.0,28159|1|1|1
2022,17031,2,2,1,1293.0,941.0,4927.0,2065.0,17031|2|2|1
2022,23001,1,1,1,107.0,13.0,1145.0,111.0,23001|1|1|1
2023,19193,1,1,1,43.0,11.0,810.0,86.0,19193|1|1|1
2023,18091,1,1,1,52.0,9.0,973.0,124.0,18091|1|1|1
2024,28033,32,1,1,224.0,89.0,348.0,111.0,28033|32|1|1
2024,28081,1,1,1,239.0,98.0,621.0,97.0,28081|1|1|1
2024,28135,1,1,1,56.0,36.0,35.0,12.0,28135|1|1|1
2024,36067,1,1,1,328.0,73.0,2670.0,222.0,36067|1|1|1
2024,36079,1,1,1,45.0,9.0,554.0,46.0,36079|1|1|1
2024,36071,32,1,1,98.0,41.0,401.0,115.0,36071|32|1|1
2024,18097,2,2,1,597.0,316.0,1510.0,495.0,18097|2|2|1
2024,42045,1,1,1,927.0,151.0,2714.0,137.0,42045|1|1|1
2024,42079,1,1,1,146.0,23.0,2027.0,238.0,42079|1|1|1
2025,24015,1,1,1,104.0,22.0,803.0,90.0,24015|1|1|1
2025,24510,31,1,3,115.0,56.0,135.0,61.0,24510|31|1|3
2025,24005,4,2,1,649.0,387.0,1066.0,411.0,24005|4|2|1
2018,25017,2,2,1,179.0,106.0,4130.0,1367.0,25017|2|2|1
2018,25023,31,1,1,161.0,72.0,1879.0,485.0,25023|31|1|1
2018,34013,1,1,3,74.0,20.0,284.0,41.0,34013|1|1|3
2018,34013,32,1,3,82.0,28.0,192.0,37.0,34013|32|1|3
2019,22017,4,2,1,52.0,39.0,163.0,85.0,22017|4|2|1
2022,25021,32,1,1,255.0,116.0,2039.0,311.0,25021|32|1|1
2023,05125,1,1,1,217.0,52.0,1515.0,323.0,05125|1|1|1
2023,05043,1,1,1,32.0,22.0,102.0,34.0,05043|1|1|1
2023,45087,1,1,1,53.0,27.0,218.0,85.0,45087|1|1|1
2024,53033,1,1,1,761.0,98.0,8293.0,521.0,53033|1|1|1
2024,53053,4,2,1,233.0,147.0,2150.0,912.0,53053|4|2|1
2025,04013,1,1,1,1689.0,266.0,34791.0,3104.0,04013|1|1|1
2025,25023,1,1,1,602.0,95.0,3486.0,173.0,25023|1|1|1
2025,47157,32,1,3,110.0,37.0,196.0,41.0,47157|32|1|3
2019,19163,1,1,1,78.0,13.0,2504.0,193.0,19163|1|1|1
2019,45045,31,1,1,329.0,89.0,2761.0,410.0,45045|31|1|1
2021,01101,4,1,1,38.0,28.0,52.0,21.0,01101|4|1|1
2018,01073,4,2,1,230.0,169.0,824.0,340.0,01073|4|2|1
2018,01101,31,1,1,304.0,167.0,260.0,85.0,01101|31|1|1
2018,06065,32,1,3,60.0,12.0,946.0,240.0,06065|32|1|3
2018,06085,1,1,1,78.0,8.0,3646.0,417.0,06085|1|1|1
2018,12105,32,1,1,297.0,156.0,2166.0,728.0,12105|32|1|1
2018,12051,1,1,1,34.0,24.0,363.0,82.0,12051|1|1|1
2018,12055,1,1,1,89.0,27.0,1167.0,203.0,12055|1|1|1
2018,21111,4,2,1,138.0,86.0,1247.0,437.0,21111|4|2|1
2018,36005,32,1,1,341.0,149.0,439.0,136.0,36005|32|1|1
2018,36029,4,2,1,62.0,42.0,1561.0,581.0,36029|4|2|1
2018,36055,2,1,1,100.0,74.0,475.0,163.0,36055|2|1|1
2018,39113,2,1,1,160.0,92.0,389.0,161.0,39113|2|1|1
2018,39153,4,2,1,75.0,49.0,1470.0,556.0,39153|4|2|1
2018,39049,4,1,1,125.0,85.0,907.0,378.0,39049|4|1|1
2018,39035,1,1,3,77.0,17.0,804.0,82.0,39035|1|1|3
2018,42095,1,1,1,190.0,23.0,3100.0,303.0,42095|1|1|1
2018,42101,2,2,1,949.0,642.0,1608.0,731.0,42101|2|2|1
2018,42101,31,1,3,146.0,84.0,323.0,68.0,42101|31|1|3
2018,48113,1,1,1,3177.0,665.0,15142.0,1397.0,48113|1|1|1
2018,48201,2,1,1,427.0,312.0,1804.0,966.0,48201|2|1|1
2018,06115,1,1,1,60.0,13.0,939.0,118.0,06115|1|1|1
2018,48439,32,1,3,71.0,24.0,485.0,88.0,48439|32|1|3
2018,23005,1,1,1,51.0,13.0,3693.0,332.0,23005|1|1|1
2019,12073,2,2,1,62.0,46.0,254.0,109.0,12073|2|2|1
2019,13151,1,1,1,2603.0,469.0,1382.0,151.0,13151|1|1|1
2019,13135,1,1,1,3599.0,583.0,6483.0,597.0,13135|1|1|1
2019,13217,1,1,1,999.0,226.0,756.0,73.0,13217|1|1|1
2019,21111,4,1,1,76.0,52.0,519.0,185.0,21111|4|1|1
2019,26099,32,1,1,284.0,107.0,4979.0,840.0,26099|32|1|1
2019,34005,4,1,1,43.0,26.0,276.0,135.0,34005|4|1|1
2019,42029,4,2,1,51.0,31.0,1427.0,499.0,42029|4|2|1
2019,48201,1,1,2,75.0,19.0,367.0,43.0,48201|1|1|2
2019,48157,1,1,3,77.0,18.0,205.0,15.0,48157|1|1|3
2019,06037,32,2,1,155.0,61.0,1733.0,470.0,06037|32|2|1
2019,11001,2,2,1,609.0,399.0,714.0,288.0,11001|2|2|1
2019,11001,32,1,1,1415.0,458.0,1022.0,164.0,11001|32|1|1
2019,12021,1,1,1,257.0,52.0,5144.0,683.0,12021|1|1|1
2019,12057,32,1,3,66.0,27.0,267.0,77.0,12057|32|1|3
2019,13199,1,1,1,41.0,17.0,225.0,39.0,13199|1|1|1
2019,25023,2,2,1,166.0,110.0,1737.0,663.0,25023|2|2|1
2019,48029,32,1,3,50.0,22.0,444.0,131.0,48029|32|1|3
2019,55079,2,2,1,178.0,125.0,1592.0,433.0,55079|2|2|1
2020,06037,1,1,3,172.0,33.0,2432.0,377.0,06037|1|1|3
2020,12021,1,1,1,301.0,60.0,6078.0,715.0,12021|1|1|1
2020,12071,32,1,1,152.0,58.0,4027.0,874.0,12071|32|1|1
2020,22055,31,1,1,395.0,82.0,3562.0,416.0,22055|31|1|1
2020,37089,1,1,1,44.0,13.0,1815.0,208.0,37089|1|1|1
2020,42101,31,1,3,220.0,95.0,844.0,150.0,42101|31|1|3
2020,47187,1,1,1,106.0,18.0,4651.0,268.0,47187|1|1|1
2020,48157,2,2,1,99.0,64.0,453.0,214.0,48157|2|2|1
2020,48439,4,2,1,94.0,76.0,835.0,517.0,48439|4|2|1
2019,53033,32,1,1,572.0,165.0,9384.0,1398.0,53033|32|1|1
2020,04019,1,1,1,456.0,69.0,14586.0,1255.0,04019|1|1|1
2020,12127,4,2,1,33.0,22.0,675.0,375.0,12127|4|2|1
2020,12086,2,2,1,195.0,140.0,2188.0,1369.0,12086|2|2|1
2020,12095,1,2,1,39.0,11.0,241.0,64.0,12095|1|2|1
2020,34003,1,1,1,462.0,75.0,6161.0,521.0,34003|1|1|1
2020,34007,4,1,1,29.0,23.0,218.0,105.0,34007|4|1|1
2020,36071,32,1,1,93.0,31.0,1227.0,211.0,36071|32|1|1
2020,42101,32,2,1,299.0,203.0,442.0,181.0,42101|32|2|1
2020,47045,1,1,1,38.0,22.0,357.0,72.0,47045|1|1|1
2020,51117,1,1,1,48.0,26.0,205.0,36.0,51117|1|1|1
2020,51127,1,1,1,50.0,8.0,464.0,29.0,51127|1|1|1
2020,51740,4,2,1,25.0,20.0,33.0,19.0,51740|4|2|1
2021,12081,1,1,1,397.0,77.0,7815.0,785.0,12081|1|1|1
2021,12015,1,1,1,134.0,30.0,4228.0,491.0,12015|1|1|1
2021,12075,1,1,1,97.0,62.0,723.0,224.0,12075|1|1|1
2021,12031,31,1,3,151.0,50.0,558.0,133.0,12031|31|1|3
2021,12111,31,1,1,1043.0,325.0,4234.0,820.0,12111|31|1|1
2021,17113,1,1,1,182.0,39.0,2280.0,212.0,17113|1|1|1
2021,29095,31,1,1,977.0,245.0,7783.0,790.0,29095|31|1|1
2021,37133,32,1,1,129.0,45.0,954.0,229.0,37133|32|1|1
2021,37159,31,1,1,225.0,57.0,1764.0,284.0,37159|31|1|1
2020,48351,1,1,1,33.0,24.0,161.0,93.0,48351|1|1|1
2020,51041,1,2,1,198.0,21.0,300.0,33.0,51041|1|2|1
2021,08031,2,2,1,91.0,34.0,1671.0,368.0,08031|2|2|1
2021,12011,4,2,1,261.0,195.0,1382.0,753.0,12011|4|2|1
2021,12103,4,2,1,57.0,36.0,1457.0,638.0,12103|4|2|1
2021,12083,4,2,1,40.0,22.0,417.0,241.0,12083|4|2|1
2021,13067,32,2,1,38.0,5.0,77.0,6.0,13067|32|2|1
2021,25025,4,2,1,77.0,44.0,340.0,142.0,25025|4|2|1
2021,26163,1,1,3,142.0,41.0,605.0,45.0,26163|1|1|3
2021,37017,1,1,1,106.0,71.0,204.0,66.0,37017|1|1|1
2021,37015,1,1,1,88.0,44.0,54.0,5.0,37015|1|1|1
2021,42003,31,1,1,850.0,279.0,16231.0,2383.0,42003|31|1|1
2021,47093,1,1,1,379.0,65.0,7721.0,829.0,47093|1|1|1
2021,47065,4,2,1,54.0,36.0,535.0,211.0,47065|4|2|1
2021,48339,31,1,1,562.0,142.0,8667.0,1254.0,48339|31|1|1
2021,51107,1,1,1,425.0,34.0,4453.0,156.0,51107|1|1|1
2021,51087,1,1,1,1168.0,135.0,2868.0,123.0,51087|1|1|1
2021,51700,31,1,1,709.0,140.0,1423.0,174.0,51700|31|1|1
2022,06059,31,1,1,87.0,24.0,5045.0,820.0,06059|31|1|1
2022,06001,32,1,1,517.0,154.0,1973.0,354.0,06001|32|1|1
2022,12031,32,1,3,149.0,48.0,388.0,97.0,12031|32|1|3
2022,12001,1,1,1,458.0,151.0,2403.0,338.0,12001|1|1|1
2022,13223,1,1,1,884.0,137.0,1748.0,132.0,13223|1|1|1
2022,13297,31,1,1,57.0,22.0,246.0,41.0,13297|31|1|1
2022,18089,2,2,1,146.0,78.0,981.0,306.0,18089|2|2|1
2022,18097,31,2,1,74.0,33.0,363.0,76.0,18097|31|2|1
2022,18043,1,1,1,30.0,4.0,1021.0,97.0,18043|1|1|1
2022,26125,2,1,1,151.0,67.0,715.0,185.0,26125|2|1|1
2022,26099,4,2,1,196.0,95.0,2165.0,794.0,26099|4|2|1
2021,36103,2,1,1,39.0,30.0,842.0,365.0,36103|2|1|1
2021,48113,31,1,1,4144.0,1132.0,15159.0,2385.0,48113|31|1|1
2021,48201,2,1,1,316.0,233.0,1354.0,713.0,48201|2|1|1
2021,48121,32,2,1,35.0,7.0,201.0,38.0,48121|32|2|1
2022,24009,1,1,1,212.0,26.0,1035.0,50.0,24009|1|1|1
2022,28067,1,1,1,176.0,112.0,608.0,221.0,28067|1|1|1
2022,48029,31,1,1,367.0,125.0,3697.0,1044.0,48029|31|1|1
2023,01113,1,1,1,237.0,69.0,386.0,55.0,01113|1|1|1
2023,01101,32,1,1,295.0,140.0,131.0,37.0,01101|32|1|1
2023,01013,1,1,1,104.0,73.0,99.0,48.0,01013|1|1|1
2023,12071,1,1,1,906.0,209.0,10440.0,1682.0,12071|1|1|1
2023,12085,1,1,1,26.0,4.0,1450.0,194.0,12085|1|1|1
2023,12111,32,1,1,270.0,131.0,794.0,274.0,12111|32|1|1
2023,13067,1,1,3,75.0,14.0,194.0,23.0,13067|1|1|3
2023,13297,32,1,1,89.0,45.0,314.0,110.0,13297|32|1|1
2022,36029,31,1,1,113.0,49.0,1966.0,414.0,36029|31|1|1
2022,42045,4,2,1,172.0,105.0,1112.0,402.0,42045|4|2|1
2023,12031,1,2,1,261.0,52.0,413.0,73.0,12031|1|2|1
2023,12095,1,2,1,83.0,19.0,346.0,107.0,12095|1|2|1
2023,12105,2,2,1,227.0,158.0,1383.0,787.0,12105|2|2|1
2023,27053,31,2,1,31.0,6.0,684.0,117.0,27053|31|2|1
2023,29095,32,1,1,342.0,138.0,1046.0,281.0,29095|32|1|1
2023,29047,1,1,1,186.0,14.0,2469.0,139.0,29047|1|1|1
2023,39153,1,1,1,431.0,79.0,4183.0,259.0,39153|1|1|1
2023,39113,31,1,1,75.0,27.0,404.0,91.0,39113|31|1|1
2023,42091,31,1,1,85.0,33.0,832.0,179.0,42091|31|1|1
2023,42011,31,1,1,27.0,7.0,532.0,131.0,42011|31|1|1
2023,48355,1,1,1,104.0,28.0,2669.0,423.0,48355|1|1|1
2023,48167,1,1,1,322.0,54.0,3151.0,391.0,48167|1|1|1
2023,51740,2,2,1,91.0,46.0,105.0,36.0,51740|2|2|1
2023,51740,32,1,1,140.0,61.0,111.0,38.0,51740|32|1|1
2023,55101,32,1,1,39.0,20.0,428.0,126.0,55101|32|1|1
2024,06095,31,1,1,86.0,17.0,301.0,58.0,06095|31|1|1
2024,08005,2,2,1,162.0,74.0,1199.0,335.0,08005|2|2|1
2024,12115,1,1,1,144.0,41.0,5076.0,600.0,12115|1|1|1
2024,12097,1,1,1,767.0,163.0,4978.0,859.0,12097|1|1|1
2024,12073,2,2,1,66.0,39.0,263.0,101.0,12073|2|2|1
2024,13013,32,1,1,73.0,39.0,277.0,74.0,13013|32|1|1
2024,13135,31,2,1,134.0,69.0,209.0,60.0,13135|31|2|1
2023,42045,1,2,1,62.0,15.0,146.0,19.0,42045|1|2|1
2023,48141,31,1,1,25.0,15.0,394.0,178.0,48141|31|1|1
2024,13177,1,1,1,109.0,27.0,269.0,41.0,13177|1|1|1
2024,13009,1,1,1,76.0,35.0,134.0,20.0,13009|1|1|1
2024,13113,2,2,1,135.0,82.0,247.0,94.0,13113|2|2|1
2024,37161,1,1,1,43.0,18.0,589.0,141.0,37161|1|1|1
2024,37067,32,1,1,327.0,139.0,579.0,177.0,37067|32|1|1
2024,37163,1,1,1,130.0,65.0,396.0,94.0,37163|1|1|1
2024,55105,1,1,1,52.0,9.0,1726.0,152.0,55105|1|1|1
2025,12019,32,1,1,120.0,51.0,579.0,183.0,12019|32|1|1
2025,12081,32,1,1,76.0,37.0,747.0,248.0,12081|32|1|1
2025,12099,31,1,1,321.0,144.0,1937.0,574.0,12099|31|1|1
2025,13095,1,1,1,247.0,72.0,157.0,23.0,13095|1|1|1
2025,13075,1,1,1,59.0,38.0,142.0,56.0,13075|1|1|1
2025,13153,2,2,1,101.0,40.0,252.0,47.0,13153|2|2|1
2024,37007,1,1,1,90.0,52.0,109.0,17.0,37007|1|1|1
2024,37157,1,1,1,217.0,87.0,889.0,158.0,37157|1|1|1
2024,37125,1,1,1,82.0,35.0,1373.0,99.0,37125|1|1|1
2025,12031,31,1,1,452.0,153.0,1230.0,314.0,12031|31|1|1
2025,37159,31,1,1,63.0,14.0,355.0,76.0,37159|31|1|1
2025,37001,31,1,1,100.0,26.0,319.0,57.0,37001|31|1|1
2025,29099,1,1,1,39.0,10.0,2959.0,357.0,29099|1|1|1
2025,37161,1,1,1,31.0,14.0,586.0,123.0,37161|1|1|1
2025,45051,1,1,1,623.0,289.0,6777.0,1114.0,45051|1|1|1
2025,48029,32,1,1,297.0,106.0,2658.0,798.0,48029|32|1|1
2025,51740,1,1,1,573.0,79.0,681.0,47.0,51740|1|1|1
2025,51199,1,1,1,69.0,11.0,515.0,23.0,51199|1|1|1
2025,51760,32,1,3,49.0,16.0,68.0,12.0,51760|32|1|3
2025,51650,1,2,1,63.0,6.0,39.0,1.0,51650|1|2|1
2018,04027,1,1,1,32.0,2.0,2533.0,174.0,04027|1|1|1
2018,26125,31,1,1,522.0,189.0,4439.0,939.0,26125|31|1|1
2018,13135,32,1,3,52.0,22.0,119.0,29.0,13135|32|1|3
2018,37063,4,1,1,60.0,30.0,159.0,45.0,37063|4|1|1
2018,37071,1,2,1,42.0,8.0,75.0,13.0,37071|1|2|1
2018,37105,1,1,1,80.0,18.0,619.0,76.0,37105|1|1|1
2018,17197,1,2,1,37.0,5.0,222.0,44.0,17197|1|2|1
2019,18089,2,2,1,102.0,72.0,813.0,353.0,18089|2|2|1
2019,37119,1,1,1,3314.0,475.0,12331.0,764.0,37119|1|1|1
2019,37129,1,1,1,162.0,27.0,3261.0,235.0,37129|1|1|1
2019,37061,1,1,1,93.0,61.0,285.0,91.0,37061|1|1|1
2019,37097,1,1,1,216.0,34.0,2862.0,254.0,37097|1|1|1
2019,37035,32,1,1,33.0,17.0,603.0,152.0,37035|32|1|1
2019,41067,1,1,1,148.0,21.0,5540.0,377.0,41067|1|1|1
2019,49057,1,1,1,52.0,6.0,4587.0,406.0,49057|1|1|1
2020,13157,1,1,1,201.0,52.0,1815.0,172.0,13157|1|1|1
2020,13121,1,1,3,238.0,49.0,430.0,42.0,13121|1|1|3
2020,13275,1,1,1,208.0,134.0,448.0,88.0,13275|1|1|1
2020,17197,4,1,1,33.0,21.0,361.0,154.0,17197|4|1|1
2020,32003,1,1,3,96.0,19.0,1189.0,173.0,32003|1|1|3
2021,24025,31,1,1,799.0,159.0,5297.0,513.0,24025|31|1|1
2021,24003,4,1,1,54.0,46.0,284.0,131.0,24003|4|1|1
2022,37025,31,1,1,194.0,50.0,693.0,113.0,37025|31|1|1
2022,37119,1,1,3,129.0,24.0,578.0,44.0,37119|1|1|3
2022,37085,31,1,1,91.0,30.0,381.0,72.0,37085|31|1|1
2022,37071,1,1,1,695.0,109.0,2537.0,249.0,37071|1|1|1
2022,47037,2,2,1,336.0,201.0,1735.0,677.0,47037|2|2|1
2022,53053,2,2,1,273.0,133.0,3439.0,1074.0,53053|2|2|1
2023,17031,31,2,1,138.0,81.0,933.0,393.0,17031|31|2|1
2023,17031,2,2,1,1295.0,945.0,4268.0,1945.0,17031|2|2|1
2023,25025,1,1,1,401.0,80.0,2606.0,198.0,25025|1|1|1
2023,24031,32,2,1,124.0,31.0,283.0,51.0,24031|32|2|1
2023,37179,1,1,1,379.0,64.0,2225.0,174.0,37179|1|1|1
2023,37179,32,1,1,72.0,22.0,455.0,108.0,37179|32|1|1
2023,36047,4,1,1,83.0,50.0,184.0,87.0,36047|4|1|1
2023,36059,31,1,1,117.0,54.0,520.0,131.0,36059|31|1|1
2024,20173,1,1,1,300.0,69.0,4492.0,479.0,20173|1|1|1
2023,36055,2,2,1,269.0,139.0,1967.0,457.0,36055|2|2|1
2023,47157,2,2,1,732.0,456.0,767.0,275.0,47157|2|2|1
2023,47125,31,1,1,44.0,9.0,218.0,51.0,47125|31|1|1
2024,25021,32,1,1,87.0,39.0,594.0,148.0,25021|32|1|1
2024,25021,31,2,1,89.0,42.0,839.0,233.0,25021|31|2|1
2024,39153,2,2,1,150.0,75.0,1323.0,437.0,39153|2|2|1
2024,39113,2,1,1,131.0,81.0,336.0,135.0,39113|2|1|1
2024,39061,32,1,3,68.0,20.0,167.0,36.0,39061|32|1|3
2024,51137,1,1,1,93.0,14.0,502.0,58.0,51137|1|1|1
2024,51700,1,1,1,561.0,80.0,966.0,81.0,51700|1|1|1
2024,51700,4,2,1,148.0,65.0,228.0,90.0,51700|4|2|1
2025,01081,1,1,1,432.0,215.0,1613.0,155.0,01081|1|1|1
2025,01021,1,1,1,76.0,46.0,565.0,152.0,01021|1|1|1
2025,01097,31,1,1,220.0,81.0,636.0,147.0,01097|31|1|1
2025,22033,4,2,1,224.0,138.0,403.0,135.0,22033|4|2|1
2025,22029,1,1,1,81.0,57.0,89.0,38.0,22029|1|1|1
2025,28075,1,1,1,225.0,80.0,358.0,88.0,28075|1|1|1
2025,28033,1,2,1,94.0,20.0,103.0,8.0,28033|1|2|1
2024,51800,2,2,1,130.0,49.0,147.0,37.0,51800|2|2|1
2018,45045,1,1,1,892.0,186.0,7227.0,623.0,45045|1|1|1
2019,01097,31,1,1,351.0,151.0,1227.0,279.0,01097|31|1|1
2019,01013,1,1,1,69.0,43.0,94.0,40.0,01013|1|1|1
2019,01101,4,1,1,50.0,37.0,51.0,21.0,01101|4|1|1
2020,01125,1,2,1,40.0,4.0,61.0,7.0,01125|1|2|1
2020,01081,1,1,1,641.0,298.0,2375.0,281.0,01081|1|1|1
2020,01089,1,2,1,27.0,7.0,111.0,26.0,01089|1|2|1
2020,28017,1,1,1,148.0,114.0,85.0,34.0,28017|1|1|1
2020,28133,31,1,1,94.0,21.0,93.0,7.0,28133|31|1|1
2020,25005,31,1,1,517.0,134.0,10953.0,1123.0,25005|31|1|1
2020,25009,2,2,1,68.0,47.0,1676.0,611.0,25009|2|2|1
2021,22067,1,1,1,95.0,49.0,138.0,31.0,22067|1|1|1
2021,22085,1,1,1,51.0,35.0,245.0,87.0,22085|1|1|1
2021,27053,31,2,1,34.0,19.0,639.0,119.0,27053|31|2|1
2022,01125,1,1,1,893.0,279.0,1975.0,358.0,01125|1|1|1
2022,17031,31,1,3,220.0,102.0,680.0,130.0,17031|31|1|3
2022,34015,2,2,1,116.0,58.0,1062.0,360.0,34015|2|2|1
2023,22005,31,1,1,33.0,13.0,108.0,25.0,22005|31|1|1
2022,45081,1,1,1,30.0,20.0,145.0,30.0,45081|1|1|1
2024,01113,31,1,1,66.0,11.0,97.0,18.0,01113|31|1|1
2024,18097,32,2,1,86.0,24.0,487.0,132.0,18097|32|2|1
2024,01123,1,1,1,95.0,53.0,314.0,57.0,01123|1|1|1
2024,24013,1,1,1,78.0,8.0,1264.0,66.0,24013|1|1|1
2024,42003,31,1,1,186.0,63.0,2118.0,450.0,42003|31|1|1
2024,42089,32,1,1,151.0,59.0,464.0,154.0,42089|32|1|1
2024,49049,1,1,1,74.0,9.0,7553.0,504.0,49049|1|1|1
2025,42095,32,1,1,62.0,26.0,630.0,171.0,42095|32|1|1
2025,24510,1,1,1,2052.0,344.0,2061.0,132.0,24510|1|1|1
2025,24043,1,1,1,188.0,35.0,1015.0,98.0,24043|1|1|1
2025,24031,4,2,1,415.0,235.0,1132.0,441.0,24031|4|2|1
2025,42091,4,1,1,35.0,20.0,445.0,130.0,42091|4|1|1
2025,42101,2,1,1,806.0,498.0,434.0,191.0,42101|2|1|1
2018,22071,31,1,1,350.0,158.0,415.0,79.0,22071|31|1|1
2018,18097,4,1,1,104.0,72.0,516.0,219.0,18097|4|1|1
2018,25025,2,1,1,69.0,45.0,260.0,114.0,25025|2|1|1
2018,27037,4,2,1,32.0,17.0,1038.0,309.0,27037|4|2|1
2018,34007,4,1,1,65.0,38.0,370.0,208.0,34007|4|1|1
2019,22089,1,1,1,142.0,56.0,514.0,48.0,22089|1|1|1
2021,15003,1,1,1,324.0,25.0,2232.0,121.0,15003|1|1|1
2022,08041,32,1,1,412.0,117.0,4421.0,922.0,08041|32|1|1
2021,45079,1,1,1,3080.0,649.0,3420.0,226.0,45079|1|1|1
2023,05027,1,1,1,115.0,84.0,159.0,62.0,05027|1|1|1
2023,11001,31,2,1,76.0,40.0,129.0,49.0,11001|31|2|1
2024,27141,1,1,1,43.0,8.0,972.0,62.0,27141|1|1|1
2023,45091,32,1,1,185.0,61.0,616.0,150.0,45091|32|1|1
2023,45039,1,1,1,120.0,72.0,110.0,24.0,45039|1|1|1
2025,18067,1,1,1,53.0,12.0,1113.0,116.0,18067|1|1|1
2025,27123,1,2,1,45.0,8.0,187.0,12.0,27123|1|2|1
2025,25027,1,1,1,603.0,64.0,5336.0,349.0,25027|1|1|1
2025,47065,2,1,1,55.0,33.0,309.0,109.0,47065|2|1|1
2025,47157,4,2,1,432.0,248.0,553.0,208.0,47157|4|2|1
2019,45091,4,2,1,78.0,53.0,601.0,273.0,45091|4|2|1
2019,45015,1,1,1,1168.0,381.0,3910.0,459.0,45015|1|1|1
2025,36119,32,1,1,127.0,53.0,591.0,151.0,36119|32|1|1
2018,44003,1,1,1,59.0,10.0,2193.0,197.0,44003|1|1|1
2018,47157,1,1,3,117.0,22.0,1160.0,78.0,47157|1|1|3
2019,40109,4,2,1,75.0,56.0,737.0,376.0,40109|4|2|1
2021,22071,4,1,1,70.0,39.0,88.0,28.0,22071|4|1|1
2021,28149,1,1,1,172.0,60.0,295.0,44.0,28149|1|1|1
2021,28135,1,1,1,95.0,64.0,41.0,15.0,28135|1|1|1
2022,21067,1,1,1,241.0,27.0,2595.0,158.0,21067|1|1|1
2022,27053,32,1,1,400.0,173.0,3181.0,602.0,27053|32|1|1
2022,27053,1,1,3,73.0,15.0,529.0,31.0,27053|1|1|3
2022,11001,4,2,1,285.0,172.0,354.0,133.0,11001|4|2|1
2022,34011,1,1,1,215.0,55.0,860.0,112.0,34011|1|1|1
2023,06065,1,1,3,38.0,7.0,821.0,129.0,06065|1|1|3
2023,06065,4,2,1,424.0,235.0,3686.0,1859.0,06065|4|2|1
2023,18019,1,1,1,102.0,16.0,1562.0,173.0,18019|1|1|1
2023,22019,1,1,1,330.0,151.0,1633.0,385.0,22019|1|1|1
2022,34013,31,2,1,37.0,15.0,197.0,38.0,34013|31|2|1
2022,45079,2,2,1,301.0,153.0,458.0,115.0,45079|2|2|1
2022,45091,1,1,1,719.0,165.0,3607.0,354.0,45091|1|1|1
2022,45003,31,1,1,63.0,22.0,307.0,74.0,45003|31|1|1
2022,45011,1,1,1,124.0,91.0,130.0,34.0,45011|1|1|1
2024,01117,31,1,1,85.0,18.0,361.0,69.0,01117|31|1|1
2024,01083,1,1,1,388.0,78.0,1744.0,197.0,01083|1|1|1
2024,19113,1,1,1,161.0,29.0,2526.0,175.0,19113|1|1|1
2024,28073,1,1,1,154.0,46.0,600.0,116.0,28073|1|1|1
2024,36029,1,1,1,608.0,93.0,5471.0,311.0,36029|1|1|1
2024,36103,31,1,1,88.0,25.0,1083.0,264.0,36103|31|1|1
2024,01007,1,1,1,65.0,51.0,182.0,52.0,01007|1|1|1
2024,01091,1,1,1,98.0,69.0,66.0,14.0,01091|1|1|1
2024,24510,1,2,1,183.0,25.0,66.0,8.0,24510|1|2|1
2024,42091,32,1,1,164.0,67.0,1011.0,266.0,42091|32|1|1
2024,42101,4,2,1,593.0,397.0,946.0,471.0,42101|4|2|1
2025,24021,1,1,1,397.0,66.0,1999.0,69.0,24021|1|1|1
2025,24027,4,2,1,222.0,106.0,415.0,136.0,24027|4|2|1
2018,18127,1,1,1,87.0,6.0,2558.0,189.0,18127|1|1|1
2018,18097,31,1,1,526.0,226.0,2099.0,608.0,18097|31|1|1
2018,18095,1,1,1,53.0,9.0,1575.0,221.0,18095|1|1|1
2018,25017,31,2,1,42.0,21.0,1972.0,554.0,25017|31|2|1
2018,34013,4,1,1,66.0,39.0,245.0,111.0,34013|4|1|1
2018,45083,2,2,1,34.0,26.0,365.0,178.0,45083|2|2|1
2018,45079,4,1,1,62.0,36.0,172.0,55.0,45079|4|1|1
2018,22103,32,1,1,123.0,62.0,1004.0,278.0,22103|32|1|1
2019,22109,1,1,1,151.0,58.0,806.0,139.0,22109|1|1|1
2021,11001,31,2,1,72.0,42.0,111.0,27.0,11001|31|2|1
2021,21111,32,1,1,686.0,207.0,5101.0,608.0,21111|32|1|1
2021,45063,1,2,1,55.0,12.0,86.0,7.0,45063|1|2|1
2023,05007,1,1,1,73.0,3.0,3682.0,283.0,05007|1|1|1
2023,05035,1,1,1,216.0,64.0,219.0,17.0,05035|1|1|1
2025,18097,1,1,3,105.0,21.0,473.0,65.0,18097|1|1|3
2025,25017,4,2,1,124.0,73.0,2052.0,607.0,25017|4|2|1
2025,25023,4,2,1,170.0,89.0,1337.0,479.0,25023|4|2|1
2025,47011,1,1,1,42.0,11.0,1223.0,239.0,47011|1|1|1
2018,19013,1,1,1,48.0,7.0,1694.0,105.0,19013|1|1|1
2019,19013,1,1,1,52.0,6.0,1565.0,79.0,19013|1|1|1
2024,13121,1,2,1,291.0,69.0,214.0,49.0,13121|1|2|1
2024,47065,2,1,1,47.0,35.0,215.0,94.0,47065|2|1|1
2025,06019,32,1,1,84.0,36.0,1002.0,315.0,06019|32|1|1
2025,08031,32,1,1,149.0,80.0,813.0,253.0,08031|32|1|1
2025,12057,32,1,1,592.0,264.0,2016.0,690.0,12057|32|1|1
2025,12115,32,1,1,47.0,21.0,837.0,258.0,12115|32|1|1
2024,37181,1,1,1,86.0,30.0,160.0,31.0,37181|1|1|1
2024,40109,2,2,1,134.0,57.0,805.0,218.0,40109|2|2|1
2024,48085,31,1,1,161.0,49.0,898.0,196.0,48085|31|1|1
2025,12001,31,1,1,44.0,13.0,250.0,57.0,12001|31|1|1
2025,12021,32,1,1,35.0,18.0,640.0,227.0,12021|32|1|1
2025,13245,2,1,1,55.0,36.0,48.0,15.0,13245|2|1|1
2025,26065,4,2,1,57.0,27.0,547.0,195.0,26065|4|2|1
2025,37067,31,2,1,87.0,39.0,388.0,87.0,37067|31|2|1
2025,37119,31,1,1,676.0,179.0,1909.0,277.0,37119|31|1|1
2025,37051,2,2,1,158.0,89.0,213.0,85.0,37051|2|2|1
2025,32003,1,2,1,116.0,24.0,732.0,104.0,32003|1|2|1
2025,39109,1,1,1,34.0,10.0,1237.0,106.0,39109|1|1|1
2025,45091,32,1,1,207.0,83.0,814.0,190.0,45091|32|1|1
2025,45049,1,1,1,134.0,99.0,111.0,54.0,45049|1|1|1
2025,45061,1,1,1,100.0,70.0,68.0,22.0,45061|1|1|1
2025,45045,4,1,1,43.0,20.0,380.0,120.0,45045|4|1|1
2025,48395,1,1,1,55.0,40.0,198.0,67.0,48395|1|1|1
2025,48085,32,1,1,196.0,80.0,1365.0,332.0,48085|32|1|1
2025,51061,1,1,1,33.0,6.0,648.0,50.0,51061|1|1|1
2025,51059,2,2,1,238.0,111.0,1597.0,404.0,51059|2|2|1
2025,51760,1,2,1,30.0,4.0,35.0,4.0,51760|1|2|1
2018,13151,4,1,1,43.0,30.0,75.0,41.0,13151|4|1|1
2018,13089,31,2,1,80.0,44.0,233.0,59.0,13089|31|2|1
2018,13245,4,1,1,50.0,33.0,52.0,22.0,13245|4|1|1
2018,17043,1,1,1,277.0,42.0,9189.0,619.0,17043|1|1|1
2018,26145,31,1,1,47.0,28.0,520.0,131.0,26145|31|1|1
2018,26163,2,2,1,344.0,246.0,2259.0,821.0,26163|2|2|1
2018,37051,1,2,1,25.0,6.0,50.0,12.0,37051|1|2|1
2018,37085,32,1,1,98.0,52.0,292.0,117.0,37085|32|1|1
2018,51003,1,1,1,52.0,11.0,1204.0,73.0,51003|1|1|1
2018,51059,31,1,1,275.0,99.0,2031.0,423.0,51059|31|1|1
2018,51550,2,2,1,109.0,64.0,369.0,136.0,51550|2|2|1
2018,54003,32,1,1,35.0,19.0,432.0,142.0,54003|32|1|1
2019,37195,1,1,1,220.0,50.0,560.0,50.0,37195|1|1|1
2020,13135,1,1,1,4318.0,695.0,6976.0,651.0,13135|1|1|1
2020,13135,4,1,1,107.0,87.0,291.0,138.0,13135|4|1|1
2020,13205,1,1,1,89.0,68.0,107.0,49.0,13205|1|1|1
2020,27053,1,2,1,139.0,21.0,742.0,74.0,27053|1|2|1
2021,18163,1,1,1,141.0,23.0,2487.0,218.0,18163|1|1|1
2020,39093,32,1,1,37.0,15.0,1789.0,320.0,39093|32|1|1
2020,41051,4,2,1,34.0,23.0,1001.0,345.0,41051|4|2|1
2021,24031,31,1,1,3147.0,608.0,14704.0,1294.0,24031|31|1|1
2021,54039,1,1,1,93.0,19.0,2011.0,319.0,54039|1|1|1
2021,53033,31,1,1,1547.0,270.0,30386.0,2454.0,53033|31|1|1
2022,20173,32,1,1,149.0,63.0,1529.0,375.0,20173|32|1|1
2022,29510,1,1,1,449.0,87.0,2301.0,109.0,29510|1|1|1
2022,29510,2,2,1,111.0,74.0,406.0,136.0,29510|2|2|1
2022,29189,32,1,3,48.0,18.0,159.0,26.0,29189|32|1|3
2022,37179,32,1,1,244.0,67.0,1485.0,273.0,37179|32|1|1
2022,37079,1,1,1,60.0,37.0,123.0,31.0,37079|1|1|1
2022,47065,32,1,1,399.0,142.0,1820.0,370.0,47065|32|1|1
2022,53053,1,1,1,972.0,119.0,7899.0,603.0,53053|1|1|1
2022,53033,1,2,1,73.0,25.0,777.0,208.0,53033|1|2|1
2023,17197,1,2,1,55.0,12.0,341.0,58.0,17197|1|2|1
2023,17163,31,1,1,35.0,18.0,234.0,53.0,17163|31|1|1
2022,37145,1,1,1,109.0,35.0,376.0,59.0,37145|1|1|1
2023,04019,32,1,1,112.0,47.0,1957.0,567.0,04019|32|1|1
2023,25027,4,2,1,120.0,65.0,1690.0,655.0,25027|4|2|1
2023,24015,1,1,1,114.0,18.0,747.0,75.0,24015|1|1|1
2023,24005,32,1,1,574.0,277.0,793.0,256.0,24005|32|1|1
2023,37001,2,2,1,129.0,62.0,439.0,150.0,37001|2|2|1
2023,37079,1,1,1,37.0,22.0,109.0,21.0,37079|1|1|1
2023,36029,1,1,1,562.0,98.0,5380.0,327.0,36029|1|1|1
2023,36059,4,1,1,45.0,27.0,345.0,153.0,36059|4|1|1
2023,36047,2,2,1,518.0,374.0,755.0,412.0,36047|2|2|1
2023,47093,31,1,1,32.0,5.0,442.0,102.0,47093|31|1|1
2023,47149,31,1,1,36.0,12.0,264.0,55.0,47149|31|1|1
2024,20173,32,1,1,85.0,39.0,813.0,263.0,20173|32|1|1
2024,25025,31,1,1,86.0,34.0,408.0,78.0,25025|31|1|1
2024,25021,2,2,1,204.0,102.0,1404.0,406.0,25021|2|2|1
2024,34007,1,2,1,72.0,16.0,138.0,21.0,34007|1|2|1
2024,39113,4,1,1,62.0,37.0,368.0,143.0,39113|4|1|1
2024,41051,32,1,1,40.0,17.0,523.0,174.0,41051|32|1|1
2024,45079,31,2,1,109.0,48.0,176.0,42.0,45079|31|2|1
2024,45059,1,1,1,237.0,118.0,853.0,233.0,45059|1|1|1
2024,45035,32,1,1,139.0,58.0,446.0,123.0,45035|32|1|1
2024,51161,1,1,1,45.0,4.0,840.0,58.0,51161|1|1|1
2024,51059,2,2,1,256.0,118.0,1525.0,408.0,51059|2|2|1
2024,51730,1,1,1,175.0,32.0,110.0,18.0,51730|1|1|1
2025,22003,1,1,1,29.0,19.0,150.0,62.0,22003|1|1|1
2025,22027,1,1,1,87.0,66.0,65.0,22.0,22027|1|1|1
2025,22061,1,1,1,137.0,89.0,257.0,43.0,22061|1|1|1
2025,28121,1,1,1,507.0,145.0,1643.0,176.0,28121|1|1|1
2025,28101,1,1,1,85.0,57.0,124.0,35.0,28101|1|1|1
2025,01097,2,2,1,164.0,87.0,457.0,150.0,01097|2|2|1
2025,17031,4,1,1,540.0,330.0,1452.0,543.0,17031|4|1|1
2025,17031,2,1,1,532.0,359.0,1255.0,553.0,17031|2|1|1
2025,36087,32,1,1,41.0,19.0,233.0,49.0,36087|32|1|1
2024,13147,1,1,1,31.0,15.0,243.0,28.0,13147|1|1|1
2024,13121,4,2,1,959.0,557.0,1074.0,443.0,13121|4|2|1
2024,21015,1,1,1,97.0,30.0,1744.0,309.0,21015|1|1|1
2024,26049,31,1,1,60.0,20.0,527.0,104.0,26049|31|1|1
2024,26065,32,1,1,56.0,29.0,414.0,137.0,26065|32|1|1
2024,37051,31,1,1,399.0,70.0,522.0,85.0,37051|31|1|1
2024,37065,31,1,1,31.0,15.0,31.0,10.0,37065|31|1|1
2024,37051,1,1,1,1244.0,286.0,2202.0,189.0,37051|1|1|1
2024,40143,2,1,1,52.0,37.0,303.0,127.0,40143|2|1|1
2024,47065,4,2,1,88.0,51.0,760.0,309.0,47065|4|2|1
2024,47037,2,2,1,283.0,173.0,1031.0,404.0,47037|2|2|1
2024,47189,1,1,1,167.0,35.0,1910.0,136.0,47189|1|1|1
2025,06059,1,1,1,97.0,20.0,6401.0,761.0,06059|1|1|1
2025,06067,31,1,1,239.0,61.0,1651.0,260.0,06067|31|1|1
2025,12057,1,2,1,131.0,34.0,811.0,121.0,12057|1|2|1
2025,12011,1,1,1,3113.0,796.0,10238.0,1705.0,12011|1|1|1
2025,12117,31,1,1,68.0,29.0,675.0,170.0,12117|31|1|1
2025,13067,2,1,1,74.0,43.0,248.0,72.0,13067|2|1|1
2024,48139,1,1,1,1084.0,199.0,2502.0,355.0,48139|1|1|1
2024,48439,31,1,1,468.0,151.0,1602.0,429.0,48439|31|1|1
2024,48407,1,1,1,63.0,47.0,421.0,194.0,48407|1|1|1
2024,55079,31,1,3,32.0,14.0,74.0,18.0,55079|31|1|3
2025,13205,1,1,1,93.0,76.0,78.0,25.0,13205|1|1|1
2025,37071,2,2,1,81.0,45.0,439.0,169.0,37071|2|2|1
2025,37179,2,2,1,87.0,45.0,682.0,214.0,37179|2|2|1
2025,29095,2,2,1,221.0,115.0,1058.0,298.0,29095|2|2|1
2025,39035,1,1,1,1728.0,314.0,7248.0,474.0,39035|1|1|1
2025,39093,32,1,1,66.0,31.0,919.0,258.0,39093|32|1|1
2025,45083,4,1,1,34.0,14.0,277.0,80.0,45083|4|1|1
2025,48245,32,1,1,85.0,41.0,214.0,45.0,48245|32|1|1
2025,51041,32,1,1,414.0,160.0,665.0,174.0,51041|32|1|1
2025,51117,1,1,1,52.0,16.0,197.0,29.0,51117|1|1|1
2025,51700,2,2,1,126.0,44.0,209.0,50.0,51700|2|2|1
2018,34015,31,1,1,90.0,43.0,957.0,286.0,34015|31|1|1
2018,13029,1,1,1,137.0,26.0,838.0,85.0,13029|1|1|1
2018,13217,2,2,1,66.0,57.0,90.0,58.0,13217|2|2|1
2018,17089,32,1,1,49.0,23.0,1578.0,426.0,17089|32|1|1
2018,37017,1,1,1,60.0,41.0,153.0,52.0,37017|1|1|1
2018,37159,32,1,1,38.0,18.0,484.0,169.0,37159|32|1|1
2018,32003,1,1,1,2636.0,370.0,24851.0,2482.0,32003|1|1|1
2018,51041,1,1,1,1184.0,167.0,4386.0,249.0,51041|1|1|1
2018,51041,1,2,1,111.0,22.0,215.0,29.0,51041|1|2|1
2018,51161,1,1,1,65.0,8.0,1250.0,81.0,51161|1|1|1
2018,51109,1,1,1,49.0,20.0,534.0,61.0,51109|1|1|1
2018,51069,1,1,1,60.0,8.0,1404.0,132.0,51069|1|1|1
2018,51740,1,2,1,58.0,11.0,61.0,7.0,51740|1|2|1
2018,51087,4,1,1,41.0,25.0,176.0,64.0,51087|4|1|1
2018,18035,1,1,1,38.0,8.0,1060.0,114.0,18035|1|1|1
2019,08031,31,1,1,508.0,115.0,7087.0,843.0,08031|31|1|1
2019,24031,4,2,1,242.0,159.0,895.0,424.0,24031|4|2|1
2019,37183,4,2,1,449.0,254.0,2744.0,892.0,37183|4|2|1
2019,47093,31,1,1,122.0,32.0,2346.0,390.0,47093|31|1|1
2019,47053,1,1,1,56.0,17.0,534.0,84.0,47053|1|1|1
2019,18057,1,1,1,311.0,37.0,6160.0,267.0,18057|1|1|1
2019,18003,32,1,1,123.0,48.0,1772.0,329.0,18003|32|1|1
2019,32003,1,1,1,2919.0,430.0,23375.0,2223.0,32003|1|1|1
2020,05103,1,1,1,95.0,48.0,180.0,55.0,05103|1|1|1
2019,53033,31,2,1,104.0,44.0,2384.0,628.0,53033|31|2|1
2020,13207,1,1,1,46.0,17.0,387.0,46.0,13207|1|1|1
2020,45003,31,1,1,264.0,65.0,1652.0,231.0,45003|31|1|1
2020,45063,32,1,1,91.0,32.0,1498.0,228.0,45063|32|1|1
2020,45083,1,2,1,25.0,5.0,59.0,14.0,45083|1|2|1
2021,24031,32,1,1,1113.0,248.0,4864.0,561.0,24031|32|1|1
2021,24017,32,1,1,1085.0,282.0,856.0,123.0,24017|32|1|1
2021,24003,2,2,1,116.0,82.0,1100.0,462.0,24003|2|2|1
2022,29183,1,1,1,382.0,44.0,4875.0,275.0,29183|1|1|1
2022,41005,1,1,1,114.0,23.0,4061.0,368.0,41005|1|1|1
2022,41051,1,1,1,403.0,43.0,6630.0,383.0,41051|1|1|1
2022,47093,1,1,1,283.0,59.0,6229.0,720.0,47093|1|1|1
2023,17163,2,2,1,163.0,107.0,398.0,154.0,17163|2|2|1
2023,24047,1,1,1,56.0,28.0,510.0,49.0,24047|1|1|1
2023,37085,1,1,1,518.0,146.0,1944.0,183.0,37085|1|1|1
2024,04027,1,1,1,46.0,5.0,1857.0,154.0,04027|1|1|1
2024,34017,1,1,1,195.0,34.0,1720.0,210.0,34017|1|1|1
2024,34023,31,1,1,84.0,16.0,533.0,92.0,34023|31|1|1
2024,34035,32,1,1,76.0,31.0,293.0,94.0,34035|32|1|1
2024,34007,2,2,1,274.0,158.0,1124.0,371.0,34007|2|2|1
2024,39049,4,1,1,140.0,82.0,608.0,234.0,39049|4|1|1
2024,45091,32,1,1,193.0,74.0,652.0,180.0,45091|32|1|1
2024,51143,1,1,1,71.0,34.0,326.0,52.0,51143|1|1|1
2025,21111,1,1,1,1145.0,213.0,6773.0,600.0,21111|1|1|1
2025,28059,1,1,1,207.0,67.0,1400.0,207.0,28059|1|1|1
2025,28075,31,1,1,42.0,13.0,103.0,15.0,28075|31|1|1
2024,51700,1,2,1,81.0,11.0,63.0,7.0,51700|1|2|1
2025,17163,32,1,1,188.0,99.0,423.0,136.0,17163|32|1|1
2025,17143,1,1,1,170.0,33.0,1386.0,89.0,17143|1|1|1
2025,17031,1,2,1,765.0,148.0,1395.0,272.0,17031|1|2|1
2025,22051,2,1,1,36.0,31.0,124.0,57.0,22051|2|1|1
2025,36085,1,1,1,115.0,25.0,1336.0,147.0,36085|1|1|1
2018,05011,1,1,1,35.0,25.0,64.0,27.0,05011|1|1|1
2018,05119,4,1,1,51.0,43.0,159.0,68.0,05119|4|1|1
2018,44007,4,2,1,95.0,74.0,1508.0,661.0,44007|4|2|1
2018,47157,4,1,1,221.0,152.0,323.0,121.0,47157|4|1|1
2019,01081,32,1,1,120.0,48.0,452.0,117.0,01081|32|1|1
2019,01069,32,1,1,39.0,23.0,268.0,80.0,01069|32|1|1
2019,01097,2,1,1,112.0,90.0,292.0,113.0,01097|2|1|1
2020,21227,1,1,1,101.0,22.0,1598.0,217.0,21227|1|1|1
2020,21093,32,1,1,37.0,10.0,518.0,102.0,21093|32|1|1
2020,21067,1,1,1,310.0,43.0,3687.0,226.0,21067|1|1|1
2020,28135,1,1,1,95.0,57.0,32.0,11.0,28135|1|1|1
2020,28059,1,1,1,238.0,44.0,1860.0,280.0,28059|1|1|1
2020,28099,1,1,1,57.0,32.0,183.0,54.0,28099|1|1|1
2020,28147,1,1,1,130.0,88.0,87.0,35.0,28147|1|1|1
2020,21047,1,1,1,63.0,18.0,591.0,83.0,21047|1|1|1
2020,25023,1,2,1,46.0,9.0,168.0,30.0,25023|1|2|1
2021,22031,1,1,1,223.0,131.0,329.0,90.0,22031|1|1|1
2021,27139,1,1,1,136.0,15.0,2202.0,94.0,27139|1|1|1
2021,22077,1,1,1,97.0,58.0,192.0,23.0,22077|1|1|1
2022,01073,32,1,1,1334.0,577.0,1620.0,331.0,01073|32|1|1
2022,27141,1,1,1,61.0,11.0,1340.0,87.0,27141|1|1|1
2022,17097,1,1,1,468.0,83.0,6537.0,484.0,17097|1|1|1
2023,22031,1,1,1,152.0,112.0,283.0,102.0,22031|1|1|1
2023,22011,1,1,1,29.0,15.0,483.0,182.0,22011|1|1|1
2022,45045,2,2,1,124.0,63.0,1166.0,361.0,45045|2|2|1
2022,45049,1,1,1,151.0,129.0,125.0,47.0,45049|1|1|1
2024,01073,4,1,1,216.0,141.0,324.0,102.0,01073|4|1|1
2024,28095,1,1,1,136.0,75.0,203.0,44.0,28095|1|1|1
2024,28007,1,1,1,71.0,41.0,62.0,18.0,28007|1|1|1
2024,36001,1,1,1,177.0,29.0,1366.0,100.0,36001|1|1|1
2024,36029,32,1,1,149.0,55.0,1455.0,311.0,36029|32|1|1
2024,24017,31,1,1,349.0,83.0,120.0,8.0,24017|31|1|1
2024,24005,1,1,1,1789.0,244.0,3720.0,237.0,24005|1|1|1
2024,42091,4,1,1,31.0,17.0,388.0,142.0,42091|4|1|1
2024,42125,1,1,1,48.0,11.0,1694.0,164.0,42125|1|1|1
2025,24027,31,1,1,147.0,43.0,392.0,38.0,24027|31|1|1
2025,24031,2,1,1,43.0,27.0,184.0,79.0,24031|2|1|1
2025,42003,1,1,3,48.0,10.0,444.0,36.0,42003|1|1|3
2025,42045,2,2,1,319.0,198.0,1285.0,326.0,42045|2|2|1
2025,42003,2,2,1,272.0,149.0,3053.0,776.0,42003|2|2|1
2018,18003,1,1,1,310.0,53.0,5369.0,430.0,18003|1|1|1
2018,18097,4,2,1,194.0,125.0,1144.0,503.0,18097|4|2|1
2018,27053,2,1,1,35.0,24.0,526.0,168.0,27053|2|1|1
2021,21029,1,1,1,52.0,11.0,1633.0,258.0,21029|1|1|1
2021,45047,1,1,1,195.0,69.0,660.0,93.0,45047|1|1|1
2021,45045,4,2,1,59.0,39.0,648.0,174.0,45045|4|2|1
2022,25009,1,1,1,365.0,62.0,5905.0,364.0,25009|1|1|1
2022,25013,4,2,1,79.0,55.0,723.0,312.0,25013|4|2|1
2024,11001,2,1,1,106.0,78.0,40.0,18.0,11001|2|1|1
2025,18097,4,2,1,414.0,213.0,1355.0,457.0,18097|4|2|1
2025,47189,1,1,1,148.0,26.0,2142.0,167.0,47189|1|1|1
2018,47113,1,1,1,260.0,47.0,889.0,68.0,47113|1|1|1
2018,47065,4,1,1,45.0,33.0,379.0,167.0,47065|4|1|1
2019,01113,32,1,1,103.0,64.0,102.0,40.0,01113|32|1|1
2019,44007,2,2,1,170.0,128.0,1595.0,735.0,44007|2|2|1
2020,28077,1,1,1,73.0,52.0,63.0,22.0,28077|1|1|1
2020,25017,32,1,1,257.0,56.0,11637.0,1199.0,25017|32|1|1
2020,25025,1,2,1,39.0,14.0,212.0,41.0,25025|1|2|1
2020,25017,4,2,1,52.0,42.0,1654.0,552.0,25017|4|2|1
2021,22033,1,1,1,2271.0,475.0,3852.0,200.0,22033|1|1|1
2021,28121,1,1,1,678.0,160.0,2392.0,265.0,28121|1|1|1
2021,22071,2,1,1,96.0,69.0,75.0,27.0,22071|2|1|1
2022,01117,32,1,1,230.0,88.0,1137.0,208.0,01117|32|1|1
2022,27171,1,1,1,156.0,20.0,2245.0,198.0,27171|1|1|1
2022,34015,1,1,1,483.0,88.0,2840.0,204.0,34015|1|1|1
2022,34023,4,2,1,129.0,87.0,863.0,402.0,34023|4|2|1
2023,18043,1,1,1,35.0,9.0,915.0,90.0,18043|1|1|1
2023,22051,32,1,1,242.0,138.0,424.0,142.0,22051|32|1|1
2023,22015,1,1,1,348.0,129.0,1258.0,250.0,22015|1|1|1
2023,22033,2,2,1,121.0,92.0,193.0,69.0,22033|2|2|1
2022,45075,1,1,1,619.0,403.0,417.0,128.0,45075|1|1|1
2023,06001,32,1,3,42.0,17.0,62.0,22.0,06001|32|1|3
2024,28017,1,1,1,123.0,85.0,70.0,39.0,28017|1|1|1
2024,01089,1,1,3,36.0,4.0,186.0,10.0,01089|1|1|3
2024,24039,1,1,1,40.0,15.0,120.0,16.0,24039|1|1|1
2024,24017,4,2,1,439.0,226.0,197.0,88.0,24017|4|2|1
2024,49057,1,1,1,28.0,1.0,2949.0,360.0,49057|1|1|1
2025,24005,32,1,3,58.0,25.0,100.0,35.0,24005|32|1|3
2018,27053,4,2,1,118.0,66.0,2291.0,738.0,27053|4|2|1
2018,45091,4,2,1,76.0,52.0,621.0,238.0,45091|4|2|1
2019,22099,1,1,1,148.0,92.0,415.0,95.0,22099|1|1|1
2019,22103,32,1,1,92.0,45.0,1074.0,224.0,22103|32|1|1
2019,22033,4,1,1,69.0,52.0,184.0,54.0,22033|4|1|1
2021,21117,1,1,1,93.0,11.0,2762.0,218.0,21117|1|1|1
2022,13021,4,1,1,29.0,22.0,58.0,33.0,13021|4|1|1
2022,25021,31,2,1,53.0,19.0,796.0,180.0,25021|31|2|1
2024,27053,31,2,1,54.0,23.0,673.0,144.0,27053|31|2|1
2023,45019,31,1,1,42.0,24.0,277.0,58.0,45019|31|1|1
2023,45041,32,1,1,120.0,69.0,123.0,36.0,45041|32|1|1
2023,45083,32,1,1,239.0,117.0,625.0,194.0,45083|32|1|1
2024,53053,31,1,1,167.0,34.0,1212.0,184.0,53053|31|1|1
2025,18003,32,1,1,113.0,38.0,1047.0,280.0,18003|32|1|1
2025,25009,2,2,1,186.0,101.0,1882.0,576.0,25009|2|2|1
2019,20173,32,1,1,82.0,39.0,1508.0,315.0,20173|32|1|1
2019,45047,32,1,1,39.0,18.0,158.0,42.0,45047|32|1|1
2019,45085,31,1,1,139.0,41.0,271.0,49.0,45085|31|1|1
2018,05069,32,1,1,80.0,49.0,58.0,21.0,05069|32|1|1
2018,10003,1,1,3,51.0,8.0,175.0,15.0,10003|1|1|3
2018,40145,1,1,1,53.0,19.0,1078.0,136.0,40145|1|1|1
2018,47037,4,2,1,295.0,192.0,1565.0,699.0,47037|4|2|1
2021,22017,2,1,1,51.0,29.0,69.0,29.0,22017|2|1|1
2021,22071,2,2,1,55.0,47.0,201.0,58.0,22071|2|2|1
2022,01115,1,1,1,294.0,80.0,1421.0,252.0,01115|1|1|1
2022,21111,31,1,1,324.0,118.0,2106.0,345.0,21111|31|1|1
2022,11001,4,1,1,85.0,60.0,144.0,24.0,11001|4|1|1
2022,17163,2,1,1,58.0,47.0,124.0,52.0,17163|2|1|1
2022,34013,1,1,1,1654.0,347.0,2738.0,257.0,34013|1|1|1
2023,22079,32,1,1,59.0,26.0,108.0,42.0,22079|32|1|1
2023,22097,1,1,1,463.0,297.0,478.0,189.0,22097|1|1|1
2023,22041,1,1,1,52.0,41.0,120.0,57.0,22041|1|1|1
2022,45019,32,1,1,354.0,133.0,1879.0,355.0,45019|32|1|1
2022,45079,1,1,1,2606.0,548.0,2787.0,197.0,45079|1|1|1
2023,18097,1,2,1,149.0,25.0,326.0,42.0,18097|1|2|1
2024,18035,1,1,1,53.0,14.0,1121.0,137.0,18035|1|1|1
2024,28079,1,1,1,67.0,37.0,89.0,23.0,28079|1|1|1
2024,31055,4,2,1,112.0,61.0,1393.0,486.0,31055|4|2|1
2024,01013,1,1,1,63.0,42.0,106.0,46.0,01013|1|1|1
2024,24031,1,1,1,1230.0,164.0,3936.0,237.0,24031|1|1|1
2018,34013,31,1,1,347.0,168.0,965.0,300.0,34013|31|1|1
2018,18097,1,1,1,1879.0,282.0,9334.0,714.0,18097|1|1|1
2018,27145,1,1,1,40.0,6.0,2000.0,137.0,27145|1|1|1
2019,22071,31,1,1,382.0,139.0,791.0,122.0,22071|31|1|1
2019,22011,1,1,1,26.0,11.0,524.0,127.0,22011|1|1|1
2019,22047,1,1,1,138.0,68.0,180.0,25.0,22047|1|1|1
2021,21093,1,1,1,162.0,24.0,1593.0,220.0,21093|1|1|1
2021,45021,1,1,1,83.0,29.0,626.0,164.0,45021|1|1|1
2021,45067,1,1,1,200.0,141.0,189.0,58.0,45067|1|1|1
2022,25021,31,1,1,133.0,38.0,1605.0,247.0,25021|31|1|1
2022,54003,32,1,1,88.0,26.0,829.0,193.0,54003|32|1|1
2023,45041,1,1,1,681.0,297.0,848.0,164.0,45041|1|1|1
2023,45027,1,1,1,131.0,97.0,229.0,66.0,45027|1|1|1
2024,53061,4,2,1,86.0,48.0,1797.0,727.0,53061|4|2|1
2025,18057,1,1,1,195.0,23.0,4584.0,197.0,18057|1|1|1
2025,18081,1,1,1,113.0,34.0,2253.0,214.0,18081|1|1|1
2025,18141,32,1,1,105.0,42.0,719.0,193.0,18141|32|1|1
2025,27053,2,2,1,228.0,139.0,2452.0,531.0,27053|2|2|1
2025,47157,31,1,1,689.0,261.0,772.0,150.0,47157|31|1|1
2025,47065,4,2,1,66.0,32.0,703.0,253.0,47065|4|2|1
2019,45051,31,1,1,108.0,30.0,2067.0,382.0,45051|31|1|1
2019,45057,1,1,1,260.0,49.0,1741.0,175.0,45057|1|1|1
2019,45063,1,1,1,694.0,150.0,4258.0,413.0,45063|1|1|1
2019,45025,1,1,1,137.0,83.0,340.0,114.0,45025|1|1|1
2018,01023,1,1,1,52.0,45.0,55.0,25.0,01023|1|1|1
2018,26099,31,1,1,233.0,101.0,3717.0,887.0,26099|31|1|1
2018,26049,32,1,1,111.0,59.0,1513.0,386.0,26049|32|1|1
2018,12009,1,1,2,33.0,6.0,751.0,77.0,12009|1|1|2
2018,12099,31,1,3,49.0,23.0,218.0,77.0,12099|31|1|3
2018,20091,2,2,1,40.0,22.0,1702.0,480.0,20091|2|2|1
2018,21227,1,1,1,71.0,15.0,1383.0,181.0,21227|1|1|1
2018,21145,1,1,1,31.0,13.0,540.0,107.0,21145|1|1|1
2018,24031,4,2,1,260.0,183.0,1108.0,523.0,24031|4|2|1
2018,36047,4,1,1,110.0,73.0,404.0,212.0,36047|4|1|1
2018,36081,1,2,1,58.0,33.0,134.0,75.0,36081|1|2|1
2018,39095,2,1,1,72.0,58.0,303.0,135.0,39095|2|1|1
2018,39061,1,1,3,82.0,30.0,582.0,50.0,39061|1|1|3
2018,39045,1,1,1,192.0,28.0,2042.0,186.0,39045|1|1|1
2018,42003,1,1,1,769.0,133.0,11205.0,706.0,42003|1|1|1
2018,42043,4,1,1,33.0,16.0,198.0,82.0,42043|4|1|1
2018,48029,32,1,1,322.0,148.0,4070.0,1409.0,48029|32|1|1
2018,48439,4,1,1,90.0,59.0,830.0,402.0,48439|4|1|1
2018,48423,1,1,1,286.0,140.0,2625.0,428.0,48423|1|1|1
2018,48439,4,2,1,258.0,200.0,1499.0,929.0,48439|4|2|1
2018,48113,2,1,1,289.0,212.0,1081.0,595.0,48113|2|1|1
2018,55105,1,1,1,37.0,5.0,2051.0,172.0,55105|1|1|1
2018,06039,1,1,1,26.0,1.0,1305.0,130.0,06039|1|1|1
2018,13245,31,1,1,210.0,92.0,150.0,58.0,13245|31|1|1
2019,12009,2,2,1,96.0,71.0,1372.0,713.0,12009|2|2|1
2019,13057,32,1,1,140.0,55.0,2043.0,397.0,13057|32|1|1
2019,26081,32,1,1,178.0,55.0,3332.0,491.0,26081|32|1|1
2019,26049,32,1,1,102.0,43.0,1756.0,328.0,26049|32|1|1
2019,29169,1,1,1,45.0,6.0,596.0,50.0,29169|1|1|1
2019,34037,1,1,1,68.0,15.0,1946.0,184.0,34037|1|1|1
2019,36085,32,1,1,120.0,34.0,1684.0,285.0,36085|32|1|1
2019,48231,1,1,1,63.0,18.0,1304.0,248.0,48231|1|1|1
2019,48037,1,1,1,193.0,96.0,874.0,182.0,48037|1|1|1
2019,51053,1,1,1,72.0,19.0,244.0,27.0,51053|1|1|1
2019,12001,31,1,1,116.0,39.0,564.0,105.0,12001|31|1|1
2019,12083,32,1,1,117.0,66.0,1565.0,528.0,12083|32|1|1
2019,12099,1,1,3,123.0,26.0,947.0,139.0,12099|1|1|3
2019,12105,1,1,2,82.0,14.0,697.0,91.0,12105|1|1|2
2019,12055,1,1,1,66.0,21.0,1204.0,199.0,12055|1|1|1
2019,25017,4,2,1,93.0,55.0,2317.0,830.0,25017|4|2|1
2019,26145,32,1,1,42.0,26.0,559.0,109.0,26145|32|1|1
2019,36059,4,1,1,51.0,38.0,709.0,289.0,36059|4|1|1
2019,39035,32,1,3,37.0,18.0,210.0,62.0,39035|32|1|3
2019,48139,31,1,1,250.0,65.0,950.0,151.0,48139|31|1|1
2020,06037,32,1,1,5322.0,1187.0,47703.0,7082.0,06037|32|1|1
2020,06067,1,1,3,58.0,13.0,505.0,49.0,06067|1|1|3
2020,12117,1,1,1,535.0,104.0,5853.0,573.0,12117|1|1|1
2020,12069,1,1,1,814.0,148.0,6510.0,825.0,12069|1|1|1
2020,22057,1,1,1,181.0,75.0,984.0,132.0,22057|1|1|1
2020,37119,31,1,1,4200.0,875.0,18442.0,1832.0,37119|31|1|1
2020,40109,2,1,1,33.0,19.0,279.0,112.0,40109|2|1|1
2020,42101,32,1,1,1190.0,486.0,3182.0,582.0,42101|32|1|1
2020,48439,32,1,1,683.0,227.0,7659.0,1207.0,48439|32|1|1
2020,48439,1,2,1,239.0,44.0,855.0,118.0,48439|1|2|1
2019,55133,1,1,1,50.0,9.0,5473.0,248.0,55133|1|1|1
2020,04013,1,1,1,2991.0,442.0,64902.0,5365.0,04013|1|1|1
2020,22033,4,2,1,59.0,38.0,277.0,90.0,22033|4|2|1
2020,24017,4,2,1,64.0,36.0,49.0,25.0,24017|4|2|1
2020,37119,32,1,3,126.0,30.0,379.0,69.0,37119|32|1|3
2020,34005,1,2,1,35.0,10.0,100.0,18.0,34005|1|2|1
2020,36047,32,1,1,1195.0,388.0,2355.0,543.0,36047|32|1|1
2020,36005,4,1,1,28.0,18.0,55.0,38.0,36005|4|1|1
2020,48397,1,1,1,286.0,47.0,2474.0,227.0,48397|1|1|1
2020,48141,32,1,1,30.0,12.0,1294.0,438.0,48141|32|1|1
2021,12001,31,1,1,255.0,71.0,2024.0,316.0,12001|31|1|1
2021,12111,1,1,2,110.0,20.0,714.0,65.0,12111|1|1|2
2021,13103,1,1,1,313.0,83.0,1370.0,155.0,13103|1|1|1
2021,13121,4,2,1,319.0,216.0,995.0,306.0,13121|4|2|1
2021,13223,2,2,1,73.0,54.0,254.0,123.0,13223|2|2|1
2021,17093,1,1,1,419.0,51.0,2349.0,110.0,17093|1|1|1
2021,26145,31,1,1,119.0,41.0,1642.0,227.0,26145|31|1|1
2021,29510,32,1,1,230.0,88.0,1166.0,141.0,29510|32|1|1
2021,37141,1,1,1,115.0,58.0,1481.0,178.0,37141|1|1|1
2021,37183,2,2,1,473.0,222.0,2679.0,644.0,37183|2|2|1
2020,48401,1,1,1,84.0,43.0,564.0,160.0,48401|1|1|1
2020,53053,1,2,1,148.0,24.0,832.0,138.0,53053|1|2|1
2021,10003,4,2,1,110.0,66.0,518.0,240.0,10003|4|2|1
2021,29095,2,2,1,168.0,100.0,943.0,349.0,29095|2|2|1
2021,34013,1,1,1,2011.0,416.0,3621.0,279.0,34013|1|1|1
2021,36027,32,1,1,124.0,37.0,1719.0,231.0,36027|32|1|1
2021,36005,32,1,3,63.0,26.0,168.0,45.0,36005|32|1|3
2021,36055,1,1,1,835.0,114.0,6286.0,268.0,36055|1|1|1
2021,39035,32,1,3,57.0,18.0,391.0,64.0,39035|32|1|3
2021,39153,1,1,1,727.0,110.0,6072.0,317.0,39153|1|1|1
2021,39061,1,1,3,127.0,29.0,676.0,58.0,39061|1|1|3
2021,42011,31,1,1,175.0,44.0,5087.0,773.0,42011|31|1|1
2021,48071,1,1,1,110.0,37.0,1111.0,186.0,48071|1|1|1
2021,48181,1,1,1,105.0,34.0,2220.0,364.0,48181|1|1|1
2021,55025,1,1,1,231.0,32.0,6859.0,270.0,55025|1|1|1
2022,06067,32,1,1,1030.0,262.0,4881.0,914.0,06067|32|1|1
2022,06065,1,2,1,107.0,29.0,643.0,170.0,06065|1|2|1
2022,06075,1,1,1,66.0,11.0,2050.0,108.0,06075|1|1|1
2022,12011,31,1,1,1157.0,484.0,3145.0,943.0,12011|31|1|1
2022,12009,1,1,1,829.0,150.0,8057.0,884.0,12009|1|1|1
2022,18059,1,1,1,200.0,33.0,1516.0,92.0,18059|1|1|1
2022,18003,2,2,1,49.0,18.0,977.0,157.0,18003|2|2|1
2021,39049,1,1,3,137.0,19.0,785.0,53.0,39049|1|1|3
2021,39113,2,2,1,242.0,71.0,806.0,225.0,39113|2|2|1
2021,48113,32,1,1,2076.0,606.0,7340.0,1185.0,48113|32|1|1
2021,48157,32,1,1,842.0,268.0,2501.0,434.0,48157|32|1|1
2021,48201,32,1,3,242.0,82.0,944.0,188.0,48201|32|1|3
2021,51013,1,1,1,112.0,12.0,1953.0,63.0,51013|1|1|1
2021,51650,2,2,1,91.0,36.0,94.0,25.0,51650|2|2|1
2022,12083,2,1,1,39.0,27.0,433.0,209.0,12083|2|1|1
2022,12083,4,2,1,100.0,72.0,743.0,414.0,12083|4|2|1
2022,13069,1,1,1,89.0,50.0,232.0,83.0,13069|1|1|1
2022,24037,1,1,1,350.0,60.0,1075.0,67.0,24037|1|1|1
2022,28049,1,1,3,44.0,15.0,72.0,8.0,28049|1|1|3
2022,42101,31,1,3,129.0,55.0,217.0,45.0,42101|31|1|3
2022,42091,2,2,1,313.0,149.0,3280.0,727.0,42091|2|2|1
2022,48029,4,2,1,186.0,121.0,1730.0,985.0,48029|4|2|1
2022,51041,1,2,1,107.0,25.0,121.0,24.0,51041|1|2|1
2023,01107,1,1,1,92.0,54.0,113.0,32.0,01107|1|1|1
2023,13115,1,1,1,93.0,17.0,846.0,144.0,13115|1|1|1
2023,13255,32,1,1,82.0,47.0,139.0,40.0,13255|32|1|1
2023,21111,2,1,1,78.0,45.0,305.0,92.0,21111|2|1|1
2022,42045,2,1,1,148.0,91.0,344.0,127.0,42045|2|1|1
2022,48453,2,2,1,122.0,77.0,1907.0,769.0,48453|2|2|1
2023,34013,2,1,1,82.0,61.0,116.0,55.0,34013|2|1|1
2023,42077,1,1,1,226.0,41.0,2123.0,222.0,42077|1|1|1
2023,48121,31,1,1,57.0,27.0,395.0,124.0,48121|31|1|1
2023,48439,31,1,3,41.0,17.0,119.0,29.0,48439|31|1|3
2023,51087,1,1,1,629.0,106.0,1845.0,82.0,51087|1|1|1
2023,51700,32,1,1,171.0,78.0,153.0,53.0,51700|32|1|1
2023,51029,1,1,1,41.0,25.0,115.0,29.0,51029|1|1|1
2023,51117,1,1,1,50.0,27.0,178.0,31.0,51117|1|1|1
2024,06071,1,1,3,36.0,8.0,615.0,83.0,06071|1|1|3
2024,12101,1,1,1,1010.0,166.0,8327.0,1022.0,12101|1|1|1
2024,12021,1,1,1,214.0,54.0,3427.0,476.0,12021|1|1|1
2024,13039,32,1,1,38.0,10.0,179.0,56.0,13039|32|1|1
2024,17031,32,2,1,469.0,230.0,1575.0,454.0,17031|32|2|1
2023,42101,4,2,1,582.0,384.0,896.0,479.0,42101|4|2|1
2024,06001,31,2,1,34.0,13.0,217.0,68.0,06001|31|2|1
2018,08005,32,1,1,742.0,267.0,5452.0,1263.0,08005|32|1|1
2018,08031,32,1,1,591.0,217.0,4031.0,965.0,08031|32|1|1
2018,08005,2,2,1,163.0,92.0,2091.0,674.0,08005|2|2|1
2018,12103,31,1,1,136.0,63.0,2303.0,770.0,12103|31|1|1
2018,24031,2,2,1,339.0,223.0,1557.0,611.0,24031|2|2|1
2018,24017,32,1,1,496.0,242.0,375.0,117.0,24017|32|1|1
2018,29510,1,1,1,365.0,98.0,2432.0,175.0,29510|1|1|1
2018,29165,1,1,1,60.0,7.0,1614.0,94.0,29165|1|1|1
2018,31153,1,1,1,69.0,7.0,2967.0,111.0,31153|1|1|1
2018,42089,31,1,1,80.0,48.0,493.0,209.0,42089|31|1|1
2018,42101,32,1,3,240.0,119.0,414.0,127.0,42101|32|1|3
2018,48201,1,1,2,44.0,9.0,393.0,46.0,48201|1|1|2
2018,48201,31,2,1,31.0,24.0,347.0,151.0,48201|31|2|1
2018,55133,1,1,1,42.0,4.0,5397.0,289.0,55133|1|1|1
2018,48113,31,2,1,35.0,19.0,295.0,112.0,48113|31|2|1
2019,12086,31,1,1,861.0,370.0,6184.0,1931.0,12086|31|1|1
2019,17163,31,1,1,211.0,61.0,1296.0,198.0,17163|31|1|1
2019,21093,32,1,1,61.0,17.0,425.0,114.0,21093|32|1|1
2019,21111,2,2,1,180.0,96.0,1400.0,429.0,21111|2|2|1
2019,26115,1,1,1,52.0,24.0,2194.0,317.0,26115|1|1|1
2019,39045,1,1,1,240.0,27.0,2198.0,186.0,39045|1|1|1
2019,42045,4,2,1,108.0,72.0,802.0,350.0,42045|4|2|1
2019,48071,1,1,1,79.0,23.0,936.0,131.0,48071|1|1|1
2019,48439,31,1,1,1321.0,382.0,7186.0,1297.0,48439|31|1|1
2019,12079,1,1,1,65.0,50.0,121.0,51.0,12079|1|1|1
2019,13247,31,1,1,381.0,106.0,130.0,36.0,13247|31|1|1
2019,36059,31,1,1,538.0,130.0,3916.0,699.0,36059|31|1|1
2019,36047,4,2,1,281.0,216.0,666.0,400.0,36047|4|2|1
2019,36103,32,1,1,315.0,111.0,6065.0,1222.0,36103|32|1|1
2019,39049,31,1,3,53.0,25.0,262.0,80.0,39049|31|1|3
2019,48453,32,1,1,260.0,103.0,3359.0,695.0,48453|32|1|1
2019,48257,31,1,1,152.0,44.0,689.0,141.0,48257|31|1|1
2020,06073,1,1,1,1029.0,141.0,21648.0,2077.0,06073|1|1|1
2020,06059,1,1,1,263.0,38.0,14492.0,1433.0,06059|1|1|1
2020,06059,32,1,1,267.0,49.0,20929.0,2468.0,06059|32|1|1
2020,12086,31,1,3,118.0,66.0,1226.0,477.0,12086|31|1|3
2020,18019,1,1,1,172.0,24.0,2284.0,230.0,18019|1|1|1
2020,22039,1,1,1,74.0,40.0,238.0,69.0,22039|1|1|1
2020,37097,1,1,1,315.0,65.0,3239.0,339.0,37097|1|1|1
2020,37057,31,1,1,121.0,26.0,2259.0,334.0,37057|31|1|1
2020,37183,32,1,1,785.0,222.0,6208.0,704.0,37183|32|1|1
2020,37145,1,1,1,110.0,44.0,372.0,57.0,37145|1|1|1
2020,37067,2,2,1,64.0,27.0,516.0,137.0,37067|2|2|1
2020,42041,1,1,1,75.0,9.0,2952.0,213.0,42041|1|1|1
2020,42011,1,1,1,243.0,41.0,4547.0,393.0,42011|1|1|1
2020,47037,1,1,3,79.0,13.0,784.0,60.0,47037|1|1|3
2020,48113,2,2,1,218.0,173.0,1173.0,616.0,48113|2|2|1
2020,04003,1,1,1,63.0,3.0,1700.0,153.0,04003|1|1|1
2020,08005,31,1,1,1657.0,388.0,19975.0,2273.0,08005|31|1|1
2020,08031,32,1,1,444.0,114.0,6522.0,879.0,08031|32|1|1
2020,12097,2,2,1,43.0,32.0,254.0,149.0,12097|2|2|1
2020,24005,31,1,1,3272.0,690.0,11859.0,1238.0,24005|31|1|1
2020,24033,2,1,1,233.0,163.0,98.0,48.0,24033|2|1|1
2020,29095,31,1,1,834.0,195.0,9531.0,934.0,29095|31|1|1
2020,29189,4,1,1,78.0,61.0,557.0,193.0,29189|4|1|1
2020,37165,1,1,1,131.0,74.0,178.0,38.0,37165|1|1|1
2020,34005,4,2,1,38.0,21.0,420.0,189.0,34005|4|2|1
2020,36081,31,1,1,1585.0,345.0,4071.0,725.0,36081|31|1|1
2020,48201,1,2,1,394.0,72.0,1412.0,212.0,48201|1|2|1
2020,48141,1,1,1,441.0,53.0,8756.0,1079.0,48141|1|1|1
2020,48073,1,1,1,66.0,41.0,602.0,223.0,48073|1|1|1
2020,51149,1,1,1,152.0,70.0,345.0,63.0,51149|1|1|1
2021,06071,31,1,1,2385.0,487.0,24876.0,3425.0,06071|31|1|1
2021,12086,1,1,1,2022.0,481.0,26723.0,3798.0,12086|1|1|1
2021,12065,1,1,1,46.0,32.0,170.0,28.0,12065|1|1|1
2021,13223,32,1,1,472.0,123.0,2056.0,300.0,13223|32|1|1
2021,13117,32,1,1,121.0,26.0,3002.0,339.0,13117|32|1|1
2021,29189,1,2,1,195.0,28.0,220.0,40.0,29189|1|2|1
2021,37127,1,1,1,603.0,191.0,822.0,104.0,37127|1|1|1
2021,37063,4,2,1,156.0,78.0,326.0,97.0,37063|4|2|1
2020,48423,1,1,1,404.0,189.0,2921.0,457.0,48423|1|1|1
2020,51800,4,2,1,35.0,25.0,82.0,34.0,51800|4|2|1
2021,04013,1,1,3,138.0,23.0,3990.0,308.0,04013|1|1|3
2021,13039,32,1,1,57.0,20.0,378.0,74.0,13039|32|1|1
2021,29189,31,2,1,26.0,20.0,354.0,73.0,29189|31|2|1
2021,37067,4,1,1,31.0,15.0,215.0,65.0,37067|4|1|1
2021,37119,2,1,1,139.0,79.0,416.0,123.0,37119|2|1|1
2021,37147,32,1,1,154.0,64.0,519.0,89.0,37147|32|1|1
2021,37079,1,1,1,57.0,33.0,92.0,17.0,37079|1|1|1
2021,37063,2,2,1,175.0,73.0,414.0,121.0,37063|2|2|1
2021,36081,32,1,1,1444.0,373.0,2437.0,451.0,36081|32|1|1
2021,39153,31,1,1,568.0,154.0,7334.0,981.0,39153|31|1|1
2021,51153,1,1,1,1589.0,130.0,4779.0,251.0,51153|1|1|1
2021,51740,31,1,1,586.0,135.0,703.0,112.0,51740|31|1|1
2022,06037,4,2,1,774.0,468.0,7139.0,3333.0,06037|4|2|1
2022,06037,31,1,3,185.0,72.0,1862.0,423.0,06037|31|1|3
2022,12089,1,1,1,169.0,49.0,1946.0,305.0,12089|1|1|1
2022,12091,1,1,1,377.0,95.0,3162.0,425.0,12091|1|1|1
2021,36059,4,1,1,45.0,22.0,521.0,197.0,36059|4|1|1
2022,06095,4,2,1,113.0,61.0,425.0,167.0,06095|4|2|1
2022,18039,1,1,1,96.0,44.0,2481.0,380.0,18039|1|1|1
2022,24033,2,1,1,240.0,159.0,95.0,50.0,24033|2|1|1
2022,36103,1,1,1,1332.0,189.0,10273.0,1029.0,36103|1|1|1
2022,51177,1,1,1,579.0,98.0,1664.0,124.0,51177|1|1|1
2022,51800,2,2,1,105.0,51.0,184.0,39.0,51800|2|2|1
2022,51059,31,2,1,37.0,21.0,353.0,89.0,51059|31|2|1
2023,01025,1,1,1,113.0,83.0,87.0,21.0,01025|1|1|1
2023,12011,2,2,1,1098.0,742.0,3357.0,1779.0,12011|2|2|1
2023,13089,4,1,1,214.0,140.0,136.0,58.0,13089|4|1|1
2023,13215,1,1,1,474.0,85.0,726.0,53.0,13215|1|1|1
2023,13121,1,1,2,54.0,19.0,75.0,4.0,13121|1|1|2
2023,13089,2,2,1,782.0,483.0,736.0,258.0,13089|2|2|1
2023,13059,1,1,1,65.0,30.0,540.0,35.0,13059|1|1|1
2023,13077,31,1,1,30.0,14.0,100.0,25.0,13077|31|1|1
2023,13217,2,2,1,136.0,85.0,102.0,50.0,13217|2|2|1
2023,13067,32,1,3,59.0,21.0,59.0,14.0,13067|32|1|3
2022,36103,32,1,1,459.0,169.0,5048.0,1054.0,36103|32|1|1
2022,42043,4,1,1,31.0,22.0,229.0,95.0,42043|4|1|1
2022,48423,31,1,1,75.0,30.0,570.0,127.0,48423|31|1|1
2022,48201,31,1,3,160.0,55.0,538.0,136.0,48201|31|1|3
2022,48201,1,1,2,107.0,23.0,340.0,62.0,48201|1|1|2
2023,12129,1,1,1,79.0,20.0,469.0,79.0,12129|1|1|1
2023,29047,32,1,1,33.0,17.0,510.0,118.0,29047|32|1|1
2023,29095,2,2,1,238.0,151.0,1178.0,417.0,29095|2|2|1
2023,48365,1,1,1,57.0,39.0,227.0,95.0,48365|1|1|1
2023,48001,1,1,1,105.0,80.0,491.0,220.0,48001|1|1|1
2023,48419,1,1,1,50.0,37.0,217.0,121.0,48419|1|1|1
2024,08005,31,1,1,118.0,46.0,911.0,202.0,08005|31|1|1
2024,08005,4,2,1,255.0,136.0,1699.0,672.0,08005|4|2|1
2024,13089,32,1,1,1588.0,733.0,365.0,114.0,13089|32|1|1
2024,13117,32,1,1,58.0,28.0,480.0,115.0,13117|32|1|1
2024,13121,31,1,3,94.0,50.0,41.0,13.0,13121|31|1|3
2024,17043,1,1,1,183.0,34.0,5667.0,394.0,17043|1|1|1
2023,48201,2,2,1,719.0,549.0,2504.0,1465.0,48201|2|2|1
2024,12095,1,2,1,123.0,35.0,332.0,104.0,12095|1|2|1
2024,13255,1,1,1,415.0,62.0,442.0,37.0,13255|1|1|1
2024,13121,1,1,2,45.0,11.0,72.0,4.0,13121|1|1|2
2024,13077,31,1,1,69.0,17.0,206.0,37.0,13077|31|1|1
2024,13029,1,1,1,98.0,27.0,700.0,56.0,13029|1|1|1
2024,21227,1,1,1,100.0,16.0,1097.0,117.0,21227|1|1|1
2024,37195,1,1,1,230.0,72.0,473.0,49.0,37195|1|1|1
2024,37129,31,1,1,36.0,16.0,353.0,54.0,37129|31|1|1
2024,37069,1,1,1,212.0,59.0,939.0,90.0,37069|1|1|1
2024,37191,1,1,1,409.0,115.0,933.0,129.0,37191|1|1|1
2024,48339,32,1,1,37.0,18.0,849.0,263.0,48339|32|1|1
2024,55079,1,1,1,1255.0,267.0,4885.0,342.0,55079|1|1|1
2025,06073,32,1,3,41.0,11.0,751.0,162.0,06073|32|1|3
2025,12086,1,1,3,131.0,38.0,2668.0,560.0,12086|1|1|3
2025,12097,1,1,3,69.0,14.0,1040.0,145.0,12097|1|1|3
2025,13185,1,1,1,352.0,121.0,960.0,124.0,13185|1|1|1
2025,13063,31,1,1,510.0,214.0,99.0,35.0,13063|31|1|1
2025,13077,1,1,1,211.0,29.0,1430.0,86.0,13077|1|1|1
2025,13021,2,1,1,60.0,33.0,46.0,18.0,13021|2|1|1
2025,13169,1,1,1,87.0,41.0,210.0,31.0,13169|1|1|1
2025,13121,1,1,2,49.0,11.0,68.0,6.0,13121|1|1|2
2024,37165,1,1,1,108.0,60.0,125.0,39.0,37165|1|1|1
2024,32003,31,1,1,430.0,86.0,2120.0,433.0,32003|31|1|1
2024,44007,1,2,1,142.0,32.0,448.0,92.0,44007|1|2|1
2024,48209,1,1,1,245.0,33.0,3762.0,423.0,48209|1|1|1
2024,48491,1,1,1,647.0,86.0,6009.0,508.0,48491|1|1|1
2024,48329,1,1,1,161.0,50.0,3010.0,651.0,48329|1|1|1
2024,48021,1,1,1,98.0,26.0,1425.0,357.0,48021|1|1|1
2024,48157,32,1,1,355.0,173.0,558.0,178.0,48157|32|1|1
2024,48029,2,2,1,90.0,52.0,1079.0,594.0,48029|2|2|1
2025,12051,1,1,1,65.0,25.0,506.0,149.0,12051|1|1|1
2025,12009,2,1,1,34.0,18.0,485.0,163.0,12009|2|1|1
2025,26081,31,1,1,103.0,34.0,1738.0,252.0,26081|31|1|1
2025,26125,2,2,1,367.0,154.0,2630.0,684.0,26125|2|2|1
2025,26081,4,2,1,115.0,60.0,1373.0,372.0,26081|4|2|1
2025,37071,1,1,1,706.0,163.0,2379.0,287.0,37071|1|1|1
2025,29510,2,1,1,86.0,69.0,65.0,32.0,29510|2|1|1
2025,37051,1,2,1,82.0,9.0,61.0,6.0,37051|1|2|1
2025,48021,1,1,1,144.0,66.0,1507.0,400.0,48021|1|1|1
2025,48113,2,2,1,301.0,224.0,1154.0,581.0,48113|2|2|1
2025,48199,1,1,1,79.0,54.0,947.0,398.0,48199|1|1|1
2025,51109,1,1,1,50.0,18.0,535.0,54.0,51109|1|1|1
2025,51810,1,1,1,498.0,52.0,3268.0,157.0,51810|1|1|1
2025,51710,32,1,1,219.0,101.0,236.0,77.0,51710|32|1|1
2025,51700,32,1,1,219.0,85.0,215.0,63.0,51700|32|1|1
2018,13205,1,1,1,26.0,18.0,71.0,26.0,13205|1|1|1
2018,13199,1,1,1,32.0,14.0,198.0,31.0,13199|1|1|1
2018,17197,4,1,1,29.0,21.0,478.0,215.0,17197|4|1|1
2018,26145,1,1,1,158.0,35.0,1615.0,153.0,26145|1|1|1
2018,26025,1,1,1,92.0,22.0,1374.0,127.0,26025|1|1|1
2018,37069,32,1,1,46.0,22.0,187.0,54.0,37069|32|1|1
2018,51031,1,1,1,78.0,27.0,526.0,80.0,51031|1|1|1
2018,51099,1,1,1,48.0,15.0,301.0,20.0,51099|1|1|1
2019,05119,31,1,1,338.0,128.0,1111.0,219.0,05119|31|1|1
2019,24510,2,1,1,218.0,176.0,128.0,74.0,24510|2|1|1
2019,18097,1,1,1,1959.0,311.0,9083.0,663.0,18097|1|1|1
2019,32003,32,1,1,1512.0,470.0,12043.0,2460.0,32003|32|1|1
2019,47149,2,2,1,83.0,61.0,600.0,291.0,47149|2|2|1
2020,05045,1,1,1,161.0,47.0,1992.0,279.0,05045|1|1|1
2020,13095,1,1,1,381.0,142.0,284.0,53.0,13095|1|1|1
2020,13135,32,1,3,67.0,18.0,113.0,31.0,13135|32|1|3
2020,27053,1,1,3,65.0,10.0,571.0,38.0,27053|1|1|3
2020,27053,4,2,1,87.0,43.0,1894.0,530.0,27053|4|2|1
2020,39049,31,1,1,2001.0,437.0,19047.0,1856.0,39049|31|1|1
2020,39025,1,1,1,56.0,16.0,3369.0,349.0,39025|1|1|1
2020,39113,1,1,3,48.0,9.0,404.0,50.0,39113|1|1|3
2020,39023,1,1,1,76.0,8.0,1467.0,137.0,39023|1|1|1
2020,45079,1,1,3,53.0,11.0,164.0,16.0,45079|1|1|3
2021,40109,31,1,1,798.0,180.0,5944.0,831.0,40109|31|1|1
2022,05037,1,1,1,37.0,21.0,140.0,23.0,05037|1|1|1
2022,37063,31,1,1,479.0,123.0,625.0,78.0,37063|31|1|1
2022,37019,1,1,1,274.0,113.0,3467.0,380.0,37019|1|1|1
2022,37089,1,1,1,41.0,14.0,1583.0,216.0,37089|1|1|1
2023,17031,1,1,2,34.0,14.0,247.0,31.0,17031|1|1|2
2022,37013,1,1,1,82.0,45.0,430.0,59.0,37013|1|1|1
2023,25025,31,1,1,67.0,32.0,214.0,54.0,25025|31|1|1
2023,37133,1,1,1,352.0,88.0,2850.0,250.0,37133|1|1|1
2023,37037,1,1,1,77.0,25.0,743.0,59.0,37037|1|1|1
2023,36001,1,1,1,204.0,39.0,1411.0,129.0,36001|1|1|1
2023,36087,2,2,1,68.0,53.0,443.0,210.0,36087|2|2|1
2023,47037,2,1,1,76.0,43.0,251.0,119.0,47037|2|1|1
2024,04013,4,2,1,751.0,385.0,12755.0,5098.0,04013|4|2|1
2024,04013,4,1,1,83.0,51.0,1973.0,749.0,04013|4|1|1
2024,39061,1,1,1,1201.0,202.0,5542.0,341.0,39061|1|1|1
2024,39061,4,2,1,378.0,217.0,1928.0,638.0,39061|4|2|1
2024,51590,1,1,1,105.0,26.0,155.0,22.0,51590|1|1|1
2024,51760,32,1,1,235.0,95.0,129.0,30.0,51760|32|1|1
2024,51193,1,1,1,61.0,23.0,229.0,27.0,51193|1|1|1
2025,01121,1,1,1,351.0,200.0,677.0,163.0,01121|1|1|1
2025,01073,31,2,1,91.0,34.0,401.0,91.0,01073|31|2|1
2025,22033,1,1,1,1367.0,350.0,2148.0,145.0,22033|1|1|1
2025,22073,1,1,1,389.0,189.0,1056.0,203.0,22073|1|1|1
2025,22047,1,1,1,125.0,70.0,151.0,31.0,22047|1|1|1
2025,22011,1,1,1,29.0,15.0,428.0,129.0,22011|1|1|1
2024,51153,31,2,1,47.0,21.0,169.0,65.0,51153|31|2|1
2025,36005,32,1,1,140.0,70.0,101.0,33.0,36005|32|1|1
2018,05119,2,2,1,116.0,88.0,306.0,127.0,05119|2|2|1
2018,10003,2,2,1,262.0,181.0,1084.0,433.0,10003|2|2|1
2018,47157,2,1,1,409.0,334.0,353.0,183.0,47157|2|1|1
2019,01003,1,1,1,194.0,65.0,4343.0,572.0,01003|1|1|1
2019,40027,1,1,1,132.0,18.0,3496.0,395.0,40027|1|1|1
2019,40143,31,1,1,96.0,43.0,1659.0,326.0,40143|31|1|1
2019,01117,4,2,1,48.0,30.0,492.0,208.0,01117|4|2|1
2019,44007,1,1,3,25.0,3.0,327.0,39.0,44007|1|1|3
2020,01125,1,1,1,960.0,248.0,2369.0,270.0,01125|1|1|1
2020,01051,32,1,1,35.0,12.0,397.0,68.0,01051|32|1|1
2020,28005,1,1,1,68.0,43.0,76.0,25.0,28005|1|1|1
2020,28047,31,1,1,348.0,110.0,1846.0,376.0,28047|31|1|1
2021,27037,32,1,1,130.0,40.0,4791.0,490.0,27037|32|1|1
2021,28105,1,1,1,220.0,130.0,419.0,46.0,28105|1|1|1
2021,28073,1,1,1,271.0,52.0,977.0,137.0,28073|1|1|1
2021,28071,1,1,1,119.0,58.0,736.0,68.0,28071|1|1|1
2021,28145,1,1,1,54.0,26.0,293.0,89.0,28145|1|1|1
2021,28043,1,1,1,87.0,29.0,133.0,25.0,28043|1|1|1
2021,22019,32,1,1,61.0,24.0,491.0,108.0,22019|32|1|1
2021,22081,1,1,1,74.0,50.0,72.0,35.0,22081|1|1|1
2021,24510,4,2,1,215.0,164.0,136.0,59.0,24510|4|2|1
2022,01113,32,1,1,162.0,80.0,141.0,38.0,01113|32|1|1
2022,49057,1,1,1,45.0,14.0,3454.0,362.0,49057|1|1|1
2023,06099,32,1,1,40.0,24.0,511.0,173.0,06099|32|1|1
2023,06037,1,1,3,127.0,28.0,1695.0,271.0,06037|1|1|3
2023,18089,2,1,1,135.0,94.0,263.0,95.0,18089|2|1|1
2023,22063,1,1,1,398.0,124.0,1581.0,340.0,22063|1|1|1
2024,28105,1,1,1,149.0,91.0,239.0,19.0,28105|1|1|1
2024,36063,1,1,1,97.0,24.0,1546.0,191.0,36063|1|1|1
2024,36029,31,1,1,84.0,38.0,930.0,202.0,36029|31|1|1
2024,42007,1,1,1,61.0,15.0,1427.0,151.0,42007|1|1|1
2025,42091,31,1,1,125.0,34.0,1641.0,273.0,42091|31|1|1
2024,36001,2,2,1,90.0,44.0,853.0,172.0,36001|2|2|1
2024,42091,32,2,1,105.0,39.0,839.0,198.0,42091|32|2|1
2025,24037,32,1,1,60.0,29.0,186.0,60.0,24037|32|1|1
2018,34013,1,2,1,43.0,21.0,80.0,34.0,34013|1|2|1
2018,45019,31,1,1,182.0,84.0,965.0,222.0,45019|31|1|1
2019,22033,31,1,1,454.0,130.0,1227.0,144.0,22033|31|1|1
2019,22091,1,1,1,111.0,82.0,42.0,16.0,22091|1|1|1
2020,11001,1,1,1,1429.0,197.0,4846.0,202.0,11001|1|1|1
2020,11001,2,1,1,157.0,108.0,103.0,42.0,11001|2|1|1
2021,21111,1,1,3,57.0,12.0,574.0,37.0,21111|1|1|3
2021,45057,1,1,1,389.0,93.0,1896.0,210.0,45057|1|1|1
2022,25027,1,1,1,793.0,129.0,6980.0,546.0,25027|1|1|1
2022,25027,1,2,1,42.0,14.0,394.0,82.0,25027|1|2|1
2022,25027,4,2,1,87.0,48.0,1662.0,589.0,25027|4|2|1
2023,05119,2,2,1,253.0,176.0,347.0,147.0,05119|2|2|1
2023,11001,32,1,3,90.0,30.0,34.0,13.0,11001|32|1|3
2023,45045,1,1,1,706.0,217.0,5749.0,641.0,45045|1|1|1
2024,53063,1,1,1,146.0,15.0,4622.0,350.0,53063|1|1|1
2025,25013,32,1,1,96.0,41.0,654.0,199.0,25013|32|1|1
2025,47157,1,1,1,1902.0,345.0,3334.0,183.0,47157|1|1|1
2018,01127,1,1,1,37.0,23.0,756.0,240.0,01127|1|1|1
2018,01087,1,1,1,81.0,60.0,35.0,16.0,01087|1|1|1
2018,06059,32,1,1,164.0,53.0,9472.0,2136.0,06059|32|1|1
2018,47165,32,1,1,67.0,27.0,1207.0,310.0,47165|32|1|1
2018,42091,32,1,1,222.0,106.0,2343.0,643.0,42091|32|1|1
2018,48339,32,1,1,52.0,22.0,1524.0,392.0,48339|32|1|1
2018,13121,31,1,1,1005.0,427.0,1488.0,371.0,13121|31|1|1
2018,12031,4,2,1,212.0,155.0,856.0,511.0,12031|4|2|1
2018,12099,32,1,3,62.0,30.0,295.0,115.0,12099|32|1|3
2018,24005,31,1,1,673.0,267.0,2052.0,538.0,24005|31|1|1
2018,24011,1,1,1,28.0,5.0,320.0,39.0,24011|1|1|1
2018,29095,4,2,1,88.0,52.0,877.0,393.0,29095|4|2|1
2018,36087,1,1,1,205.0,50.0,1799.0,177.0,36087|1|1|1
2018,36007,1,1,1,58.0,14.0,1470.0,196.0,36007|1|1|1
2018,48121,1,1,1,1345.0,218.0,11986.0,1084.0,48121|1|1|1
2018,48373,1,1,1,25.0,17.0,399.0,114.0,48373|1|1|1
2018,06095,32,1,1,542.0,196.0,1998.0,471.0,06095|32|1|1
2019,13135,4,1,1,92.0,63.0,359.0,167.0,13135|4|1|1
2019,13151,2,2,1,242.0,192.0,204.0,125.0,13151|2|2|1
2019,13179,32,1,1,115.0,63.0,103.0,45.0,13179|32|1|1
2019,38017,1,1,1,42.0,2.0,2248.0,81.0,38017|1|1|1
2019,34035,32,1,1,108.0,41.0,869.0,160.0,34035|32|1|1
2019,34021,1,1,1,392.0,65.0,2044.0,172.0,34021|1|1|1
2019,39113,1,1,1,683.0,106.0,5597.0,427.0,39113|1|1|1
2019,39093,1,1,1,166.0,32.0,4158.0,320.0,39093|1|1|1
2019,48439,1,1,3,76.0,11.0,952.0,62.0,48439|1|1|3
2019,48441,1,1,1,91.0,12.0,1735.0,177.0,48441|1|1|1
2019,51570,1,1,1,50.0,7.0,188.0,9.0,51570|1|1|1
2019,06077,2,2,1,76.0,52.0,673.0,353.0,06077|2|2|1
2019,12071,32,1,1,188.0,75.0,3155.0,961.0,12071|32|1|1
2019,12069,32,1,1,194.0,78.0,1760.0,461.0,12069|32|1|1
2019,25021,1,1,1,542.0,77.0,5510.0,300.0,25021|1|1|1
2019,36059,1,2,1,46.0,19.0,167.0,59.0,36059|1|2|1
2020,06065,1,1,1,2063.0,351.0,23312.0,2618.0,06065|1|1|1
2020,12099,1,1,3,108.0,29.0,892.0,161.0,12099|1|1|3
2020,12103,2,1,1,49.0,33.0,1137.0,521.0,12103|2|1|1
2020,12091,1,1,1,377.0,71.0,3862.0,484.0,12091|1|1|1
2020,16027,1,1,1,34.0,2.0,4751.0,320.0,16027|1|1|1
2020,22079,1,1,1,380.0,119.0,1113.0,231.0,22079|1|1|1
2020,26077,31,1,1,159.0,39.0,4315.0,402.0,26077|31|1|1
2020,48157,4,1,1,80.0,51.0,228.0,112.0,48157|4|1|1
2019,27053,1,1,3,49.0,6.0,674.0,38.0,27053|1|1|3
2020,12071,4,1,1,32.0,27.0,949.0,433.0,12071|4|1|1
2020,24003,31,1,1,2658.0,445.0,15226.0,1514.0,24003|31|1|1
2020,24031,2,2,1,190.0,110.0,1059.0,407.0,24031|2|2|1
2020,29510,4,1,1,41.0,34.0,76.0,34.0,29510|4|1|1
2020,37107,1,1,1,159.0,78.0,335.0,70.0,37107|1|1|1
2020,48439,1,1,3,83.0,7.0,867.0,76.0,48439|1|1|3
2020,48201,31,1,1,5978.0,1666.0,35814.0,6112.0,48201|31|1|1
2020,51680,1,1,1,117.0,22.0,810.0,52.0,51680|1|1|1
2020,51740,31,1,1,511.0,120.0,769.0,111.0,51740|31|1|1
2020,51760,31,1,1,338.0,80.0,2398.0,209.0,51760|31|1|1
2021,12011,31,1,1,4803.0,1485.0,16672.0,3408.0,12011|31|1|1
2021,12109,1,1,1,331.0,67.0,6927.0,653.0,12109|1|1|1
2021,13045,1,1,1,457.0,95.0,1676.0,212.0,13045|1|1|1
2021,26081,4,2,1,34.0,12.0,741.0,214.0,26081|4|2|1
2021,26163,31,2,1,49.0,24.0,328.0,111.0,26163|31|2|1
2021,26077,31,1,1,202.0,50.0,3745.0,371.0,26077|31|1|1
2020,48185,1,1,1,62.0,44.0,403.0,124.0,48185|1|1|1
2020,51193,1,1,1,55.0,11.0,272.0,34.0,51193|1|1|1
2020,51740,2,2,1,29.0,20.0,49.0,22.0,51740|2|2|1
2021,06037,2,1,1,258.0,119.0,1876.0,553.0,06037|2|1|1
2021,06001,4,2,1,116.0,50.0,816.0,219.0,06001|4|2|1
2021,10001,2,2,1,89.0,63.0,318.0,143.0,10001|2|2|1
2021,12073,1,1,3,59.0,9.0,249.0,17.0,12073|1|1|3
2021,12117,2,2,1,54.0,35.0,770.0,353.0,12117|2|2|1
2021,12099,31,1,3,93.0,45.0,538.0,148.0,12099|31|1|3
2021,13021,2,1,1,57.0,46.0,52.0,30.0,13021|2|1|1
2021,17031,31,2,1,130.0,84.0,746.0,319.0,17031|31|2|1
2021,25025,31,1,1,951.0,265.0,5943.0,544.0,25025|31|1|1
2021,37181,1,1,1,185.0,53.0,227.0,38.0,37181|1|1|1
2021,34005,31,1,1,1120.0,316.0,6388.0,847.0,34005|31|1|1
2021,34013,31,1,1,1687.0,482.0,5498.0,694.0,34013|31|1|1
2021,36081,1,1,1,1334.0,243.0,3823.0,449.0,36081|1|1|1
2021,39035,1,1,1,2893.0,424.0,11018.0,592.0,39035|1|1|1
2021,39153,4,1,1,58.0,43.0,576.0,254.0,39153|4|1|1
2021,42077,32,1,1,91.0,30.0,2146.0,310.0,42077|32|1|1
2021,42043,32,1,1,126.0,54.0,1239.0,196.0,42043|32|1|1
2021,47065,2,2,1,74.0,51.0,523.0,250.0,47065|2|2|1
2021,48201,1,1,1,8811.0,1687.0,36046.0,3811.0,48201|1|1|1
2021,48231,1,1,1,215.0,49.0,2089.0,384.0,48231|1|1|1
2021,48439,1,1,3,72.0,12.0,1030.0,81.0,48439|1|1|3
2021,51177,32,1,1,301.0,87.0,1531.0,229.0,51177|32|1|1
2021,51650,1,2,1,145.0,11.0,84.0,0.0,51650|1|2|1
2021,55079,31,2,1,100.0,32.0,502.0,111.0,55079|31|2|1
2022,06071,1,1,1,1431.0,257.0,12239.0,1515.0,06071|1|1|1
2022,06077,4,2,1,122.0,72.0,659.0,303.0,06077|4|2|1
2022,13217,32,1,1,730.0,285.0,473.0,108.0,13217|32|1|1
2022,13139,32,1,1,109.0,44.0,964.0,216.0,13139|32|1|1
2022,26121,32,1,1,95.0,44.0,975.0,228.0,26121|32|1|1
2021,47069,1,1,1,112.0,49.0,197.0,34.0,47069|1|1|1
2021,48141,32,1,1,65.0,24.0,2037.0,643.0,48141|32|1|1
2022,06037,1,1,3,188.0,27.0,2761.0,362.0,06037|1|1|3
2022,12031,2,1,1,134.0,87.0,374.0,172.0,12031|2|1|1
2022,13067,2,2,1,653.0,374.0,1677.0,569.0,13067|2|2|1
2022,13121,31,2,1,105.0,54.0,372.0,89.0,13121|31|2|1
2022,13097,4,1,1,34.0,22.0,49.0,21.0,13097|4|1|1
2022,24033,32,1,3,250.0,84.0,62.0,17.0,24033|32|1|3
2022,24003,4,1,1,27.0,22.0,230.0,102.0,24003|4|1|1
2022,28049,31,1,1,350.0,159.0,250.0,44.0,28049|31|1|1
2022,39099,1,1,1,165.0,33.0,1992.0,171.0,39099|1|1|1
2023,01101,1,1,3,51.0,11.0,133.0,7.0,01101|1|1|3
2023,12055,1,1,1,107.0,33.0,1030.0,179.0,12055|1|1|1
2023,12083,4,2,1,118.0,82.0,921.0,553.0,12083|4|2|1
2023,13135,4,2,1,923.0,582.0,1124.0,555.0,13135|4|2|1
2023,13223,31,1,1,52.0,29.0,120.0,37.0,13223|31|1|1
2023,13153,31,1,1,44.0,13.0,97.0,25.0,13153|31|1|1
2023,13153,32,1,1,205.0,95.0,270.0,72.0,13153|32|1|1
2022,28001,1,1,1,147.0,72.0,113.0,19.0,28001|1|1|1
2022,36029,4,1,1,52.0,32.0,626.0,218.0,36029|4|1|1
2022,42043,2,1,1,52.0,36.0,291.0,110.0,42043|2|1|1
2022,48241,1,1,1,82.0,65.0,434.0,181.0,48241|1|1|1
2023,01023,1,1,1,57.0,39.0,57.0,23.0,01023|1|1|1
2023,08005,31,1,1,45.0,23.0,319.0,93.0,08005|31|1|1
2023,08005,1,2,1,79.0,17.0,385.0,48.0,08005|1|2|1
2023,12111,2,1,1,56.0,45.0,274.0,141.0,12111|2|1|1
2023,12009,4,2,1,166.0,105.0,1607.0,775.0,12009|4|2|1
2023,26077,31,1,1,26.0,10.0,418.0,71.0,26077|31|1|1
2023,34013,1,1,3,62.0,21.0,216.0,35.0,34013|1|1|3
2023,39035,1,1,1,1935.0,319.0,7222.0,436.0,39035|1|1|1
2023,39035,31,1,1,270.0,134.0,1116.0,297.0,39035|31|1|1
2023,48121,32,1,1,156.0,84.0,1132.0,367.0,48121|32|1|1
2023,48395,1,1,1,39.0,31.0,185.0,74.0,48395|1|1|1
2023,51650,32,1,1,179.0,71.0,144.0,52.0,51650|32|1|1
2023,51089,1,1,1,81.0,32.0,323.0,93.0,51089|1|1|1
2023,51810,1,1,1,483.0,71.0,2969.0,132.0,51810|1|1|1
2023,51047,1,1,1,68.0,12.0,411.0,28.0,51047|1|1|1
2023,55059,1,1,1,45.0,8.0,1263.0,124.0,55059|1|1|1
2024,08041,31,1,1,163.0,30.0,1556.0,237.0,08041|31|1|1
2024,17097,31,1,1,55.0,13.0,955.0,153.0,17097|31|1|1
2023,42045,4,2,1,212.0,122.0,1096.0,417.0,42045|4|2|1
2023,42091,32,2,1,94.0,44.0,727.0,179.0,42091|32|2|1
2018,08001,1,1,1,213.0,32.0,7515.0,802.0,08001|1|1|1
2018,51107,32,1,1,134.0,53.0,1065.0,241.0,51107|32|1|1
2018,12095,1,1,1,2522.0,541.0,14328.0,2132.0,12095|1|1|1
2018,12111,1,1,2,70.0,16.0,465.0,45.0,12111|1|1|2
2018,12053,32,1,1,62.0,34.0,1078.0,408.0,12053|32|1|1
2018,12057,2,2,1,290.0,190.0,2601.0,1291.0,12057|2|2|1
2018,24033,4,1,1,217.0,147.0,108.0,60.0,24033|4|1|1
2018,24003,31,1,1,309.0,119.0,1781.0,430.0,24003|31|1|1
2018,29095,2,1,1,117.0,86.0,423.0,172.0,29095|2|1|1
2018,29019,1,1,1,85.0,9.0,1942.0,116.0,29019|1|1|1
2018,35043,1,1,1,58.0,11.0,2149.0,243.0,35043|1|1|1
2018,36029,2,2,1,159.0,100.0,2175.0,743.0,36029|2|2|1
2018,36055,1,2,1,36.0,4.0,272.0,34.0,36055|1|2|1
2018,36027,1,1,1,233.0,53.0,2254.0,308.0,36027|1|1|1
2018,39035,4,2,1,263.0,195.0,2596.0,1045.0,39035|4|2|1
2018,42079,1,1,1,72.0,21.0,2466.0,334.0,42079|1|1|1
2018,48453,32,2,1,52.0,26.0,731.0,200.0,48453|32|2|1
2019,04013,1,2,1,144.0,32.0,2490.0,324.0,04013|1|2|1
2019,12105,31,1,1,385.0,124.0,2546.0,571.0,12105|31|1|1
2019,13121,2,2,1,651.0,491.0,1576.0,659.0,13121|2|2|1
2019,13223,32,1,1,267.0,124.0,1060.0,234.0,13223|32|1|1
2019,13097,31,1,1,469.0,121.0,316.0,69.0,13097|31|1|1
2019,13051,31,1,1,314.0,99.0,821.0,159.0,13051|31|1|1
2019,17161,1,1,1,109.0,16.0,1447.0,124.0,17161|1|1|1
2019,34015,4,2,1,34.0,21.0,425.0,226.0,34015|4|2|1
2019,34029,1,1,1,208.0,33.0,7614.0,727.0,34029|1|1|1
2019,39089,1,1,1,94.0,12.0,2558.0,223.0,39089|1|1|1
2019,42089,32,1,1,82.0,49.0,476.0,164.0,42089|32|1|1
2019,48141,31,1,1,137.0,35.0,2097.0,699.0,48141|31|1|1
2019,51740,1,1,1,624.0,82.0,793.0,50.0,51740|1|1|1
2019,51033,1,1,1,119.0,19.0,396.0,34.0,51033|1|1|1
2019,51760,2,2,1,121.0,90.0,291.0,106.0,51760|2|2|1
2019,06077,1,2,1,147.0,28.0,804.0,95.0,06077|1|2|1
2019,10003,1,1,3,51.0,8.0,167.0,10.0,10003|1|1|3
2019,12035,1,1,1,163.0,28.0,1845.0,226.0,12035|1|1|1
2019,12031,31,1,3,50.0,23.0,143.0,41.0,12031|31|1|3
2019,12111,1,1,1,1172.0,222.0,4495.0,506.0,12111|1|1|1
2019,17197,4,2,1,110.0,87.0,1238.0,634.0,17197|4|2|1
2019,25025,32,1,1,548.0,165.0,1701.0,282.0,25025|32|1|1
2019,29189,32,1,3,26.0,15.0,147.0,28.0,29189|32|1|3
2019,34017,32,1,1,138.0,53.0,824.0,226.0,34017|32|1|1
2019,36103,1,1,1,1180.0,176.0,12420.0,1146.0,36103|1|1|1
2019,48157,4,2,1,188.0,151.0,432.0,292.0,48157|4|2|1
2019,45015,31,1,1,257.0,65.0,1274.0,208.0,45015|31|1|1
2020,48215,1,1,1,45.0,8.0,5424.0,1146.0,48215|1|1|1
2019,53033,1,1,1,896.0,96.0,15479.0,921.0,53033|1|1|1
2020,24033,1,1,1,7109.0,1056.0,3309.0,330.0,24033|1|1|1
2020,24510,31,1,3,142.0,62.0,344.0,72.0,24510|31|1|3
2020,24019,1,1,1,68.0,22.0,304.0,43.0,24019|1|1|1
2020,29165,1,1,1,91.0,12.0,1787.0,110.0,29165|1|1|1
2020,37141,1,1,1,114.0,67.0,1332.0,176.0,37141|1|1|1
2021,06013,31,1,1,1770.0,328.0,17850.0,1708.0,06013|31|1|1
2021,08031,1,2,1,45.0,3.0,745.0,82.0,08031|1|2|1
2021,08005,32,1,1,809.0,145.0,8162.0,886.0,08005|32|1|1
2021,12095,32,1,1,1481.0,500.0,7639.0,1398.0,12095|32|1|1
2021,13057,32,1,1,209.0,38.0,3798.0,503.0,13057|32|1|1
2021,13073,31,1,1,666.0,110.0,2198.0,308.0,13073|31|1|1
2021,17163,31,1,1,639.0,159.0,3050.0,333.0,17163|31|1|1
2021,17197,1,2,1,50.0,9.0,162.0,28.0,17197|1|2|1
2021,26099,31,1,1,1180.0,248.0,15642.0,1659.0,26099|31|1|1
2021,29077,1,1,1,79.0,8.0,4503.0,295.0,29077|1|1|1
2021,37159,1,1,1,361.0,51.0,1778.0,205.0,37159|1|1|1
2021,37119,2,2,1,589.0,314.0,1902.0,567.0,37119|2|2|1
2020,48029,32,2,1,29.0,7.0,408.0,109.0,48029|32|2|1
2021,12121,1,1,1,82.0,51.0,578.0,222.0,12121|1|1|1
2021,12099,1,1,3,147.0,32.0,1505.0,182.0,12099|1|1|3
2021,12101,2,2,1,76.0,45.0,1264.0,608.0,12101|2|2|1
2021,13175,1,1,1,167.0,86.0,333.0,87.0,13175|1|1|1
2021,26163,32,1,3,86.0,37.0,339.0,56.0,26163|32|1|3
2021,26145,1,1,1,205.0,35.0,1888.0,148.0,26145|1|1|1
2021,37119,4,2,1,371.0,188.0,1575.0,486.0,37119|4|2|1
2021,34001,32,1,1,118.0,45.0,1426.0,269.0,34001|32|1|1
2021,34021,32,1,1,217.0,66.0,1477.0,209.0,34021|32|1|1
2021,34021,1,1,1,567.0,101.0,2385.0,154.0,34021|1|1|1
2021,34007,2,2,1,142.0,84.0,738.0,311.0,34007|2|2|1
2021,36071,4,2,1,47.0,29.0,330.0,174.0,36071|4|2|1
2021,36079,1,1,1,79.0,14.0,1161.0,113.0,36079|1|1|1
2021,42089,32,1,1,219.0,79.0,1225.0,294.0,42089|32|1|1
2021,42095,1,1,1,306.0,56.0,3022.0,232.0,42095|1|1|1
2021,42029,32,1,1,141.0,49.0,4959.0,633.0,42029|32|1|1
2021,47037,4,2,1,176.0,115.0,1019.0,340.0,47037|4|2|1
2021,51001,1,1,1,73.0,37.0,291.0,32.0,51001|1|1|1
2022,12011,1,1,1,4552.0,1069.0,13883.0,2137.0,12011|1|1|1
2022,12099,31,1,1,571.0,240.0,3101.0,864.0,12099|31|1|1
2022,12127,32,1,1,413.0,161.0,3440.0,931.0,12127|32|1|1
2022,12035,1,1,1,163.0,33.0,2191.0,254.0,12035|1|1|1
2022,18097,32,1,1,1296.0,469.0,3530.0,773.0,18097|32|1|1
2022,26163,1,2,1,121.0,26.0,187.0,27.0,26163|1|2|1
2021,51800,4,2,1,41.0,23.0,63.0,22.0,51800|4|2|1
2022,12103,4,2,1,106.0,58.0,2345.0,1084.0,12103|4|2|1
2022,24003,31,1,1,327.0,80.0,1409.0,257.0,24003|31|1|1
2022,24510,1,2,1,178.0,36.0,55.0,13.0,24510|1|2|1
2022,24031,4,1,1,56.0,38.0,260.0,83.0,24031|4|1|1
2022,36081,4,2,1,256.0,185.0,352.0,217.0,36081|4|2|1
2022,42017,32,1,1,132.0,46.0,2572.0,593.0,42017|32|1|1
2022,48355,1,1,1,104.0,10.0,3225.0,413.0,48355|1|1|1
2022,48029,4,1,1,55.0,37.0,917.0,494.0,48029|4|1|1
2022,51700,32,1,1,324.0,127.0,407.0,117.0,51700|32|1|1
2023,01097,2,1,1,85.0,56.0,197.0,89.0,01097|2|1|1
2023,12031,1,1,3,98.0,31.0,520.0,85.0,12031|1|1|3
2023,13117,1,1,1,80.0,16.0,1380.0,109.0,13117|1|1|1
2023,13297,1,1,1,346.0,59.0,910.0,63.0,13297|1|1|1
2023,13175,1,1,1,160.0,96.0,265.0,92.0,13175|1|1|1
2023,13015,32,1,1,45.0,21.0,293.0,87.0,13015|32|1|1
2023,13135,2,1,1,87.0,62.0,206.0,97.0,13135|2|1|1
2022,48121,32,2,1,95.0,14.0,537.0,96.0,48121|32|2|1
2022,51093,1,1,1,143.0,25.0,497.0,47.0,51093|1|1|1
2022,51650,1,2,1,85.0,18.0,67.0,8.0,51650|1|2|1
2023,12109,32,1,1,51.0,28.0,696.0,229.0,12109|32|1|1
2023,12031,2,1,1,103.0,62.0,247.0,121.0,12031|2|1|1
2023,26139,1,1,1,47.0,20.0,2797.0,434.0,26139|1|1|1
2023,29189,4,1,1,124.0,87.0,380.0,151.0,29189|4|1|1
2023,34021,31,1,1,42.0,15.0,175.0,47.0,34021|31|1|1
2023,34007,31,1,1,70.0,33.0,333.0,86.0,34007|31|1|1
2023,34007,4,1,1,45.0,25.0,198.0,103.0,34007|4|1|1
2023,42029,1,1,1,145.0,30.0,3385.0,263.0,42029|1|1|1
2023,42101,1,1,3,239.0,39.0,514.0,50.0,42101|1|1|3
2023,48067,1,1,1,51.0,40.0,298.0,116.0,48067|1|1|1
2023,51085,1,1,1,59.0,12.0,933.0,54.0,51085|1|1|1
2023,51760,32,1,1,202.0,74.0,95.0,34.0,51760|32|1|1
2024,06095,1,1,1,387.0,57.0,1718.0,129.0,06095|1|1|1
2024,06013,1,1,1,374.0,51.0,3427.0,274.0,06013|1|1|1
2024,12095,4,2,1,557.0,350.0,2569.0,1295.0,12095|4|2|1
2024,12069,1,1,1,644.0,120.0,5249.0,703.0,12069|1|1|1
2024,12097,32,1,1,147.0,65.0,740.0,300.0,12097|32|1|1
2023,48157,4,2,1,347.0,263.0,676.0,421.0,48157|4|2|1
2018,01125,1,2,1,37.0,7.0,45.0,4.0,01125|1|2|1
2018,08031,31,1,1,234.0,91.0,2266.0,602.0,08031|31|1|1
2018,37179,32,1,1,131.0,57.0,1017.0,271.0,37179|32|1|1
2018,12033,1,1,1,535.0,191.0,3452.0,475.0,12033|1|1|1
2018,20177,1,1,1,83.0,15.0,1993.0,151.0,20177|1|1|1
2018,24003,2,2,1,165.0,102.0,1455.0,613.0,24003|2|2|1
2018,24031,1,2,1,47.0,14.0,199.0,49.0,24031|1|2|1
2018,36063,1,1,1,67.0,10.0,1903.0,181.0,36063|1|1|1
2018,36055,31,1,1,198.0,89.0,2193.0,448.0,36055|31|1|1
2018,39049,31,1,3,48.0,15.0,271.0,85.0,39049|31|1|3
2018,42045,32,1,1,194.0,131.0,1327.0,429.0,42045|32|1|1
2019,13033,1,1,1,89.0,58.0,140.0,26.0,13033|1|1|1
2019,17143,1,1,1,179.0,28.0,1733.0,129.0,17143|1|1|1
2019,48485,1,1,1,46.0,9.0,1202.0,112.0,48485|1|1|1
2019,48215,1,1,1,43.0,11.0,4421.0,837.0,48215|1|1|1
2019,51550,2,2,1,114.0,69.0,377.0,149.0,51550|2|2|1
2019,12109,1,1,1,263.0,43.0,6106.0,615.0,12109|1|1|1
2019,12095,1,2,1,85.0,28.0,270.0,79.0,12095|1|2|1
2019,12099,31,1,3,33.0,16.0,199.0,56.0,12099|31|1|3
2019,13247,32,1,1,314.0,130.0,168.0,46.0,13247|32|1|1
2019,25017,1,1,1,390.0,39.0,10827.0,550.0,25017|1|1|1
2019,36059,31,2,1,97.0,54.0,1159.0,455.0,36059|31|2|1
2019,36081,32,1,1,1015.0,322.0,1714.0,371.0,36081|32|1|1
2019,48423,32,1,1,49.0,31.0,394.0,99.0,48423|32|1|1
2019,51059,2,2,1,235.0,136.0,2000.0,650.0,51059|2|2|1
2020,06019,1,1,1,271.0,43.0,6634.0,609.0,06019|1|1|1
2020,06095,32,1,1,481.0,117.0,3170.0,378.0,06095|32|1|1
2020,12091,32,1,1,75.0,24.0,981.0,175.0,12091|32|1|1
2020,12097,1,1,2,93.0,11.0,981.0,136.0,12097|1|1|2
2020,12019,32,1,1,107.0,46.0,1160.0,257.0,12019|32|1|1
2020,26099,32,1,1,267.0,79.0,6510.0,761.0,26099|32|1|1
2020,37001,31,1,1,341.0,73.0,2028.0,251.0,37001|31|1|1
2020,37077,31,1,1,168.0,37.0,764.0,105.0,37077|31|1|1
2020,37105,1,1,1,117.0,32.0,724.0,77.0,37105|1|1|1
2020,40143,31,1,1,278.0,67.0,6009.0,728.0,40143|31|1|1
2020,48029,4,1,1,50.0,41.0,560.0,323.0,48029|4|1|1
2020,48029,2,1,1,42.0,21.0,873.0,451.0,48029|2|1|1
2020,06001,2,2,1,149.0,93.0,1062.0,395.0,06001|2|2|1
2020,12051,1,1,1,70.0,38.0,468.0,121.0,12051|1|1|1
2020,24003,1,1,1,2195.0,293.0,7172.0,410.0,24003|1|1|1
2020,34005,2,2,1,73.0,51.0,710.0,309.0,34005|2|2|1
2020,34013,4,1,1,52.0,39.0,155.0,71.0,34013|4|1|1
2020,42079,1,1,1,127.0,23.0,2591.0,314.0,42079|1|1|1
2020,42101,1,2,1,65.0,21.0,172.0,44.0,42101|1|2|1
2020,47053,1,1,1,67.0,27.0,603.0,85.0,47053|1|1|1
2020,48339,1,1,1,963.0,226.0,11718.0,1706.0,48339|1|1|1
2020,51047,1,1,1,53.0,9.0,630.0,42.0,51047|1|1|1
2020,51001,1,1,1,48.0,19.0,318.0,40.0,51001|1|1|1
2021,06065,1,1,3,61.0,11.0,1540.0,148.0,06065|1|1|3
2021,26081,32,1,1,313.0,62.0,6201.0,608.0,26081|32|1|1
2021,37071,1,1,1,823.0,120.0,3028.0,296.0,37071|1|1|1
2021,37119,32,1,3,195.0,43.0,571.0,73.0,37119|32|1|3
2021,37093,32,1,1,94.0,42.0,150.0,34.0,37093|32|1|1
2021,10003,31,1,1,2111.0,521.0,7470.0,898.0,10003|31|1|1
2021,12086,2,1,1,142.0,108.0,1105.0,680.0,12086|2|1|1
2021,19193,1,1,1,51.0,12.0,1206.0,152.0,19193|1|1|1
2021,25023,1,1,1,1100.0,181.0,5532.0,306.0,25023|1|1|1
2021,25003,1,1,1,39.0,4.0,1260.0,119.0,25003|1|1|1
2021,36027,1,1,1,380.0,64.0,2589.0,264.0,36027|1|1|1
2021,42101,1,1,1,3629.0,527.0,8174.0,473.0,42101|1|1|1
2021,47065,32,1,1,341.0,109.0,3019.0,456.0,47065|32|1|1
2021,47165,32,1,1,130.0,27.0,2588.0,361.0,47165|32|1|1
2021,48073,1,1,1,64.0,41.0,592.0,171.0,48073|1|1|1
2021,51810,31,1,1,1239.0,263.0,7383.0,855.0,51810|31|1|1
2021,55105,1,1,1,69.0,10.0,2210.0,182.0,55105|1|1|1
2022,06071,32,1,1,1287.0,389.0,8793.0,1900.0,06071|32|1|1
2022,12069,32,1,1,359.0,130.0,2110.0,522.0,12069|32|1|1
2022,12107,1,1,1,100.0,51.0,873.0,247.0,12107|1|1|1
2022,12073,1,1,3,72.0,19.0,176.0,18.0,12073|1|1|3
2022,18089,32,1,1,576.0,247.0,1894.0,481.0,18089|32|1|1
2021,48201,31,2,1,45.0,28.0,404.0,136.0,48201|31|2|1
2022,12031,1,2,1,215.0,29.0,349.0,59.0,12031|1|2|1
2022,13261,1,1,1,102.0,73.0,121.0,34.0,13261|1|1|1
2022,24003,1,2,1,45.0,14.0,115.0,33.0,24003|1|2|1
2022,28121,1,1,1,623.0,142.0,1890.0,258.0,28121|1|1|1
2022,28105,1,1,1,217.0,152.0,300.0,37.0,28105|1|1|1
2022,36087,2,2,1,64.0,39.0,558.0,272.0,36087|2|2|1
2022,48113,32,1,3,137.0,61.0,472.0,113.0,48113|32|1|3
2022,48113,1,1,3,166.0,41.0,807.0,95.0,48113|1|1|3
2022,51041,4,1,1,45.0,29.0,137.0,41.0,51041|4|1|1
2022,51109,1,1,1,67.0,29.0,630.0,69.0,51109|1|1|1
2022,51019,1,1,1,58.0,23.0,1090.0,142.0,51019|1|1|1
2022,51087,1,2,1,94.0,16.0,97.0,22.0,51087|1|2|1
2023,01077,1,1,1,45.0,17.0,955.0,196.0,01077|1|1|1
2023,01003,32,1,1,45.0,19.0,575.0,194.0,01003|32|1|1
2023,12099,32,1,3,75.0,32.0,281.0,86.0,12099|32|1|3
2023,13135,1,1,1,2207.0,417.0,3657.0,385.0,13135|1|1|1
2023,13097,1,1,1,933.0,185.0,465.0,64.0,13097|1|1|1
2022,36081,4,1,1,77.0,52.0,218.0,81.0,36081|4|1|1
2022,36047,31,2,1,71.0,38.0,232.0,100.0,36047|31|2|1
2022,48027,31,1,1,176.0,67.0,573.0,152.0,48027|31|1|1
2023,12073,1,1,3,47.0,12.0,150.0,19.0,12073|1|1|3
2023,26125,1,1,1,1149.0,276.0,9343.0,980.0,26125|1|1|1
2023,29189,2,2,1,416.0,265.0,1834.0,524.0,29189|2|2|1
2023,34025,2,2,1,70.0,50.0,1808.0,696.0,34025|2|2|1
2023,39035,31,2,1,89.0,43.0,815.0,212.0,39035|31|2|1
2023,42101,31,1,1,443.0,203.0,430.0,129.0,42101|31|1|1
2023,48139,1,1,1,1130.0,247.0,2322.0,380.0,48139|1|1|1
2023,48373,1,1,1,60.0,44.0,515.0,224.0,48373|1|1|1
2023,48309,1,1,1,185.0,51.0,2097.0,287.0,48309|1|1|1
2023,51760,4,1,1,41.0,28.0,44.0,16.0,51760|4|1|1
2024,12031,4,2,1,439.0,253.0,1236.0,554.0,12031|4|2|1
2024,13185,31,1,1,73.0,13.0,164.0,23.0,13185|31|1|1
2023,34021,2,2,1,93.0,41.0,406.0,136.0,34021|2|2|1
2024,12111,2,1,1,51.0,35.0,241.0,117.0,12111|2|1|1
2024,13063,1,1,1,1577.0,285.0,353.0,46.0,13063|1|1|1
2024,13305,1,1,1,76.0,34.0,328.0,89.0,13305|1|1|1
2024,13139,1,1,1,93.0,27.0,1675.0,167.0,13139|1|1|1
2024,37127,1,1,1,504.0,189.0,615.0,91.0,37127|1|1|1
2024,47065,4,1,1,36.0,23.0,225.0,102.0,47065|4|1|1
2024,47119,32,1,1,55.0,16.0,313.0,66.0,47119|32|1|1
2024,48491,32,1,1,71.0,25.0,707.0,213.0,48491|32|1|1
2024,48121,2,2,1,136.0,87.0,1043.0,490.0,48121|2|2|1
2025,12115,1,1,1,137.0,34.0,5219.0,603.0,12115|1|1|1
2025,12083,32,1,1,143.0,69.0,1236.0,463.0,12083|32|1|1
2025,12033,1,1,1,539.0,161.0,2829.0,346.0,12033|1|1|1
2025,13039,1,1,1,129.0,26.0,757.0,59.0,13039|1|1|1
2025,13303,1,1,1,71.0,47.0,59.0,13.0,13303|1|1|1
2024,47075,1,1,1,35.0,13.0,47.0,11.0,47075|1|1|1
2024,48027,1,1,1,1140.0,159.0,3231.0,391.0,48027|1|1|1
2024,48365,1,1,1,64.0,45.0,222.0,95.0,48365|1|1|1
2025,12009,1,1,3,63.0,9.0,415.0,61.0,12009|1|1|3
2025,12083,2,1,1,44.0,27.0,375.0,174.0,12083|2|1|1
2025,13095,32,1,1,110.0,55.0,49.0,12.0,13095|32|1|1
2025,26163,2,2,1,673.0,395.0,2255.0,634.0,26163|2|2|1
2025,37063,31,1,1,163.0,42.0,468.0,69.0,37063|31|1|1
2025,37067,31,1,1,201.0,70.0,665.0,137.0,37067|31|1|1
2025,37037,1,1,1,44.0,15.0,720.0,46.0,37037|1|1|1
2025,37081,1,1,3,76.0,17.0,216.0,26.0,37081|1|1|3
2025,23001,1,1,1,108.0,16.0,941.0,84.0,23001|1|1|1
2025,37117,1,1,1,59.0,31.0,127.0,27.0,37117|1|1|1
2025,45021,1,1,1,90.0,39.0,532.0,143.0,45021|1|1|1
2025,48139,1,1,1,1013.0,192.0,2529.0,327.0,48139|1|1|1
2025,48257,32,1,1,59.0,38.0,295.0,104.0,48257|32|1|1
2025,48419,1,1,1,78.0,61.0,209.0,82.0,48419|1|1|1
2025,51550,1,1,1,575.0,73.0,1944.0,85.0,51550|1|1|1
2025,51153,1,1,1,725.0,99.0,2282.0,158.0,51153|1|1|1
2025,51550,31,1,1,258.0,52.0,618.0,85.0,51550|31|1|1
2025,51085,1,1,1,61.0,9.0,985.0,49.0,51085|1|1|1
2025,51059,4,2,1,217.0,103.0,1292.0,435.0,51059|4|2|1
2025,51630,1,1,1,37.0,10.0,133.0,7.0,51630|1|1|1
2018,26081,31,1,1,103.0,46.0,1769.0,364.0,26081|31|1|1
2018,13151,1,1,1,2433.0,425.0,1438.0,138.0,13151|1|1|1
2018,13145,1,1,1,64.0,13.0,493.0,47.0,13145|1|1|1
2018,13225,1,1,1,105.0,26.0,182.0,24.0,13225|1|1|1
2018,37119,31,2,1,159.0,75.0,866.0,187.0,37119|31|2|1
2018,32023,1,1,1,45.0,7.0,824.0,102.0,32023|1|1|1
2018,51153,2,2,1,239.0,164.0,831.0,350.0,51153|2|2|1
2019,37183,31,1,1,1266.0,264.0,6738.0,691.0,37183|31|1|1
2019,37067,1,2,1,56.0,9.0,170.0,19.0,37067|1|2|1
2019,37025,31,1,1,302.0,66.0,1388.0,212.0,37025|31|1|1
2019,37133,32,1,1,95.0,56.0,457.0,208.0,37133|32|1|1
2019,41051,4,2,1,47.0,31.0,1507.0,592.0,41051|4|2|1
2020,19103,1,1,1,83.0,12.0,2148.0,91.0,19103|1|1|1
2020,39035,1,1,3,140.0,28.0,853.0,70.0,39035|1|1|3
2021,05119,2,1,1,98.0,76.0,148.0,59.0,05119|2|1|1
2020,45019,32,1,1,215.0,80.0,3184.0,408.0,45019|32|1|1
2020,45051,32,1,1,63.0,21.0,2051.0,400.0,45051|32|1|1
2020,45017,1,1,1,76.0,45.0,97.0,21.0,45017|1|1|1
2020,45083,4,2,1,29.0,19.0,361.0,152.0,45083|4|2|1
2021,24021,31,1,1,774.0,124.0,6110.0,554.0,24021|31|1|1
2021,32003,31,2,1,30.0,15.0,423.0,150.0,32003|31|2|1
2022,37067,32,1,1,549.0,205.0,1158.0,280.0,37067|32|1|1
2022,37023,1,1,1,45.0,12.0,921.0,145.0,37023|1|1|1
2022,47113,32,1,1,179.0,83.0,280.0,87.0,47113|32|1|1
2023,17197,1,1,1,830.0,135.0,5232.0,434.0,17197|1|1|1
2023,25013,32,1,1,83.0,30.0,534.0,168.0,25013|32|1|1
2023,37049,1,1,1,153.0,67.0,1104.0,118.0,37049|1|1|1
2024,29183,32,1,1,63.0,25.0,920.0,181.0,29183|32|1|1
2023,36029,2,1,1,132.0,94.0,642.0,279.0,36029|2|1|1
2024,04013,1,1,1,1958.0,341.0,34400.0,3135.0,04013|1|1|1
2024,25009,2,2,1,180.0,102.0,2011.0,659.0,25009|2|2|1
2024,34007,1,1,1,790.0,122.0,2628.0,142.0,34007|1|1|1
2024,39049,1,2,1,158.0,33.0,343.0,58.0,39049|1|2|1
2024,51800,31,1,1,180.0,29.0,195.0,21.0,51800|31|1|1
2024,51740,2,2,1,103.0,47.0,111.0,31.0,51740|2|2|1
2025,01051,1,1,1,268.0,111.0,981.0,126.0,01051|1|1|1
2025,01089,32,1,1,349.0,161.0,788.0,226.0,01089|32|1|1
2025,01073,2,2,1,412.0,235.0,890.0,216.0,01073|2|2|1
2025,28105,1,1,1,163.0,96.0,256.0,30.0,28105|1|1|1
2025,28133,1,1,1,68.0,26.0,30.0,13.0,28133|1|1|1
2025,17031,1,1,2,34.0,15.0,305.0,31.0,17031|1|1|2
2025,17119,32,1,1,37.0,22.0,640.0,177.0,17119|32|1|1
2025,17031,32,1,3,464.0,157.0,811.0,207.0,17031|32|1|3
2025,17163,2,1,1,70.0,58.0,119.0,52.0,17163|2|1|1
2025,55079,4,2,1,562.0,356.0,1799.0,626.0,55079|4|2|1
2025,36047,31,2,1,120.0,68.0,332.0,153.0,36047|31|2|1
2025,36055,2,1,1,134.0,87.0,576.0,168.0,36055|2|1|1
2025,36047,1,1,1,729.0,148.0,3153.0,444.0,36047|1|1|1
2025,36001,1,1,1,187.0,32.0,1536.0,98.0,36001|1|1|1
2025,36091,1,1,1,43.0,9.0,1951.0,309.0,36091|1|1|1
2025,36105,1,1,1,32.0,5.0,426.0,83.0,36105|1|1|1
2025,41051,1,1,1,294.0,39.0,4816.0,271.0,41051|1|1|1
2018,47037,1,1,3,58.0,5.0,837.0,66.0,47037|1|1|3
2018,28033,1,1,1,1103.0,129.0,2227.0,155.0,28033|1|1|1
2018,53067,1,1,1,162.0,14.0,3878.0,276.0,53067|1|1|1
2019,40109,2,1,1,69.0,52.0,351.0,164.0,40109|2|1|1
2019,72021,1,1,1,46.0,12.0,938.0,194.0,72021|1|1|1
2020,01083,1,1,1,324.0,49.0,2003.0,196.0,01083|1|1|1
2020,01101,4,1,1,41.0,30.0,52.0,24.0,01101|4|1|1
2020,28025,1,1,1,184.0,117.0,82.0,20.0,28025|1|1|1
2020,28105,1,1,1,212.0,120.0,360.0,41.0,28105|1|1|1
2020,28033,32,1,1,171.0,72.0,779.0,126.0,28033|32|1|1
2020,28001,1,1,1,141.0,78.0,108.0,22.0,28001|1|1|1
2020,01035,1,1,1,37.0,22.0,48.0,19.0,01035|1|1|1
2020,25009,32,1,1,209.0,54.0,7470.0,801.0,25009|32|1|1
2021,22097,31,1,1,129.0,46.0,448.0,71.0,22097|31|1|1
2021,28129,1,1,1,93.0,68.0,141.0,50.0,28129|1|1|1
2021,28047,32,1,1,130.0,65.0,839.0,228.0,28047|32|1|1
2021,28123,1,1,1,145.0,91.0,173.0,57.0,28123|1|1|1
2022,01113,1,1,1,290.0,96.0,455.0,64.0,01113|1|1|1
2022,17163,4,2,1,63.0,41.0,308.0,141.0,17163|4|2|1
2022,27037,4,2,1,44.0,17.0,1046.0,304.0,27037|4|2|1
2021,41005,1,1,1,116.0,15.0,5824.0,478.0,41005|1|1|1
2022,01047,1,1,1,199.0,101.0,89.0,32.0,01047|1|1|1
2022,17091,1,1,1,146.0,32.0,1099.0,131.0,17091|1|1|1
2022,34035,1,1,1,310.0,46.0,2032.0,156.0,34035|1|1|1
2022,49049,1,1,1,118.0,18.0,9496.0,729.0,49049|1|1|1
2023,22055,1,1,1,882.0,480.0,2135.0,390.0,22055|1|1|1
2023,22071,4,2,1,121.0,90.0,167.0,87.0,22071|4|2|1
2022,45083,32,1,1,471.0,196.0,1686.0,403.0,45083|32|1|1
2023,06077,2,2,1,87.0,61.0,611.0,265.0,06077|2|2|1
2024,18003,1,1,1,311.0,61.0,3883.0,294.0,18003|1|1|1
2024,28023,1,1,1,65.0,39.0,96.0,34.0,28023|1|1|1
2024,28163,1,1,1,104.0,60.0,79.0,24.0,28163|1|1|1
2024,24025,31,1,1,82.0,17.0,352.0,53.0,24025|31|1|1
2024,24510,1,1,3,239.0,49.0,269.0,57.0,24510|1|1|3
2024,24003,4,1,1,28.0,17.0,149.0,55.0,24003|4|1|1
2024,42101,1,1,1,2717.0,389.0,5098.0,328.0,42101|1|1|1
2024,42101,32,1,1,1163.0,578.0,933.0,337.0,42101|32|1|1
2024,42133,31,1,1,56.0,24.0,1005.0,248.0,42133|31|1|1
2024,42091,31,1,1,87.0,26.0,1072.0,202.0,42091|31|1|1
2024,42101,31,1,3,95.0,45.0,118.0,20.0,42101|31|1|3
2024,36005,32,1,1,132.0,68.0,93.0,36.0,36005|32|1|1
2025,42045,1,2,1,76.0,14.0,141.0,29.0,42045|1|2|1
2018,25005,32,1,1,82.0,45.0,2201.0,590.0,25005|32|1|1
2018,34015,4,2,1,48.0,27.0,578.0,285.0,34015|4|2|1
2018,45063,31,1,1,79.0,35.0,825.0,218.0,45063|31|1|1
2019,22041,1,1,1,35.0,23.0,97.0,29.0,22041|1|1|1
2021,21067,31,1,1,388.0,89.0,4418.0,452.0,21067|31|1|1
2021,21015,1,1,1,112.0,26.0,2457.0,270.0,21015|1|1|1
2021,45071,1,1,1,90.0,48.0,307.0,59.0,45071|1|1|1
2021,45033,1,1,1,203.0,152.0,166.0,60.0,45033|1|1|1
2022,25017,1,1,1,534.0,74.0,9078.0,452.0,25017|1|1|1
2022,25025,1,2,1,58.0,25.0,242.0,66.0,25025|1|2|1
2022,25025,4,2,1,139.0,79.0,495.0,209.0,25025|4|2|1
2023,05031,1,1,1,98.0,18.0,1042.0,161.0,05031|1|1|1
2024,53035,1,1,1,81.0,5.0,2295.0,132.0,53035|1|1|1
2025,18163,1,1,1,104.0,15.0,1888.0,177.0,18163|1|1|1
2025,47037,4,2,1,271.0,147.0,1098.0,433.0,47037|4|2|1
2019,45019,32,1,1,295.0,147.0,1942.0,426.0,45019|32|1|1
2019,45077,1,1,1,62.0,14.0,1425.0,156.0,45077|1|1|1
2019,45035,32,1,1,200.0,91.0,772.0,182.0,45035|32|1|1
2024,12111,1,1,3,91.0,16.0,286.0,52.0,12111|1|1|3
2024,12073,1,1,3,44.0,15.0,135.0,20.0,12073|1|1|3
2024,13067,1,1,3,73.0,8.0,239.0,36.0,13067|1|1|3
2024,13081,1,1,1,43.0,29.0,80.0,11.0,13081|1|1|1
2024,13151,4,2,1,509.0,297.0,228.0,106.0,13151|4|2|1
2024,17031,1,1,2,27.0,7.0,265.0,25.0,17031|1|1|2
2024,26125,31,1,1,240.0,78.0,2073.0,342.0,26125|31|1|1
2024,37159,1,1,1,258.0,60.0,1331.0,171.0,37159|1|1|1
2024,37035,32,1,1,36.0,16.0,428.0,124.0,37035|32|1|1
2024,37127,32,1,1,107.0,49.0,122.0,44.0,37127|32|1|1
2024,37067,1,1,1,618.0,121.0,2839.0,189.0,37067|1|1|1
2024,37147,31,1,1,78.0,23.0,178.0,42.0,37147|31|1|1
2024,37063,4,2,1,249.0,134.0,378.0,147.0,37063|4|2|1
2024,37001,2,2,1,109.0,58.0,430.0,145.0,37001|2|2|1
2024,37135,1,1,1,82.0,31.0,782.0,59.0,37135|1|1|1
2024,48423,31,1,1,58.0,22.0,325.0,82.0,48423|31|1|1
2025,06065,32,1,1,542.0,239.0,3526.0,1094.0,06065|32|1|1
2025,06115,1,1,1,88.0,15.0,625.0,76.0,06115|1|1|1
2025,06037,2,1,1,143.0,61.0,1121.0,437.0,06037|2|1|1
2025,12069,1,1,1,629.0,141.0,5302.0,761.0,12069|1|1|1
2025,12071,32,1,1,137.0,83.0,1535.0,574.0,12071|32|1|1
2025,13051,1,1,1,836.0,222.0,2144.0,126.0,13051|1|1|1
2025,13121,31,1,1,862.0,339.0,1072.0,181.0,13121|31|1|1
2024,37051,4,1,1,55.0,37.0,90.0,30.0,37051|4|1|1
2024,48157,31,1,1,256.0,110.0,420.0,120.0,48157|31|1|1
2025,06013,31,1,1,157.0,31.0,1435.0,202.0,06013|31|1|1
2025,37183,1,2,1,82.0,25.0,348.0,62.0,37183|1|2|1
2025,37067,4,2,1,232.0,116.0,669.0,267.0,37067|4|2|1
2025,72021,1,1,1,46.0,11.0,1043.0,147.0,72021|1|1|1
2025,72031,1,1,1,106.0,27.0,770.0,151.0,72031|1|1|1
2025,29189,1,2,1,224.0,30.0,285.0,51.0,29189|1|2|1
2025,37145,1,1,1,75.0,26.0,298.0,39.0,37145|1|1|1
2025,37083,1,1,1,143.0,89.0,158.0,33.0,37083|1|1|1
2025,39061,31,1,1,304.0,87.0,1728.0,224.0,39061|31|1|1
2025,39035,4,2,1,568.0,304.0,2356.0,918.0,39035|4|2|1
2025,39153,4,1,1,48.0,32.0,506.0,162.0,39153|4|1|1
2025,45051,32,1,1,98.0,37.0,1197.0,357.0,45051|32|1|1
2025,48251,1,1,1,405.0,83.0,2822.0,458.0,48251|1|1|1
2025,51730,1,1,1,199.0,40.0,96.0,12.0,51730|1|1|1
2025,51700,31,1,1,164.0,33.0,249.0,29.0,51700|31|1|1
2025,51149,32,1,1,32.0,14.0,72.0,23.0,51149|32|1|1
2025,51550,4,2,1,233.0,107.0,645.0,202.0,51550|4|2|1
2025,51650,2,2,1,169.0,60.0,168.0,57.0,51650|2|2|1
2018,04021,32,1,1,146.0,62.0,2370.0,711.0,04021|32|1|1
2018,13121,32,1,3,151.0,57.0,243.0,49.0,13121|32|1|3
2018,13087,1,1,1,64.0,40.0,130.0,38.0,13087|1|1|1
2018,13277,1,1,1,60.0,23.0,287.0,49.0,13277|1|1|1
2018,26125,2,2,1,274.0,166.0,3351.0,1041.0,26125|2|2|1
2018,37035,32,1,1,38.0,21.0,506.0,164.0,37035|32|1|1
2018,37165,1,1,1,77.0,35.0,145.0,27.0,37165|1|1|1
2018,51683,1,1,1,57.0,2.0,477.0,47.0,51683|1|1|1
2018,51083,1,1,1,56.0,27.0,182.0,35.0,51083|1|1|1
2018,51710,31,1,1,140.0,56.0,327.0,92.0,51710|31|1|1
2019,05091,1,1,1,76.0,23.0,388.0,98.0,05091|1|1|1
2019,24031,2,2,1,319.0,209.0,1468.0,590.0,24031|2|2|1
2019,37001,31,1,1,180.0,50.0,810.0,139.0,37001|31|1|1
2019,37051,32,1,1,394.0,214.0,527.0,201.0,37051|32|1|1
2019,37093,32,1,1,77.0,49.0,94.0,42.0,37093|32|1|1
2020,13169,1,1,1,57.0,15.0,292.0,55.0,13169|1|1|1
2020,13247,31,1,1,946.0,233.0,347.0,68.0,13247|31|1|1
2020,13121,31,2,1,85.0,47.0,481.0,140.0,13121|31|2|1
2020,13223,2,2,1,27.0,20.0,186.0,108.0,13223|2|2|1
2020,17201,1,1,1,251.0,52.0,3073.0,231.0,17201|1|1|1
2020,32031,1,1,1,74.0,10.0,6140.0,538.0,32031|1|1|1
2020,39061,1,1,3,127.0,31.0,602.0,67.0,39061|1|1|3
2020,39165,1,1,1,126.0,14.0,3926.0,185.0,39165|1|1|1
2021,53053,31,1,1,1150.0,229.0,14912.0,1626.0,53053|31|1|1
2022,29189,4,1,1,84.0,58.0,417.0,137.0,29189|4|1|1
2022,37191,31,1,1,83.0,24.0,253.0,57.0,37191|31|1|1
2022,37147,32,1,1,206.0,81.0,314.0,64.0,37147|32|1|1
2022,37001,1,1,1,504.0,98.0,1612.0,171.0,37001|1|1|1
2022,53061,32,1,1,137.0,48.0,3540.0,590.0,53061|32|1|1
2022,53033,2,2,1,344.0,170.0,6282.0,1595.0,53033|2|2|1
2023,24031,2,1,1,41.0,29.0,148.0,62.0,24031|2|1|1
2023,24027,32,1,1,102.0,44.0,171.0,50.0,24027|32|1|1
2023,37119,31,2,1,302.0,115.0,859.0,227.0,37119|31|2|1
2023,37161,1,1,1,35.0,18.0,596.0,147.0,37161|1|1|1
2023,37085,31,1,1,33.0,13.0,122.0,29.0,37085|31|1|1
2023,37063,2,1,1,79.0,39.0,104.0,23.0,37063|2|1|1
2023,36005,32,1,1,121.0,57.0,92.0,35.0,36005|32|1|1
2023,36047,4,2,1,279.0,189.0,428.0,247.0,36047|4|2|1
2023,36029,2,2,1,203.0,118.0,2101.0,623.0,36029|2|2|1
2023,41051,1,1,1,353.0,55.0,4675.0,279.0,41051|1|1|1
2023,36055,4,1,1,96.0,62.0,673.0,207.0,36055|4|1|1
2024,25021,1,1,1,375.0,57.0,3205.0,172.0,25021|1|1|1
2024,25003,1,1,1,42.0,4.0,824.0,60.0,25003|1|1|1
2024,34013,4,1,1,76.0,48.0,151.0,64.0,34013|4|1|1
2024,39035,4,2,1,523.0,340.0,2235.0,946.0,39035|4|2|1
2024,45057,32,1,1,75.0,25.0,257.0,63.0,45057|32|1|1
2024,51041,32,1,1,389.0,129.0,654.0,166.0,51041|32|1|1
2024,51001,1,1,1,93.0,47.0,229.0,32.0,51001|1|1|1
2024,51570,1,1,1,41.0,5.0,131.0,10.0,51570|1|1|1
2024,51810,1,2,1,48.0,6.0,119.0,21.0,51810|1|2|1
2025,01127,1,1,1,40.0,19.0,797.0,284.0,01127|1|1|1
2025,22057,1,1,1,162.0,102.0,743.0,167.0,22057|1|1|1
2025,01033,1,1,1,80.0,28.0,611.0,76.0,01033|1|1|1
2025,01115,32,1,1,40.0,17.0,262.0,89.0,01115|32|1|1
2025,17037,1,1,1,43.0,6.0,1023.0,94.0,17037|1|1|1
2018,05139,1,1,1,166.0,103.0,324.0,79.0,05139|1|1|1
2024,06031,1,1,1,65.0,16.0,742.0,77.0,06031|1|1|1
2024,13021,31,1,1,87.0,25.0,104.0,24.0,13021|31|1|1
2024,13097,2,2,1,208.0,107.0,102.0,44.0,13097|2|2|1
2024,26075,1,1,1,77.0,20.0,1601.0,213.0,26075|1|1|1
2024,37067,31,1,1,186.0,47.0,436.0,84.0,37067|31|1|1
2024,48381,1,1,1,52.0,11.0,1730.0,213.0,48381|1|1|1
2024,55101,32,1,1,42.0,17.0,541.0,163.0,55101|32|1|1
2025,06037,32,1,1,1241.0,483.0,6086.0,1596.0,06037|32|1|1
2025,06095,31,1,1,118.0,34.0,492.0,107.0,06095|31|1|1
2025,12101,1,1,1,916.0,171.0,8458.0,1156.0,12101|1|1|1
2025,12073,1,1,1,533.0,183.0,1594.0,161.0,12073|1|1|1
2025,12009,32,1,1,214.0,102.0,1580.0,590.0,12009|32|1|1
2025,13117,1,1,1,91.0,13.0,1643.0,84.0,13117|1|1|1
2025,13035,1,1,1,73.0,13.0,180.0,26.0,13035|1|1|1
2025,13089,4,2,1,673.0,347.0,547.0,206.0,13089|4|2|1
2025,13021,2,2,1,61.0,33.0,119.0,34.0,13021|2|2|1
2025,06001,32,1,3,64.0,22.0,119.0,34.0,06001|32|1|3
2025,12121,1,1,1,48.0,27.0,498.0,162.0,12121|1|1|1
2025,26099,31,1,1,246.0,82.0,2291.0,395.0,26099|31|1|1
2025,37061,1,1,1,110.0,72.0,339.0,83.0,37061|1|1|1
2025,37085,31,1,1,153.0,40.0,469.0,79.0,37085|31|1|1
2025,39061,2,2,1,527.0,291.0,1681.0,460.0,39061|2|2|1
2025,45033,1,1,1,197.0,131.0,147.0,44.0,45033|1|1|1
2025,48347,1,1,1,77.0,52.0,474.0,143.0,48347|1|1|1
2018,04013,1,1,1,2700.0,435.0,60962.0,5332.0,04013|1|1|1
2018,26049,2,1,1,43.0,30.0,281.0,105.0,26049|2|1|1
2018,34039,2,1,1,53.0,36.0,211.0,98.0,34039|2|1|1
2018,13261,1,1,1,44.0,25.0,110.0,21.0,13261|1|1|1
2018,13303,1,1,1,35.0,25.0,49.0,16.0,13303|1|1|1
2018,51009,1,1,1,50.0,20.0,257.0,26.0,51009|1|1|1
2019,24033,4,2,1,1220.0,848.0,288.0,186.0,24033|4|2|1
2019,24027,4,2,1,123.0,81.0,320.0,121.0,24027|4|2|1
2019,27037,1,1,1,391.0,40.0,5811.0,284.0,27037|1|1|1
2019,37157,1,1,1,115.0,42.0,907.0,119.0,37157|1|1|1
2019,37081,32,1,1,353.0,176.0,1057.0,239.0,37081|32|1|1
2019,37019,32,1,1,35.0,17.0,547.0,159.0,37019|32|1|1
2019,41051,32,1,1,183.0,45.0,3695.0,584.0,41051|32|1|1
2020,13067,1,2,1,61.0,14.0,157.0,36.0,13067|1|2|1
2020,13183,1,1,1,138.0,37.0,336.0,62.0,13183|1|1|1
2020,19113,1,1,1,137.0,18.0,3607.0,207.0,19113|1|1|1
2020,13089,4,1,1,160.0,114.0,178.0,67.0,13089|4|1|1
2021,05119,32,1,1,415.0,155.0,1337.0,238.0,05119|32|1|1
2020,45019,31,1,1,519.0,135.0,9658.0,1021.0,45019|31|1|1
2020,45051,1,1,1,550.0,240.0,7585.0,1239.0,45051|1|1|1
2021,24025,1,1,1,823.0,102.0,3167.0,150.0,24025|1|1|1
2021,24033,1,1,3,199.0,41.0,122.0,10.0,24033|1|1|3
2021,24510,1,2,1,225.0,39.0,108.0,19.0,24510|1|2|1
2021,32003,32,1,1,2215.0,519.0,17073.0,2601.0,32003|32|1|1
2021,53053,2,2,1,133.0,80.0,2258.0,770.0,53053|2|2|1
2022,20091,1,1,1,249.0,24.0,6702.0,223.0,20091|1|1|1
2022,29037,1,1,1,56.0,8.0,1445.0,102.0,29037|1|1|1
2022,37051,31,1,1,294.0,122.0,462.0,113.0,37051|31|1|1
2022,37001,31,1,1,146.0,32.0,593.0,95.0,37001|31|1|1
2022,37135,32,1,1,55.0,17.0,302.0,66.0,37135|32|1|1
2022,37037,1,1,1,97.0,27.0,1020.0,76.0,37037|1|1|1
2022,37051,2,2,1,141.0,87.0,205.0,99.0,37051|2|2|1
2022,44007,31,1,1,153.0,58.0,1732.0,374.0,44007|31|1|1
2023,17031,4,2,1,984.0,727.0,4066.0,2242.0,17031|4|2|1
2023,25009,2,2,1,161.0,100.0,2210.0,746.0,25009|2|2|1
2023,37081,31,2,1,145.0,46.0,339.0,96.0,37081|31|2|1
2023,36071,1,1,1,478.0,76.0,1836.0,217.0,36071|1|1|1
2023,47037,31,1,3,39.0,7.0,135.0,18.0,47037|31|1|3
2023,47037,31,2,1,60.0,23.0,393.0,128.0,47037|31|2|1
2024,29510,32,1,1,127.0,68.0,173.0,50.0,29510|32|1|1
2023,37085,32,1,1,109.0,45.0,275.0,97.0,37085|32|1|1
2023,47157,1,2,1,155.0,43.0,93.0,17.0,47157|1|2|1
2024,34023,32,1,1,186.0,84.0,708.0,208.0,34023|32|1|1
2024,39093,32,1,1,59.0,25.0,730.0,217.0,39093|32|1|1
2024,45007,31,1,1,43.0,21.0,316.0,67.0,45007|31|1|1
2024,51153,31,1,1,208.0,43.0,369.0,54.0,51153|31|1|1
2024,51107,4,2,1,114.0,50.0,815.0,320.0,51107|4|2|1
2025,22015,1,1,1,365.0,133.0,1239.0,182.0,22015|1|1|1
2025,22005,32,1,1,97.0,51.0,161.0,50.0,22005|32|1|1
2025,28067,31,1,1,34.0,14.0,260.0,38.0,28067|31|1|1
2024,51087,1,2,1,79.0,6.0,73.0,14.0,51087|1|2|1
2025,17163,31,1,1,160.0,36.0,628.0,113.0,17163|31|1|1
2018,40109,1,1,1,748.0,146.0,7494.0,718.0,40109|1|1|1
2018,47157,31,2,1,56.0,36.0,281.0,62.0,47157|31|2|1
2018,47167,1,1,1,86.0,22.0,723.0,67.0,47167|1|1|1
2018,47119,32,1,1,73.0,34.0,516.0,129.0,47119|32|1|1
2019,01121,1,1,1,219.0,100.0,700.0,163.0,01121|1|1|1
2019,01117,32,1,1,115.0,53.0,1079.0,201.0,01117|32|1|1
2019,72025,1,1,1,31.0,6.0,650.0,117.0,72025|1|1|1
2020,01125,31,1,1,507.0,152.0,2110.0,225.0,01125|31|1|1
2020,01097,32,1,1,182.0,80.0,1110.0,208.0,01097|32|1|1
2020,28109,1,1,1,66.0,25.0,803.0,229.0,28109|1|1|1
2021,22071,31,1,3,101.0,34.0,210.0,33.0,22071|31|1|3
2021,22039,1,1,1,77.0,36.0,240.0,71.0,22039|1|1|1
2021,28091,1,1,1,115.0,82.0,224.0,70.0,28091|1|1|1
2021,24017,4,2,1,88.0,59.0,62.0,21.0,24017|4|2|1
2022,01031,1,1,1,116.0,29.0,833.0,115.0,01031|1|1|1
2022,34023,31,1,1,190.0,77.0,1134.0,259.0,34023|31|1|1
2022,34023,2,2,1,168.0,90.0,920.0,422.0,34023|2|2|1
2022,34015,31,1,1,89.0,30.0,812.0,185.0,34015|31|1|1
2022,34031,2,2,1,68.0,42.0,835.0,384.0,34031|2|2|1
2022,34007,2,1,1,65.0,43.0,332.0,131.0,34007|2|1|1
2022,34005,2,2,1,232.0,143.0,1280.0,431.0,34005|2|2|1
2023,06047,1,1,1,36.0,7.0,1016.0,130.0,06047|1|1|1
2023,22029,1,1,1,76.0,62.0,82.0,30.0,22029|1|1|1
2022,45023,1,1,1,99.0,43.0,332.0,91.0,45023|1|1|1
2022,45057,32,1,1,137.0,38.0,622.0,121.0,45057|32|1|1
2024,01089,2,1,1,56.0,29.0,195.0,57.0,01089|2|1|1
2024,01003,1,1,1,202.0,96.0,3778.0,595.0,01003|1|1|1
2024,01033,1,1,1,80.0,31.0,608.0,110.0,01033|1|1|1
2024,36067,32,1,1,72.0,30.0,635.0,164.0,36067|32|1|1
2024,36085,1,1,1,110.0,21.0,1237.0,128.0,36085|1|1|1
2024,36059,31,2,1,110.0,68.0,926.0,378.0,36059|31|2|1
2024,36059,2,1,1,64.0,44.0,448.0,198.0,36059|2|1|1
2024,42101,4,1,1,379.0,236.0,306.0,148.0,42101|4|1|1
2025,42091,32,2,1,127.0,49.0,1015.0,249.0,42091|32|2|1
2025,42043,32,1,1,98.0,47.0,434.0,131.0,42043|32|1|1
2025,24045,1,1,1,238.0,69.0,641.0,72.0,24045|1|1|1
2025,24033,32,1,3,143.0,53.0,78.0,22.0,24033|32|1|3
2025,24510,2,2,1,398.0,274.0,241.0,94.0,24510|2|2|1
2018,34039,1,1,1,976.0,188.0,3576.0,393.0,34039|1|1|1
2018,45003,31,1,1,52.0,28.0,337.0,94.0,45003|31|1|1
2018,45039,1,1,1,65.0,39.0,110.0,22.0,45039|1|1|1
2022,08101,1,1,1,94.0,17.0,2265.0,259.0,08101|1|1|1
2023,11001,4,1,1,97.0,58.0,64.0,21.0,11001|4|1|1
2023,40109,32,1,1,225.0,107.0,783.0,271.0,40109|32|1|1
2023,45009,1,1,1,66.0,51.0,37.0,17.0,45009|1|1|1
2023,45029,1,1,1,235.0,181.0,388.0,142.0,45029|1|1|1
2023,45053,1,1,1,209.0,144.0,774.0,116.0,45053|1|1|1
2024,53061,1,1,1,331.0,33.0,4016.0,307.0,53061|1|1|1
2024,53061,32,1,1,59.0,28.0,867.0,235.0,53061|32|1|1
2019,45001,1,1,1,46.0,30.0,188.0,42.0,45001|1|1|1
2019,45019,2,1,1,58.0,45.0,213.0,71.0,45019|2|1|1
2018,06037,32,1,3,826.0,271.0,3962.0,925.0,06037|32|1|3
2018,08041,4,2,1,109.0,57.0,2921.0,1001.0,08041|4|2|1
2018,08031,2,2,1,121.0,62.0,1957.0,623.0,08031|2|2|1
2018,42011,31,1,1,43.0,20.0,1518.0,432.0,42011|31|1|1
2018,20173,1,1,1,285.0,52.0,5753.0,503.0,20173|1|1|1
2018,39153,1,1,1,549.0,88.0,6028.0,349.0,39153|1|1|1
2018,48309,1,1,1,175.0,42.0,2368.0,235.0,48309|1|1|1
2018,48251,1,1,1,237.0,39.0,2717.0,360.0,48251|1|1|1
2018,48029,4,2,1,60.0,50.0,855.0,565.0,48029|4|2|1
2019,04013,32,1,1,1217.0,440.0,29762.0,5199.0,04013|32|1|1
2019,12105,4,2,1,123.0,92.0,929.0,568.0,12105|4|2|1
2019,12071,2,2,1,80.0,62.0,1441.0,767.0,12071|2|2|1
2019,13051,4,2,1,91.0,77.0,336.0,185.0,13051|4|2|1
2019,13215,31,1,1,249.0,69.0,320.0,65.0,13215|31|1|1
2019,34001,32,1,1,44.0,30.0,553.0,186.0,34001|32|1|1
2019,36055,2,2,1,148.0,86.0,1366.0,428.0,36055|2|2|1
2019,36087,1,1,1,269.0,53.0,1720.0,167.0,36087|1|1|1
2019,36047,32,1,3,215.0,88.0,469.0,107.0,36047|32|1|3
2019,42091,1,1,1,730.0,87.0,7802.0,421.0,42091|1|1|1
2019,42079,1,1,1,89.0,30.0,2525.0,286.0,42079|1|1|1
2019,48309,1,1,1,189.0,39.0,2521.0,286.0,48309|1|1|1
2019,51810,1,1,1,767.0,63.0,5109.0,226.0,51810|1|1|1
2019,13063,32,1,1,844.0,399.0,133.0,51.0,13063|32|1|1
2019,17163,2,1,1,57.0,45.0,131.0,59.0,17163|2|1|1
2019,34013,32,1,3,82.0,35.0,253.0,50.0,34013|32|1|3
2019,36103,2,2,1,246.0,185.0,3684.0,2019.0,36103|2|2|1
2019,36081,2,1,1,129.0,84.0,395.0,247.0,36081|2|1|1
2019,36067,32,1,1,50.0,25.0,995.0,231.0,36067|32|1|1
2019,42133,32,1,1,58.0,26.0,1263.0,348.0,42133|32|1|1
2019,42101,32,1,3,309.0,136.0,449.0,104.0,42101|32|1|3
2019,48439,2,2,1,302.0,225.0,1953.0,1065.0,48439|2|2|1
2019,48121,32,2,1,29.0,10.0,289.0,104.0,48121|32|2|1
2020,06001,32,1,1,1005.0,226.0,6664.0,779.0,06001|32|1|1
2020,06111,1,1,1,123.0,15.0,5817.0,535.0,06111|1|1|1
2020,06037,4,1,1,171.0,106.0,2464.0,795.0,06037|4|1|1
2020,22111,1,1,1,58.0,40.0,219.0,76.0,22111|1|1|1
2020,26121,32,1,1,30.0,9.0,1153.0,146.0,26121|32|1|1
2020,37001,1,1,1,507.0,120.0,1858.0,228.0,37001|1|1|1
2020,37101,31,1,1,665.0,146.0,4094.0,545.0,37101|31|1|1
2020,42003,1,1,3,36.0,6.0,439.0,54.0,42003|1|1|3
2020,42091,2,2,1,127.0,66.0,1958.0,611.0,42091|2|2|1
2020,47093,31,1,1,290.0,57.0,7781.0,767.0,47093|31|1|1
2020,12086,32,1,3,140.0,72.0,1053.0,405.0,12086|32|1|3
2020,12079,1,1,1,99.0,79.0,141.0,66.0,12079|1|1|1
2020,12031,4,2,1,113.0,83.0,616.0,353.0,12031|4|2|1
2020,24043,1,1,1,230.0,33.0,1522.0,136.0,24043|1|1|1
2020,29183,32,1,1,74.0,18.0,4190.0,371.0,29183|32|1|1
2020,34029,1,1,1,316.0,56.0,9122.0,877.0,34029|1|1|1
2020,36007,1,1,1,76.0,22.0,1456.0,151.0,36007|1|1|1
2020,36029,32,1,1,136.0,44.0,3748.0,437.0,36029|32|1|1
2020,42101,2,1,1,641.0,407.0,496.0,199.0,42101|2|1|1
2020,42101,2,2,3,69.0,53.0,60.0,27.0,42101|2|2|3
2020,47047,32,1,1,38.0,12.0,231.0,31.0,47047|32|1|1
2020,48365,1,1,1,57.0,40.0,268.0,99.0,48365|1|1|1
2020,51069,1,1,1,102.0,16.0,1461.0,106.0,51069|1|1|1
2020,51810,32,1,1,293.0,121.0,2398.0,325.0,51810|32|1|1
2021,06067,1,1,1,1499.0,223.0,10346.0,905.0,06067|1|1|1
2021,06037,32,1,3,1166.0,238.0,6911.0,1043.0,06037|32|1|3
2021,12033,31,1,1,422.0,124.0,2830.0,546.0,12033|31|1|1
2021,12091,1,1,1,458.0,86.0,4017.0,497.0,12091|1|1|1
2021,12119,1,1,1,106.0,41.0,3546.0,218.0,12119|1|1|1
2021,13255,1,1,1,462.0,92.0,670.0,68.0,13255|1|1|1
2021,13121,2,2,1,617.0,435.0,1437.0,532.0,13121|2|2|1
2021,37025,32,1,1,377.0,103.0,2060.0,288.0,37025|32|1|1
2021,37081,31,2,1,62.0,21.0,255.0,52.0,37081|31|2|1
2020,48347,1,1,1,44.0,28.0,595.0,159.0,48347|1|1|1
2020,48201,31,2,1,51.0,34.0,635.0,214.0,48201|31|2|1
2020,53033,31,2,1,68.0,27.0,1697.0,458.0,53033|31|2|1
2020,55105,1,1,1,41.0,7.0,2163.0,169.0,55105|1|1|1
2020,55101,1,1,1,156.0,23.0,2582.0,225.0,55101|1|1|1
2021,04013,4,2,1,339.0,189.0,6170.0,2563.0,04013|4|2|1
2021,10003,31,2,1,46.0,21.0,274.0,68.0,10003|31|2|1
2021,12009,2,2,1,67.0,45.0,1260.0,524.0,12009|2|2|1
2021,12111,4,2,1,53.0,47.0,359.0,219.0,12111|4|2|1
2021,13199,1,1,1,57.0,33.0,241.0,44.0,13199|1|1|1
2021,17019,32,1,1,51.0,23.0,750.0,83.0,17019|32|1|1
2021,25009,32,1,1,315.0,84.0,8119.0,843.0,25009|32|1|1
2021,34007,32,1,1,450.0,155.0,3004.0,502.0,34007|32|1|1
2021,42101,2,1,1,818.0,532.0,540.0,239.0,42101|2|1|1
2021,42101,32,1,3,343.0,105.0,679.0,106.0,42101|32|1|3
2021,48441,1,1,1,115.0,17.0,1958.0,197.0,48441|1|1|1
2022,06107,1,1,1,74.0,8.0,2752.0,208.0,06107|1|1|1
2022,13045,1,1,1,356.0,74.0,1343.0,191.0,13045|1|1|1
2022,13097,1,1,1,1133.0,212.0,528.0,54.0,13097|1|1|1
2021,36081,31,2,1,57.0,36.0,110.0,61.0,36081|31|2|1
2021,42101,4,2,1,283.0,198.0,515.0,254.0,42101|4|2|1
2021,42045,32,2,1,44.0,23.0,173.0,29.0,42045|32|2|1
2021,48113,32,2,1,131.0,14.0,251.0,28.0,48113|32|2|1
2022,12005,1,1,1,296.0,85.0,3206.0,652.0,12005|1|1|1
2022,12011,2,1,1,226.0,161.0,1000.0,561.0,12011|2|1|1
2022,12031,4,2,1,320.0,205.0,1088.0,530.0,12031|4|2|1
2022,13067,4,1,1,96.0,67.0,288.0,111.0,13067|4|1|1
2022,24033,31,1,1,2037.0,686.0,622.0,151.0,24033|31|1|1
2022,36071,2,2,1,174.0,114.0,857.0,351.0,36071|2|2|1
2022,39133,1,1,1,83.0,19.0,1535.0,163.0,39133|1|1|1
2022,39023,1,1,1,117.0,21.0,1362.0,134.0,39023|1|1|1
2022,48157,32,1,1,843.0,333.0,1628.0,385.0,48157|32|1|1
2022,48167,1,1,1,396.0,73.0,3662.0,435.0,48167|1|1|1
2022,51550,1,1,1,983.0,108.0,2620.0,134.0,51550|1|1|1
2023,12119,1,1,1,84.0,36.0,1858.0,202.0,12119|1|1|1
2023,13051,2,1,1,58.0,46.0,105.0,49.0,13051|2|1|1
2022,48067,1,1,1,66.0,46.0,359.0,134.0,48067|1|1|1
2022,51710,1,2,1,40.0,4.0,76.0,11.0,51710|1|2|1
2023,12069,32,1,1,127.0,53.0,835.0,302.0,12069|32|1|1
2023,12061,32,1,1,30.0,15.0,304.0,102.0,12061|32|1|1
2023,26099,1,1,1,1302.0,394.0,6821.0,866.0,26099|1|1|1
2023,26163,2,2,1,591.0,351.0,1928.0,683.0,26163|2|2|1
2023,34033,1,1,1,93.0,25.0,554.0,47.0,34033|1|1|1
2023,34023,2,2,1,183.0,119.0,884.0,441.0,34023|2|2|1
2023,42055,1,1,1,66.0,19.0,1242.0,128.0,42055|1|1|1
2023,42089,32,1,1,147.0,76.0,445.0,134.0,42089|32|1|1
2023,48113,2,1,1,188.0,149.0,651.0,404.0,48113|2|1|1
2023,48199,1,1,1,73.0,47.0,1027.0,500.0,48199|1|1|1
2023,48085,1,2,1,60.0,22.0,251.0,92.0,48085|1|2|1
2023,51001,1,1,1,90.0,53.0,190.0,31.0,51001|1|1|1
2023,51041,4,1,1,29.0,19.0,112.0,42.0,51041|4|1|1
2023,51087,1,2,1,69.0,14.0,71.0,17.0,51087|1|2|1
2024,06065,32,1,1,483.0,215.0,3201.0,1086.0,06065|32|1|1
2024,06037,1,1,1,1728.0,375.0,19869.0,2506.0,06037|1|1|1
2024,06077,32,1,1,142.0,61.0,630.0,198.0,06077|32|1|1
2024,12071,31,1,1,75.0,35.0,891.0,301.0,12071|31|1|1
2024,17163,2,1,1,74.0,62.0,115.0,52.0,17163|2|1|1
2023,27053,2,1,1,28.0,15.0,337.0,119.0,27053|2|1|1
2023,48201,1,1,2,52.0,12.0,210.0,40.0,48201|1|1|2
2023,48085,31,1,1,90.0,40.0,461.0,125.0,48085|31|1|1
2023,51153,31,2,1,46.0,24.0,126.0,64.0,51153|31|2|1
2024,13179,1,1,1,478.0,149.0,622.0,78.0,13179|1|1|1
2024,13071,1,1,1,86.0,65.0,308.0,147.0,13071|1|1|1
2024,21047,1,1,1,77.0,17.0,474.0,48.0,21047|1|1|1
2024,26121,1,1,1,113.0,32.0,1782.0,158.0,26121|1|1|1
2024,37081,32,1,1,500.0,178.0,632.0,176.0,37081|32|1|1
2024,37025,31,1,1,77.0,24.0,280.0,46.0,37025|31|1|1
2024,37147,1,1,1,602.0,255.0,1088.0,103.0,37147|1|1|1
2024,40017,1,1,1,239.0,42.0,2279.0,237.0,40017|1|1|1
2024,48201,2,1,1,321.0,227.0,1088.0,609.0,48201|2|1|1
2024,55133,1,1,1,67.0,7.0,3465.0,174.0,55133|1|1|1
2025,06071,1,1,1,706.0,119.0,8647.0,1007.0,06071|1|1|1
2025,13245,32,1,1,333.0,149.0,177.0,65.0,13245|32|1|1
2025,13089,31,1,1,729.0,261.0,679.0,83.0,13089|31|1|1
2025,13013,1,1,1,249.0,31.0,1087.0,91.0,13013|1|1|1
2025,13067,2,2,1,476.0,239.0,1203.0,353.0,13067|2|2|1
2025,13097,2,2,1,165.0,89.0,88.0,39.0,13097|2|2|1
2024,37071,2,2,1,118.0,71.0,522.0,171.0,37071|2|2|1
2024,37135,32,1,1,36.0,15.0,138.0,43.0,37135|32|1|1
2024,44003,1,1,1,76.0,9.0,1410.0,101.0,44003|1|1|1
2024,48157,1,1,3,145.0,20.0,216.0,18.0,48157|1|1|3
2025,06031,1,1,1,44.0,4.0,712.0,56.0,06031|1|1|1
2025,12097,32,1,1,123.0,65.0,708.0,273.0,12097|32|1|1
2025,12031,4,2,1,476.0,322.0,1339.0,646.0,12031|4|2|1
2025,37097,1,1,1,290.0,60.0,2397.0,214.0,37097|1|1|1
2025,39151,1,1,1,205.0,45.0,3465.0,285.0,39151|1|1|1
2025,45055,32,1,1,72.0,31.0,187.0,53.0,45055|32|1|1
2025,45023,1,1,1,177.0,79.0,338.0,71.0,45023|1|1|1
2025,45039,1,1,1,93.0,48.0,94.0,12.0,45039|1|1|1
2025,48113,32,2,1,272.0,94.0,693.0,198.0,48113|32|2|1
2025,48481,1,1,1,38.0,23.0,314.0,102.0,48481|1|1|1
2025,51087,1,2,1,89.0,10.0,65.0,12.0,51087|1|2|1
2025,51740,2,2,1,103.0,51.0,92.0,29.0,51740|2|2|1
2018,13073,31,1,1,76.0,29.0,322.0,90.0,13073|31|1|1
2018,17031,4,1,1,545.0,421.0,2383.0,1218.0,17031|4|1|1
2018,37063,2,2,1,194.0,107.0,476.0,134.0,37063|2|2|1
2018,37051,31,1,1,286.0,122.0,426.0,139.0,37051|31|1|1
2018,51710,1,2,1,30.0,5.0,56.0,7.0,51710|1|2|1
2018,51047,1,1,1,58.0,9.0,620.0,49.0,51047|1|1|1
2018,51550,1,2,1,49.0,5.0,86.0,10.0,51550|1|2|1
2018,51149,32,1,1,53.0,31.0,111.0,26.0,51149|32|1|1
2018,51770,32,1,1,51.0,31.0,172.0,68.0,51770|32|1|1
2018,51740,31,1,1,102.0,48.0,134.0,37.0,51740|31|1|1
2018,51700,4,2,1,42.0,33.0,86.0,53.0,51700|4|2|1
2019,08005,31,1,1,732.0,162.0,7411.0,980.0,08005|31|1|1
2019,24011,1,1,1,44.0,6.0,363.0,36.0,24011|1|1|1
2019,37107,1,1,1,109.0,41.0,301.0,42.0,37107|1|1|1
2019,46099,1,1,1,100.0,6.0,2951.0,164.0,46099|1|1|1
2019,37079,1,1,1,30.0,16.0,82.0,12.0,37079|1|1|1
2019,32023,1,1,1,42.0,12.0,809.0,103.0,32023|1|1|1
2020,13147,1,1,1,34.0,16.0,286.0,49.0,13147|1|1|1
2020,13035,1,1,1,71.0,15.0,303.0,26.0,13035|1|1|1
2019,53053,2,2,1,137.0,72.0,2319.0,867.0,53053|2|2|1
2020,13245,1,1,1,1031.0,253.0,1020.0,117.0,13245|1|1|1
2020,13021,32,1,1,63.0,27.0,218.0,44.0,13021|32|1|1
2020,39133,1,1,1,94.0,20.0,1970.0,197.0,39133|1|1|1
2020,45019,1,1,1,712.0,275.0,7271.0,556.0,45019|1|1|1
2020,45091,32,1,1,157.0,53.0,2045.0,257.0,45091|32|1|1
2020,45083,2,2,1,27.0,18.0,277.0,132.0,45083|2|2|1
2021,18039,1,1,1,119.0,51.0,3086.0,473.0,18039|1|1|1
2021,24037,32,1,1,117.0,30.0,1067.0,140.0,24037|32|1|1
2021,24033,2,1,1,260.0,170.0,84.0,38.0,24033|2|1|1
2021,54003,32,1,1,78.0,32.0,1169.0,184.0,54003|32|1|1
2021,40143,2,1,1,25.0,18.0,351.0,117.0,40143|2|1|1
2022,29189,2,2,1,426.0,251.0,2439.0,597.0,29189|2|2|1
2022,37159,32,1,1,129.0,54.0,748.0,191.0,37159|32|1|1
2022,37057,31,1,1,63.0,17.0,686.0,164.0,37057|31|1|1
2022,37081,1,2,1,71.0,10.0,114.0,20.0,37081|1|2|1
2023,17115,1,1,1,110.0,30.0,733.0,69.0,17115|1|1|1
2022,44007,32,1,1,375.0,141.0,2249.0,449.0,44007|32|1|1
2023,04021,32,1,1,120.0,65.0,1206.0,393.0,04021|32|1|1
2023,37051,31,1,1,142.0,51.0,224.0,57.0,37051|31|1|1
2023,36059,32,1,1,234.0,85.0,982.0,304.0,36059|32|1|1
2023,36067,31,1,1,33.0,20.0,400.0,119.0,36067|31|1|1
2024,34007,32,1,1,311.0,124.0,896.0,236.0,34007|32|1|1
2024,45045,32,1,1,265.0,102.0,925.0,231.0,45045|32|1|1
2024,45051,32,1,1,85.0,38.0,1095.0,350.0,45051|32|1|1
2024,51177,1,1,1,474.0,90.0,1262.0,123.0,51177|1|1|1
2025,01125,1,2,1,74.0,17.0,71.0,10.0,01125|1|2|1
2025,22063,1,1,1,413.0,122.0,1660.0,312.0,22063|1|1|1
2025,22119,1,1,1,120.0,67.0,267.0,84.0,22119|1|1|1
2025,28047,31,1,1,117.0,39.0,467.0,95.0,28047|31|1|1
2024,45019,2,1,1,36.0,28.0,201.0,84.0,45019|2|1|1
2025,36047,2,2,1,382.0,255.0,678.0,375.0,36047|2|2|1
2025,22017,4,2,1,60.0,35.0,139.0,56.0,22017|4|2|1
2025,36005,4,2,1,172.0,117.0,83.0,45.0,36005|4|2|1
2018,05019,1,1,1,33.0,15.0,157.0,66.0,05019|1|1|1
2018,05035,1,1,1,171.0,45.0,270.0,31.0,05035|1|1|1
2018,53053,1,1,1,933.0,134.0,10868.0,839.0,53053|1|1|1
2018,53033,31,2,1,113.0,48.0,2999.0,650.0,53033|31|2|1
2018,34011,1,1,1,144.0,32.0,884.0,102.0,34011|1|1|1
2019,01125,31,1,1,223.0,80.0,599.0,106.0,01125|31|1|1
2019,01033,1,1,1,68.0,18.0,677.0,93.0,01033|1|1|1
2019,44007,31,1,1,213.0,70.0,3642.0,687.0,44007|31|1|1
2020,28113,1,1,1,300.0,202.0,212.0,56.0,28113|1|1|1
2021,22019,1,1,1,565.0,184.0,2825.0,621.0,22019|1|1|1
2021,22071,1,1,1,1314.0,245.0,2305.0,142.0,22071|1|1|1
2021,28111,1,1,1,36.0,24.0,112.0,55.0,28111|1|1|1
2021,28017,1,1,1,145.0,105.0,82.0,30.0,28017|1|1|1
2022,01083,1,1,1,314.0,68.0,1760.0,212.0,01083|1|1|1
2022,01033,1,1,1,82.0,31.0,701.0,121.0,01033|1|1|1
2022,01121,32,1,1,90.0,42.0,255.0,66.0,01121|32|1|1
2022,34021,32,1,1,241.0,104.0,731.0,143.0,34021|32|1|1
2022,34039,32,1,1,566.0,201.0,1010.0,239.0,34039|32|1|1
2023,06071,31,1,1,97.0,47.0,646.0,169.0,06071|31|1|1
2023,18003,32,1,1,89.0,43.0,763.0,186.0,18003|32|1|1
2024,01073,31,1,1,394.0,131.0,596.0,117.0,01073|31|1|1
2024,01073,31,2,1,97.0,43.0,337.0,85.0,01073|31|2|1
2024,18043,1,1,1,32.0,3.0,923.0,80.0,18043|1|1|1
2024,28077,1,1,1,54.0,40.0,84.0,31.0,28077|1|1|1
2024,24045,1,1,1,233.0,60.0,611.0,56.0,24045|1|1|1
2024,24031,4,1,1,43.0,31.0,198.0,79.0,24031|4|1|1
2024,24021,2,2,1,109.0,56.0,615.0,185.0,24021|2|2|1
2024,36029,2,1,1,123.0,85.0,603.0,238.0,36029|2|1|1
2025,42045,2,1,1,89.0,49.0,323.0,84.0,42045|2|1|1
2025,42003,4,2,1,307.0,125.0,2736.0,799.0,42003|4|2|1
2025,53033,1,2,1,225.0,27.0,409.0,108.0,53033|1|2|1
2018,34005,4,2,1,84.0,50.0,656.0,327.0,34005|4|2|1
2019,22097,31,1,1,39.0,13.0,169.0,27.0,22097|31|1|1
2022,25005,1,1,1,887.0,163.0,3895.0,277.0,25005|1|1|1
2023,05119,31,1,1,86.0,42.0,210.0,55.0,05119|31|1|1
2024,27145,1,1,1,72.0,11.0,1305.0,87.0,27145|1|1|1
2023,45063,31,1,1,41.0,22.0,268.0,66.0,45063|31|1|1
2025,18089,4,1,1,75.0,38.0,261.0,89.0,18089|4|1|1
2018,11001,1,1,3,100.0,27.0,208.0,28.0,11001|1|1|3
2023,48453,2,2,1,97.0,62.0,1252.0,593.0,48453|2|2|1
2023,48201,31,2,1,87.0,60.0,410.0,162.0,48201|31|2|1
2024,06037,2,2,1,1204.0,605.0,8288.0,3474.0,06037|2|2|1
2024,06067,2,2,1,295.0,142.0,1746.0,531.0,06067|2|2|1
2024,13051,4,1,1,42.0,28.0,126.0,49.0,13051|4|1|1
2024,37081,4,2,1,456.0,249.0,947.0,358.0,37081|4|2|1
2024,37013,1,1,1,81.0,57.0,370.0,50.0,37013|1|1|1
2024,37183,1,1,3,53.0,5.0,423.0,39.0,37183|1|1|3
2024,48401,1,1,1,91.0,52.0,473.0,174.0,48401|1|1|1
2025,06065,1,1,1,1208.0,228.0,12367.0,1518.0,06065|1|1|1
2025,12103,31,1,1,122.0,38.0,1645.0,487.0,12103|31|1|1
2025,12071,1,1,3,64.0,21.0,1136.0,178.0,12071|1|1|3
2025,13223,4,2,1,148.0,68.0,394.0,138.0,13223|4|2|1
2025,13097,4,1,1,26.0,18.0,37.0,15.0,13097|4|1|1
2025,13215,4,1,1,28.0,18.0,68.0,29.0,13215|4|1|1
2024,47157,31,2,1,132.0,68.0,247.0,71.0,47157|31|2|1
2024,48349,1,1,1,66.0,29.0,596.0,198.0,48349|1|1|1
2025,12011,31,1,3,85.0,31.0,253.0,87.0,12011|31|1|3
2025,37129,1,1,1,66.0,21.0,2045.0,118.0,37129|1|1|1
2025,26065,32,1,1,56.0,18.0,476.0,128.0,26065|32|1|1
2025,29095,4,2,1,180.0,97.0,1086.0,398.0,29095|4|2|1
2025,29095,2,1,1,94.0,52.0,304.0,120.0,29095|2|1|1
2025,37147,31,1,1,114.0,35.0,231.0,43.0,37147|31|1|1
2025,48029,1,1,3,114.0,8.0,858.0,139.0,48029|1|1|3
2025,48491,1,1,1,642.0,103.0,6338.0,523.0,48491|1|1|1
2025,48121,32,1,1,157.0,55.0,1415.0,357.0,48121|32|1|1
2025,51019,1,1,1,44.0,19.0,814.0,91.0,51019|1|1|1
2018,13089,1,1,1,3440.0,702.0,4551.0,298.0,13089|1|1|1
2018,13255,1,1,1,219.0,49.0,607.0,72.0,13255|1|1|1
2018,13135,31,2,1,64.0,34.0,290.0,77.0,13135|31|2|1
2018,17031,1,1,1,7675.0,1672.0,37464.0,3535.0,17031|1|1|1
2018,26065,4,2,1,28.0,5.0,587.0,126.0,26065|4|2|1
2018,37119,2,2,1,589.0,400.0,2256.0,854.0,37119|2|2|1
2018,37025,4,2,1,85.0,49.0,478.0,194.0,37025|4|2|1
2018,37147,31,1,1,107.0,51.0,348.0,73.0,37147|31|1|1
2018,37001,1,1,1,506.0,129.0,1787.0,213.0,37001|1|1|1
2018,51019,1,1,1,46.0,12.0,1081.0,133.0,51019|1|1|1
2018,51001,1,1,1,52.0,19.0,216.0,29.0,51001|1|1|1
2018,51041,2,2,1,179.0,128.0,645.0,254.0,51041|2|2|1
2018,51087,4,2,1,186.0,118.0,487.0,221.0,51087|4|2|1
2019,08001,32,1,1,145.0,51.0,5761.0,1168.0,08001|32|1|1
2019,37035,1,1,1,88.0,14.0,1821.0,136.0,37035|1|1|1
2019,47011,1,1,1,47.0,9.0,1359.0,136.0,47011|1|1|1
2019,37085,1,1,1,392.0,77.0,1739.0,170.0,37085|1|1|1
2019,37119,32,1,3,134.0,48.0,314.0,63.0,37119|32|1|3
2019,37117,1,1,1,34.0,20.0,100.0,21.0,37117|1|1|1
2020,13059,32,1,1,71.0,22.0,381.0,55.0,13059|32|1|1
2020,13279,1,1,1,63.0,44.0,194.0,73.0,13279|1|1|1
2020,13121,2,1,1,255.0,185.0,382.0,144.0,13121|2|1|1
2020,13223,31,1,1,810.0,177.0,2965.0,360.0,13223|31|1|1
2020,13121,1,1,2,122.0,17.0,220.0,22.0,13121|1|1|2
2020,17163,2,1,1,36.0,33.0,98.0,46.0,17163|2|1|1
2020,27123,1,1,1,441.0,52.0,5279.0,292.0,27123|1|1|1
2020,32003,1,1,2,137.0,19.0,1467.0,123.0,32003|1|1|2
2021,18127,1,1,1,135.0,20.0,2550.0,162.0,18127|1|1|1
2020,45001,1,1,1,53.0,32.0,201.0,48.0,45001|1|1|1
2020,45079,2,1,1,54.0,25.0,148.0,37.0,45079|2|1|1
2021,24510,2,1,1,197.0,154.0,103.0,55.0,24510|2|1|1
2022,05119,1,1,3,52.0,6.0,344.0,15.0,05119|1|1|3
2022,05119,2,1,1,181.0,137.0,147.0,60.0,05119|2|1|1
2022,47065,31,1,1,110.0,40.0,939.0,208.0,47065|31|1|1
2022,47037,32,1,1,1137.0,354.0,2548.0,465.0,47037|32|1|1
2022,37119,1,2,1,117.0,37.0,272.0,99.0,37119|1|2|1
2022,37119,31,2,1,238.0,68.0,784.0,177.0,37119|31|2|1
2022,37071,2,2,1,141.0,74.0,588.0,207.0,37071|2|2|1
2022,37067,4,2,1,161.0,70.0,760.0,220.0,37067|4|2|1
2023,25025,2,2,1,279.0,166.0,602.0,265.0,25025|2|2|1
2023,24033,4,1,1,199.0,145.0,67.0,34.0,24033|4|1|1
2023,37119,2,2,1,1092.0,560.0,2250.0,652.0,37119|2|2|1
2023,37051,4,2,1,185.0,108.0,284.0,131.0,37051|4|2|1
2023,37127,31,1,1,46.0,18.0,96.0,23.0,37127|31|1|1
2023,37191,31,1,1,37.0,16.0,111.0,32.0,37191|31|1|1
2023,36047,31,2,1,72.0,38.0,198.0,103.0,36047|31|2|1
2023,47125,1,1,1,631.0,93.0,2745.0,270.0,47125|1|1|1
2024,29189,4,2,1,380.0,237.0,1794.0,670.0,29189|4|2|1
2023,37071,31,1,1,52.0,15.0,246.0,76.0,37071|31|1|1
2023,36029,4,1,1,72.0,46.0,549.0,208.0,36029|4|1|1
2024,25027,32,1,1,114.0,63.0,1383.0,402.0,25027|32|1|1
2024,34027,1,1,1,127.0,22.0,2714.0,171.0,34027|1|1|1
2024,34001,1,1,1,189.0,43.0,1571.0,153.0,34001|1|1|1
2024,39035,32,1,3,91.0,37.0,242.0,69.0,39035|32|1|3
2024,39035,2,1,1,436.0,307.0,770.0,323.0,39035|2|1|1
2024,51059,32,1,1,134.0,52.0,585.0,155.0,51059|32|1|1
2024,51087,1,1,1,631.0,87.0,1856.0,78.0,51087|1|1|1
2024,51760,4,2,1,103.0,51.0,199.0,67.0,51760|4|2|1
2025,01101,1,1,3,58.0,9.0,105.0,16.0,01101|1|1|3
2025,22037,1,1,1,70.0,52.0,110.0,28.0,22037|1|1|1
2025,22097,32,1,1,50.0,32.0,64.0,21.0,22097|32|1|1
2024,45041,31,1,1,73.0,17.0,103.0,23.0,45041|31|1|1
2025,01113,32,1,1,107.0,44.0,93.0,29.0,01113|32|1|1
2025,36119,31,1,1,80.0,31.0,636.0,119.0,36119|31|1|1
2018,05119,1,2,1,73.0,19.0,56.0,11.0,05119|1|2|1
2018,10003,31,1,1,415.0,192.0,1463.0,360.0,10003|31|1|1
2018,40109,4,1,1,41.0,31.0,374.0,187.0,40109|4|1|1
2018,40031,1,1,1,129.0,16.0,858.0,99.0,40031|1|1|1
2018,47097,1,1,1,43.0,12.0,148.0,28.0,47097|1|1|1
2018,47065,32,1,1,241.0,128.0,1406.0,441.0,47065|32|1|1
2018,47065,1,1,1,354.0,73.0,4489.0,512.0,47065|1|1|1
2018,53033,4,2,1,237.0,133.0,4344.0,1532.0,53033|4|2|1
2019,01115,32,1,1,32.0,11.0,407.0,109.0,01115|32|1|1
2019,01047,1,1,1,97.0,49.0,66.0,13.0,01047|1|1|1
2020,28161,1,1,1,65.0,42.0,61.0,26.0,28161|1|1|1
2020,25009,1,1,1,376.0,50.0,7663.0,432.0,25009|1|1|1
2021,22005,31,1,1,440.0,103.0,1837.0,190.0,22005|31|1|1
2021,22011,1,1,1,40.0,15.0,636.0,181.0,22011|1|1|1
2020,49057,1,1,1,67.0,11.0,5194.0,458.0,49057|1|1|1
2021,22029,1,1,1,78.0,50.0,116.0,28.0,22029|1|1|1
2021,28093,1,1,1,216.0,114.0,330.0,75.0,28093|1|1|1
2022,01001,1,1,1,249.0,97.0,936.0,182.0,01001|1|1|1
2022,17031,4,2,1,789.0,547.0,3752.0,1899.0,17031|4|2|1
2022,34023,32,1,1,321.0,119.0,1631.0,371.0,34023|32|1|1
2023,06071,1,1,1,956.0,219.0,9338.0,1259.0,06071|1|1|1
2023,18097,2,1,1,146.0,99.0,344.0,173.0,18097|2|1|1
2023,22005,1,1,1,530.0,231.0,998.0,127.0,22005|1|1|1
2023,22105,1,1,1,839.0,617.0,1296.0,395.0,22105|1|1|1
2022,45003,1,1,1,695.0,221.0,2237.0,287.0,45003|1|1|1
2022,45015,31,1,1,124.0,47.0,477.0,107.0,45015|31|1|1
2023,06031,1,1,1,38.0,5.0,595.0,72.0,06031|1|1|1
2024,18157,1,1,1,65.0,9.0,1368.0,82.0,18157|1|1|1
2024,28089,31,1,1,72.0,10.0,202.0,29.0,28089|31|1|1
2024,28075,1,1,1,252.0,116.0,386.0,102.0,28075|1|1|1
2024,28037,1,1,1,43.0,33.0,45.0,14.0,28037|1|1|1
2024,36081,2,2,1,469.0,336.0,476.0,296.0,36081|2|2|1
2024,36087,2,2,1,65.0,35.0,409.0,197.0,36087|2|2|1
2024,01107,1,1,1,116.0,73.0,103.0,35.0,01107|1|1|1
2025,42125,1,1,1,55.0,8.0,1828.0,168.0,42125|1|1|1
2025,24005,1,2,1,167.0,30.0,115.0,24.0,24005|1|2|1
2025,53035,1,1,1,70.0,4.0,2203.0,124.0,53035|1|1|1
2018,34005,2,1,1,50.0,34.0,376.0,152.0,34005|2|1|1
2019,22017,2,1,1,78.0,62.0,94.0,35.0,22017|2|1|1
2019,22031,1,1,1,164.0,110.0,254.0,63.0,22031|1|1|1
2019,22071,4,1,1,115.0,85.0,137.0,43.0,22071|4|1|1
2020,11001,31,1,1,2413.0,521.0,9265.0,690.0,11001|31|1|1
2022,08001,1,1,1,428.0,87.0,6944.0,920.0,08001|1|1|1
2021,45019,1,1,1,696.0,280.0,7145.0,493.0,45019|1|1|1
2021,45061,1,1,1,148.0,105.0,64.0,15.0,45061|1|1|1
2022,08005,1,2,1,66.0,7.0,498.0,89.0,08005|1|2|1
2022,25017,2,2,1,168.0,85.0,4494.0,1082.0,25017|2|2|1
2023,40145,1,1,1,52.0,16.0,980.0,174.0,40145|1|1|1
2024,27123,2,2,1,61.0,35.0,806.0,202.0,27123|2|2|1
2023,45071,1,1,1,108.0,75.0,287.0,59.0,45071|1|1|1
2023,45081,1,1,1,29.0,18.0,99.0,24.0,45081|1|1|1
2025,04021,32,1,1,105.0,53.0,1322.0,386.0,04021|32|1|1
2025,25027,1,2,1,63.0,10.0,437.0,70.0,25027|1|2|1
2025,47149,32,1,1,223.0,78.0,857.0,204.0,47149|32|1|1
2025,47165,1,1,1,168.0,32.0,2611.0,209.0,47165|1|1|1
2025,47037,31,2,1,72.0,33.0,457.0,155.0,47037|31|2|1
2018,05085,1,1,1,62.0,25.0,1241.0,192.0,05085|1|1|1
2018,44007,1,1,3,27.0,6.0,328.0,39.0,44007|1|1|3
2018,47157,4,2,1,320.0,242.0,703.0,286.0,47157|4|2|1
2018,47069,1,1,1,60.0,29.0,112.0,25.0,47069|1|1|1
2019,01089,2,1,1,32.0,13.0,279.0,67.0,01089|2|1|1
2019,40145,1,1,1,45.0,9.0,1175.0,141.0,40145|1|1|1
2019,01125,1,2,1,61.0,9.0,79.0,4.0,01125|1|2|1
2020,01031,1,1,1,109.0,25.0,878.0,115.0,01031|1|1|1
2020,01051,1,1,1,362.0,142.0,1363.0,178.0,01051|1|1|1
2020,21111,2,1,1,54.0,34.0,409.0,141.0,21111|2|1|1
2020,25025,32,1,3,95.0,28.0,445.0,72.0,25025|32|1|3
2021,22119,1,1,1,203.0,123.0,324.0,94.0,22119|1|1|1
2021,27053,1,1,3,69.0,8.0,756.0,44.0,27053|1|1|3
2021,24003,4,2,1,91.0,56.0,696.0,293.0,24003|4|2|1
2022,01101,4,2,1,80.0,51.0,129.0,40.0,01101|4|2|1
2022,01089,4,1,1,35.0,22.0,196.0,61.0,01089|4|1|1
2022,34013,31,1,1,373.0,135.0,766.0,169.0,34013|31|1|1
2023,06071,32,1,1,375.0,159.0,2443.0,805.0,06071|32|1|1
2023,19103,1,1,1,99.0,13.0,1311.0,61.0,19103|1|1|1
2023,19013,1,1,1,77.0,16.0,1206.0,97.0,19013|1|1|1
2023,18097,31,2,1,72.0,31.0,342.0,93.0,18097|31|2|1
2022,45051,1,1,1,654.0,303.0,7540.0,1281.0,45051|1|1|1
2022,45029,1,1,1,204.0,145.0,425.0,146.0,45029|1|1|1
2023,22115,1,1,1,49.0,28.0,412.0,137.0,22115|1|1|1
2024,28121,1,1,1,459.0,120.0,1522.0,206.0,28121|1|1|1
2024,28099,1,1,1,43.0,30.0,148.0,54.0,28099|1|1|1
2024,28049,1,1,3,43.0,15.0,86.0,9.0,28049|1|1|3
2024,18089,2,1,1,119.0,75.0,262.0,92.0,18089|2|1|1
2024,42091,4,2,1,207.0,107.0,1955.0,692.0,42091|4|2|1
2025,42045,1,1,1,812.0,133.0,2692.0,114.0,42045|1|1|1
2025,42007,1,1,1,60.0,11.0,1450.0,109.0,42007|1|1|1
2024,42101,31,2,1,139.0,82.0,252.0,92.0,42101|31|2|1
2025,24017,2,2,1,270.0,138.0,148.0,51.0,24017|2|2|1
2018,45035,32,1,1,184.0,109.0,683.0,216.0,45035|32|1|1
2020,05123,1,1,1,56.0,28.0,84.0,20.0,05123|1|1|1
2020,11001,4,1,1,97.0,79.0,116.0,39.0,11001|4|1|1
2021,11001,1,1,3,101.0,20.0,180.0,11.0,11001|1|1|3
2022,08041,2,2,1,193.0,74.0,3254.0,670.0,08041|2|2|1
2021,45085,32,1,1,163.0,59.0,354.0,89.0,45085|32|1|1
2022,25013,1,1,1,461.0,74.0,3442.0,272.0,25013|1|1|1
2022,25027,32,1,1,197.0,83.0,3608.0,710.0,25027|32|1|1
2022,25025,32,1,3,86.0,36.0,241.0,33.0,25025|32|1|3
2023,11001,1,2,1,28.0,17.0,42.0,11.0,11001|1|2|1
2023,45031,1,1,1,333.0,201.0,388.0,99.0,45031|1|1|1
2023,45059,1,1,1,214.0,115.0,802.0,229.0,45059|1|1|1
2023,45091,31,1,1,56.0,17.0,187.0,48.0,45091|31|1|1
2023,45063,32,1,1,139.0,64.0,651.0,187.0,45063|32|1|1
2023,45019,4,2,1,52.0,34.0,916.0,381.0,45019|4|2|1
2024,11001,1,2,1,40.0,19.0,47.0,14.0,11001|1|2|1
2025,27053,31,2,1,62.0,21.0,785.0,123.0,27053|31|2|1
2018,01073,31,1,1,688.0,399.0,1369.0,409.0,01073|31|1|1
2018,06073,1,1,1,858.0,121.0,20679.0,2272.0,06073|1|1|1
2018,06107,1,1,1,42.0,3.0,3547.0,260.0,06107|1|1|1
2018,08041,32,1,1,402.0,170.0,4860.0,1287.0,08041|32|1|1
2018,48085,32,1,1,313.0,106.0,3416.0,702.0,48085|32|1|1
2018,12021,32,1,1,51.0,33.0,1343.0,473.0,12021|32|1|1
2018,12033,32,1,1,190.0,100.0,954.0,338.0,12033|32|1|1
2018,12031,1,2,1,244.0,63.0,456.0,76.0,12031|1|2|1
2018,12095,31,2,1,37.0,20.0,385.0,139.0,12095|31|2|1
2018,24003,4,1,1,34.0,24.0,240.0,82.0,24003|4|1|1
2018,29095,32,1,1,432.0,217.0,2204.0,565.0,29095|32|1|1
2018,29189,1,2,1,94.0,8.0,250.0,29.0,29189|1|2|1
2018,39061,2,2,1,496.0,163.0,1494.0,446.0,39061|2|2|1
2018,42043,31,1,1,98.0,61.0,976.0,271.0,42043|31|1|1
2018,48347,1,1,1,36.0,23.0,507.0,136.0,48347|1|1|1
2018,48257,32,1,1,46.0,25.0,500.0,129.0,48257|32|1|1
2019,06013,32,1,1,812.0,235.0,6035.0,1032.0,06013|32|1|1
2019,06073,32,1,3,66.0,20.0,1599.0,305.0,06073|32|1|3
2019,12099,4,2,1,244.0,191.0,2105.0,1301.0,12099|4|2|1
2019,12057,31,1,1,972.0,298.0,5352.0,1069.0,12057|31|1|1
2019,13121,2,1,1,314.0,226.0,368.0,154.0,13121|2|1|1
2019,13089,4,2,1,449.0,345.0,735.0,280.0,13089|4|2|1
2019,13153,1,1,1,731.0,97.0,1874.0,121.0,13153|1|1|1
2019,13089,1,1,1,3401.0,653.0,4527.0,290.0,13089|1|1|1
2019,13225,1,1,1,111.0,23.0,212.0,33.0,13225|1|1|1
2019,26077,32,1,1,50.0,16.0,1009.0,165.0,26077|32|1|1
2019,34005,2,1,1,36.0,26.0,347.0,146.0,34005|2|1|1
2019,39023,1,1,1,67.0,9.0,1395.0,127.0,39023|1|1|1
2019,51760,1,1,1,301.0,35.0,1814.0,81.0,51760|1|1|1
2019,51683,1,1,1,58.0,5.0,449.0,36.0,51683|1|1|1
2019,51760,1,2,1,64.0,9.0,86.0,10.0,51760|1|2|1
2019,06037,4,1,1,176.0,99.0,2610.0,969.0,06037|4|1|1
2019,06071,2,2,1,187.0,135.0,2134.0,1133.0,06071|2|2|1
2019,11001,31,2,1,123.0,59.0,294.0,83.0,11001|31|2|1
2019,12033,31,1,1,159.0,54.0,868.0,208.0,12033|31|1|1
2019,12083,1,1,2,39.0,5.0,429.0,41.0,12083|1|1|2
2019,13067,32,2,1,76.0,23.0,229.0,57.0,13067|32|2|1
2019,25009,32,1,1,175.0,66.0,4468.0,767.0,25009|32|1|1
2019,25025,2,1,1,61.0,40.0,214.0,86.0,25025|2|1|1
2019,26121,32,1,1,44.0,18.0,946.0,161.0,26121|32|1|1
2019,36047,2,1,1,182.0,135.0,368.0,215.0,36047|2|1|1
2019,36055,1,1,1,657.0,90.0,6578.0,317.0,36055|1|1|1
2019,39049,1,2,1,50.0,11.0,243.0,37.0,39049|1|2|1
2019,51059,4,2,1,196.0,121.0,1319.0,617.0,51059|4|2|1
2019,51179,2,2,1,76.0,43.0,265.0,93.0,51179|2|2|1
2020,12057,1,1,3,84.0,22.0,654.0,96.0,12057|1|1|3
2020,22103,1,1,1,1024.0,219.0,3859.0,276.0,22103|1|1|1
2020,22073,31,1,1,186.0,45.0,1454.0,186.0,22073|31|1|1
2020,26163,32,1,1,701.0,221.0,6477.0,816.0,26163|32|1|1
2020,37129,1,1,1,129.0,30.0,3610.0,199.0,37129|1|1|1
2020,42003,4,2,1,70.0,38.0,1602.0,557.0,42003|4|2|1
2020,48453,32,2,1,27.0,14.0,465.0,122.0,48453|32|2|1
2020,06037,2,2,1,576.0,340.0,6879.0,3249.0,06037|2|2|1
2020,06073,2,2,1,99.0,59.0,3332.0,1463.0,06073|2|2|1
2020,12073,2,2,1,25.0,19.0,196.0,96.0,12073|2|2|1
2020,22071,4,2,1,68.0,47.0,181.0,64.0,22071|4|2|1
2020,36103,2,2,1,157.0,121.0,2715.0,1602.0,36103|2|2|1
2020,42045,4,1,1,41.0,24.0,278.0,107.0,42045|4|1|1
2020,51760,32,1,3,40.0,7.0,86.0,11.0,51760|32|1|3
2021,12083,1,1,2,56.0,7.0,642.0,64.0,12083|1|1|2
2021,13277,1,1,1,107.0,61.0,348.0,55.0,13277|1|1|1
2021,37051,1,1,3,114.0,19.0,209.0,20.0,37051|1|1|3
2020,51700,4,2,1,34.0,22.0,80.0,39.0,51700|4|2|1
2020,51153,1,2,1,55.0,7.0,109.0,14.0,51153|1|2|1
2020,53033,4,1,1,37.0,16.0,1020.0,289.0,53033|4|1|1
2021,06037,1,2,1,183.0,39.0,1403.0,277.0,06037|1|2|1
2021,06071,4,2,1,100.0,56.0,967.0,462.0,06071|4|2|1
2021,12099,4,1,1,85.0,53.0,1401.0,612.0,12099|4|1|1
2021,13021,2,2,1,30.0,22.0,95.0,39.0,13021|2|2|1
2021,37195,31,1,1,260.0,74.0,688.0,89.0,37195|31|1|1
2021,36059,31,2,1,30.0,19.0,397.0,153.0,36059|31|2|1
2021,39049,32,1,1,1474.0,370.0,9116.0,1117.0,39049|32|1|1
2021,39035,2,1,1,410.0,308.0,1161.0,430.0,39035|2|1|1
2021,42043,1,1,1,498.0,87.0,2480.0,229.0,42043|1|1|1
2021,47149,32,1,1,450.0,94.0,3557.0,439.0,47149|32|1|1
2021,47003,1,1,1,57.0,8.0,809.0,83.0,47003|1|1|1
2021,48001,1,1,1,73.0,37.0,490.0,168.0,48001|1|1|1
2022,06065,1,1,1,2157.0,381.0,17127.0,2153.0,06065|1|1|1
2022,06077,32,1,1,465.0,151.0,2335.0,482.0,06077|32|1|1
2022,12127,1,1,1,686.0,130.0,7115.0,955.0,12127|1|1|1
2022,13045,32,1,1,149.0,58.0,649.0,157.0,13045|32|1|1
2022,13183,1,1,1,203.0,36.0,330.0,63.0,13183|1|1|1
2022,19153,32,1,1,82.0,37.0,1672.0,397.0,19153|32|1|1
2022,26115,1,1,1,51.0,26.0,1991.0,282.0,26115|1|1|1
2021,36061,1,1,1,214.0,35.0,5226.0,409.0,36061|1|1|1
2021,36083,1,1,1,102.0,26.0,1489.0,135.0,36083|1|1|1
2021,36059,4,2,1,156.0,106.0,1067.0,507.0,36059|4|2|1
2021,48113,2,1,1,208.0,148.0,677.0,371.0,48113|2|1|1
2021,48439,4,2,1,89.0,66.0,614.0,397.0,48439|4|2|1
2021,51041,4,1,1,32.0,15.0,146.0,60.0,51041|4|1|1
2021,51153,31,2,1,31.0,14.0,83.0,22.0,51153|31|2|1
2022,04019,32,1,1,284.0,82.0,6120.0,1227.0,04019|32|1|1
2022,13095,1,1,1,348.0,115.0,227.0,40.0,13095|1|1|1
2022,24003,32,1,1,547.0,207.0,2062.0,474.0,24003|32|1|1
2022,24013,1,1,1,192.0,33.0,1717.0,90.0,24013|1|1|1
2022,39153,4,2,1,103.0,56.0,1297.0,497.0,39153|4|2|1
2022,48309,1,1,1,205.0,59.0,2385.0,313.0,48309|1|1|1
2022,51650,1,1,1,898.0,126.0,1021.0,63.0,51650|1|1|1
2023,01007,1,1,1,93.0,77.0,216.0,94.0,01007|1|1|1
2023,12117,1,1,1,348.0,71.0,3309.0,400.0,12117|1|1|1
2023,12086,1,1,1,1236.0,358.0,15212.0,3121.0,12086|1|1|1
2023,12057,4,1,1,127.0,80.0,672.0,351.0,12057|4|1|1
2023,13199,1,1,1,74.0,38.0,244.0,39.0,13199|1|1|1
2023,13169,1,1,1,62.0,19.0,206.0,35.0,13169|1|1|1
2023,13135,31,1,1,254.0,128.0,260.0,70.0,13135|31|1|1
2022,39003,1,1,1,76.0,11.0,989.0,85.0,39003|1|1|1
2022,39139,1,1,1,54.0,14.0,1281.0,94.0,39139|1|1|1
2023,12011,32,1,3,140.0,56.0,335.0,107.0,12011|32|1|3
2023,12103,2,1,1,47.0,36.0,716.0,374.0,12103|2|1|1
2023,12071,2,2,1,148.0,93.0,1942.0,941.0,12071|2|2|1
2023,13297,31,1,1,31.0,19.0,100.0,14.0,13297|31|1|1
2023,13251,1,1,1,35.0,26.0,68.0,21.0,13251|1|1|1
2023,48339,32,1,1,70.0,41.0,757.0,286.0,48339|32|1|1
2023,51710,31,1,1,50.0,22.0,96.0,26.0,51710|31|1|1
2023,51700,31,1,1,37.0,14.0,66.0,12.0,51700|31|1|1
2023,55101,1,1,1,131.0,32.0,1618.0,143.0,55101|1|1|1
2024,12113,32,1,1,41.0,15.0,486.0,151.0,12113|32|1|1
2023,39035,2,1,3,51.0,39.0,50.0,28.0,39035|2|1|3
2023,51700,4,2,1,152.0,74.0,200.0,66.0,51700|4|2|1
2018,01021,1,1,1,34.0,13.0,571.0,124.0,01021|1|1|1
2018,06095,2,2,1,120.0,87.0,639.0,288.0,06095|2|2|1
2018,06071,4,2,1,181.0,127.0,1955.0,1197.0,06071|4|2|1
2018,06019,32,1,1,148.0,55.0,2802.0,829.0,06019|32|1|1
2018,12095,1,2,1,122.0,45.0,316.0,92.0,12095|1|2|1
2018,12011,1,1,2,178.0,36.0,1156.0,166.0,12011|1|1|2
2018,12086,4,1,1,156.0,116.0,1490.0,966.0,12086|4|1|1
2018,12095,32,1,3,72.0,29.0,260.0,74.0,12095|32|1|3
2018,20091,32,1,1,91.0,39.0,2671.0,584.0,20091|32|1|1
2018,24021,2,2,1,28.0,17.0,653.0,242.0,24021|2|2|1
2018,36071,32,1,1,74.0,43.0,778.0,232.0,36071|32|1|1
2018,39109,1,1,1,35.0,4.0,1573.0,112.0,39109|1|1|1
2018,48215,1,1,1,38.0,7.0,4178.0,760.0,48215|1|1|1
2018,48183,1,1,1,127.0,35.0,1092.0,133.0,48183|1|1|1
2018,06067,1,1,3,49.0,7.0,715.0,70.0,06067|1|1|3
2019,13121,31,2,1,105.0,54.0,547.0,147.0,13121|31|2|1
2019,13089,32,1,1,1729.0,744.0,1473.0,238.0,13089|32|1|1
2019,34013,31,1,1,621.0,218.0,2114.0,365.0,34013|31|1|1
2019,34029,32,1,1,54.0,24.0,2685.0,695.0,34029|32|1|1
2019,42095,32,1,1,40.0,22.0,944.0,267.0,42095|32|1|1
2019,42101,31,2,1,179.0,88.0,550.0,195.0,42101|31|2|1
2019,42055,1,1,1,38.0,8.0,1671.0,145.0,42055|1|1|1
2019,48201,2,1,1,415.0,315.0,1814.0,1030.0,48201|2|1|1
2019,48039,31,1,1,265.0,83.0,943.0,178.0,48039|31|1|1
2019,51153,1,1,1,1365.0,125.0,4433.0,266.0,51153|1|1|1
2019,51770,32,1,1,69.0,29.0,209.0,64.0,51770|32|1|1
2019,51193,1,1,1,54.0,18.0,231.0,21.0,51193|1|1|1
2019,11001,32,2,1,74.0,33.0,118.0,23.0,11001|32|2|1
2019,10003,31,2,1,70.0,29.0,456.0,104.0,10003|31|2|1
2019,24045,1,1,1,225.0,38.0,796.0,65.0,24045|1|1|1
2019,12097,1,1,3,45.0,5.0,867.0,116.0,12097|1|1|3
2019,13245,1,1,3,56.0,13.0,119.0,12.0,13245|1|1|3
2019,25009,1,1,1,408.0,52.0,7818.0,465.0,25009|1|1|1
2019,25025,1,1,1,402.0,65.0,3901.0,214.0,25025|1|1|1
2019,29189,2,2,1,248.0,183.0,1463.0,494.0,29189|2|2|1
2019,29095,2,2,1,132.0,85.0,1006.0,406.0,29095|2|2|1
2019,36029,1,1,1,505.0,75.0,7488.0,509.0,36029|1|1|1
2019,39035,2,2,1,319.0,211.0,2384.0,891.0,39035|2|2|1
2019,48113,32,2,1,64.0,25.0,290.0,110.0,48113|32|2|1
2020,06073,31,1,1,2725.0,429.0,71236.0,7444.0,06073|31|1|1
2020,12019,1,1,1,585.0,113.0,3496.0,498.0,12019|1|1|1
2020,12075,1,1,1,92.0,61.0,635.0,195.0,12075|1|1|1
2020,22121,1,1,1,221.0,67.0,254.0,23.0,22121|1|1|1
2020,26125,4,2,1,120.0,79.0,1607.0,605.0,26125|4|2|1
2020,26065,1,1,1,253.0,49.0,3137.0,286.0,26065|1|1|1
2020,26049,31,1,1,292.0,77.0,5268.0,578.0,26049|31|1|1
2020,42003,31,2,1,42.0,21.0,1605.0,335.0,42003|31|2|1
2020,42071,1,1,1,191.0,31.0,5316.0,477.0,42071|1|1|1
2020,48439,4,1,1,86.0,51.0,653.0,303.0,48439|4|1|1
2019,53035,1,1,1,83.0,6.0,3295.0,209.0,53035|1|1|1
2020,06067,2,1,1,39.0,16.0,536.0,125.0,06067|2|1|1
2020,12057,4,1,1,93.0,68.0,900.0,439.0,12057|4|1|1
2020,22071,1,1,3,90.0,15.0,187.0,19.0,22071|1|1|3
2020,34007,1,1,1,1102.0,191.0,4603.0,293.0,34007|1|1|1
2020,42055,1,1,1,58.0,12.0,1710.0,151.0,42055|1|1|1
2020,51550,31,1,1,1451.0,274.0,5063.0,530.0,51550|31|1|1
2020,51095,1,1,1,166.0,26.0,1305.0,61.0,51095|1|1|1
2021,13097,1,1,1,1379.0,247.0,739.0,79.0,13097|1|1|1
2021,13207,1,1,1,76.0,19.0,417.0,50.0,13207|1|1|1
2021,13115,1,1,1,125.0,40.0,1162.0,157.0,13115|1|1|1
2021,13303,1,1,1,95.0,61.0,69.0,13.0,13303|1|1|1
2021,13151,2,2,1,176.0,115.0,127.0,72.0,13151|2|2|1
2021,17031,1,1,1,11552.0,2407.0,43453.0,3129.0,17031|1|1|1
2021,17031,31,1,1,8988.0,2565.0,60394.0,6341.0,17031|31|1|1
2021,26161,1,1,1,510.0,194.0,3589.0,445.0,26161|1|1|1
2021,26081,31,1,1,497.0,123.0,10477.0,1026.0,26081|31|1|1
2021,37081,2,2,1,237.0,109.0,683.0,196.0,37081|2|2|1
2020,53011,1,1,1,186.0,23.0,7109.0,480.0,53011|1|1|1
2021,12103,2,1,1,71.0,50.0,1136.0,450.0,12103|2|1|1
2021,12009,1,1,3,36.0,4.0,551.0,64.0,12009|1|1|3
2021,12127,4,2,1,38.0,27.0,688.0,372.0,12127|4|2|1
2021,13097,32,1,1,822.0,261.0,644.0,124.0,13097|32|1|1
2021,25017,31,1,1,677.0,127.0,23442.0,1809.0,25017|31|1|1
2021,25017,31,2,1,35.0,16.0,1186.0,294.0,25017|31|2|1
2021,36071,2,2,1,127.0,80.0,587.0,257.0,36071|2|2|1
2021,36047,31,1,1,1927.0,464.0,6053.0,883.0,36047|31|1|1
2021,36029,2,1,1,137.0,90.0,773.0,319.0,36029|2|1|1
2021,42011,1,1,1,309.0,52.0,4556.0,368.0,42011|1|1|1
2021,42041,1,1,1,113.0,23.0,2933.0,283.0,42041|1|1|1
2021,48005,1,1,1,87.0,39.0,965.0,278.0,48005|1|1|1
2021,51760,31,1,1,386.0,96.0,1972.0,138.0,51760|31|1|1
2021,51153,31,1,1,2632.0,433.0,7572.0,841.0,51153|31|1|1
2021,51740,1,1,1,939.0,131.0,1021.0,54.0,51740|1|1|1
2021,55059,1,1,1,116.0,22.0,2188.0,197.0,55059|1|1|1
2022,06073,1,1,1,875.0,131.0,15159.0,1680.0,06073|1|1|1
2022,06065,2,2,1,494.0,252.0,4539.0,1927.0,06065|2|2|1
2022,06097,1,1,1,45.0,5.0,2684.0,206.0,06097|1|1|1
2022,12081,1,1,1,315.0,54.0,6211.0,741.0,12081|1|1|1
2022,12085,1,1,1,31.0,9.0,1702.0,201.0,12085|1|1|1
2022,13245,32,1,1,584.0,248.0,349.0,112.0,13245|32|1|1
2022,19163,1,1,1,119.0,20.0,2048.0,124.0,19163|1|1|1
2022,18011,1,1,1,93.0,21.0,1208.0,68.0,18011|1|1|1
2022,26163,1,1,1,4050.0,1081.0,10726.0,1489.0,26163|1|1|1
2022,26065,32,1,1,91.0,35.0,816.0,193.0,26065|32|1|1
2021,48439,31,1,3,117.0,33.0,875.0,115.0,48439|31|1|3
2022,06073,32,1,3,71.0,18.0,1224.0,231.0,06073|32|1|3
2022,12097,1,1,2,89.0,16.0,748.0,116.0,12097|1|1|2
2022,13223,2,2,1,122.0,82.0,426.0,190.0,13223|2|2|1
2022,13175,1,1,1,194.0,96.0,303.0,79.0,13175|1|1|1
2022,13303,1,1,1,81.0,53.0,65.0,18.0,13303|1|1|1
2022,24005,2,2,1,492.0,351.0,1175.0,458.0,24005|2|2|1
2022,24027,2,2,1,171.0,89.0,545.0,134.0,24027|2|2|1
2022,39089,1,1,1,143.0,25.0,2086.0,212.0,39089|1|1|1
2022,42091,32,2,1,61.0,33.0,500.0,116.0,42091|32|2|1
2022,42091,2,1,1,55.0,26.0,602.0,149.0,42091|2|1|1
2022,48041,1,1,1,211.0,97.0,2216.0,342.0,48041|1|1|1
2022,48157,4,2,1,237.0,181.0,569.0,382.0,48157|4|2|1
2022,48201,1,2,1,240.0,56.0,648.0,132.0,48201|1|2|1
2022,51031,1,1,1,87.0,27.0,515.0,78.0,51031|1|1|1
2023,01001,1,1,1,174.0,64.0,657.0,121.0,01001|1|1|1
2023,08001,1,1,1,323.0,57.0,5496.0,933.0,08001|1|1|1
2023,08031,2,2,1,111.0,54.0,1395.0,429.0,08031|2|2|1
2023,13021,4,1,1,54.0,45.0,59.0,25.0,13021|4|1|1
2023,13039,1,1,1,130.0,54.0,790.0,87.0,13039|1|1|1
2023,13095,32,1,1,104.0,49.0,39.0,14.0,13095|32|1|1
2022,36103,2,1,1,45.0,34.0,822.0,348.0,36103|2|1|1
2022,39035,2,1,3,42.0,33.0,72.0,34.0,39035|2|1|3
2022,48257,31,1,1,112.0,34.0,349.0,96.0,48257|31|1|1
2023,01073,2,1,1,344.0,239.0,309.0,122.0,01073|2|1|1
2023,01113,32,1,1,86.0,37.0,71.0,19.0,01113|32|1|1
2023,12127,32,1,1,179.0,85.0,1460.0,531.0,12127|32|1|1
2023,12031,4,1,1,102.0,70.0,295.0,132.0,12031|4|1|1
2023,12099,31,2,1,73.0,39.0,728.0,325.0,12099|31|2|1
2023,13039,32,1,1,35.0,12.0,125.0,31.0,13039|32|1|1
2023,29510,2,2,1,114.0,74.0,297.0,104.0,29510|2|2|1
2023,34041,1,1,1,96.0,7.0,819.0,93.0,34041|1|1|1
2023,34003,2,2,1,128.0,84.0,1459.0,645.0,34003|2|2|1
2023,34005,2,2,1,202.0,110.0,1061.0,399.0,34005|2|2|1
2023,48029,2,1,1,32.0,22.0,656.0,401.0,48029|2|1|1
2023,48439,32,1,3,57.0,21.0,180.0,45.0,48439|32|1|3
2023,51153,4,2,1,328.0,154.0,737.0,344.0,51153|4|2|1
2023,51177,1,1,1,429.0,77.0,1132.0,114.0,51177|1|1|1
2024,08123,1,1,1,55.0,10.0,4679.0,597.0,08123|1|1|1
2024,08031,4,2,1,139.0,77.0,1362.0,508.0,08031|4|2|1
2024,12127,2,2,1,86.0,56.0,1122.0,498.0,12127|2|2|1
2024,12011,31,1,1,533.0,239.0,1248.0,451.0,12011|31|1|1
2024,12031,32,1,1,815.0,387.0,1494.0,566.0,12031|32|1|1
2024,12035,32,1,1,58.0,24.0,423.0,161.0,12035|32|1|1
2024,12063,1,1,1,118.0,80.0,405.0,162.0,12063|1|1|1
2024,12129,1,1,1,94.0,23.0,490.0,66.0,12129|1|1|1
2024,12057,31,2,1,131.0,62.0,750.0,310.0,12057|31|2|1
2024,13121,32,2,1,362.0,142.0,421.0,94.0,13121|32|2|1
2024,13215,32,1,1,263.0,124.0,185.0,54.0,13215|32|1|1
2023,34021,32,1,1,141.0,59.0,312.0,103.0,34021|32|1|1
2023,42101,31,2,1,143.0,77.0,277.0,110.0,42101|31|2|1
2023,42043,4,2,1,108.0,69.0,714.0,263.0,42043|4|2|1
2018,01097,2,2,1,87.0,63.0,294.0,128.0,01097|2|2|1
2018,01077,1,1,1,45.0,9.0,1027.0,152.0,01077|1|1|1
2018,06095,4,2,1,100.0,72.0,536.0,242.0,06095|4|2|1
2018,12057,1,1,1,2854.0,543.0,17952.0,2309.0,12057|1|1|1
2018,12081,32,1,1,106.0,64.0,1548.0,507.0,12081|32|1|1
2018,12086,31,1,3,71.0,33.0,698.0,323.0,12086|31|1|3
2018,20091,1,1,1,232.0,22.0,8298.0,332.0,20091|1|1|1
2018,29183,32,1,1,77.0,43.0,1906.0,407.0,29183|32|1|1
2018,29183,1,1,1,324.0,46.0,6410.0,409.0,29183|1|1|1
2018,31055,1,1,1,339.0,48.0,6894.0,352.0,31055|1|1|1
2018,36111,1,1,1,52.0,7.0,1159.0,174.0,36111|1|1|1
2018,36087,2,2,1,33.0,26.0,527.0,287.0,36087|2|2|1
2018,39025,1,1,1,31.0,7.0,3127.0,352.0,39025|1|1|1
2018,39085,1,1,1,104.0,11.0,3180.0,186.0,39085|1|1|1
2018,42003,4,2,1,161.0,89.0,2220.0,755.0,42003|4|2|1
2018,42101,31,2,1,216.0,103.0,413.0,128.0,42101|31|2|1
2018,48201,4,1,1,288.0,214.0,1761.0,1002.0,48201|4|1|1
2018,12089,1,1,1,93.0,31.0,1754.0,291.0,12089|1|1|1
2019,04013,31,2,1,31.0,13.0,1816.0,567.0,04013|31|2|1
2019,06037,1,1,1,2735.0,526.0,34099.0,3759.0,06037|1|1|1
2019,12095,4,2,1,373.0,266.0,1962.0,1154.0,12095|4|2|1
2019,12057,2,2,1,323.0,231.0,2683.0,1375.0,12057|2|2|1
2019,13089,4,1,1,234.0,158.0,233.0,88.0,13089|4|1|1
2019,13131,1,1,1,43.0,26.0,137.0,31.0,13131|1|1|1
2019,13015,1,1,1,133.0,28.0,1488.0,150.0,13015|1|1|1
2019,13067,1,1,3,63.0,14.0,345.0,20.0,13067|1|1|3
2019,17031,4,1,3,90.0,67.0,166.0,77.0,17031|4|1|3
2019,21111,32,1,1,439.0,201.0,2855.0,555.0,21111|32|1|1
2019,26161,32,1,1,137.0,51.0,1488.0,222.0,26161|32|1|1
2019,34013,4,2,1,140.0,102.0,503.0,296.0,34013|4|2|1
2019,39085,1,1,1,109.0,13.0,3260.0,200.0,39085|1|1|1
2019,39041,1,1,1,126.0,19.0,3198.0,150.0,39041|1|1|1
2019,39153,32,1,1,124.0,63.0,1823.0,420.0,39153|32|1|1
2019,42133,1,1,1,298.0,58.0,5426.0,464.0,42133|1|1|1
2019,48469,1,1,1,37.0,9.0,896.0,161.0,48469|1|1|1
2019,48113,31,1,3,89.0,41.0,314.0,63.0,48113|31|1|3
2019,51047,1,1,1,64.0,14.0,639.0,46.0,51047|1|1|1
2019,51760,4,2,1,94.0,68.0,206.0,84.0,51760|4|2|1
2019,10003,1,2,1,66.0,9.0,103.0,23.0,10003|1|2|1
2019,13095,1,1,1,276.0,108.0,236.0,36.0,13095|1|1|1
2019,25001,1,1,1,99.0,24.0,2242.0,166.0,25001|1|1|1
2019,39061,1,1,3,102.0,22.0,585.0,56.0,39061|1|1|3
2019,35013,1,1,1,38.0,4.0,2158.0,325.0,35013|1|1|1
2019,01089,1,1,1,1012.0,141.0,5416.0,330.0,01089|1|1|1
2019,51029,1,1,1,26.0,12.0,112.0,24.0,51029|1|1|1
2020,06037,31,1,1,9473.0,1714.0,116125.0,14508.0,06037|31|1|1
2020,12115,1,1,1,177.0,24.0,7532.0,739.0,12115|1|1|1
2020,12073,1,1,1,834.0,300.0,2516.0,194.0,12073|1|1|1
2020,18059,1,1,1,91.0,14.0,1636.0,100.0,18059|1|1|1
2020,18141,32,1,1,65.0,23.0,1776.0,226.0,18141|32|1|1
2020,22109,1,1,1,200.0,102.0,884.0,145.0,22109|1|1|1
2020,22067,1,1,1,79.0,33.0,113.0,35.0,22067|1|1|1
2020,37183,1,1,3,41.0,6.0,633.0,35.0,37183|1|1|3
2020,37081,31,1,1,1439.0,351.0,5645.0,673.0,37081|31|1|1
2020,37035,1,1,1,124.0,23.0,1938.0,224.0,37035|1|1|1
2020,04013,32,1,1,1202.0,268.0,43318.0,5269.0,04013|32|1|1
2020,12031,2,1,1,99.0,72.0,402.0,149.0,12031|2|1|1
2020,12009,4,2,1,27.0,20.0,636.0,363.0,12009|4|2|1
2020,18043,1,1,1,37.0,4.0,1280.0,103.0,18043|1|1|1
2020,22019,32,1,1,45.0,14.0,445.0,98.0,22019|32|1|1
2020,37127,1,1,1,515.0,188.0,767.0,116.0,37127|1|1|1
2020,37051,2,1,1,35.0,22.0,85.0,46.0,37051|2|1|1
2020,51177,1,1,1,601.0,83.0,2201.0,145.0,51177|1|1|1
2021,06019,32,1,1,299.0,66.0,6027.0,966.0,06019|32|1|1
2021,13057,1,1,1,370.0,50.0,4683.0,305.0,13057|1|1|1
2021,29183,1,1,1,451.0,47.0,6316.0,337.0,29183|1|1|1
2021,37133,31,1,1,446.0,85.0,2804.0,407.0,37133|31|1|1
2020,53067,1,1,1,182.0,15.0,3745.0,217.0,53067|1|1|1
2020,55079,31,2,1,85.0,25.0,635.0,155.0,55079|31|2|1
2021,13021,31,1,1,362.0,103.0,674.0,98.0,13021|31|1|1
2021,13089,2,1,1,252.0,181.0,232.0,90.0,13089|2|1|1
2021,25023,32,1,1,695.0,184.0,6809.0,749.0,25023|32|1|1
2021,26121,32,1,1,95.0,28.0,1742.0,227.0,26121|32|1|1
2021,37001,32,1,1,157.0,46.0,962.0,146.0,37001|32|1|1
2021,37023,1,1,1,44.0,16.0,1081.0,164.0,37023|1|1|1
2021,34007,1,2,1,65.0,18.0,84.0,13.0,34007|1|2|1
2021,34007,4,2,1,55.0,31.0,412.0,213.0,34007|4|2|1
2021,36005,2,2,1,106.0,86.0,104.0,69.0,36005|2|2|1
2021,39025,1,1,1,50.0,11.0,3440.0,390.0,39025|1|1|1
2021,47157,1,2,1,146.0,27.0,68.0,15.0,47157|1|2|1
2021,48339,1,1,1,1353.0,301.0,12482.0,1709.0,48339|1|1|1
2021,48257,1,1,1,1825.0,424.0,3354.0,464.0,48257|1|1|1
2022,12117,32,1,1,295.0,105.0,2037.0,475.0,12117|32|1|1
2022,12095,31,1,1,532.0,208.0,2157.0,554.0,12095|31|1|1
2022,12086,31,1,3,84.0,41.0,502.0,145.0,12086|31|1|3
2022,12095,32,1,3,89.0,35.0,339.0,89.0,12095|32|1|3
2022,13225,1,1,1,129.0,39.0,203.0,36.0,13225|1|1|1
2022,18089,31,1,1,224.0,97.0,1056.0,245.0,18089|31|1|1
2021,42045,1,2,1,69.0,18.0,128.0,32.0,42045|1|2|1
2021,48167,31,1,1,384.0,111.0,4212.0,752.0,48167|31|1|1
2021,48157,4,2,1,83.0,63.0,213.0,148.0,48157|4|2|1
2021,48439,2,2,1,179.0,127.0,1204.0,579.0,48439|2|2|1
2021,51107,4,2,1,55.0,24.0,610.0,209.0,51107|4|2|1
2021,51810,4,2,1,71.0,42.0,479.0,201.0,51810|4|2|1
2022,13107,1,1,1,41.0,27.0,111.0,37.0,13107|1|1|1
2022,18091,1,1,1,67.0,16.0,1096.0,108.0,18091|1|1|1
2022,24021,1,1,1,725.0,122.0,2883.0,133.0,24021|1|1|1
2022,24017,31,1,1,403.0,104.0,239.0,54.0,24017|31|1|1
2022,28111,1,1,1,41.0,28.0,160.0,74.0,28111|1|1|1
2022,39025,1,1,1,73.0,21.0,2939.0,349.0,39025|1|1|1
2022,42101,1,1,3,363.0,67.0,749.0,76.0,42101|1|1|3
2022,48423,1,1,1,358.0,172.0,2671.0,467.0,48423|1|1|1
2022,48441,1,1,1,102.0,17.0,1713.0,248.0,48441|1|1|1
2022,48121,1,2,1,55.0,25.0,293.0,91.0,48121|1|2|1
2022,51800,31,1,1,101.0,37.0,160.0,36.0,51800|31|1|1
2023,01127,1,1,1,51.0,37.0,745.0,306.0,01127|1|1|1
2023,01041,1,1,1,36.0,21.0,111.0,38.0,01041|1|1|1
2023,12009,1,1,1,875.0,188.0,7231.0,830.0,12009|1|1|1
2023,12005,1,1,1,269.0,103.0,2793.0,553.0,12005|1|1|1
2023,12086,32,1,3,132.0,45.0,803.0,259.0,12086|32|1|3
2023,13121,32,1,1,1646.0,780.0,557.0,150.0,13121|32|1|1
2023,13217,31,1,1,73.0,41.0,58.0,14.0,13217|31|1|1
2023,13247,32,1,1,379.0,194.0,94.0,31.0,13247|32|1|1
2023,13089,31,2,1,67.0,34.0,152.0,45.0,13089|31|2|1
2022,36083,1,1,1,102.0,29.0,1228.0,110.0,36083|1|1|1
2022,36001,2,2,1,75.0,26.0,987.0,208.0,36001|2|2|1
2022,42101,4,1,1,398.0,267.0,374.0,175.0,42101|4|1|1
2022,48113,4,2,1,313.0,253.0,1112.0,679.0,48113|4|2|1
2022,48029,1,2,1,69.0,20.0,602.0,92.0,48029|1|2|1
2022,51095,1,1,1,136.0,17.0,1009.0,50.0,51095|1|1|1
2023,12097,32,1,1,196.0,93.0,760.0,307.0,12097|32|1|1
2023,12011,32,2,1,316.0,129.0,901.0,305.0,12011|32|2|1
2023,12047,1,1,1,46.0,30.0,86.0,40.0,12047|1|1|1
2023,26115,1,1,1,49.0,24.0,1597.0,243.0,26115|1|1|1
2023,34029,32,1,1,66.0,24.0,1154.0,356.0,34029|32|1|1
2023,39113,1,1,1,670.0,93.0,4055.0,388.0,39113|1|1|1
2023,42129,1,1,1,73.0,18.0,2628.0,261.0,42129|1|1|1
2023,48257,1,1,1,1320.0,233.0,2212.0,383.0,48257|1|1|1
2023,48091,1,1,1,92.0,14.0,2819.0,370.0,48091|1|1|1
2023,51041,1,1,1,1070.0,201.0,2894.0,167.0,51041|1|1|1
2023,51019,1,1,1,44.0,19.0,743.0,126.0,51019|1|1|1
2024,06067,1,1,3,41.0,10.0,377.0,48.0,06067|1|1|3
2024,12011,2,2,1,910.0,571.0,2961.0,1503.0,12011|2|2|1
2024,12071,4,2,1,160.0,110.0,2195.0,1066.0,12071|4|2|1
2024,12075,1,1,1,92.0,48.0,626.0,202.0,12075|1|1|1
2024,12099,32,1,1,575.0,268.0,2216.0,802.0,12099|32|1|1
2024,12017,1,1,1,105.0,31.0,2285.0,351.0,12017|1|1|1
2024,12009,4,2,1,175.0,107.0,1518.0,691.0,12009|4|2|1
2024,13169,1,1,1,73.0,38.0,187.0,29.0,13169|1|1|1
2024,13089,2,2,1,707.0,410.0,693.0,243.0,13089|2|2|1
2024,17091,1,1,1,121.0,34.0,898.0,117.0,17091|1|1|1
2023,48039,2,2,1,91.0,72.0,251.0,142.0,48039|2|2|1
2024,06037,32,2,1,840.0,259.0,5094.0,1267.0,06037|32|2|1
2024,06073,4,2,1,289.0,156.0,4065.0,1976.0,06073|4|2|1
2024,12057,1,1,3,81.0,17.0,632.0,126.0,12057|1|1|3
2024,12065,1,1,1,47.0,34.0,132.0,44.0,12065|1|1|1
2024,21093,1,1,1,124.0,33.0,1164.0,238.0,21093|1|1|1
2024,21111,4,1,1,75.0,50.0,393.0,123.0,21111|4|1|1
2024,26125,4,2,1,375.0,175.0,2669.0,892.0,26125|4|2|1
2024,26099,4,1,1,75.0,45.0,564.0,223.0,26099|4|1|1
2024,37101,32,1,1,171.0,79.0,506.0,129.0,37101|32|1|1
2024,47037,32,1,1,491.0,178.0,782.0,210.0,47037|32|1|1
2024,48167,32,1,1,56.0,26.0,470.0,121.0,48167|32|1|1
2024,55025,1,1,1,138.0,18.0,4415.0,146.0,55025|1|1|1
2024,55079,31,2,1,110.0,35.0,684.0,151.0,55079|31|2|1
2025,13151,32,1,1,739.0,395.0,303.0,83.0,13151|32|1|1
2025,13153,1,1,1,659.0,124.0,1290.0,76.0,13153|1|1|1
2025,13131,1,1,1,59.0,40.0,156.0,50.0,13131|1|1|1
2024,32003,1,1,2,49.0,5.0,381.0,49.0,32003|1|1|2
2024,48453,1,1,1,562.0,101.0,7793.0,752.0,48453|1|1|1
2025,12111,1,1,3,100.0,21.0,286.0,43.0,12111|1|1|3
2025,12071,2,2,1,81.0,46.0,1280.0,505.0,12071|2|2|1
2025,12099,2,2,1,360.0,230.0,2520.0,1172.0,12099|2|2|1
2025,12111,4,1,1,51.0,26.0,307.0,122.0,12111|4|1|1
2025,37179,31,1,1,77.0,16.0,674.0,103.0,37179|31|1|1
2025,29189,32,1,1,562.0,245.0,1456.0,338.0,29189|32|1|1
2025,39133,1,1,1,45.0,5.0,1308.0,138.0,39133|1|1|1
2025,48167,32,1,1,60.0,27.0,526.0,156.0,48167|32|1|1
2025,51031,1,1,1,72.0,21.0,505.0,59.0,51031|1|1|1
2018,13045,32,1,1,66.0,38.0,367.0,108.0,13045|32|1|1
2018,13121,2,1,1,300.0,224.0,368.0,149.0,13121|2|1|1
2018,26077,32,1,1,45.0,20.0,755.0,167.0,26077|32|1|1
2018,37071,2,2,1,29.0,18.0,299.0,145.0,37071|2|2|1
2018,37019,1,1,1,156.0,59.0,2746.0,303.0,37019|1|1|1
2018,37033,1,1,1,34.0,13.0,130.0,29.0,37033|1|1|1
2018,37091,1,1,1,56.0,21.0,51.0,7.0,37091|1|1|1
2018,51143,1,1,1,72.0,24.0,359.0,54.0,51143|1|1|1
2018,51710,32,1,1,277.0,173.0,404.0,170.0,51710|32|1|1
2018,51550,4,2,1,113.0,81.0,380.0,182.0,51550|4|2|1
2019,24510,31,1,1,789.0,317.0,1032.0,173.0,24510|31|1|1
2019,37081,31,1,1,654.0,185.0,1838.0,279.0,37081|31|1|1
2019,47147,1,1,1,56.0,6.0,1089.0,81.0,47147|1|1|1
2019,37071,32,1,1,132.0,50.0,894.0,250.0,37071|32|1|1
2019,37071,1,2,1,67.0,11.0,140.0,24.0,37071|1|2|1
2020,17143,1,1,1,217.0,31.0,2079.0,121.0,17143|1|1|1
2020,13077,31,1,1,349.0,78.0,2838.0,371.0,13077|31|1|1
2020,13117,32,1,1,57.0,13.0,2200.0,283.0,13117|32|1|1
2020,13247,4,2,1,71.0,53.0,36.0,17.0,13247|4|2|1
2020,13067,31,2,1,63.0,40.0,268.0,77.0,13067|31|2|1
2021,05119,31,1,1,1114.0,259.0,3410.0,421.0,05119|31|1|1
2021,18097,4,1,1,91.0,50.0,485.0,167.0,18097|4|1|1
2020,45041,31,1,1,320.0,74.0,1020.0,146.0,45041|31|1|1
2020,45031,1,1,1,496.0,355.0,506.0,145.0,45031|1|1|1
2020,45061,1,1,1,129.0,101.0,55.0,21.0,45061|1|1|1
2021,24037,1,1,1,430.0,45.0,1501.0,70.0,24037|1|1|1
2022,05051,1,1,1,69.0,32.0,1167.0,272.0,05051|1|1|1
2022,05027,1,1,1,132.0,105.0,148.0,43.0,05027|1|1|1
2023,17031,4,1,1,408.0,272.0,1328.0,557.0,17031|4|1|1
2023,17043,32,1,1,31.0,19.0,870.0,243.0,17043|32|1|1
2022,47075,1,1,1,48.0,24.0,70.0,14.0,47075|1|1|1
2023,25017,4,2,1,110.0,70.0,2165.0,803.0,25017|4|2|1
2023,25005,4,2,1,103.0,75.0,1306.0,520.0,25005|4|2|1
2023,25003,1,1,1,42.0,3.0,840.0,72.0,25003|1|1|1
2023,24021,32,1,1,71.0,37.0,316.0,83.0,24021|32|1|1
2023,37067,31,2,1,71.0,23.0,310.0,70.0,37067|31|2|1
2023,37013,1,1,1,85.0,45.0,365.0,57.0,37013|1|1|1
2023,36103,1,1,1,924.0,145.0,7731.0,667.0,36103|1|1|1
2023,36081,32,1,1,401.0,157.0,330.0,99.0,36081|32|1|1
2023,36103,4,2,1,276.0,182.0,2794.0,1331.0,36103|4|2|1
2024,04021,1,1,1,624.0,117.0,7827.0,766.0,04021|1|1|1
2024,34001,32,1,1,80.0,33.0,506.0,155.0,34001|32|1|1
2024,34005,32,1,1,366.0,142.0,828.0,206.0,34005|32|1|1
2024,34039,2,2,1,245.0,142.0,760.0,284.0,34039|2|2|1
2024,34013,1,2,1,62.0,30.0,77.0,24.0,34013|1|2|1
2024,34013,1,1,3,79.0,19.0,243.0,48.0,34013|1|1|3
2024,39153,32,1,1,152.0,71.0,1041.0,284.0,39153|32|1|1
2024,39089,1,1,1,117.0,18.0,1697.0,197.0,39089|1|1|1
2024,51041,1,1,1,1001.0,175.0,3016.0,161.0,51041|1|1|1
2025,22089,1,1,1,101.0,38.0,333.0,32.0,22089|1|1|1
2024,45021,1,1,1,74.0,26.0,488.0,139.0,45021|1|1|1
2024,45027,1,1,1,122.0,78.0,215.0,59.0,45027|1|1|1
2025,01101,4,1,1,70.0,53.0,38.0,15.0,01101|4|1|1
2025,22077,1,1,1,95.0,62.0,139.0,31.0,22077|1|1|1
2025,55025,1,1,1,134.0,17.0,4469.0,157.0,55025|1|1|1
2025,36065,1,1,1,81.0,32.0,1428.0,211.0,36065|1|1|1
2018,05045,1,1,1,105.0,31.0,1630.0,220.0,05045|1|1|1
2018,05119,1,1,3,55.0,14.0,322.0,19.0,05119|1|1|3
2018,47065,4,2,1,57.0,47.0,670.0,319.0,47065|4|2|1
2018,47075,1,1,1,58.0,22.0,98.0,20.0,47075|1|1|1
2020,01089,32,1,1,302.0,74.0,1898.0,235.0,01089|32|1|1
2020,28061,1,1,1,185.0,132.0,93.0,29.0,28061|1|1|1
2020,28031,1,1,1,179.0,141.0,178.0,67.0,28031|1|1|1
2020,21067,2,2,1,38.0,12.0,597.0,74.0,21067|2|2|1
2020,33011,1,1,1,112.0,19.0,5048.0,417.0,33011|1|1|1
2020,35013,1,1,1,56.0,15.0,2566.0,481.0,35013|1|1|1
2021,22041,1,1,1,67.0,49.0,133.0,57.0,22041|1|1|1
2021,28089,1,1,1,545.0,137.0,1443.0,76.0,28089|1|1|1
2021,28025,1,1,1,179.0,99.0,83.0,12.0,28025|1|1|1
2021,22051,4,2,1,29.0,22.0,176.0,87.0,22051|4|2|1
2021,28061,1,1,1,115.0,88.0,103.0,29.0,28061|1|1|1
2022,01101,2,2,1,72.0,41.0,101.0,37.0,01101|2|2|1
2022,01073,4,2,1,373.0,224.0,1083.0,284.0,01073|4|2|1
2022,34041,1,1,1,128.0,24.0,996.0,89.0,34041|1|1|1
2022,34027,1,1,1,196.0,29.0,3895.0,264.0,34027|1|1|1
2022,34007,4,1,1,44.0,27.0,234.0,110.0,34007|4|1|1
2023,06019,1,1,1,192.0,42.0,3327.0,450.0,06019|1|1|1
2023,22019,32,1,1,68.0,36.0,209.0,93.0,22019|32|1|1
2023,22047,1,1,1,153.0,74.0,174.0,29.0,22047|1|1|1
2023,22097,32,1,1,40.0,25.0,46.0,18.0,22097|32|1|1
2022,45037,1,1,1,70.0,30.0,312.0,44.0,45037|1|1|1
2022,45041,31,1,1,86.0,31.0,213.0,35.0,45041|31|1|1
2023,06071,1,2,1,60.0,15.0,492.0,69.0,06071|1|2|1
2024,01101,31,1,1,261.0,102.0,126.0,27.0,01101|31|1|1
2024,18067,1,1,1,57.0,18.0,1093.0,138.0,18067|1|1|1
2024,28065,1,1,1,114.0,87.0,55.0,27.0,28065|1|1|1
2024,01073,1,1,3,66.0,13.0,373.0,32.0,01073|1|1|3
2024,01023,1,1,1,41.0,28.0,49.0,16.0,01023|1|1|1
2024,24019,1,1,1,151.0,36.0,274.0,41.0,24019|1|1|1
2024,24027,4,2,1,216.0,108.0,357.0,137.0,24027|4|2|1
2024,42129,1,1,1,78.0,15.0,2637.0,246.0,42129|1|1|1
2024,49011,1,1,1,30.0,6.0,3119.0,306.0,49011|1|1|1
2025,24510,32,1,3,237.0,94.0,208.0,87.0,24510|32|1|3
2025,53061,4,2,1,91.0,43.0,1674.0,585.0,53061|4|2|1
2018,18011,1,1,1,25.0,5.0,1239.0,100.0,18011|1|1|1
2018,38017,1,1,1,55.0,3.0,2305.0,88.0,38017|1|1|1
2018,45083,4,2,1,43.0,27.0,391.0,159.0,45083|4|2|1
2018,45003,32,1,1,121.0,61.0,478.0,143.0,45003|32|1|1
2018,45055,32,1,1,72.0,39.0,280.0,98.0,45055|32|1|1
2019,22005,1,1,1,639.0,154.0,1722.0,157.0,22005|1|1|1
2019,22085,1,1,1,43.0,24.0,232.0,73.0,22085|1|1|1
2021,45003,32,1,1,155.0,57.0,927.0,159.0,45003|32|1|1
2021,45075,32,1,1,110.0,56.0,134.0,33.0,45075|32|1|1
2023,05119,2,1,1,103.0,72.0,143.0,60.0,05119|2|1|1
2024,27053,2,2,1,222.0,120.0,2233.0,505.0,27053|2|2|1
2024,27037,4,2,1,71.0,41.0,1080.0,371.0,27037|4|2|1
2024,27123,1,2,1,113.0,6.0,313.0,28.0,27123|1|2|1
2023,45013,1,1,1,548.0,408.0,2225.0,264.0,45013|1|1|1
2023,53033,1,1,1,756.0,109.0,8506.0,600.0,53033|1|1|1
2024,11001,31,1,1,181.0,47.0,314.0,33.0,11001|31|1|1
2025,18141,1,1,1,199.0,25.0,2080.0,141.0,18141|1|1|1
2025,25025,4,2,1,147.0,97.0,445.0,207.0,25025|4|2|1
2025,25023,32,1,1,159.0,71.0,999.0,246.0,25023|32|1|1
2025,25005,32,1,1,107.0,48.0,1026.0,265.0,25005|32|1|1
2025,25013,31,1,1,102.0,26.0,831.0,142.0,25013|31|1|1
2023,55079,32,2,1,98.0,37.0,421.0,73.0,55079|32|2|1
2024,12011,1,1,3,273.0,82.0,1403.0,322.0,12011|1|1|3
2024,21111,1,2,1,118.0,25.0,770.0,96.0,21111|1|2|1
2024,26065,1,1,1,263.0,78.0,2183.0,276.0,26065|1|1|1
2024,37069,32,1,1,67.0,27.0,146.0,28.0,37069|32|1|1
2024,37107,1,1,1,141.0,60.0,372.0,73.0,37107|1|1|1
2024,37119,32,1,3,84.0,23.0,129.0,33.0,37119|32|1|3
2024,37033,1,1,1,44.0,20.0,165.0,31.0,37033|1|1|1
2024,47119,1,1,1,77.0,19.0,1424.0,132.0,47119|1|1|1
2025,06073,4,2,1,259.0,116.0,3787.0,1541.0,06073|4|2|1
2025,06095,1,2,1,30.0,2.0,99.0,12.0,06095|1|2|1
2025,06001,31,1,1,126.0,40.0,1171.0,190.0,06001|31|1|1
2025,13247,1,1,1,801.0,190.0,216.0,32.0,13247|1|1|1
2025,13223,2,2,1,112.0,74.0,294.0,113.0,13223|2|2|1
2025,13051,4,1,1,47.0,27.0,138.0,48.0,13051|4|1|1
2025,13121,31,2,1,129.0,54.0,574.0,172.0,13121|31|2|1
2024,37191,32,1,1,104.0,46.0,180.0,52.0,37191|32|1|1
2024,48201,4,1,1,358.0,245.0,1420.0,758.0,48201|4|1|1
2025,12099,4,2,1,377.0,206.0,2674.0,1266.0,12099|4|2|1
2025,12095,4,1,1,107.0,74.0,495.0,209.0,12095|4|1|1
2025,13051,31,1,1,186.0,43.0,459.0,100.0,13051|31|1|1
2025,26163,2,1,1,1113.0,787.0,915.0,352.0,26163|2|1|1
2025,37057,1,1,1,240.0,60.0,1794.0,235.0,37057|1|1|1
2025,29165,1,1,1,64.0,5.0,1120.0,45.0,29165|1|1|1
2025,37033,1,1,1,36.0,17.0,144.0,38.0,37033|1|1|1
2025,37035,1,1,1,176.0,56.0,1909.0,200.0,37035|1|1|1
2025,45085,1,1,1,514.0,197.0,715.0,72.0,45085|1|1|1
2025,45079,1,1,3,49.0,18.0,134.0,17.0,45079|1|1|3
2025,48201,31,1,1,1173.0,524.0,3826.0,1212.0,48201|31|1|1
2025,48027,31,1,1,356.0,84.0,731.0,190.0,48027|31|1|1
2025,48113,32,1,3,160.0,60.0,516.0,144.0,48113|32|1|3
2025,48201,4,2,1,668.0,405.0,2847.0,1532.0,48201|4|2|1
2025,51059,32,1,1,154.0,71.0,699.0,168.0,51059|32|1|1
2025,51033,32,1,1,41.0,9.0,106.0,28.0,51033|32|1|1
2018,13077,32,1,1,132.0,64.0,729.0,193.0,13077|32|1|1
2018,13105,1,1,1,25.0,13.0,104.0,23.0,13105|1|1|1
2018,13151,31,1,1,443.0,167.0,351.0,95.0,13151|31|1|1
2018,26139,1,1,1,38.0,12.0,4348.0,554.0,26139|1|1|1
2018,26065,1,1,1,210.0,40.0,2987.0,293.0,26065|1|1|1
2018,32003,32,1,3,70.0,26.0,750.0,185.0,32003|32|1|3
2018,51095,1,1,1,113.0,14.0,1103.0,60.0,51095|1|1|1
2018,51087,1,2,1,117.0,14.0,136.0,27.0,51087|1|2|1
2018,51087,31,1,1,245.0,108.0,633.0,165.0,51087|31|1|1
2018,51710,4,2,1,76.0,56.0,161.0,94.0,51710|4|2|1
2019,05017,1,1,1,30.0,21.0,28.0,8.0,05017|1|1|1
2019,08059,1,1,1,49.0,3.0,7857.0,437.0,08059|1|1|1
2019,27053,32,1,1,404.0,176.0,5690.0,979.0,27053|32|1|1
2019,47149,4,2,1,119.0,74.0,878.0,423.0,47149|4|2|1
2020,13245,31,1,1,779.0,189.0,697.0,120.0,13245|31|1|1
2020,39057,1,1,1,108.0,8.0,2296.0,154.0,39057|1|1|1
2020,45007,32,1,1,59.0,19.0,948.0,148.0,45007|32|1|1
2020,45079,4,1,1,74.0,45.0,157.0,58.0,45079|4|1|1
2020,45015,31,1,1,795.0,175.0,4409.0,528.0,45015|31|1|1
2020,45091,2,2,1,38.0,22.0,345.0,131.0,45091|2|2|1
2021,32003,2,2,1,198.0,130.0,2040.0,1040.0,32003|2|2|1
2021,53033,4,1,1,43.0,24.0,993.0,220.0,53033|4|1|1
2022,37067,1,1,1,815.0,130.0,3356.0,221.0,37067|1|1|1
2022,37067,31,1,1,319.0,77.0,1178.0,213.0,37067|31|1|1
2022,37179,31,1,1,102.0,17.0,827.0,165.0,37179|31|1|1
2022,37061,1,1,1,115.0,72.0,401.0,113.0,37061|1|1|1
2022,37067,2,1,1,68.0,36.0,195.0,58.0,37067|2|1|1
2022,37083,1,1,1,228.0,147.0,214.0,35.0,37083|1|1|1
2022,37025,2,2,1,193.0,97.0,685.0,203.0,37025|2|2|1
2022,47157,31,1,3,48.0,18.0,115.0,15.0,47157|31|1|3
2023,04013,1,1,1,2510.0,486.0,35239.0,3713.0,04013|1|1|1
2023,25001,1,1,1,72.0,19.0,1336.0,95.0,25001|1|1|1
2023,25005,1,1,1,614.0,113.0,2986.0,228.0,25005|1|1|1
2023,24027,31,1,1,51.0,18.0,124.0,35.0,24027|31|1|1
2023,24043,1,1,1,281.0,56.0,1067.0,122.0,24043|1|1|1
2023,37101,32,1,1,146.0,64.0,441.0,126.0,37101|32|1|1
2023,37089,1,1,1,41.0,19.0,1222.0,181.0,37089|1|1|1
2023,37051,1,1,3,84.0,17.0,116.0,10.0,37051|1|1|3
2024,29095,1,1,1,964.0,154.0,6026.0,376.0,29095|1|1|1
2024,29099,1,1,1,39.0,8.0,2837.0,315.0,29099|1|1|1
2023,37071,32,1,1,141.0,64.0,466.0,118.0,37071|32|1|1
2023,36001,32,1,1,43.0,14.0,264.0,65.0,36001|32|1|1
2023,36001,2,2,1,83.0,39.0,877.0,175.0,36001|2|2|1
2023,47053,1,1,1,62.0,26.0,501.0,89.0,47053|1|1|1
2023,47157,4,1,1,246.0,167.0,207.0,77.0,47157|4|1|1
2024,34005,1,1,1,702.0,110.0,2855.0,206.0,34005|1|1|1
2024,39153,4,2,1,137.0,78.0,1228.0,481.0,39153|4|2|1
2024,39049,32,1,3,60.0,21.0,146.0,35.0,39049|32|1|3
2024,45083,32,1,1,164.0,69.0,657.0,187.0,45083|32|1|1
2024,45063,1,1,1,607.0,226.0,3305.0,437.0,45063|1|1|1
2024,51800,4,2,1,164.0,78.0,192.0,52.0,51800|4|2|1
2024,51650,2,2,1,162.0,54.0,142.0,37.0,51650|2|2|1
2025,01069,1,1,1,203.0,77.0,1005.0,194.0,01069|1|1|1
2025,01031,1,1,1,67.0,19.0,628.0,90.0,01031|1|1|1
2025,21117,1,1,1,71.0,9.0,2144.0,214.0,21117|1|1|1
2025,28121,31,1,1,68.0,22.0,417.0,65.0,28121|31|1|1
2025,17097,31,1,1,88.0,20.0,1687.0,226.0,17097|31|1|1
2025,36119,1,1,1,557.0,109.0,4197.0,343.0,36119|1|1|1
2025,36047,32,1,1,399.0,184.0,402.0,124.0,36047|32|1|1
2018,05107,1,1,1,38.0,25.0,33.0,10.0,05107|1|1|1
2018,47037,32,1,3,97.0,33.0,279.0,62.0,47037|32|1|3
2020,01015,1,1,1,238.0,67.0,1277.0,281.0,01015|1|1|1
2021,22053,1,1,1,58.0,30.0,359.0,82.0,22053|1|1|1
2021,22105,32,1,1,68.0,29.0,484.0,106.0,22105|32|1|1
2021,27053,4,2,1,100.0,44.0,1424.0,364.0,27053|4|2|1
2021,28001,1,1,1,175.0,82.0,172.0,28.0,28001|1|1|1
2021,28047,31,1,1,362.0,105.0,1765.0,331.0,28047|31|1|1
2021,28163,1,1,1,83.0,38.0,100.0,21.0,28163|1|1|1
2021,28049,1,1,3,36.0,9.0,62.0,5.0,28049|1|1|3
2021,22003,1,1,1,45.0,22.0,218.0,85.0,22003|1|1|1
2021,27123,1,2,1,74.0,3.0,332.0,32.0,27123|1|2|1
2022,17115,1,1,1,126.0,24.0,899.0,84.0,17115|1|1|1
2021,41067,1,1,1,220.0,22.0,5955.0,322.0,41067|1|1|1
2022,17163,4,1,1,47.0,36.0,121.0,54.0,17163|4|1|1
2023,18059,1,1,1,121.0,18.0,1212.0,65.0,18059|1|1|1
2022,45091,4,2,1,130.0,74.0,738.0,255.0,45091|4|2|1
2022,45083,1,2,1,38.0,12.0,78.0,11.0,45083|1|2|1
2024,28049,2,2,1,157.0,100.0,78.0,23.0,28049|2|2|1
2024,36087,1,1,1,148.0,34.0,1451.0,153.0,36087|1|1|1
2024,36005,2,2,1,211.0,165.0,126.0,78.0,36005|2|2|1
2024,24005,31,1,1,375.0,103.0,797.0,150.0,24005|31|1|1
2024,42091,31,2,1,76.0,28.0,986.0,240.0,42091|31|2|1
2025,10005,1,1,2,28.0,5.0,1074.0,57.0,10005|1|1|2
2025,42017,2,2,1,78.0,41.0,2045.0,490.0,42017|2|2|1
2025,42003,31,2,1,92.0,36.0,1768.0,404.0,42003|31|2|1
2025,42101,2,2,3,81.0,64.0,79.0,43.0,42101|2|2|3
2018,34013,2,1,1,91.0,56.0,262.0,109.0,34013|2|1|1
2018,25013,32,1,1,103.0,50.0,1187.0,428.0,25013|32|1|1
2018,34021,2,2,1,50.0,31.0,462.0,212.0,34021|2|2|1
2018,45029,1,1,1,117.0,90.0,375.0,154.0,45029|1|1|1
2018,34005,31,1,1,201.0,94.0,1190.0,357.0,34005|31|1|1
2019,22055,31,1,1,145.0,46.0,846.0,131.0,22055|31|1|1
2019,22105,1,1,1,581.0,306.0,1596.0,235.0,22105|1|1|1
2022,08005,1,1,1,858.0,144.0,6399.0,445.0,08005|1|1|1
2021,45013,1,1,1,507.0,292.0,3759.0,304.0,45013|1|1|1
2021,45019,2,1,1,53.0,34.0,263.0,68.0,45019|2|1|1
2022,25017,4,2,1,89.0,49.0,2308.0,677.0,25017|4|2|1
2024,27003,1,2,1,108.0,12.0,243.0,24.0,27003|1|2|1
2023,45057,1,1,1,234.0,63.0,1186.0,174.0,45057|1|1|1
2024,11001,32,2,1,163.0,54.0,128.0,34.0,11001|32|2|1
2024,53053,2,2,1,192.0,101.0,2051.0,657.0,53053|2|2|1
2025,27053,2,1,1,37.0,27.0,437.0,112.0,27053|2|1|1
2025,04021,1,1,1,582.0,117.0,7792.0,720.0,04021|1|1|1
2025,18097,2,1,1,158.0,88.0,392.0,159.0,18097|2|1|1
2025,25009,1,1,1,262.0,26.0,4562.0,292.0,25009|1|1|1
2018,01073,32,1,1,750.0,455.0,1564.0,440.0,01073|32|1|1
2018,01125,1,1,1,671.0,153.0,1996.0,244.0,01125|1|1|1
2018,01067,1,1,1,33.0,17.0,186.0,38.0,01067|1|1|1
2018,01129,1,1,1,37.0,17.0,99.0,35.0,01129|1|1|1
2018,01025,1,1,1,109.0,66.0,145.0,30.0,01025|1|1|1
2018,08005,31,1,1,258.0,97.0,2412.0,700.0,08005|31|1|1
2018,48201,32,1,1,1306.0,573.0,7047.0,2106.0,48201|32|1|1
2018,48439,31,1,1,751.0,316.0,3879.0,1023.0,48439|31|1|1
2018,27053,32,1,1,361.0,176.0,3989.0,918.0,27053|32|1|1
2018,12005,1,1,1,192.0,63.0,2708.0,623.0,12005|1|1|1
2018,12015,1,1,1,118.0,26.0,2960.0,410.0,12015|1|1|1
2018,12086,4,2,1,239.0,196.0,2928.0,2102.0,12086|4|2|1
2018,12099,2,2,1,331.0,268.0,3367.0,1797.0,12099|2|2|1
2018,12011,31,1,3,91.0,48.0,303.0,119.0,12011|31|1|3
2018,12075,1,1,1,44.0,27.0,502.0,159.0,12075|1|1|1
2018,21111,1,1,3,51.0,12.0,469.0,58.0,21111|1|1|3
2018,24021,32,1,1,91.0,52.0,855.0,247.0,24021|32|1|1
2018,29095,1,1,3,36.0,6.0,731.0,56.0,29095|1|1|3
2018,39049,2,1,1,155.0,99.0,725.0,278.0,39049|2|1|1
2018,39049,31,2,1,79.0,24.0,920.0,180.0,39049|31|2|1
2018,55079,2,2,1,158.0,111.0,1360.0,330.0,55079|2|2|1
2018,55079,31,1,1,320.0,156.0,2318.0,584.0,55079|31|1|1
2018,48041,1,1,1,126.0,58.0,1935.0,250.0,48041|1|1|1
2018,45015,1,1,1,986.0,290.0,3775.0,441.0,45015|1|1|1
2019,06073,1,1,1,901.0,102.0,20558.0,1969.0,06073|1|1|1
2019,06067,1,1,1,1286.0,165.0,10464.0,848.0,06067|1|1|1
2019,12103,31,1,1,226.0,86.0,4200.0,967.0,12103|31|1|1
2019,13255,1,1,1,257.0,59.0,681.0,69.0,13255|1|1|1
2019,21067,31,1,1,131.0,32.0,1620.0,215.0,21067|31|1|1
2019,26065,1,1,1,248.0,44.0,2929.0,253.0,26065|1|1|1
2019,26145,31,1,1,43.0,19.0,640.0,109.0,26145|31|1|1
2019,39049,32,1,1,734.0,271.0,4972.0,922.0,39049|32|1|1
2019,48085,1,1,1,1354.0,187.0,11213.0,812.0,48085|1|1|1
2019,48121,32,1,1,292.0,98.0,3499.0,614.0,48121|32|1|1
2019,51153,31,1,1,936.0,181.0,2856.0,389.0,51153|31|1|1
2019,11001,1,1,1,1269.0,182.0,4360.0,154.0,11001|1|1|1
2019,12095,1,1,1,2659.0,493.0,13910.0,1798.0,12095|1|1|1
2019,12031,1,1,1,2974.0,605.0,10011.0,1215.0,12031|1|1|1
2019,12105,32,1,1,365.0,180.0,2483.0,720.0,12105|32|1|1
2019,12113,32,1,1,68.0,31.0,956.0,242.0,12113|32|1|1
2019,25013,1,1,1,403.0,50.0,4328.0,401.0,25013|1|1|1
2019,25021,31,2,1,66.0,27.0,1213.0,353.0,25021|31|2|1
2019,26163,31,2,1,76.0,46.0,623.0,227.0,26163|31|2|1
2019,29510,2,2,1,75.0,53.0,290.0,117.0,29510|2|2|1
2019,36027,32,1,1,45.0,14.0,786.0,206.0,36027|32|1|1
2019,36065,1,1,1,54.0,13.0,1886.0,265.0,36065|1|1|1
2020,06001,31,1,1,1859.0,335.0,18901.0,1792.0,06001|31|1|1
2020,06071,32,1,1,1046.0,259.0,13318.0,1850.0,06071|32|1|1
2020,12055,1,1,1,95.0,25.0,1363.0,238.0,12055|1|1|1
2020,12111,1,1,1,1636.0,335.0,5462.0,621.0,12111|1|1|1
2020,18141,1,1,1,284.0,52.0,3078.0,211.0,18141|1|1|1
2020,18039,1,1,1,90.0,35.0,2915.0,351.0,18039|1|1|1
2020,22113,1,1,1,97.0,67.0,561.0,179.0,22113|1|1|1
2020,22095,1,1,1,301.0,76.0,182.0,22.0,22095|1|1|1
2020,26099,31,1,1,946.0,185.0,18614.0,1871.0,26099|31|1|1
2020,37051,1,1,1,1581.0,305.0,2916.0,236.0,37051|1|1|1
2020,37183,4,2,1,260.0,114.0,2092.0,621.0,37183|4|2|1
2020,37179,4,2,1,32.0,18.0,538.0,188.0,37179|4|2|1
2019,55079,32,1,1,311.0,162.0,2394.0,492.0,55079|32|1|1
2020,06001,4,2,1,120.0,68.0,862.0,344.0,06001|4|2|1
2020,08001,32,1,1,132.0,41.0,6140.0,1028.0,08001|32|1|1
2020,12111,2,1,1,41.0,32.0,383.0,168.0,12111|2|1|1
2020,29037,1,1,1,92.0,7.0,1920.0,174.0,29037|1|1|1
2020,37191,31,1,1,233.0,59.0,961.0,134.0,37191|31|1|1
2020,34021,1,1,1,444.0,80.0,2289.0,177.0,34021|1|1|1
2020,36103,1,1,1,1236.0,226.0,12782.0,1234.0,36103|1|1|1
2020,36005,1,1,1,642.0,129.0,1007.0,152.0,36005|1|1|1
2020,36081,32,1,3,72.0,30.0,220.0,70.0,36081|32|1|3
2020,36119,2,2,1,97.0,65.0,900.0,449.0,36119|2|2|1
2021,06059,31,1,1,605.0,70.0,41168.0,4201.0,06059|31|1|1
2021,12101,32,1,1,383.0,108.0,6075.0,1098.0,12101|32|1|1
2021,13135,1,1,3,76.0,10.0,320.0,32.0,13135|1|1|3
2021,13073,1,1,1,729.0,78.0,2696.0,129.0,13073|1|1|1
2021,17201,1,1,1,320.0,50.0,3131.0,243.0,17201|1|1|1
2021,20209,32,1,1,168.0,59.0,667.0,104.0,20209|32|1|1
2021,26077,32,1,1,92.0,21.0,2003.0,210.0,26077|32|1|1
2021,29051,1,1,1,45.0,10.0,958.0,41.0,29051|1|1|1
2020,51710,1,2,1,67.0,7.0,99.0,10.0,51710|1|2|1
2021,08041,4,2,1,121.0,44.0,2356.0,482.0,08041|4|2|1
2021,10005,1,1,2,76.0,9.0,2374.0,151.0,10005|1|1|2
2021,13097,4,2,1,78.0,59.0,61.0,34.0,13097|4|2|1
2021,25027,32,1,1,368.0,130.0,8565.0,1142.0,25027|32|1|1
2021,37091,1,1,1,106.0,45.0,89.0,8.0,37091|1|1|1
2021,36001,2,2,1,65.0,34.0,744.0,190.0,36001|2|2|1
2021,36071,32,1,1,205.0,64.0,1886.0,293.0,36071|32|1|1
2021,39049,31,1,1,2238.0,558.0,16078.0,1783.0,39049|31|1|1
2021,48139,1,1,1,1484.0,279.0,2892.0,381.0,48139|1|1|1
2021,51760,1,2,1,95.0,17.0,77.0,10.0,51760|1|2|1
2021,51095,1,1,1,176.0,27.0,1408.0,58.0,51095|1|1|1
2022,06013,2,2,1,273.0,130.0,2158.0,653.0,06013|2|2|1
2022,06037,2,1,1,207.0,105.0,1467.0,610.0,06037|2|1|1
2022,12115,32,1,1,111.0,41.0,2629.0,594.0,12115|32|1|1
2022,12061,1,1,1,160.0,42.0,2031.0,208.0,12061|1|1|1
2022,13217,31,1,1,173.0,71.0,142.0,38.0,13217|31|1|1
2022,13139,1,1,1,213.0,58.0,2402.0,314.0,13139|1|1|1
2022,13115,1,1,1,126.0,32.0,965.0,144.0,13115|1|1|1
2021,36047,2,2,1,286.0,206.0,561.0,317.0,36047|2|2|1
2021,39049,1,2,1,76.0,14.0,207.0,29.0,39049|1|2|1
2021,51059,31,2,1,31.0,14.0,271.0,97.0,51059|31|2|1
2022,04013,31,1,1,491.0,123.0,9935.0,1751.0,04013|31|1|1
2022,13009,1,1,1,123.0,62.0,196.0,31.0,13009|1|1|1
2022,36055,4,1,1,106.0,59.0,768.0,210.0,36055|4|1|1
2022,36081,32,1,1,961.0,362.0,1155.0,312.0,36081|32|1|1
2022,39017,1,1,1,389.0,62.0,3601.0,287.0,39017|1|1|1
2022,39035,32,1,1,1006.0,495.0,3138.0,750.0,39035|32|1|1
2022,39113,32,1,1,322.0,132.0,1674.0,400.0,39113|32|1|1
2022,42041,1,1,1,109.0,32.0,2426.0,244.0,42041|1|1|1
2022,48245,1,1,1,484.0,110.0,1359.0,173.0,48245|1|1|1
2022,48201,4,1,1,316.0,235.0,1487.0,766.0,48201|4|1|1
2022,51760,31,1,1,79.0,26.0,231.0,35.0,51760|31|1|1
2023,01117,31,1,1,33.0,11.0,228.0,42.0,01117|31|1|1
2023,08041,1,1,1,525.0,68.0,7839.0,611.0,08041|1|1|1
2023,12111,1,1,2,30.0,6.0,243.0,28.0,12111|1|1|2
2023,13075,1,1,1,40.0,27.0,120.0,51.0,13075|1|1|1
2023,13127,32,1,1,54.0,24.0,145.0,40.0,13127|32|1|1
2022,36087,1,1,1,214.0,37.0,2012.0,213.0,36087|1|1|1
2022,48347,1,1,1,52.0,29.0,470.0,112.0,48347|1|1|1
2022,51029,1,1,1,51.0,23.0,120.0,28.0,51029|1|1|1
2022,51127,1,1,1,106.0,16.0,456.0,21.0,51127|1|1|1
2023,12111,31,1,1,85.0,41.0,243.0,75.0,12111|31|1|1
2023,12095,2,2,1,486.0,315.0,2124.0,969.0,12095|2|2|1
2023,26121,1,1,1,124.0,36.0,1789.0,279.0,26121|1|1|1
2023,29095,4,1,1,61.0,39.0,275.0,115.0,29095|4|1|1
2023,29095,2,1,1,125.0,88.0,300.0,151.0,29095|2|1|1
2023,29095,1,2,1,86.0,18.0,262.0,37.0,29095|1|2|1
2023,34023,1,1,1,503.0,85.0,2458.0,273.0,34023|1|1|1
2023,34039,4,2,1,234.0,161.0,634.0,314.0,34039|4|2|1
2023,34001,31,1,1,28.0,15.0,178.0,49.0,34001|31|1|1
2023,39035,2,2,1,693.0,450.0,2368.0,895.0,39035|2|2|1
2023,42049,1,1,1,78.0,21.0,1647.0,193.0,42049|1|1|1
2023,42011,32,1,1,47.0,23.0,691.0,235.0,42011|32|1|1
2023,48339,1,1,1,1481.0,437.0,10051.0,1929.0,48339|1|1|1
2024,06107,1,1,1,49.0,13.0,2016.0,162.0,06107|1|1|1
2024,12099,31,1,1,226.0,105.0,1315.0,440.0,12099|31|1|1
2024,13297,32,1,1,122.0,62.0,301.0,78.0,13297|32|1|1
2023,39049,31,1,3,27.0,11.0,60.0,14.0,39049|31|1|3
2023,48121,32,2,1,100.0,28.0,554.0,146.0,48121|32|2|1
2023,51153,2,2,1,338.0,175.0,813.0,308.0,51153|2|2|1
2023,51153,1,2,1,25.0,12.0,59.0,9.0,51153|1|2|1
2023,51087,4,2,1,239.0,135.0,497.0,211.0,51087|4|2|1
2018,01015,32,1,1,79.0,50.0,309.0,110.0,01015|32|1|1
2018,06013,4,2,1,159.0,95.0,1881.0,796.0,06013|4|2|1
2018,06071,1,1,3,33.0,7.0,920.0,118.0,06071|1|1|3
2018,12073,1,1,1,578.0,170.0,2324.0,232.0,12073|1|1|1
2018,20103,1,1,1,45.0,4.0,1046.0,88.0,20103|1|1|1
2018,24510,4,2,1,300.0,242.0,250.0,135.0,24510|4|2|1
2018,36061,1,1,1,127.0,24.0,3199.0,332.0,36061|1|1|1
2018,39041,1,1,1,93.0,13.0,2978.0,208.0,39041|1|1|1
2018,42095,32,1,1,40.0,28.0,864.0,290.0,42095|32|1|1
2018,42077,1,1,1,206.0,35.0,3392.0,319.0,42077|1|1|1
2018,48029,31,1,1,359.0,155.0,3550.0,1171.0,48029|31|1|1
2019,12127,4,2,1,48.0,38.0,1126.0,645.0,12127|4|2|1
2019,13223,31,1,1,365.0,82.0,950.0,161.0,13223|31|1|1
2019,13157,1,1,1,157.0,46.0,1527.0,136.0,13157|1|1|1
2019,13103,1,1,1,168.0,32.0,1073.0,143.0,13103|1|1|1
2019,13255,32,1,1,48.0,19.0,204.0,54.0,13255|32|1|1
2019,26021,32,1,1,35.0,20.0,568.0,142.0,26021|32|1|1
2019,29510,32,1,1,161.0,94.0,628.0,123.0,29510|32|1|1
2019,34013,2,1,1,123.0,91.0,226.0,108.0,34013|2|1|1
2019,34015,31,1,1,153.0,53.0,1638.0,303.0,34015|31|1|1
2019,36119,4,2,1,103.0,80.0,906.0,515.0,36119|4|2|1
2019,48339,1,1,1,727.0,159.0,9736.0,1273.0,48339|1|1|1
2019,06071,1,2,1,237.0,38.0,1980.0,185.0,06071|1|2|1
2019,13021,4,1,1,62.0,39.0,74.0,25.0,13021|4|1|1
2019,17031,32,2,1,69.0,36.0,741.0,242.0,17031|32|2|1
2019,25013,32,1,1,98.0,45.0,1192.0,293.0,25013|32|1|1
2019,26081,2,1,1,42.0,22.0,464.0,141.0,26081|2|1|1
2019,26163,4,2,1,225.0,149.0,1715.0,744.0,26163|4|2|1
2019,36085,1,1,1,126.0,27.0,1962.0,175.0,36085|1|1|1
2019,42101,31,1,1,1502.0,675.0,3496.0,743.0,42101|31|1|1
2019,42101,1,1,3,174.0,44.0,659.0,64.0,42101|1|1|3
2020,06059,31,1,1,742.0,116.0,59910.0,5913.0,06059|31|1|1
2020,06065,1,2,1,154.0,21.0,1433.0,170.0,06065|1|2|1
2020,12111,31,1,1,795.0,235.0,4540.0,924.0,12111|31|1|1
2020,18127,1,1,1,100.0,16.0,2835.0,158.0,18127|1|1|1
2020,37119,1,2,1,135.0,35.0,344.0,65.0,37119|1|2|1
2020,47011,1,1,1,54.0,16.0,1632.0,238.0,47011|1|1|1
2020,48039,4,2,1,32.0,26.0,86.0,63.0,48039|4|2|1
2020,48029,32,1,1,261.0,89.0,4685.0,1128.0,48029|32|1|1
2019,53067,32,1,1,77.0,21.0,2030.0,360.0,53067|32|1|1
2019,55025,2,2,1,38.0,10.0,2299.0,265.0,55025|2|2|1
2020,12011,4,1,1,202.0,154.0,1148.0,660.0,12011|4|1|1
2020,29189,32,1,3,27.0,11.0,171.0,23.0,29189|32|1|3
2020,29051,1,1,1,43.0,12.0,996.0,46.0,29051|1|1|1
2020,37147,1,1,1,756.0,240.0,1582.0,145.0,37147|1|1|1
2020,34017,32,1,1,133.0,36.0,875.0,195.0,34017|32|1|1
2020,36093,1,1,1,127.0,23.0,1323.0,98.0,36093|1|1|1
2020,36005,32,1,3,42.0,17.0,129.0,35.0,36005|32|1|3
2020,36005,2,2,1,139.0,112.0,171.0,121.0,36005|2|2|1
2020,47167,1,1,1,95.0,28.0,803.0,92.0,47167|1|1|1
2020,47069,1,1,1,69.0,36.0,168.0,38.0,47069|1|1|1
2020,51550,32,1,1,304.0,89.0,1114.0,192.0,51550|32|1|1
2020,51760,1,1,1,359.0,57.0,1897.0,90.0,51760|1|1|1
2021,06073,32,1,1,1350.0,278.0,28108.0,3443.0,06073|32|1|1
2021,12011,1,1,1,6200.0,1309.0,18808.0,2406.0,12011|1|1|1
2021,13121,31,1,1,4724.0,1084.0,9944.0,1018.0,13121|31|1|1
2021,13089,31,2,1,54.0,28.0,138.0,33.0,13089|31|2|1
2021,17119,32,1,1,49.0,27.0,1687.0,272.0,17119|32|1|1
2021,17031,32,1,3,397.0,139.0,1290.0,225.0,17031|32|1|3
2021,17031,2,2,1,723.0,558.0,3170.0,1407.0,17031|2|2|1
2021,26065,1,1,1,385.0,89.0,3360.0,419.0,26065|1|1|1
2021,37067,32,1,1,475.0,149.0,2001.0,356.0,37067|32|1|1
2021,37119,31,2,1,140.0,51.0,531.0,130.0,37119|31|2|1
2020,48381,1,1,1,68.0,5.0,2529.0,220.0,48381|1|1|1
2021,06001,31,2,1,34.0,10.0,247.0,82.0,06001|31|2|1
2021,12086,32,1,3,214.0,66.0,1391.0,326.0,12086|32|1|3
2021,34005,1,1,1,1366.0,186.0,4798.0,306.0,34005|1|1|1
2021,39049,32,2,1,52.0,30.0,372.0,75.0,39049|32|2|1
2021,42045,1,1,1,1733.0,281.0,4390.0,193.0,42045|1|1|1
2021,47147,1,1,1,103.0,18.0,1273.0,114.0,47147|1|1|1
2021,47149,2,2,1,62.0,40.0,535.0,252.0,47149|2|2|1
2021,51143,1,1,1,98.0,36.0,453.0,83.0,51143|1|1|1
2021,55101,32,1,1,75.0,35.0,2342.0,302.0,55101|32|1|1
2021,55025,4,2,1,53.0,14.0,1814.0,129.0,55025|4|2|1
2022,13113,31,1,1,112.0,29.0,173.0,22.0,13113|31|1|1
2022,13297,1,1,1,433.0,69.0,1198.0,105.0,13297|1|1|1
2022,18089,4,2,1,85.0,58.0,739.0,270.0,18089|4|2|1
2022,26125,2,2,1,422.0,183.0,3545.0,952.0,26125|2|2|1
2021,51087,4,1,1,41.0,22.0,142.0,44.0,51087|4|1|1
2022,06067,1,1,3,59.0,8.0,504.0,54.0,06067|1|1|3
2022,13089,2,1,1,221.0,142.0,156.0,76.0,13089|2|1|1
2022,13067,1,2,1,60.0,19.0,96.0,34.0,13067|1|2|1
2022,28115,1,1,1,77.0,60.0,312.0,115.0,28115|1|1|1
2022,48091,1,1,1,150.0,24.0,3566.0,471.0,48091|1|1|1
2022,48029,2,2,1,134.0,78.0,1471.0,727.0,48029|2|2|1
2022,51041,1,1,1,1450.0,206.0,3643.0,193.0,51041|1|1|1
2022,51680,1,1,1,111.0,27.0,583.0,37.0,51680|1|1|1
2022,51143,1,1,1,80.0,22.0,384.0,58.0,51143|1|1|1
2023,12091,1,1,1,286.0,58.0,2486.0,313.0,12091|1|1|1
2023,13121,4,2,1,929.0,579.0,1181.0,497.0,13121|4|2|1
2023,13217,4,2,1,186.0,108.0,126.0,59.0,13217|4|2|1
2023,13151,4,1,1,76.0,57.0,68.0,33.0,13151|4|1|1
2023,13223,2,2,1,184.0,111.0,400.0,171.0,13223|2|2|1
2023,13121,32,2,1,291.0,91.0,271.0,48.0,13121|32|2|1
2022,36059,31,1,1,303.0,93.0,1976.0,370.0,36059|31|1|1
2023,12057,1,2,1,136.0,30.0,582.0,144.0,12057|1|2|1
2023,27123,32,1,1,37.0,19.0,418.0,141.0,27123|32|1|1
2023,29095,1,1,1,938.0,150.0,5643.0,333.0,29095|1|1|1
2023,34039,2,2,1,295.0,192.0,811.0,397.0,34039|2|2|1
2023,39151,32,1,1,46.0,26.0,921.0,230.0,39151|32|1|1
2023,39049,2,2,1,704.0,387.0,2707.0,886.0,39049|2|2|1
2023,48439,1,1,1,2839.0,504.0,13635.0,1420.0,48439|1|1|1
2023,48113,1,2,1,104.0,38.0,372.0,106.0,48113|1|2|1
2023,51153,1,1,1,887.0,119.0,2330.0,153.0,51153|1|1|1
2023,51003,1,1,1,62.0,18.0,829.0,40.0,51003|1|1|1
2024,06071,32,1,1,462.0,200.0,2684.0,799.0,06071|32|1|1
2024,08005,1,2,1,58.0,11.0,343.0,47.0,08005|1|2|1
2024,12071,1,1,3,74.0,12.0,1078.0,180.0,12071|1|1|3
2024,13179,32,1,1,126.0,53.0,89.0,22.0,13179|32|1|1
2024,13255,32,1,1,107.0,53.0,139.0,47.0,13255|32|1|1
2023,42133,32,1,1,59.0,32.0,710.0,228.0,42133|32|1|1
2023,51810,1,2,1,28.0,4.0,98.0,18.0,51810|1|2|1
2024,13033,1,1,1,69.0,26.0,145.0,35.0,13033|1|1|1
2024,26021,1,1,1,110.0,37.0,1265.0,164.0,26021|1|1|1
2024,37021,32,1,1,39.0,23.0,413.0,116.0,37021|32|1|1
2024,37081,1,2,1,131.0,16.0,179.0,26.0,37081|1|2|1
2024,47157,32,1,1,1013.0,457.0,666.0,185.0,47157|32|1|1
2024,47047,1,1,1,156.0,32.0,511.0,37.0,47047|1|1|1
2024,48027,32,1,1,154.0,69.0,418.0,152.0,48027|32|1|1
2024,48481,1,1,1,36.0,27.0,272.0,80.0,48481|1|1|1
2025,06037,1,1,3,136.0,21.0,2028.0,242.0,06037|1|1|3
2025,08123,1,1,1,55.0,9.0,4732.0,443.0,08123|1|1|1
2025,13013,32,1,1,59.0,33.0,321.0,87.0,13013|32|1|1
2025,13073,1,1,1,382.0,45.0,1415.0,65.0,13073|1|1|1
2025,13051,32,1,1,351.0,169.0,480.0,147.0,13051|32|1|1
2025,13121,4,1,1,174.0,107.0,281.0,84.0,13121|4|1|1
2025,20209,1,1,1,124.0,14.0,1071.0,129.0,20209|1|1|1
2025,20091,2,2,1,56.0,23.0,1586.0,375.0,20091|2|2|1
2024,32003,31,2,1,90.0,40.0,780.0,277.0,32003|31|2|1
2024,48367,1,1,1,54.0,16.0,2824.0,507.0,48367|1|1|1
2024,48213,1,1,1,67.0,33.0,1148.0,429.0,48213|1|1|1
2024,48241,1,1,1,88.0,60.0,435.0,211.0,48241|1|1|1
2025,12011,32,1,3,198.0,64.0,730.0,225.0,12011|32|1|3
2025,12031,31,2,1,57.0,30.0,262.0,103.0,12031|31|2|1
2025,26081,1,1,1,477.0,160.0,5915.0,620.0,26081|1|1|1
2025,37063,4,2,1,192.0,89.0,325.0,111.0,37063|4|2|1
2025,37119,32,1,1,1082.0,432.0,1302.0,314.0,37119|32|1|1
2025,29095,1,2,1,114.0,22.0,392.0,34.0,29095|1|2|1
2025,39017,32,1,1,76.0,31.0,997.0,289.0,39017|32|1|1
2025,45025,1,1,1,140.0,78.0,339.0,94.0,45025|1|1|1
2025,48113,2,1,1,168.0,112.0,578.0,290.0,48113|2|1|1
2025,48067,1,1,1,56.0,45.0,321.0,124.0,48067|1|1|1
2025,48339,31,1,1,159.0,40.0,1405.0,383.0,48339|31|1|1
2025,51770,32,1,1,79.0,26.0,161.0,50.0,51770|32|1|1
2018,37183,1,1,1,2081.0,370.0,13166.0,704.0,37183|1|1|1
2018,37129,32,1,1,88.0,42.0,655.0,194.0,37129|32|1|1
2018,13179,32,1,1,116.0,68.0,88.0,30.0,13179|32|1|1
2018,13103,1,1,1,200.0,53.0,1113.0,139.0,13103|1|1|1
2018,26075,1,1,1,65.0,17.0,2032.0,310.0,26075|1|1|1
2018,37063,31,2,1,51.0,12.0,162.0,30.0,37063|31|2|1
2018,32003,2,2,1,326.0,228.0,3612.0,2001.0,32003|2|2|1
2018,51177,1,1,1,408.0,67.0,1814.0,154.0,51177|1|1|1
2019,05103,1,1,1,75.0,36.0,144.0,40.0,05103|1|1|1
2019,18157,1,1,1,79.0,9.0,2215.0,128.0,18157|1|1|1
2019,24003,2,2,1,163.0,110.0,1242.0,523.0,24003|2|2|1
2019,24510,32,1,1,644.0,398.0,443.0,125.0,24510|32|1|1
2019,24043,1,1,1,210.0,35.0,1444.0,136.0,24043|1|1|1
2019,37147,31,1,1,161.0,46.0,590.0,98.0,37147|31|1|1
2019,37067,2,2,1,111.0,56.0,530.0,175.0,37067|2|2|1
2019,18097,31,2,1,57.0,20.0,367.0,98.0,18097|31|2|1
2019,37069,1,1,1,276.0,71.0,1070.0,116.0,37069|1|1|1
2019,37127,32,1,1,60.0,30.0,119.0,31.0,37127|32|1|1
2020,13039,1,1,1,125.0,44.0,966.0,106.0,13039|1|1|1
2020,13051,31,1,1,789.0,204.0,2955.0,425.0,13051|31|1|1
2020,13089,31,1,1,3537.0,938.0,7793.0,640.0,13089|31|1|1
2020,13077,32,1,1,101.0,31.0,1135.0,197.0,13077|32|1|1
2020,13039,32,1,1,31.0,11.0,268.0,49.0,13039|32|1|1
2020,39113,2,2,1,118.0,73.0,741.0,260.0,39113|2|2|1
2021,05103,1,1,1,104.0,54.0,189.0,57.0,05103|1|1|1
2020,45021,1,1,1,90.0,42.0,593.0,181.0,45021|1|1|1
2020,45045,2,2,1,47.0,20.0,676.0,255.0,45045|2|2|1
2022,29189,2,1,1,146.0,104.0,398.0,127.0,29189|2|1|1
2022,37001,32,1,1,171.0,65.0,546.0,116.0,37001|32|1|1
2022,37101,1,1,1,934.0,142.0,3107.0,226.0,37101|1|1|1
2022,37163,1,1,1,141.0,86.0,445.0,100.0,37163|1|1|1
2022,53033,31,1,1,232.0,70.0,3531.0,529.0,53033|31|1|1
2023,17093,1,1,1,237.0,51.0,1305.0,84.0,17093|1|1|1
2023,25013,1,1,1,358.0,51.0,2538.0,202.0,25013|1|1|1
2023,37129,1,1,1,115.0,32.0,2159.0,173.0,37129|1|1|1
2023,47065,2,2,1,94.0,58.0,848.0,319.0,47065|2|2|1
2024,25025,2,2,1,297.0,171.0,593.0,232.0,25025|2|2|1
2024,34041,1,1,1,115.0,29.0,799.0,83.0,34041|1|1|1
2024,39041,1,1,1,132.0,17.0,2096.0,134.0,39041|1|1|1
2024,45015,32,1,1,271.0,115.0,496.0,143.0,45015|32|1|1
2024,51107,32,1,1,47.0,18.0,338.0,93.0,51107|32|1|1
2025,17197,1,1,1,680.0,129.0,5123.0,456.0,17197|1|1|1
2025,17089,1,1,1,145.0,32.0,4245.0,298.0,17089|1|1|1
2025,55079,1,1,3,140.0,27.0,472.0,51.0,55079|1|1|3
2025,36029,1,1,1,495.0,82.0,5761.0,356.0,36029|1|1|1
2024,13001,1,1,1,33.0,20.0,125.0,51.0,13001|1|1|1
2024,26163,32,1,1,1125.0,588.0,2290.0,585.0,26163|32|1|1
2024,26161,1,1,1,201.0,83.0,2130.0,234.0,26161|1|1|1
2024,26081,4,2,1,118.0,55.0,1360.0,456.0,26081|4|2|1
2024,37097,1,1,1,407.0,75.0,2350.0,234.0,37097|1|1|1
2024,37001,31,1,1,94.0,32.0,248.0,52.0,37001|31|1|1
2024,37071,1,2,1,63.0,14.0,103.0,12.0,37071|1|2|1
2024,40143,31,1,1,61.0,23.0,471.0,115.0,40143|31|1|1
2024,40027,1,1,1,127.0,21.0,2253.0,347.0,40027|1|1|1
2025,13223,31,1,1,217.0,60.0,405.0,70.0,13223|31|1|1
2025,13247,32,1,1,369.0,182.0,100.0,31.0,13247|32|1|1
2024,37081,1,1,3,64.0,13.0,175.0,16.0,37081|1|1|3
2024,37081,2,1,1,94.0,51.0,240.0,98.0,37081|2|1|1
2025,12065,1,1,1,39.0,31.0,137.0,37.0,12065|1|1|1
2025,12127,4,2,1,109.0,59.0,1352.0,643.0,12127|4|2|1
2025,12031,4,1,1,137.0,100.0,382.0,188.0,12031|4|1|1
2025,13215,31,1,1,154.0,31.0,179.0,38.0,13215|31|1|1
2025,26077,1,1,1,198.0,87.0,2280.0,260.0,26077|1|1|1
2025,37067,1,1,1,631.0,138.0,3077.0,272.0,37067|1|1|1
2025,37067,2,2,1,199.0,121.0,683.0,199.0,37067|2|2|1
2025,37017,1,1,1,77.0,39.0,186.0,53.0,37017|1|1|1
2025,39057,1,1,1,74.0,8.0,1675.0,95.0,39057|1|1|1
2025,39139,1,1,1,37.0,1.0,1114.0,118.0,39139|1|1|1
2025,45077,1,1,1,57.0,17.0,1445.0,227.0,45077|1|1|1
2025,45019,1,1,1,474.0,257.0,4283.0,324.0,45019|1|1|1
2025,48121,32,2,1,112.0,38.0,692.0,167.0,48121|32|2|1
2025,51179,1,1,1,422.0,66.0,1127.0,97.0,51179|1|1|1
2025,51041,1,1,1,961.0,176.0,3154.0,151.0,51041|1|1|1
2018,51810,32,1,1,368.0,180.0,1451.0,460.0,51810|32|1|1
2018,13135,1,1,3,73.0,10.0,252.0,34.0,13135|1|1|3
2018,13217,31,1,1,207.0,90.0,211.0,66.0,13217|31|1|1
2018,37081,2,2,1,183.0,130.0,682.0,246.0,37081|2|2|1
2018,37067,2,1,1,59.0,35.0,216.0,77.0,37067|2|1|1
2018,37035,1,1,1,75.0,14.0,1795.0,194.0,37035|1|1|1
2018,51041,4,1,1,48.0,32.0,198.0,67.0,51041|4|1|1
2019,05027,1,1,1,65.0,42.0,151.0,38.0,05027|1|1|1
2019,05043,1,1,1,55.0,24.0,124.0,32.0,05043|1|1|1
2019,08031,1,2,1,46.0,4.0,637.0,85.0,08031|1|2|1
2019,27003,1,2,1,40.0,2.0,282.0,36.0,27003|1|2|1
2019,37139,1,1,1,97.0,23.0,418.0,32.0,37139|1|1|1
2019,37001,32,1,1,97.0,58.0,392.0,97.0,37001|32|1|1
2019,37065,1,1,1,153.0,77.0,168.0,24.0,37065|1|1|1
2019,45045,4,2,1,66.0,41.0,934.0,397.0,45045|4|2|1
2019,32003,4,1,1,78.0,58.0,1107.0,527.0,32003|4|1|1
2020,13305,1,1,1,68.0,45.0,315.0,108.0,13305|1|1|1
2020,13255,32,1,1,37.0,15.0,214.0,44.0,13255|32|1|1
2020,13075,1,1,1,32.0,18.0,173.0,72.0,13075|1|1|1
2020,13115,1,1,1,70.0,15.0,1069.0,153.0,13115|1|1|1
2020,13089,2,2,1,377.0,285.0,647.0,263.0,13089|2|2|1
2020,13021,4,1,1,33.0,26.0,70.0,31.0,13021|4|1|1
2020,17097,1,1,1,434.0,57.0,8278.0,666.0,17097|1|1|1
2021,24039,1,1,1,70.0,27.0,177.0,22.0,24039|1|1|1
2021,40143,1,1,1,527.0,78.0,7213.0,541.0,40143|1|1|1
2021,32003,1,1,2,196.0,22.0,1785.0,138.0,32003|1|1|2
2022,29077,1,1,1,64.0,13.0,3415.0,281.0,29077|1|1|1
2022,37025,32,1,1,334.0,84.0,1095.0,219.0,37025|32|1|1
2022,37147,31,1,1,171.0,46.0,408.0,74.0,37147|31|1|1
2022,37195,32,1,1,121.0,58.0,158.0,41.0,37195|32|1|1
2022,37067,4,1,1,42.0,26.0,255.0,74.0,37067|4|1|1
2022,37021,32,1,1,42.0,11.0,1069.0,224.0,37021|32|1|1
2022,37141,1,1,1,118.0,59.0,1305.0,190.0,37141|1|1|1
2022,47149,32,1,1,465.0,118.0,2113.0,354.0,47149|32|1|1
2022,53033,31,2,1,68.0,26.0,1646.0,400.0,53033|31|2|1
2023,17113,1,1,1,89.0,14.0,1371.0,76.0,17113|1|1|1
2022,37025,4,2,1,166.0,81.0,575.0,193.0,37025|4|2|1
2023,37195,1,1,1,217.0,75.0,430.0,46.0,37195|1|1|1
2023,37069,1,1,1,293.0,89.0,968.0,86.0,37069|1|1|1
2023,37119,31,1,1,341.0,137.0,563.0,147.0,37119|31|1|1
2023,37069,32,1,1,56.0,24.0,133.0,42.0,37069|32|1|1
2024,04013,32,1,3,74.0,35.0,821.0,201.0,04013|32|1|3
2024,51003,1,1,1,50.0,13.0,804.0,73.0,51003|1|1|1
2025,01103,1,1,1,143.0,38.0,1226.0,196.0,01103|1|1|1
2025,01089,1,1,3,40.0,7.0,216.0,27.0,01089|1|1|3
2025,22009,1,1,1,100.0,62.0,256.0,64.0,22009|1|1|1
2025,28129,1,1,1,76.0,53.0,127.0,49.0,28129|1|1|1
2025,01051,32,1,1,75.0,31.0,238.0,63.0,01051|32|1|1
2025,17197,4,2,1,209.0,116.0,1679.0,603.0,17197|4|2|1
2025,28061,1,1,1,186.0,132.0,70.0,23.0,28061|1|1|1
2025,36047,4,2,1,296.0,185.0,431.0,227.0,36047|4|2|1
2025,36047,1,2,1,33.0,21.0,90.0,30.0,36047|1|2|1
2024,12086,31,1,3,47.0,21.0,365.0,128.0,12086|31|1|3
2024,13097,31,1,1,212.0,68.0,103.0,21.0,13097|31|1|1
2024,13051,2,2,1,121.0,69.0,452.0,151.0,13051|2|2|1
2024,26163,1,1,3,232.0,54.0,781.0,95.0,26163|1|1|3
2024,48339,31,1,1,112.0,44.0,765.0,205.0,48339|31|1|1
2025,08031,1,2,1,52.0,6.0,315.0,41.0,08031|1|2|1
2025,12031,1,1,1,2686.0,667.0,7099.0,918.0,12031|1|1|1
2025,12083,1,1,2,28.0,4.0,283.0,35.0,12083|1|1|2
2025,13029,1,1,1,82.0,17.0,707.0,52.0,13029|1|1|1
2025,13021,1,1,1,488.0,111.0,669.0,82.0,13021|1|1|1
2025,13135,2,2,1,652.0,361.0,904.0,365.0,13135|2|2|1
2025,20173,1,1,1,266.0,64.0,4810.0,472.0,20173|1|1|1
2024,26081,2,1,1,39.0,24.0,371.0,110.0,26081|2|1|1
2024,26049,2,1,1,89.0,61.0,251.0,110.0,26049|2|1|1
2024,37081,2,2,1,496.0,255.0,869.0,267.0,37081|2|2|1
2024,48201,1,1,1,6014.0,1261.0,24517.0,3660.0,48201|1|1|1
2024,48291,1,1,1,253.0,145.0,2019.0,1010.0,48291|1|1|1
2025,12011,4,1,1,236.0,158.0,832.0,464.0,12011|4|1|1
2025,12097,2,2,1,80.0,38.0,499.0,268.0,12097|2|2|1
2025,13081,1,1,1,35.0,20.0,77.0,13.0,13081|1|1|1
2025,26049,1,1,1,414.0,120.0,3488.0,337.0,26049|1|1|1
2025,26163,32,1,1,1195.0,587.0,2473.0,685.0,26163|32|1|1
2025,29189,1,1,3,118.0,15.0,572.0,66.0,29189|1|1|3
2025,39113,2,2,1,244.0,139.0,1188.0,400.0,39113|2|2|1
2025,39095,2,1,1,102.0,60.0,372.0,148.0,39095|2|1|1
2025,45085,31,1,1,81.0,29.0,149.0,23.0,45085|31|1|1
2025,45045,32,1,1,244.0,89.0,1083.0,277.0,45045|32|1|1
2025,45091,2,2,1,77.0,33.0,553.0,131.0,45091|2|2|1
2025,48453,2,2,1,61.0,41.0,832.0,384.0,48453|2|2|1
2025,48361,1,1,1,59.0,29.0,1051.0,335.0,48361|1|1|1
2025,48073,1,1,1,78.0,62.0,518.0,202.0,48073|1|1|1
2025,51760,1,1,1,267.0,50.0,1371.0,60.0,51760|1|1|1
2025,51041,4,1,1,34.0,18.0,142.0,45.0,51041|4|1|1
2018,13059,32,1,1,74.0,40.0,182.0,53.0,13059|32|1|1
2018,13131,1,1,1,45.0,31.0,126.0,35.0,13131|1|1|1
2018,17031,2,1,3,110.0,74.0,236.0,113.0,17031|2|1|3
2018,26021,1,1,1,93.0,22.0,1775.0,183.0,26021|1|1|1
2018,26077,31,1,1,55.0,26.0,770.0,159.0,26077|31|1|1
2018,26163,31,2,1,89.0,60.0,620.0,238.0,26163|31|2|1
2018,37001,4,2,1,40.0,22.0,304.0,119.0,37001|4|2|1
2018,51800,1,1,1,536.0,73.0,909.0,56.0,51800|1|1|1
2018,51153,32,1,1,528.0,238.0,1295.0,347.0,51153|32|1|1
2018,22055,1,1,1,585.0,227.0,2622.0,366.0,22055|1|1|1
2019,18097,32,1,3,56.0,26.0,252.0,54.0,18097|32|1|3
2019,37179,32,1,1,148.0,58.0,1262.0,270.0,37179|32|1|1
2019,37159,32,1,1,46.0,22.0,507.0,146.0,37159|32|1|1
2019,32003,31,2,1,34.0,16.0,607.0,237.0,32003|31|2|1
2020,05119,31,1,1,956.0,251.0,4249.0,445.0,05119|31|1|1
2020,05035,1,1,1,208.0,53.0,291.0,32.0,05035|1|1|1
2020,05031,1,1,1,139.0,36.0,1529.0,151.0,05031|1|1|1
2020,17037,1,1,1,35.0,7.0,1210.0,74.0,17037|1|1|1
2019,53061,2,2,1,86.0,53.0,2430.0,837.0,53061|2|2|1
2020,13151,31,1,1,2758.0,622.0,1741.0,252.0,13151|31|1|1
2020,13135,31,1,1,4271.0,908.0,8800.0,1142.0,13135|31|1|1
2020,13081,1,1,1,98.0,75.0,139.0,44.0,13081|1|1|1
2020,13021,2,2,1,32.0,21.0,79.0,31.0,13021|2|2|1
2020,32003,4,2,1,165.0,118.0,1795.0,986.0,32003|4|2|1
2020,39153,2,1,1,41.0,30.0,451.0,158.0,39153|2|1|1
2021,05085,1,1,1,100.0,27.0,1454.0,174.0,05085|1|1|1
2021,05037,1,1,1,46.0,23.0,171.0,28.0,05037|1|1|1
2021,24005,1,1,3,67.0,10.0,331.0,23.0,24005|1|1|3
2021,24033,2,2,1,900.0,573.0,238.0,132.0,24033|2|2|1
2022,05107,1,1,1,45.0,20.0,40.0,10.0,05107|1|1|1
2021,32003,31,1,1,3679.0,687.0,30676.0,4110.0,32003|31|1|1
2022,37077,31,1,1,102.0,32.0,198.0,38.0,37077|31|1|1
2022,37119,32,1,3,196.0,54.0,334.0,60.0,37119|32|1|3
2022,37081,4,1,1,75.0,39.0,293.0,107.0,37081|4|1|1
2022,37107,1,1,1,208.0,75.0,375.0,76.0,37107|1|1|1
2022,47125,4,2,1,131.0,81.0,508.0,181.0,47125|4|2|1
2022,47037,4,2,1,304.0,171.0,1815.0,597.0,47037|4|2|1
2022,53033,4,1,1,29.0,16.0,955.0,259.0,53033|4|1|1
2023,17097,31,1,1,27.0,9.0,433.0,103.0,17097|31|1|1
2022,37165,1,1,1,134.0,73.0,207.0,58.0,37165|1|1|1
2023,17031,2,1,1,521.0,374.0,1033.0,497.0,17031|2|1|1
2023,25017,32,1,1,65.0,35.0,1082.0,242.0,25017|32|1|1
2023,24031,32,1,1,251.0,116.0,414.0,107.0,24031|32|1|1
2023,37133,32,1,1,139.0,57.0,484.0,168.0,37133|32|1|1
2023,37133,31,1,1,31.0,15.0,167.0,55.0,37133|31|1|1
2023,47157,32,1,1,1058.0,469.0,631.0,171.0,47157|32|1|1
2023,47119,32,1,1,40.0,16.0,259.0,59.0,47119|32|1|1
2024,34001,31,1,1,40.0,13.0,271.0,51.0,34001|31|1|1
2024,39099,1,1,1,173.0,30.0,1727.0,150.0,39099|1|1|1
2024,45019,2,2,1,76.0,43.0,1134.0,341.0,45019|2|2|1
2024,45073,1,1,1,50.0,26.0,788.0,171.0,45073|1|1|1
2024,45055,32,1,1,55.0,26.0,186.0,42.0,45055|32|1|1
2024,51013,1,1,1,76.0,8.0,1014.0,36.0,51013|1|1|1
2024,51059,4,2,1,234.0,104.0,1239.0,498.0,51059|4|2|1
2025,01015,32,1,1,87.0,39.0,253.0,76.0,01015|32|1|1
2025,01123,1,1,1,91.0,53.0,356.0,79.0,01123|1|1|1
2025,01073,1,2,1,409.0,65.0,221.0,30.0,01073|1|2|1
2025,01025,1,1,1,127.0,82.0,124.0,26.0,01025|1|1|1
2025,01107,1,1,1,71.0,38.0,87.0,19.0,01107|1|1|1
2025,22055,32,1,1,99.0,60.0,248.0,100.0,22055|32|1|1
2025,28089,32,1,1,93.0,51.0,115.0,34.0,28089|32|1|1
2018,47011,1,1,1,39.0,6.0,1394.0,191.0,47011|1|1|1
2018,47053,1,1,1,48.0,14.0,492.0,83.0,47053|1|1|1
2020,01117,32,1,1,109.0,29.0,1654.0,198.0,01117|32|1|1
2020,01103,1,1,1,159.0,29.0,1658.0,241.0,01103|1|1|1
2020,01121,32,1,1,26.0,7.0,194.0,40.0,01121|32|1|1
2020,28079,1,1,1,84.0,32.0,107.0,42.0,28079|1|1|1
2020,01129,1,1,1,49.0,35.0,122.0,52.0,01129|1|1|1
2020,25005,32,1,1,107.0,29.0,4240.0,537.0,25005|32|1|1
2020,25001,1,1,1,68.0,8.0,2410.0,178.0,25001|1|1|1
2020,25017,2,2,1,90.0,55.0,2761.0,844.0,25017|2|2|1
2021,28113,1,1,1,325.0,191.0,244.0,72.0,28113|1|1|1
2021,28161,1,1,1,54.0,29.0,78.0,25.0,28161|1|1|1
2021,27037,4,2,1,28.0,19.0,698.0,159.0,27037|4|2|1
2022,21111,32,1,1,586.0,232.0,2419.0,514.0,21111|32|1|1
2022,21111,1,1,3,87.0,18.0,564.0,57.0,21111|1|1|3
2022,27163,1,1,1,233.0,28.0,3111.0,136.0,27163|1|1|1
2022,17089,1,1,1,286.0,43.0,5225.0,362.0,17089|1|1|1
2022,17197,32,1,1,431.0,183.0,2400.0,582.0,17197|32|1|1
2022,34007,1,1,1,1163.0,211.0,3608.0,219.0,34007|1|1|1
2022,34013,32,1,1,935.0,401.0,1012.0,257.0,34013|32|1|1
2023,06073,4,2,1,254.0,138.0,3954.0,1991.0,06073|4|2|1
2023,18097,1,1,3,89.0,15.0,411.0,58.0,18097|1|1|3
2023,22089,1,1,1,200.0,128.0,352.0,43.0,22089|1|1|1
2023,22001,1,1,1,131.0,84.0,400.0,127.0,22001|1|1|1
2023,22069,1,1,1,144.0,101.0,221.0,88.0,22069|1|1|1
2022,45079,32,1,1,1245.0,504.0,907.0,223.0,45079|32|1|1
2023,06115,1,1,1,69.0,9.0,545.0,69.0,06115|1|1|1
2024,28123,1,1,1,187.0,137.0,143.0,64.0,28123|1|1|1
2023,44007,31,2,1,94.0,41.0,749.0,225.0,44007|31|2|1
2024,01125,1,2,1,73.0,20.0,47.0,3.0,01125|1|2|1
2024,01103,1,1,1,138.0,41.0,1203.0,201.0,01103|1|1|1
2024,01021,1,1,1,52.0,28.0,551.0,178.0,01021|1|1|1
2024,01025,1,1,1,92.0,57.0,119.0,30.0,01025|1|1|1
2024,42003,1,1,1,763.0,103.0,7534.0,441.0,42003|1|1|1
2024,49035,1,1,1,118.0,18.0,8592.0,833.0,49035|1|1|1
2025,42043,31,1,1,90.0,33.0,545.0,120.0,42043|31|1|1
2024,36081,32,1,3,59.0,23.0,119.0,28.0,36081|32|1|3
2024,42003,31,2,1,89.0,29.0,1403.0,387.0,42003|31|2|1
2025,24003,31,1,1,311.0,66.0,1149.0,158.0,24003|31|1|1
2025,24031,31,1,1,277.0,91.0,1107.0,165.0,24031|31|1|1
2025,24510,4,2,1,457.0,315.0,288.0,126.0,24510|4|2|1
2018,34007,1,1,1,882.0,167.0,3836.0,295.0,34007|1|1|1
2018,72031,1,1,1,70.0,18.0,603.0,161.0,72031|1|1|1
2018,45015,31,1,1,93.0,37.0,496.0,142.0,45015|31|1|1
2019,22003,1,1,1,41.0,24.0,159.0,57.0,22003|1|1|1
2019,22071,2,2,1,132.0,94.0,277.0,115.0,22071|2|2|1
2021,21067,1,1,1,362.0,39.0,3428.0,183.0,21067|1|1|1
2022,08005,32,1,1,535.0,159.0,3161.0,694.0,08005|32|1|1
2022,08031,4,2,1,125.0,49.0,1811.0,565.0,08031|4|2|1
2022,13247,2,2,1,141.0,87.0,43.0,23.0,13247|2|2|1
2023,05119,4,1,1,73.0,52.0,145.0,52.0,05119|4|1|1
2023,40109,31,1,1,69.0,30.0,400.0,107.0,40109|31|1|1
2023,40109,4,1,1,48.0,27.0,264.0,128.0,40109|4|1|1
2023,45085,32,1,1,115.0,49.0,123.0,37.0,45085|32|1|1
2023,45007,31,1,1,28.0,13.0,139.0,38.0,45007|31|1|1
2023,53033,4,2,1,259.0,160.0,2577.0,1048.0,53033|4|2|1
2025,25025,31,2,1,146.0,78.0,347.0,117.0,25025|31|2|1
2025,47187,1,1,1,61.0,14.0,2824.0,162.0,47187|1|1|1
2025,47047,1,1,1,172.0,42.0,473.0,28.0,47047|1|1|1
2025,47003,1,1,1,33.0,11.0,504.0,68.0,47003|1|1|1
2025,17197,2,2,1,174.0,92.0,1235.0,441.0,17197|2|2|1
2025,22071,2,2,1,114.0,80.0,199.0,78.0,22071|2|2|1
2018,10005,2,2,1,30.0,19.0,522.0,211.0,10005|2|2|1
2018,47157,2,2,1,368.0,277.0,700.0,296.0,47157|2|2|1
2018,47157,32,1,3,50.0,37.0,171.0,57.0,47157|32|1|3
2019,01115,1,1,1,208.0,41.0,1505.0,241.0,01115|1|1|1
2019,01021,1,1,1,51.0,22.0,534.0,150.0,01021|1|1|1
2020,01065,1,1,1,141.0,89.0,97.0,33.0,01065|1|1|1
2020,01101,32,1,1,195.0,91.0,363.0,67.0,01101|32|1|1
2020,28081,1,1,1,355.0,140.0,1036.0,155.0,28081|1|1|1
2020,25021,32,1,1,276.0,81.0,5840.0,612.0,25021|32|1|1
2020,25025,2,2,1,214.0,136.0,603.0,254.0,25025|2|2|1
2021,22015,1,1,1,638.0,172.0,1983.0,207.0,22015|1|1|1
2021,28067,31,1,1,58.0,11.0,470.0,42.0,28067|31|1|1
2020,49011,1,1,1,65.0,12.0,6041.0,412.0,49011|1|1|1
2022,17167,1,1,1,182.0,54.0,2048.0,186.0,17167|1|1|1
2023,06065,31,1,1,111.0,43.0,878.0,266.0,06065|31|1|1
2023,18095,1,1,1,87.0,19.0,1524.0,159.0,18095|1|1|1
2022,45019,2,1,1,53.0,37.0,218.0,78.0,45019|2|1|1
2022,45001,1,1,1,50.0,33.0,203.0,47.0,45001|1|1|1
2023,06065,2,2,1,451.0,249.0,3720.0,1526.0,06065|2|2|1
2023,06001,2,2,1,197.0,118.0,1036.0,358.0,06001|2|2|1
2024,28151,31,1,1,52.0,14.0,31.0,3.0,28151|31|1|1
2024,36059,1,1,1,732.0,113.0,4192.0,369.0,36059|1|1|1
2024,36081,2,1,1,82.0,54.0,143.0,78.0,36081|2|1|1
2024,01117,32,1,1,105.0,41.0,446.0,115.0,01117|32|1|1
2024,01087,1,1,1,102.0,73.0,44.0,18.0,01087|1|1|1
2024,24033,1,1,1,4954.0,848.0,2519.0,304.0,24033|1|1|1
2024,24047,1,1,1,42.0,14.0,597.0,72.0,24047|1|1|1
2024,42045,4,1,1,85.0,52.0,270.0,106.0,42045|4|1|1
2025,24031,32,2,1,226.0,68.0,624.0,127.0,24031|32|2|1
2025,24005,2,1,1,75.0,55.0,265.0,108.0,24005|2|1|1
2025,24003,4,1,1,29.0,17.0,203.0,78.0,24003|4|1|1
2018,18097,31,2,1,54.0,30.0,309.0,86.0,18097|31|2|1
2018,25023,4,2,1,72.0,50.0,1260.0,540.0,25023|4|2|1
2018,25021,2,2,1,220.0,140.0,1992.0,675.0,25021|2|2|1
2018,25005,4,2,1,29.0,23.0,1000.0,444.0,25005|4|2|1
2018,27003,32,1,1,62.0,29.0,1909.0,437.0,27003|32|1|1
2018,45079,1,1,1,2342.0,468.0,3124.0,230.0,45079|1|1|1
2019,22079,32,1,1,65.0,32.0,271.0,77.0,22079|32|1|1
2021,45007,31,1,1,238.0,59.0,2479.0,322.0,45007|31|1|1
2023,45079,31,1,1,161.0,57.0,177.0,40.0,45079|31|1|1
2025,04027,1,1,1,33.0,0.0,2015.0,177.0,04027|1|1|1
2018,10003,4,2,1,139.0,98.0,676.0,329.0,10003|4|2|1
2018,40109,32,1,1,342.0,172.0,1467.0,502.0,40109|32|1|1
2018,47125,4,2,1,81.0,33.0,383.0,86.0,47125|4|2|1
2020,28149,1,1,1,143.0,46.0,285.0,53.0,28149|1|1|1
2020,01053,1,1,1,74.0,38.0,254.0,74.0,01053|1|1|1
2020,25025,2,1,1,45.0,24.0,170.0,62.0,25025|2|1|1
2020,28121,4,2,1,27.0,15.0,292.0,93.0,28121|4|2|1
2021,22037,1,1,1,102.0,63.0,155.0,35.0,22037|1|1|1
2021,27109,1,1,1,102.0,16.0,2224.0,117.0,27109|1|1|1
2021,27171,1,1,1,146.0,16.0,2761.0,176.0,27171|1|1|1
2021,28115,1,1,1,80.0,45.0,337.0,102.0,28115|1|1|1
2021,28127,1,1,1,169.0,122.0,212.0,69.0,28127|1|1|1
2022,27053,31,1,1,189.0,81.0,2302.0,342.0,27053|31|1|1
2022,34021,1,1,1,472.0,85.0,1757.0,156.0,34021|1|1|1
2022,34035,2,2,1,91.0,52.0,612.0,205.0,34035|2|2|1
2023,06073,32,1,1,239.0,104.0,1915.0,615.0,06073|32|1|1
2023,06065,4,1,1,47.0,24.0,607.0,297.0,06065|4|1|1
2023,18063,1,1,1,537.0,123.0,1784.0,111.0,18063|1|1|1
2023,18057,32,1,1,32.0,15.0,727.0,165.0,18057|32|1|1
2023,18003,31,1,1,38.0,18.0,333.0,58.0,18003|31|1|1
2023,22051,31,1,1,61.0,30.0,187.0,53.0,22051|31|1|1
2022,45019,1,1,1,527.0,243.0,5394.0,411.0,45019|1|1|1
2022,45063,32,1,1,296.0,119.0,1356.0,325.0,45063|32|1|1
2022,45083,4,1,1,31.0,19.0,268.0,109.0,45083|4|1|1
2024,01127,1,1,1,49.0,36.0,837.0,337.0,01127|1|1|1
2024,36055,1,1,1,577.0,62.0,4167.0,207.0,36055|1|1|1
2024,36119,32,1,1,106.0,46.0,425.0,121.0,36119|32|1|1
2023,44007,1,1,3,35.0,2.0,168.0,15.0,44007|1|1|3
2024,01099,1,1,1,58.0,40.0,90.0,21.0,01099|1|1|1
2024,42045,32,1,1,321.0,150.0,656.0,169.0,42045|32|1|1
2024,42045,31,1,1,159.0,54.0,596.0,120.0,42045|31|1|1
2024,42101,2,1,1,803.0,498.0,418.0,205.0,42101|2|1|1
2018,18067,1,1,1,53.0,7.0,1110.0,103.0,18067|1|1|1
2018,25017,4,2,1,102.0,55.0,2761.0,1028.0,25017|4|2|1
2018,25023,1,2,1,59.0,19.0,252.0,49.0,25023|1|2|1
2018,27003,1,2,1,26.0,2.0,295.0,31.0,27003|1|2|1
2018,34015,2,2,1,44.0,24.0,601.0,262.0,34015|2|2|1
2018,45033,1,1,1,129.0,90.0,136.0,55.0,45033|1|1|1
2019,22051,32,1,1,298.0,170.0,1215.0,264.0,22051|32|1|1
2021,11001,32,1,3,440.0,105.0,278.0,40.0,11001|32|1|3
2022,08035,1,1,1,102.0,10.0,6076.0,316.0,08035|1|1|1
2021,45079,32,1,1,1018.0,361.0,1634.0,259.0,45079|32|1|1
2021,45015,1,1,1,1449.0,465.0,4933.0,555.0,45015|1|1|1
2021,45089,1,1,1,243.0,187.0,130.0,34.0,45089|1|1|1
2022,25023,1,1,1,886.0,159.0,4349.0,273.0,25023|1|1|1
2022,25005,31,1,1,117.0,47.0,1297.0,264.0,25005|31|1|1
2023,45011,1,1,1,128.0,94.0,129.0,50.0,45011|1|1|1
2023,45083,1,1,1,837.0,281.0,4244.0,701.0,45083|1|1|1
2023,45075,32,1,1,99.0,54.0,60.0,16.0,45075|32|1|1
2023,53063,1,1,1,139.0,26.0,4470.0,368.0,53063|1|1|1
2023,53061,1,1,1,322.0,36.0,4261.0,380.0,53061|1|1|1
2024,53033,31,2,1,81.0,38.0,1253.0,386.0,53033|31|2|1
2025,18003,1,1,1,334.0,76.0,4034.0,314.0,18003|1|1|1
2025,47189,32,1,1,41.0,22.0,460.0,111.0,47189|32|1|1
2025,47125,4,2,1,121.0,74.0,488.0,184.0,47125|4|2|1
2019,45073,1,1,1,33.0,8.0,960.0,133.0,45073|1|1|1
2019,45083,1,1,1,975.0,198.0,4735.0,547.0,45083|1|1|1
2019,45079,2,1,1,85.0,48.0,131.0,39.0,45079|2|1|1
2018,01091,1,1,1,83.0,44.0,78.0,6.0,01091|1|1|1
2018,06001,4,2,1,188.0,110.0,1484.0,598.0,06001|4|2|1
2018,27037,32,1,1,51.0,26.0,1737.0,393.0,27037|32|1|1
2018,12105,1,1,2,81.0,11.0,647.0,60.0,12105|1|1|2
2018,21093,1,1,1,144.0,23.0,1394.0,204.0,21093|1|1|1
2018,24033,1,1,3,127.0,34.0,119.0,20.0,24033|1|1|3
2018,29095,31,1,1,308.0,151.0,1590.0,398.0,29095|31|1|1
2018,36119,32,1,1,221.0,103.0,1907.0,502.0,36119|32|1|1
2018,36055,4,2,1,199.0,115.0,1991.0,491.0,36055|4|2|1
2018,39049,1,2,1,40.0,8.0,213.0,36.0,39049|1|2|1
2018,39153,4,1,1,61.0,45.0,760.0,281.0,39153|4|1|1
2018,39017,1,1,1,337.0,48.0,4291.0,405.0,39017|1|1|1
2018,42003,2,2,1,224.0,141.0,3495.0,1023.0,42003|2|2|1
2018,48199,1,1,1,28.0,17.0,869.0,251.0,48199|1|1|1
2018,48027,31,1,1,224.0,85.0,496.0,170.0,48027|31|1|1
2018,49035,4,2,1,36.0,25.0,4009.0,1505.0,49035|4|2|1
2019,06111,1,1,1,116.0,14.0,5607.0,512.0,06111|1|1|1
2019,12086,2,1,1,218.0,176.0,1448.0,1029.0,12086|2|1|1
2019,12115,1,1,1,190.0,28.0,6797.0,677.0,12115|1|1|1
2019,13067,2,2,1,468.0,317.0,1487.0,626.0,13067|2|2|1
2019,13067,1,2,1,66.0,15.0,163.0,36.0,13067|1|2|1
2019,13059,32,1,1,72.0,32.0,281.0,62.0,13059|32|1|1
2019,13127,32,1,1,57.0,32.0,245.0,62.0,13127|32|1|1
2019,34017,2,2,1,79.0,55.0,391.0,246.0,34017|2|2|1
2019,34005,4,2,1,80.0,61.0,535.0,293.0,34005|4|2|1
2019,34003,32,1,1,152.0,66.0,2548.0,538.0,34003|32|1|1
2019,39017,1,1,1,385.0,55.0,4333.0,357.0,39017|1|1|1
2019,39133,1,1,1,84.0,25.0,1914.0,188.0,39133|1|1|1
2019,48367,1,1,1,50.0,16.0,2962.0,416.0,48367|1|1|1
2019,48091,1,1,1,93.0,17.0,3054.0,365.0,48091|1|1|1
2019,48185,1,1,1,52.0,29.0,363.0,75.0,48185|1|1|1
2019,51550,1,1,1,974.0,110.0,2912.0,119.0,51550|1|1|1
2019,51109,1,1,1,48.0,16.0,565.0,46.0,51109|1|1|1
2019,51710,32,1,1,237.0,128.0,413.0,111.0,51710|32|1|1
2019,12053,1,1,1,225.0,47.0,3511.0,481.0,12053|1|1|1
2019,12031,32,1,1,875.0,429.0,2705.0,837.0,12031|32|1|1
2019,12009,1,1,2,29.0,2.0,735.0,71.0,12009|1|1|2
2019,12097,32,1,1,215.0,91.0,1392.0,469.0,12097|32|1|1
2019,13245,4,1,1,54.0,44.0,71.0,39.0,13245|4|1|1
2019,36061,1,1,1,115.0,33.0,3316.0,273.0,36061|1|1|1
2019,36029,4,2,1,74.0,40.0,1551.0,632.0,36029|4|2|1
2020,06001,1,1,1,477.0,76.0,4048.0,283.0,06001|1|1|1
2020,12053,1,1,1,245.0,61.0,3960.0,587.0,12053|1|1|1
2020,18011,1,1,1,39.0,2.0,1417.0,70.0,18011|1|1|1
2020,22027,1,1,1,88.0,58.0,80.0,21.0,22027|1|1|1
2020,22091,1,1,1,153.0,112.0,86.0,30.0,22091|1|1|1
2020,22083,1,1,1,54.0,32.0,157.0,58.0,22083|1|1|1
2020,22033,32,1,1,301.0,118.0,1235.0,156.0,22033|32|1|1
2020,26139,1,1,1,55.0,24.0,4565.0,636.0,26139|1|1|1
2020,37063,32,1,1,418.0,131.0,979.0,136.0,37063|32|1|1
2020,37129,32,1,1,66.0,25.0,1439.0,217.0,37129|32|1|1
2020,37017,1,1,1,105.0,74.0,193.0,53.0,37017|1|1|1
2020,42091,2,1,1,48.0,20.0,550.0,160.0,42091|2|1|1
2020,47125,1,1,1,1031.0,121.0,4551.0,370.0,47125|1|1|1
2020,47149,31,1,1,910.0,179.0,6889.0,695.0,47149|31|1|1
2020,48439,2,2,1,140.0,98.0,1256.0,542.0,48439|2|2|1
2020,08041,31,1,1,1263.0,190.0,22473.0,1964.0,08041|31|1|1
2020,08041,4,2,1,67.0,29.0,2080.0,533.0,08041|4|2|1
2020,12031,31,2,1,73.0,43.0,369.0,136.0,12031|31|2|1
2020,24033,2,2,1,788.0,532.0,250.0,139.0,24033|2|2|1
2020,34013,32,1,3,76.0,33.0,369.0,91.0,34013|32|1|3
2020,34011,1,1,1,153.0,32.0,889.0,107.0,34011|1|1|1
2020,36047,31,1,1,1672.0,422.0,5533.0,973.0,36047|31|1|1
2020,47065,4,2,1,46.0,30.0,443.0,205.0,47065|4|2|1
2020,48005,1,1,1,102.0,58.0,887.0,278.0,48005|1|1|1
2020,51033,1,1,1,157.0,45.0,489.0,50.0,51033|1|1|1
2020,51700,32,1,1,109.0,44.0,356.0,74.0,51700|32|1|1
2021,06077,31,1,1,942.0,162.0,7827.0,1011.0,06077|31|1|1
2021,06013,1,2,1,75.0,10.0,311.0,62.0,06013|1|2|1
2021,12081,32,1,1,182.0,48.0,3959.0,624.0,12081|32|1|1
2021,13285,1,1,1,274.0,57.0,664.0,68.0,13285|1|1|1
2021,13261,1,1,1,81.0,46.0,157.0,35.0,13261|1|1|1
2021,19049,1,1,1,67.0,5.0,2293.0,127.0,19049|1|1|1
2021,26163,1,2,1,141.0,24.0,276.0,38.0,26163|1|2|1
2021,29189,4,2,1,117.0,76.0,1031.0,363.0,29189|4|2|1
2021,37045,1,1,1,267.0,95.0,1200.0,243.0,37045|1|1|1
2021,37101,31,1,1,805.0,152.0,4119.0,501.0,37101|31|1|1
2021,37081,1,2,1,105.0,20.0,132.0,25.0,37081|1|2|1
2021,37119,1,1,3,117.0,12.0,787.0,45.0,37119|1|1|3
2021,37001,31,1,1,438.0,95.0,2176.0,263.0,37001|31|1|1
2021,37063,4,1,1,27.0,14.0,135.0,41.0,37063|4|1|1
2020,51025,1,1,1,45.0,31.0,58.0,12.0,51025|1|1|1
2020,53061,32,1,1,169.0,36.0,9055.0,823.0,53061|32|1|1
2021,12105,4,2,1,71.0,55.0,652.0,390.0,12105|4|2|1
2021,29510,4,1,1,43.0,35.0,62.0,25.0,29510|4|1|1
2021,37047,1,1,1,164.0,117.0,363.0,84.0,37047|1|1|1
2021,34017,32,1,1,236.0,76.0,1051.0,215.0,34017|32|1|1
2021,36087,32,1,1,112.0,27.0,1472.0,190.0,36087|32|1|1
2021,39095,1,1,1,654.0,128.0,4321.0,334.0,39095|1|1|1
2021,39151,32,1,1,72.0,19.0,2757.0,430.0,39151|32|1|1
2021,39109,1,1,1,44.0,4.0,1628.0,99.0,39109|1|1|1
2021,47047,32,1,1,60.0,22.0,340.0,47.0,47047|32|1|1
2021,47149,4,2,1,54.0,32.0,532.0,221.0,47149|4|2|1
2022,06001,1,1,1,476.0,77.0,3176.0,256.0,06001|1|1|1
2022,06099,32,1,1,125.0,46.0,2154.0,474.0,06099|32|1|1
2022,06065,4,1,1,62.0,45.0,680.0,287.0,06065|4|1|1
2022,12111,32,1,1,651.0,258.0,2074.0,581.0,12111|32|1|1
2022,12057,32,1,3,132.0,47.0,458.0,127.0,12057|32|1|3
2022,12105,32,1,1,767.0,327.0,3868.0,1080.0,12105|32|1|1
2022,13051,31,1,1,147.0,65.0,408.0,97.0,13051|31|1|1
2022,26099,32,1,1,520.0,187.0,4067.0,821.0,26099|32|1|1
2021,48201,1,2,1,361.0,72.0,1158.0,165.0,48201|1|2|1
2021,48439,32,1,3,87.0,27.0,741.0,100.0,48439|32|1|3
2021,51760,2,1,1,43.0,30.0,57.0,19.0,51760|2|1|1
2022,12111,4,2,1,163.0,114.0,819.0,441.0,12111|4|2|1
2022,24003,1,1,1,1767.0,230.0,5330.0,332.0,24003|1|1|1
2022,24510,1,1,1,2791.0,470.0,2701.0,139.0,24510|1|1|1
2022,28075,31,1,1,56.0,24.0,119.0,21.0,28075|31|1|1
2022,36087,32,1,1,84.0,31.0,596.0,134.0,36087|32|1|1
2022,39049,4,1,1,116.0,66.0,675.0,233.0,39049|4|1|1
2022,39035,2,2,1,689.0,436.0,2897.0,1029.0,39035|2|2|1
2022,42077,32,1,1,101.0,42.0,1171.0,279.0,42077|32|1|1
2022,42055,1,1,1,54.0,9.0,1542.0,141.0,42055|1|1|1
2022,42043,32,1,1,163.0,80.0,754.0,200.0,42043|32|1|1
2022,48029,1,1,1,2409.0,479.0,19265.0,2791.0,48029|1|1|1
2022,51059,1,1,1,878.0,86.0,6997.0,281.0,51059|1|1|1
2022,51089,1,1,1,89.0,35.0,298.0,54.0,51089|1|1|1
2022,51047,1,1,1,71.0,11.0,507.0,37.0,51047|1|1|1
2023,01087,1,1,1,101.0,70.0,44.0,17.0,01087|1|1|1
2023,01083,1,1,1,292.0,73.0,1604.0,214.0,01083|1|1|1
2023,12035,1,1,1,190.0,40.0,2030.0,250.0,12035|1|1|1
2023,12011,4,1,1,207.0,163.0,899.0,516.0,12011|4|1|1
2023,12009,2,2,1,150.0,85.0,1772.0,701.0,12009|2|2|1
2023,13077,1,1,1,271.0,37.0,1320.0,104.0,13077|1|1|1
2023,13145,1,1,1,41.0,6.0,284.0,22.0,13145|1|1|1
2023,13185,1,1,1,341.0,110.0,837.0,142.0,13185|1|1|1
2022,48187,32,1,1,68.0,22.0,671.0,174.0,48187|32|1|1
2022,48245,2,1,1,40.0,29.0,88.0,25.0,48245|2|1|1
2023,12073,31,1,1,45.0,18.0,68.0,18.0,12073|31|1|1
2023,13151,2,1,1,80.0,55.0,53.0,29.0,13151|2|1|1
2023,29183,32,1,1,64.0,24.0,791.0,171.0,29183|32|1|1
2023,42043,32,1,1,108.0,57.0,368.0,113.0,42043|32|1|1
2023,48029,32,1,1,287.0,139.0,2679.0,984.0,48029|32|1|1
2023,51683,1,1,1,52.0,6.0,218.0,13.0,51683|1|1|1
2024,12117,2,2,1,91.0,46.0,935.0,400.0,12117|2|2|1
2024,12111,2,2,1,225.0,153.0,831.0,405.0,12111|2|2|1
2024,12117,1,1,1,300.0,56.0,3253.0,346.0,12117|1|1|1
2024,12095,1,1,1,1862.0,411.0,8481.0,1271.0,12095|1|1|1
2024,12111,4,1,1,46.0,27.0,278.0,145.0,12111|4|1|1
2024,13067,32,2,1,235.0,65.0,424.0,87.0,13067|32|2|1
2024,13057,1,1,1,178.0,25.0,2853.0,167.0,13057|1|1|1
2024,06037,31,2,1,197.0,108.0,1786.0,717.0,06037|31|2|1
2018,06073,32,1,1,877.0,328.0,12617.0,2993.0,06073|32|1|1
2018,06013,1,2,1,94.0,18.0,505.0,77.0,06013|1|2|1
2018,06077,1,2,1,111.0,23.0,722.0,103.0,06077|1|2|1
2018,27053,31,1,1,272.0,119.0,3399.0,754.0,27053|31|1|1
2018,48113,32,1,3,169.0,64.0,419.0,100.0,48113|32|1|3
2018,12031,4,1,1,102.0,71.0,443.0,186.0,12031|4|1|1
2018,21111,2,2,1,169.0,100.0,1426.0,429.0,21111|2|2|1
2018,24009,32,1,1,64.0,32.0,408.0,117.0,24009|32|1|1
2018,32003,4,1,1,81.0,67.0,1120.0,603.0,32003|4|1|1
2018,39095,1,1,1,435.0,89.0,4244.0,429.0,39095|1|1|1
2018,39151,31,1,1,54.0,26.0,1520.0,347.0,39151|31|1|1
2018,48245,1,1,1,369.0,82.0,1450.0,167.0,48245|1|1|1
2018,48073,1,1,1,46.0,33.0,528.0,163.0,48073|1|1|1
2018,48141,32,1,1,49.0,25.0,1476.0,577.0,48141|32|1|1
2018,12031,32,1,1,917.0,531.0,2707.0,882.0,12031|32|1|1
2018,17163,1,1,1,536.0,103.0,2539.0,268.0,17163|1|1|1
2019,06047,1,1,1,80.0,9.0,1979.0,206.0,06047|1|1|1
2019,12095,4,1,1,128.0,84.0,744.0,337.0,12095|4|1|1
2019,12111,2,2,1,116.0,90.0,730.0,385.0,12111|2|2|1
2019,13223,2,2,1,69.0,60.0,364.0,183.0,13223|2|2|1
2019,13031,1,1,1,136.0,63.0,668.0,107.0,13031|1|1|1
2019,13139,1,1,1,159.0,41.0,2659.0,276.0,13139|1|1|1
2019,13299,1,1,1,52.0,23.0,265.0,91.0,13299|1|1|1
2019,17089,1,1,1,242.0,32.0,6077.0,419.0,17089|1|1|1
2019,17167,1,1,1,135.0,25.0,2554.0,174.0,17167|1|1|1
2019,17031,2,1,1,811.0,629.0,2021.0,909.0,17031|2|1|1
2019,26163,32,1,1,817.0,314.0,5080.0,917.0,26163|32|1|1
2019,42077,32,1,1,38.0,13.0,912.0,254.0,42077|32|1|1
2019,48027,1,1,1,1092.0,137.0,3954.0,325.0,48027|1|1|1
2019,51179,1,1,1,644.0,87.0,1938.0,81.0,51179|1|1|1
2019,12109,32,1,1,51.0,21.0,1285.0,326.0,12109|32|1|1
2019,12017,1,1,1,62.0,16.0,2626.0,432.0,12017|1|1|1
2019,12005,1,1,1,339.0,146.0,3635.0,908.0,12005|1|1|1
2019,13251,1,1,1,48.0,34.0,84.0,27.0,13251|1|1|1
2019,25023,1,1,1,789.0,117.0,5729.0,423.0,25023|1|1|1
2019,26081,4,2,1,72.0,35.0,1410.0,458.0,26081|4|2|1
2019,36055,31,1,1,202.0,89.0,2476.0,438.0,36055|31|1|1
2019,36119,2,2,1,164.0,120.0,1332.0,673.0,36119|2|2|1
2019,36055,4,2,1,219.0,117.0,2248.0,625.0,36055|4|2|1
2019,36055,31,2,1,66.0,29.0,781.0,188.0,36055|31|2|1
2019,42045,1,2,1,30.0,5.0,111.0,26.0,42045|1|2|1
2019,48397,1,1,1,221.0,39.0,1961.0,174.0,48397|1|1|1
2020,12033,31,1,1,357.0,99.0,2903.0,530.0,12033|31|1|1
2020,22053,1,1,1,54.0,32.0,347.0,112.0,22053|1|1|1
2020,26163,1,1,3,81.0,25.0,502.0,44.0,26163|1|1|3
2020,42007,1,1,1,58.0,11.0,1631.0,120.0,42007|1|1|1
2020,47189,1,1,1,193.0,35.0,3056.0,278.0,47189|1|1|1
2020,24021,31,1,1,769.0,148.0,7671.0,715.0,24021|31|1|1
2020,24510,2,2,1,242.0,201.0,199.0,103.0,24510|2|2|1
2020,29189,31,1,1,1658.0,417.0,22262.0,1387.0,29189|31|1|1
2020,37101,32,1,1,121.0,40.0,1004.0,176.0,37101|32|1|1
2020,37195,1,1,1,274.0,67.0,650.0,94.0,37195|1|1|1
2020,37013,1,1,1,79.0,43.0,453.0,53.0,37013|1|1|1
2020,34039,2,1,1,41.0,28.0,165.0,73.0,34039|2|1|1
2020,36047,1,1,3,40.0,11.0,331.0,75.0,36047|1|1|3
2020,36059,1,2,1,28.0,12.0,157.0,56.0,36059|1|2|1
2020,47113,31,1,1,207.0,51.0,918.0,132.0,47113|31|1|1
2020,47157,31,2,1,69.0,51.0,213.0,85.0,47157|31|2|1
2020,48201,1,1,2,74.0,18.0,413.0,61.0,48201|1|1|2
2020,51041,31,1,1,1977.0,365.0,7807.0,778.0,51041|31|1|1
2021,06001,32,1,1,1336.0,255.0,7195.0,769.0,06001|32|1|1
2021,06073,31,1,1,2033.0,326.0,49794.0,5363.0,06073|31|1|1
2021,12001,32,1,1,135.0,54.0,1354.0,240.0,12001|32|1|1
2021,12055,1,1,1,127.0,30.0,1566.0,281.0,12055|1|1|1
2021,12111,4,1,1,35.0,24.0,262.0,127.0,12111|4|1|1
2021,26163,4,2,1,157.0,89.0,1021.0,392.0,26163|4|2|1
2021,29510,1,1,1,543.0,107.0,2905.0,120.0,29510|1|1|1
2021,06095,2,2,1,67.0,40.0,305.0,125.0,06095|2|2|1
2021,12071,4,1,1,42.0,30.0,1004.0,459.0,12071|4|1|1
2021,37165,1,1,1,139.0,80.0,216.0,49.0,37165|1|1|1
2021,37127,31,1,1,361.0,91.0,817.0,122.0,37127|31|1|1
2021,36047,1,1,3,47.0,8.0,566.0,97.0,36047|1|1|3
2021,36055,32,1,1,170.0,47.0,3413.0,352.0,36055|32|1|1
2021,39113,32,1,1,341.0,87.0,2965.0,440.0,39113|32|1|1
2021,42077,1,1,1,298.0,37.0,3392.0,332.0,42077|1|1|1
2021,42101,4,1,1,247.0,166.0,329.0,158.0,42101|4|1|1
2021,48185,1,1,1,42.0,30.0,421.0,128.0,48185|1|1|1
2021,51109,1,1,1,93.0,27.0,725.0,72.0,51109|1|1|1
2021,51810,1,2,1,116.0,8.0,283.0,21.0,51810|1|2|1
2022,12105,1,1,1,2418.0,619.0,10372.0,1857.0,12105|1|1|1
2022,12086,32,1,3,211.0,72.0,1323.0,326.0,12086|32|1|3
2022,12017,1,1,1,111.0,36.0,2729.0,427.0,12017|1|1|1
2022,12035,32,1,1,126.0,48.0,909.0,217.0,12035|32|1|1
2022,13179,32,1,1,242.0,104.0,147.0,51.0,13179|32|1|1
2022,13247,32,1,1,737.0,288.0,213.0,68.0,13247|32|1|1
2022,13089,32,1,3,200.0,69.0,118.0,31.0,13089|32|1|3
2022,13135,32,1,3,85.0,28.0,122.0,26.0,13135|32|1|3
2022,26081,31,1,1,114.0,40.0,2058.0,354.0,26081|31|1|1
2021,36047,4,1,1,93.0,46.0,248.0,90.0,36047|4|1|1
2021,44007,1,1,1,947.0,131.0,5834.0,392.0,44007|1|1|1
2021,47113,31,1,1,250.0,71.0,820.0,135.0,47113|31|1|1
2021,48201,31,1,3,333.0,119.0,1455.0,279.0,48201|31|1|3
2021,48113,4,2,1,101.0,87.0,556.0,349.0,48113|4|2|1
2021,51041,4,2,1,112.0,71.0,459.0,163.0,51041|4|2|1
2022,12023,1,1,1,114.0,56.0,800.0,197.0,12023|1|1|1
2022,12103,2,1,1,42.0,23.0,971.0,440.0,12103|2|1|1
2022,13245,2,1,1,51.0,36.0,45.0,22.0,13245|2|1|1
2022,13021,4,2,1,49.0,31.0,98.0,45.0,13021|4|2|1
2022,24005,32,1,3,69.0,28.0,155.0,31.0,24005|32|1|3
2022,39153,32,1,1,221.0,83.0,1994.0,437.0,39153|32|1|1
2022,42133,31,1,1,61.0,20.0,1658.0,364.0,42133|31|1|1
2022,42003,1,1,3,32.0,12.0,522.0,45.0,42003|1|1|3
2023,01053,1,1,1,85.0,51.0,242.0,77.0,01053|1|1|1
2023,08005,32,1,1,177.0,80.0,976.0,324.0,08005|32|1|1
2023,08041,4,2,1,149.0,61.0,2545.0,866.0,08041|4|2|1
2023,12105,1,1,1,2298.0,553.0,9671.0,1826.0,12105|1|1|1
2023,12107,1,1,1,90.0,52.0,754.0,214.0,12107|1|1|1
2023,12099,2,1,1,88.0,62.0,907.0,507.0,12099|2|1|1
2023,13139,1,1,1,116.0,26.0,1881.0,232.0,13139|1|1|1
2023,13013,32,1,1,82.0,39.0,287.0,76.0,13013|32|1|1
2023,13247,31,1,1,67.0,38.0,28.0,9.0,13247|31|1|1
2023,13067,1,2,1,69.0,22.0,107.0,30.0,13067|1|2|1
2022,28037,1,1,1,35.0,28.0,33.0,12.0,28037|1|1|1
2022,36103,31,1,1,210.0,68.0,2624.0,550.0,36103|31|1|1
2022,39049,31,1,3,26.0,11.0,198.0,49.0,39049|31|1|3
2022,39095,2,1,1,101.0,70.0,368.0,151.0,39095|2|1|1
2023,12086,1,2,1,94.0,39.0,1171.0,430.0,12086|1|2|1
2023,26081,1,1,1,412.0,141.0,5626.0,711.0,26081|1|1|1
2023,26145,31,1,1,32.0,14.0,143.0,35.0,26145|31|1|1
2023,26125,2,2,1,391.0,194.0,2376.0,712.0,26125|2|2|1
2023,29510,1,1,1,379.0,75.0,1866.0,91.0,29510|1|1|1
2023,39025,1,1,1,69.0,13.0,2453.0,332.0,39025|1|1|1
2023,51059,2,2,1,245.0,124.0,1523.0,500.0,51059|2|2|1
2023,51099,1,1,1,71.0,17.0,276.0,27.0,51099|1|1|1
2023,51149,32,1,1,32.0,10.0,53.0,17.0,51149|32|1|1
2024,12099,4,2,1,479.0,318.0,2807.0,1589.0,12099|4|2|1
2024,12005,1,1,1,250.0,89.0,2561.0,475.0,12005|1|1|1
2018,17031,32,1,1,2456.0,1315.0,10152.0,2646.0,17031|32|1|1
2018,12071,1,1,1,815.0,189.0,11416.0,1584.0,12071|1|1|1
2018,12011,1,1,1,5340.0,1202.0,16824.0,2547.0,12011|1|1|1
2018,12117,31,1,1,102.0,61.0,1055.0,289.0,12117|31|1|1
2018,12099,2,1,1,122.0,89.0,1476.0,785.0,12099|2|1|1
2018,12111,4,1,1,44.0,35.0,424.0,200.0,12111|4|1|1
2018,12101,2,2,1,62.0,35.0,1199.0,635.0,12101|2|2|1
2018,20209,1,1,1,143.0,22.0,1246.0,150.0,20209|1|1|1
2018,21067,1,1,1,247.0,28.0,3271.0,233.0,21067|1|1|1
2018,24031,4,1,1,47.0,26.0,364.0,137.0,24031|4|1|1
2018,24025,1,1,1,498.0,57.0,3024.0,206.0,24025|1|1|1
2018,29047,32,1,1,50.0,27.0,1122.0,280.0,29047|32|1|1
2018,36005,4,2,1,142.0,120.0,160.0,118.0,36005|4|2|1
2018,36067,2,2,1,46.0,25.0,894.0,255.0,36067|2|2|1
2018,39049,4,2,1,279.0,166.0,2568.0,927.0,39049|4|2|1
2018,42045,32,2,1,30.0,22.0,237.0,89.0,42045|32|2|1
2018,48121,4,2,1,105.0,82.0,958.0,571.0,48121|4|2|1
2018,01041,1,1,1,32.0,22.0,95.0,25.0,01041|1|1|1
2018,19113,1,2,1,29.0,4.0,1056.0,10.0,19113|1|2|1
2018,48167,31,1,1,107.0,45.0,676.0,226.0,48167|31|1|1
2019,06059,32,1,1,195.0,46.0,13362.0,2188.0,06059|32|1|1
2019,12031,31,2,1,60.0,20.0,536.0,114.0,12031|31|2|1
2019,13135,4,2,1,583.0,409.0,1140.0,593.0,13135|4|2|1
2019,13113,4,2,1,81.0,61.0,208.0,87.0,13113|4|2|1
2019,13013,1,1,1,231.0,38.0,1291.0,113.0,13013|1|1|1
2019,17119,32,1,1,25.0,10.0,922.0,196.0,17119|32|1|1
2019,21145,1,1,1,37.0,17.0,547.0,97.0,21145|1|1|1
2019,21111,1,1,3,74.0,20.0,457.0,36.0,21111|1|1|3
2019,26049,1,1,1,432.0,120.0,4347.0,487.0,26049|1|1|1
2019,42029,32,1,1,81.0,31.0,2141.0,437.0,42029|32|1|1
2019,48419,1,1,1,26.0,19.0,177.0,91.0,48419|1|1|1
2019,48395,1,1,1,42.0,30.0,145.0,42.0,48395|1|1|1
2019,48361,1,1,1,34.0,10.0,1094.0,253.0,48361|1|1|1
2019,51089,1,1,1,62.0,20.0,285.0,41.0,51089|1|1|1
2019,51700,32,1,1,171.0,96.0,277.0,79.0,51700|32|1|1
2019,51800,2,2,1,81.0,49.0,110.0,55.0,51800|2|2|1
2019,11001,2,1,1,208.0,139.0,105.0,54.0,11001|2|1|1
2019,12071,31,1,1,197.0,73.0,3498.0,851.0,12071|31|1|1
2019,12101,1,1,1,697.0,119.0,9299.0,1067.0,12101|1|1|1
2019,42003,2,1,1,173.0,111.0,1623.0,521.0,42003|2|1|1
2019,48121,31,1,1,551.0,130.0,4792.0,741.0,48121|31|1|1
2019,48439,32,2,1,42.0,16.0,368.0,130.0,48439|32|2|1
2019,51740,1,2,1,78.0,13.0,58.0,4.0,51740|1|2|1
2020,06071,1,1,1,1423.0,261.0,16205.0,1745.0,06071|1|1|1
2020,06099,1,1,1,157.0,26.0,4225.0,367.0,06099|1|1|1
2020,12071,1,1,1,906.0,192.0,14065.0,1759.0,12071|1|1|1
2020,12127,32,1,1,142.0,55.0,3378.0,720.0,12127|32|1|1
2020,37069,1,1,1,477.0,157.0,1187.0,122.0,37069|1|1|1
2020,37007,1,1,1,94.0,54.0,128.0,27.0,37007|1|1|1
2020,37079,1,1,1,57.0,25.0,112.0,18.0,37079|1|1|1
2020,40143,2,1,1,28.0,19.0,307.0,108.0,40143|2|1|1
2020,42029,4,2,1,43.0,26.0,1128.0,328.0,42029|4|2|1
2020,42091,4,1,1,32.0,20.0,461.0,143.0,42091|4|1|1
2020,48029,2,2,1,87.0,51.0,1024.0,456.0,48029|2|2|1
2020,48309,32,1,1,46.0,24.0,683.0,110.0,48309|32|1|1
2019,53053,32,1,1,561.0,198.0,6857.0,1178.0,53053|32|1|1
2020,04027,1,1,1,37.0,2.0,2833.0,226.0,04027|1|1|1
2020,04013,2,2,1,302.0,174.0,8675.0,3712.0,04013|2|2|1
2020,12086,4,1,1,125.0,76.0,1332.0,671.0,12086|4|1|1
2020,12083,4,2,1,39.0,26.0,393.0,230.0,12083|4|2|1
2020,24003,4,1,1,47.0,39.0,266.0,127.0,24003|4|1|1
2020,29047,1,1,1,261.0,44.0,4319.0,254.0,29047|1|1|1
2020,36085,32,1,1,107.0,34.0,2088.0,350.0,36085|32|1|1
2020,36119,4,2,1,84.0,62.0,641.0,349.0,36119|4|2|1
2020,36029,2,1,1,131.0,89.0,728.0,293.0,36029|2|1|1
2020,48309,1,1,1,225.0,57.0,2761.0,343.0,48309|1|1|1
2020,48181,1,1,1,92.0,23.0,2146.0,356.0,48181|1|1|1
2021,08041,2,2,1,90.0,37.0,1882.0,399.0,08041|2|2|1
2021,12117,1,1,1,552.0,98.0,5625.0,555.0,12117|1|1|1
2021,13031,1,1,1,198.0,88.0,839.0,135.0,13031|1|1|1
2021,13067,4,2,1,226.0,144.0,826.0,327.0,13067|4|2|1
2021,17031,1,1,2,69.0,14.0,795.0,69.0,17031|1|1|2
2021,20103,1,1,1,46.0,9.0,1183.0,84.0,20103|1|1|1
2021,37179,1,1,1,512.0,89.0,3423.0,250.0,37179|1|1|1
2021,37105,1,1,1,146.0,32.0,777.0,72.0,37105|1|1|1
2021,06037,4,1,1,188.0,87.0,2082.0,556.0,06037|4|1|1
2021,10001,32,1,1,345.0,113.0,1121.0,201.0,10001|32|1|1
2021,13153,32,1,1,240.0,81.0,668.0,124.0,13153|32|1|1
2021,25025,32,1,1,856.0,214.0,2559.0,297.0,25025|32|1|1
2021,39151,1,1,1,242.0,34.0,4598.0,230.0,39151|1|1|1
2021,42101,31,1,1,3099.0,1066.0,7807.0,1261.0,42101|31|1|1
2021,48373,1,1,1,70.0,47.0,581.0,184.0,48373|1|1|1
2021,51031,1,1,1,101.0,32.0,660.0,79.0,51031|1|1|1
2022,12097,32,1,1,378.0,159.0,1906.0,581.0,12097|32|1|1
2022,12097,1,1,1,825.0,195.0,5210.0,987.0,12097|1|1|1
2022,19103,1,1,1,115.0,11.0,1746.0,65.0,19103|1|1|1
2022,18141,1,1,1,268.0,55.0,2623.0,221.0,18141|1|1|1
2022,26021,32,1,1,76.0,25.0,697.0,151.0,26021|32|1|1
2021,36047,31,2,1,49.0,34.0,179.0,92.0,36047|31|2|1
2021,48309,32,1,1,74.0,40.0,981.0,195.0,48309|32|1|1
2021,48121,4,2,1,43.0,36.0,413.0,228.0,48121|4|2|1
2021,48027,32,1,1,207.0,96.0,921.0,249.0,48027|32|1|1
2022,12127,2,2,1,82.0,55.0,1586.0,743.0,12127|2|2|1
2022,12071,4,2,1,102.0,73.0,2176.0,1112.0,12071|4|2|1
2022,28023,1,1,1,62.0,42.0,108.0,32.0,28023|1|1|1
2022,28033,4,2,1,207.0,127.0,458.0,147.0,28033|4|2|1
2022,28127,1,1,1,181.0,141.0,241.0,95.0,28127|1|1|1
2022,36055,31,1,1,160.0,58.0,1892.0,304.0,36055|31|1|1
2022,36029,2,1,1,171.0,115.0,933.0,359.0,36029|2|1|1
2022,48439,2,2,1,370.0,259.0,2106.0,988.0,48439|2|2|1
2022,51800,1,1,1,821.0,127.0,1046.0,48.0,51800|1|1|1
2023,01021,1,1,1,81.0,50.0,582.0,197.0,01021|1|1|1
2023,12086,31,1,1,230.0,129.0,1111.0,449.0,12086|31|1|1
2023,13153,1,1,1,753.0,145.0,1194.0,106.0,13153|1|1|1
2023,13217,1,1,1,842.0,175.0,443.0,38.0,13217|1|1|1
2023,13121,2,1,1,237.0,167.0,195.0,75.0,13121|2|1|1
2022,36085,1,1,1,155.0,34.0,1758.0,196.0,36085|1|1|1
2023,12057,32,1,3,58.0,27.0,260.0,74.0,12057|32|1|3
2023,27053,31,1,1,76.0,36.0,603.0,148.0,27053|31|1|1
2023,39113,2,2,1,264.0,122.0,1185.0,346.0,39113|2|2|1
2023,42079,1,1,1,138.0,29.0,1873.0,221.0,42079|1|1|1
2023,42091,4,1,1,37.0,26.0,432.0,162.0,42091|4|1|1
2023,48005,1,1,1,62.0,32.0,758.0,263.0,48005|1|1|1
2023,48347,1,1,1,58.0,39.0,433.0,141.0,48347|1|1|1
2023,48029,4,2,1,236.0,155.0,2265.0,1332.0,48029|4|2|1
2023,51550,1,1,1,678.0,95.0,1862.0,106.0,51550|1|1|1
2023,51760,1,1,1,233.0,45.0,1347.0,50.0,51760|1|1|1
2023,51730,1,1,1,207.0,33.0,128.0,17.0,51730|1|1|1
2023,51095,1,1,1,94.0,15.0,754.0,33.0,51095|1|1|1
2023,51093,1,1,1,119.0,21.0,392.0,37.0,51093|1|1|1
2023,51033,32,1,1,41.0,20.0,61.0,14.0,51033|32|1|1
2024,06065,1,1,1,1381.0,235.0,13551.0,1682.0,06065|1|1|1
2024,12095,2,2,1,420.0,238.0,1911.0,872.0,12095|2|2|1
2024,12086,32,1,1,776.0,385.0,3068.0,1246.0,12086|32|1|1
2024,12086,1,1,3,142.0,53.0,2531.0,565.0,12086|1|1|3
2023,48113,4,2,1,437.0,342.0,1310.0,856.0,48113|4|2|1
2023,48113,31,2,1,55.0,35.0,260.0,100.0,48113|31|2|1
2024,12009,1,1,3,66.0,11.0,395.0,75.0,12009|1|1|3
2024,12095,32,1,3,72.0,22.0,252.0,79.0,12095|32|1|3
2024,12105,1,1,3,127.0,36.0,821.0,143.0,12105|1|1|3
2024,12105,4,1,1,63.0,43.0,429.0,227.0,12105|4|1|1
2024,37183,32,1,1,600.0,242.0,1133.0,277.0,37183|32|1|1
2024,37063,31,1,1,145.0,45.0,258.0,41.0,37063|31|1|1
2024,37049,1,1,1,153.0,67.0,1182.0,114.0,37049|1|1|1
2024,37063,2,2,1,320.0,148.0,490.0,137.0,37063|2|2|1
2024,47147,1,1,1,78.0,15.0,921.0,81.0,47147|1|1|1
2024,48187,32,1,1,29.0,8.0,364.0,104.0,48187|32|1|1
2025,12089,1,1,1,51.0,14.0,1321.0,162.0,12089|1|1|1
2025,13067,31,1,1,491.0,136.0,1068.0,179.0,13067|31|1|1
2024,37067,4,1,1,53.0,34.0,215.0,75.0,37067|4|1|1
2024,32003,32,1,1,616.0,257.0,2971.0,1026.0,32003|32|1|1
2024,48397,1,1,1,353.0,49.0,1621.0,132.0,48397|1|1|1
2024,48029,1,1,3,92.0,24.0,828.0,122.0,48029|1|1|3
2024,48029,32,1,1,281.0,98.0,2565.0,817.0,48029|32|1|1
2024,48037,1,1,1,187.0,106.0,721.0,203.0,48037|1|1|1
2024,48039,2,2,1,109.0,72.0,230.0,109.0,48039|2|2|1
2025,13279,1,1,1,44.0,25.0,115.0,38.0,13279|1|1|1
2025,26163,4,1,1,706.0,453.0,906.0,333.0,26163|4|1|1
2025,26125,31,2,1,100.0,35.0,1269.0,332.0,26125|31|2|1
2025,37051,2,1,1,48.0,31.0,87.0,35.0,37051|2|1|1
2025,37081,32,1,1,585.0,245.0,726.0,207.0,37081|32|1|1
2025,48071,1,1,1,97.0,37.0,929.0,155.0,48071|1|1|1
2025,48203,1,1,1,162.0,101.0,603.0,179.0,48203|1|1|1
2025,48141,32,1,1,33.0,14.0,1334.0,480.0,48141|32|1|1
2025,48139,31,1,1,193.0,53.0,518.0,121.0,48139|31|1|1
2025,48121,2,2,1,124.0,79.0,868.0,375.0,48121|2|2|1
2025,48029,4,1,1,54.0,33.0,962.0,453.0,48029|4|1|1
2025,48187,32,1,1,33.0,11.0,350.0,96.0,48187|32|1|1
2025,51099,1,1,1,38.0,5.0,258.0,16.0,51099|1|1|1
2025,51550,2,2,1,211.0,98.0,527.0,117.0,51550|2|2|1
2025,51127,1,1,1,101.0,17.0,410.0,26.0,51127|1|1|1
2018,37119,32,1,1,1489.0,672.0,2979.0,679.0,37119|32|1|1
2018,37049,32,1,1,82.0,57.0,236.0,89.0,37049|32|1|1
2018,37001,32,1,1,86.0,47.0,357.0,112.0,37001|32|1|1
2018,37081,4,1,1,68.0,45.0,343.0,99.0,37081|4|1|1
2018,37155,1,1,1,304.0,209.0,295.0,99.0,37155|1|1|1
2018,51680,32,1,1,47.0,20.0,146.0,47.0,51680|32|1|1
2019,24003,4,1,1,34.0,24.0,265.0,97.0,24003|4|1|1
2019,24003,1,1,1,1746.0,220.0,6779.0,449.0,24003|1|1|1
2019,37183,31,2,1,106.0,32.0,1098.0,225.0,37183|31|2|1
2019,37057,31,1,1,61.0,21.0,882.0,173.0,37057|31|1|1
2019,47165,1,1,1,168.0,32.0,3310.0,256.0,47165|1|1|1
2019,18035,1,1,1,35.0,5.0,1091.0,98.0,18035|1|1|1
2019,37109,1,1,1,33.0,5.0,1348.0,95.0,37109|1|1|1
2020,17031,32,1,1,1914.0,784.0,14735.0,2288.0,17031|32|1|1
2020,13121,32,1,1,1474.0,492.0,4419.0,585.0,13121|32|1|1
2020,13245,32,1,1,201.0,95.0,251.0,50.0,13245|32|1|1
2020,13121,4,2,1,340.0,246.0,1241.0,495.0,13121|4|2|1
2020,39089,1,1,1,145.0,22.0,2615.0,246.0,39089|1|1|1
2020,39049,2,1,1,100.0,62.0,535.0,194.0,39049|2|1|1
2021,05091,1,1,1,106.0,44.0,457.0,153.0,05091|1|1|1
2021,05119,4,1,1,72.0,43.0,147.0,45.0,05119|4|1|1
2020,39049,1,1,3,80.0,14.0,701.0,83.0,39049|1|1|3
2020,45071,1,1,1,105.0,67.0,312.0,62.0,45071|1|1|1
2021,24510,4,1,1,159.0,126.0,92.0,47.0,24510|4|1|1
2021,40017,1,1,1,297.0,40.0,3090.0,269.0,40017|1|1|1
2021,49011,1,1,1,54.0,3.0,5053.0,335.0,49011|1|1|1
2022,20061,1,1,1,64.0,6.0,431.0,39.0,20061|1|1|1
2022,37065,1,1,1,289.0,109.0,199.0,38.0,37065|1|1|1
2022,37091,1,1,1,100.0,36.0,71.0,7.0,37091|1|1|1
2023,25021,1,1,1,387.0,56.0,3108.0,178.0,25021|1|1|1
2023,24017,2,2,1,334.0,195.0,165.0,66.0,24017|2|2|1
2023,37081,1,1,1,1420.0,299.0,2995.0,288.0,37081|1|1|1
2023,37183,32,1,1,562.0,229.0,973.0,227.0,37183|32|1|1
2023,37153,1,1,1,130.0,76.0,275.0,83.0,37153|1|1|1
2023,37067,4,1,1,42.0,27.0,262.0,78.0,37067|4|1|1
2023,37179,31,1,1,41.0,13.0,268.0,75.0,37179|31|1|1
2023,36103,32,1,1,216.0,82.0,1775.0,431.0,36103|32|1|1
2023,47037,1,2,1,76.0,18.0,222.0,57.0,47037|1|2|1
2024,29189,31,2,1,40.0,19.0,548.0,120.0,29189|31|2|1
2024,29510,4,1,1,53.0,36.0,67.0,31.0,29510|4|1|1
2024,34005,4,2,1,236.0,119.0,1174.0,486.0,34005|4|2|1
2024,45051,1,1,2,55.0,10.0,1306.0,171.0,45051|1|1|2
2024,51630,1,1,1,37.0,11.0,155.0,16.0,51630|1|1|1
2024,51093,1,1,1,121.0,24.0,415.0,44.0,51093|1|1|1
2024,51179,2,2,1,130.0,67.0,299.0,99.0,51179|2|2|1
2025,22087,1,1,1,83.0,18.0,181.0,18.0,22087|1|1|1
2025,28153,1,1,1,162.0,120.0,139.0,65.0,28153|1|1|1
2024,34007,2,1,1,60.0,42.0,270.0,108.0,34007|2|1|1
2025,01089,2,1,1,64.0,41.0,178.0,47.0,01089|2|1|1
2025,36047,31,1,3,45.0,20.0,218.0,41.0,36047|31|1|3
2018,05119,32,1,1,361.0,195.0,653.0,193.0,05119|32|1|1
2019,01023,1,1,1,63.0,40.0,60.0,21.0,01023|1|1|1
2019,02020,1,1,1,118.0,11.0,2681.0,136.0,02020|1|1|1
2020,01073,31,1,1,1974.0,575.0,8090.0,791.0,01073|31|1|1
2020,25027,32,1,1,129.0,47.0,6317.0,897.0,25027|32|1|1
2020,25023,1,1,1,899.0,141.0,5992.0,370.0,25023|1|1|1
2020,25005,4,2,1,27.0,17.0,651.0,284.0,25005|4|2|1
2021,22073,32,1,1,108.0,41.0,535.0,99.0,22073|32|1|1
2021,27053,2,1,1,25.0,7.0,491.0,104.0,27053|2|1|1
2022,17097,31,1,1,65.0,18.0,1804.0,349.0,17097|31|1|1
2022,34037,1,1,1,87.0,19.0,1618.0,150.0,34037|1|1|1
2023,06085,1,1,1,63.0,8.0,1792.0,184.0,06085|1|1|1
2023,06111,1,1,1,80.0,14.0,2978.0,302.0,06111|1|1|1
2023,18011,1,1,1,87.0,21.0,1163.0,76.0,18011|1|1|1
2023,22071,31,1,3,43.0,15.0,47.0,11.0,22071|31|1|3
2023,22051,4,1,1,37.0,29.0,140.0,60.0,22051|4|1|1
2022,34039,2,1,1,38.0,23.0,194.0,63.0,34039|2|1|1
2023,06067,2,1,1,25.0,15.0,227.0,98.0,06067|2|1|1
2023,22009,1,1,1,72.0,35.0,210.0,77.0,22009|1|1|1
2024,01073,1,2,1,443.0,74.0,193.0,21.0,01073|1|2|1
2024,18141,1,1,1,235.0,53.0,2097.0,132.0,18141|1|1|1
2024,28093,1,1,1,210.0,98.0,326.0,63.0,28093|1|1|1
2024,28033,4,2,1,239.0,139.0,453.0,172.0,28033|4|2|1
2024,36111,1,1,1,71.0,21.0,891.0,119.0,36111|1|1|1
2024,36027,32,1,1,51.0,26.0,311.0,93.0,36027|32|1|1
2024,36067,31,1,1,31.0,17.0,394.0,102.0,36067|31|1|1
2024,01053,1,1,1,82.0,45.0,214.0,56.0,01053|1|1|1
2024,01101,1,1,3,59.0,13.0,121.0,8.0,01101|1|1|3
2024,24003,4,2,1,416.0,234.0,1288.0,516.0,24003|4|2|1
2024,24033,4,2,1,1874.0,984.0,334.0,191.0,24033|4|2|1
2024,35001,32,1,1,53.0,19.0,1085.0,349.0,35001|32|1|1
2024,42043,32,1,1,94.0,42.0,373.0,107.0,42043|32|1|1
2024,42133,1,1,1,428.0,76.0,4166.0,413.0,42133|1|1|1
2025,42095,1,1,1,146.0,28.0,2124.0,188.0,42095|1|1|1
2024,42043,2,1,1,62.0,46.0,233.0,92.0,42043|2|1|1
2025,10003,2,2,1,388.0,215.0,993.0,268.0,10003|2|2|1
2025,42101,1,1,3,211.0,44.0,512.0,66.0,42101|1|1|3
2025,42045,32,2,1,125.0,68.0,580.0,140.0,42045|32|2|1
2018,22073,31,1,1,81.0,40.0,377.0,62.0,22073|31|1|1
2018,25025,2,2,1,443.0,296.0,1137.0,484.0,25025|2|2|1
2018,34013,4,2,1,154.0,122.0,613.0,332.0,34013|4|2|1
2018,34001,31,1,1,63.0,31.0,684.0,239.0,34001|31|1|1
2018,45051,32,1,1,90.0,55.0,1335.0,486.0,45051|32|1|1
2019,22061,1,1,1,90.0,45.0,356.0,73.0,22061|1|1|1
2019,22105,32,1,1,47.0,25.0,322.0,80.0,22105|32|1|1
2021,11001,32,2,1,30.0,7.0,47.0,7.0,11001|32|2|1
2021,45031,1,1,1,354.0,236.0,513.0,111.0,45031|1|1|1
2023,11001,32,2,1,110.0,37.0,105.0,18.0,11001|32|2|1
2023,45073,1,1,1,41.0,18.0,823.0,156.0,45073|1|1|1
2023,45051,32,1,1,91.0,31.0,932.0,284.0,45051|32|1|1
2025,27037,1,1,1,546.0,72.0,3814.0,250.0,27037|1|1|1
2025,27141,1,1,1,54.0,5.0,1171.0,72.0,27141|1|1|1
2025,47037,32,1,3,74.0,27.0,212.0,43.0,47037|32|1|3
2024,13245,1,1,1,751.0,175.0,655.0,77.0,13245|1|1|1
2024,13113,31,1,1,99.0,27.0,110.0,20.0,13113|31|1|1
2024,13105,1,1,1,34.0,22.0,123.0,31.0,13105|1|1|1
2024,13089,31,1,1,622.0,223.0,377.0,50.0,13089|31|1|1
2024,13261,1,1,1,68.0,44.0,79.0,23.0,13261|1|1|1
2024,26163,31,1,1,553.0,237.0,1665.0,362.0,26163|31|1|1
2024,26145,1,1,1,147.0,44.0,1443.0,126.0,26145|1|1|1
2024,26025,1,1,1,125.0,43.0,1229.0,181.0,26025|1|1|1
2024,37051,32,1,1,592.0,232.0,518.0,164.0,37051|32|1|1
2024,37077,31,1,1,33.0,9.0,93.0,26.0,37077|31|1|1
2025,06097,1,1,1,33.0,3.0,2129.0,147.0,06097|1|1|1
2025,06071,1,2,1,58.0,7.0,548.0,88.0,06071|1|2|1
2025,08031,31,1,1,107.0,34.0,1654.0,250.0,08031|31|1|1
2025,12063,1,1,1,105.0,71.0,424.0,179.0,12063|1|1|1
2025,13261,1,1,1,50.0,24.0,100.0,19.0,13261|1|1|1
2025,13175,1,1,1,186.0,83.0,289.0,83.0,13175|1|1|1
2024,37153,1,1,1,134.0,81.0,224.0,46.0,37153|1|1|1
2024,48167,1,1,1,390.0,86.0,3730.0,409.0,48167|1|1|1
2024,48039,1,1,1,944.0,221.0,3260.0,767.0,48039|1|1|1
2024,48139,31,1,1,110.0,25.0,310.0,75.0,48139|31|1|1
2024,48201,31,2,1,74.0,43.0,390.0,189.0,48201|31|2|1
2024,48141,1,1,1,368.0,51.0,6195.0,757.0,48141|1|1|1
2024,48351,1,1,1,33.0,24.0,166.0,91.0,48351|1|1|1
2025,12111,2,1,1,42.0,29.0,259.0,121.0,12111|2|1|1
2025,37081,4,2,1,393.0,232.0,777.0,294.0,37081|4|2|1
2025,37049,32,1,1,82.0,30.0,305.0,97.0,37049|32|1|1
2025,37195,31,1,1,57.0,25.0,127.0,22.0,37195|31|1|1
2025,39049,31,1,1,463.0,143.0,2622.0,405.0,39049|31|1|1
2025,45013,1,1,1,471.0,336.0,2344.0,213.0,45013|1|1|1
2025,45051,31,1,1,96.0,28.0,1203.0,244.0,45051|31|1|1
2025,45071,1,1,1,89.0,49.0,245.0,45.0,45071|1|1|1
2025,45069,1,1,1,83.0,49.0,98.0,27.0,45069|1|1|1
2025,51009,1,1,1,38.0,14.0,261.0,34.0,51009|1|1|1
2018,04013,31,2,1,33.0,16.0,1811.0,596.0,04013|31|2|1
2018,41005,1,1,1,44.0,5.0,5092.0,450.0,41005|1|1|1
2018,37101,32,1,1,147.0,81.0,605.0,201.0,37101|32|1|1
2018,13045,1,1,1,201.0,40.0,1400.0,179.0,13045|1|1|1
2018,13077,31,1,1,69.0,24.0,383.0,107.0,13077|31|1|1
2018,13021,31,1,1,113.0,57.0,187.0,57.0,13021|31|1|1
2018,13279,1,1,1,59.0,38.0,183.0,75.0,13279|1|1|1
2018,13089,4,2,1,337.0,270.0,594.0,250.0,13089|4|2|1
2018,51153,4,2,1,190.0,123.0,676.0,336.0,51153|4|2|1
2018,45051,1,1,2,85.0,24.0,2130.0,207.0,45051|1|1|2
2018,37085,1,1,1,344.0,71.0,1698.0,181.0,37085|1|1|1
2018,37135,32,1,1,43.0,25.0,286.0,83.0,37135|32|1|1
2018,37077,1,1,1,184.0,37.0,597.0,56.0,37077|1|1|1
2018,37065,1,1,1,127.0,53.0,171.0,39.0,37065|1|1|1
2018,51137,1,1,1,77.0,10.0,532.0,60.0,51137|1|1|1
2018,51025,1,1,1,38.0,21.0,62.0,13.0,51025|1|1|1
2018,32031,1,1,1,73.0,14.0,5471.0,461.0,32031|1|1|1
2018,37081,32,1,1,385.0,238.0,949.0,285.0,37081|32|1|1
2019,08005,1,1,1,851.0,102.0,8375.0,572.0,08005|1|1|1
2019,24033,32,1,3,182.0,66.0,85.0,15.0,24033|32|1|3
2019,27139,1,1,1,124.0,11.0,2197.0,77.0,27139|1|1|1
2019,37067,4,1,1,41.0,23.0,251.0,74.0,37067|4|1|1
2019,47037,31,1,1,653.0,184.0,3293.0,521.0,47037|31|1|1
2019,47187,1,1,1,114.0,15.0,4306.0,253.0,47187|1|1|1
2019,47157,1,1,3,118.0,21.0,998.0,34.0,47157|1|1|3
2019,37183,1,1,3,60.0,7.0,608.0,39.0,37183|1|1|3
2019,37091,1,1,1,86.0,37.0,63.0,14.0,37091|1|1|1
2019,37023,1,1,1,44.0,11.0,911.0,94.0,37023|1|1|1
2019,37021,32,1,1,67.0,23.0,1233.0,235.0,37021|32|1|1
2020,13153,4,2,1,41.0,26.0,103.0,41.0,13153|4|2|1
2020,45037,1,1,1,81.0,43.0,357.0,53.0,45037|1|1|1
2020,45015,32,1,1,181.0,64.0,1344.0,184.0,45015|32|1|1
2021,24005,32,1,3,65.0,21.0,204.0,33.0,24005|32|1|3
2021,40027,1,1,1,225.0,36.0,3358.0,385.0,40027|1|1|1
2021,32003,2,1,1,59.0,38.0,843.0,331.0,32003|2|1|1
2022,37045,1,1,1,243.0,64.0,1016.0,232.0,37045|1|1|1
2022,37051,1,1,1,1846.0,388.0,2818.0,279.0,37051|1|1|1
2022,37159,1,1,1,334.0,64.0,1656.0,192.0,37159|1|1|1
2023,26163,31,2,1,76.0,42.0,510.0,152.0,26163|31|2|1
2023,24033,1,1,3,168.0,46.0,101.0,15.0,24033|1|1|3
2023,37057,1,1,1,295.0,62.0,1869.0,278.0,37057|1|1|1
2023,37051,2,1,1,58.0,37.0,99.0,41.0,37051|2|1|1
2023,47003,1,1,1,40.0,9.0,551.0,65.0,47003|1|1|1
2024,04019,1,1,1,363.0,64.0,8682.0,827.0,04019|1|1|1
2024,34025,32,1,1,82.0,38.0,1031.0,262.0,34025|32|1|1
2024,34003,2,2,1,167.0,97.0,1576.0,591.0,34003|2|2|1
2024,34015,4,2,1,115.0,62.0,909.0,399.0,34015|4|2|1
2024,39049,31,1,1,343.0,112.0,1520.0,291.0,39049|31|1|1
2024,45045,4,1,1,37.0,21.0,346.0,124.0,45045|4|1|1
2024,51800,1,1,1,650.0,83.0,847.0,45.0,51800|1|1|1
2024,51009,1,1,1,39.0,16.0,250.0,28.0,51009|1|1|1
2024,51053,1,1,1,58.0,17.0,215.0,33.0,51053|1|1|1
2025,01101,31,1,1,244.0,79.0,158.0,25.0,01101|31|1|1
2025,01069,32,1,1,55.0,27.0,219.0,72.0,01069|32|1|1
2025,21111,4,1,1,76.0,41.0,492.0,142.0,21111|4|1|1
2025,22105,1,1,1,621.0,418.0,1132.0,283.0,22105|1|1|1
2025,22105,32,1,1,76.0,41.0,185.0,71.0,22105|32|1|1
2024,45079,4,1,1,115.0,58.0,105.0,33.0,45079|4|1|1
2024,45089,1,1,1,166.0,115.0,100.0,34.0,45089|1|1|1
2024,45029,1,1,1,189.0,135.0,380.0,139.0,45029|1|1|1
2025,01003,32,1,1,56.0,24.0,713.0,207.0,01003|32|1|1
2025,17163,2,2,1,119.0,67.0,405.0,136.0,17163|2|2|1
2024,12009,2,1,1,42.0,22.0,421.0,173.0,12009|2|1|1
2024,13107,1,1,1,53.0,35.0,84.0,28.0,13107|1|1|1
2024,37179,2,2,1,101.0,60.0,717.0,228.0,37179|2|2|1
2024,40109,4,2,1,131.0,73.0,888.0,390.0,40109|4|2|1
2024,48347,1,1,1,47.0,26.0,466.0,138.0,48347|1|1|1
2025,06085,2,2,1,36.0,11.0,951.0,287.0,06085|2|2|1
2025,13153,32,1,1,224.0,92.0,294.0,76.0,13153|32|1|1
2025,13045,32,1,1,86.0,43.0,327.0,97.0,13045|32|1|1
2025,13009,1,1,1,81.0,29.0,169.0,35.0,13009|1|1|1
2025,13121,32,1,3,264.0,96.0,119.0,16.0,13121|32|1|3
2024,48029,32,2,1,113.0,24.0,1236.0,300.0,48029|32|2|1
2024,48439,4,2,1,445.0,290.0,1954.0,1123.0,48439|4|2|1
2025,12111,31,1,1,221.0,118.0,684.0,205.0,12111|31|1|1
2025,12105,2,2,1,147.0,86.0,1063.0,476.0,12105|2|2|1
2025,26099,2,2,1,219.0,126.0,1654.0,481.0,26099|2|2|1
2025,26021,1,1,1,96.0,34.0,1290.0,181.0,26021|1|1|1
2025,37063,31,2,1,108.0,50.0,207.0,43.0,37063|31|2|1
2025,37165,1,1,1,117.0,75.0,161.0,30.0,37165|1|1|1
2025,37067,32,1,1,349.0,155.0,721.0,193.0,37067|32|1|1
2025,29189,4,2,1,371.0,222.0,1732.0,591.0,29189|4|2|1
2025,37195,32,1,1,113.0,48.0,171.0,54.0,37195|32|1|1
2025,37127,32,1,1,135.0,64.0,167.0,47.0,37127|32|1|1
2025,45091,31,1,1,118.0,39.0,757.0,105.0,45091|31|1|1
2025,48309,1,1,1,204.0,65.0,2131.0,313.0,48309|1|1|1
2025,48439,1,1,3,112.0,22.0,689.0,91.0,48439|1|1|3
2025,48201,31,2,1,82.0,44.0,364.0,156.0,48201|31|2|1
2025,48121,1,2,1,44.0,14.0,232.0,57.0,48121|1|2|1
2025,51069,1,1,1,56.0,6.0,1120.0,97.0,51069|1|1|1
2025,51153,1,2,1,29.0,4.0,65.0,18.0,51153|1|2|1
2025,51570,1,1,1,44.0,9.0,124.0,7.0,51570|1|1|1
2025,51041,1,2,1,72.0,12.0,110.0,21.0,51041|1|2|1
2018,13073,1,1,1,646.0,66.0,2562.0,134.0,13073|1|1|1
2018,13089,1,2,1,162.0,31.0,163.0,28.0,13089|1|2|1
2018,13067,32,2,1,62.0,24.0,197.0,54.0,13067|32|2|1
2018,17119,32,1,1,41.0,17.0,747.0,216.0,17119|32|1|1
2018,26081,4,2,1,75.0,43.0,1481.0,466.0,26081|4|2|1
2018,37179,4,2,1,59.0,36.0,750.0,309.0,37179|4|2|1
2018,37063,2,1,1,63.0,27.0,115.0,38.0,37063|2|1|1
2018,51061,1,1,1,33.0,2.0,928.0,60.0,51061|1|1|1
2018,51740,1,1,1,557.0,81.0,738.0,56.0,51740|1|1|1
2019,05069,32,1,1,74.0,44.0,56.0,17.0,05069|32|1|1
2019,24031,4,1,1,48.0,25.0,305.0,107.0,24031|4|1|1
2019,24510,2,2,1,312.0,262.0,265.0,127.0,24510|2|2|1
2019,45045,32,1,1,313.0,127.0,2237.0,465.0,45045|32|1|1
2019,32031,1,1,1,82.0,12.0,5572.0,440.0,32031|1|1|1
2019,47065,4,1,1,55.0,47.0,401.0,181.0,47065|4|1|1
2020,13113,1,1,1,656.0,144.0,1320.0,94.0,13113|1|1|1
2020,51153,31,2,1,27.0,15.0,121.0,34.0,51153|31|2|1
2021,18003,32,1,1,200.0,63.0,3338.0,440.0,18003|32|1|1
2020,39049,32,1,1,750.0,209.0,6960.0,919.0,39049|32|1|1
2020,45045,31,1,1,797.0,165.0,9099.0,920.0,45045|31|1|1
2020,45055,32,1,1,49.0,17.0,310.0,61.0,45055|32|1|1
2020,45003,1,1,1,676.0,271.0,2651.0,347.0,45003|1|1|1
2020,45075,32,1,1,42.0,20.0,100.0,22.0,45075|32|1|1
2020,45039,1,1,1,86.0,45.0,114.0,18.0,45039|1|1|1
2021,24033,32,1,3,392.0,116.0,118.0,24.0,24033|32|1|3
2021,24005,4,2,1,286.0,188.0,621.0,248.0,24005|4|2|1
2022,29095,2,1,1,146.0,103.0,350.0,164.0,29095|2|1|1
2022,29095,2,2,1,213.0,122.0,1327.0,487.0,29095|2|2|1
2022,37081,32,1,1,891.0,335.0,1283.0,285.0,37081|32|1|1
2022,37051,1,2,1,80.0,12.0,64.0,6.0,37051|1|2|1
2022,47065,4,2,1,104.0,61.0,982.0,309.0,47065|4|2|1
2023,24510,31,1,1,158.0,64.0,97.0,29.0,24510|31|1|1
2023,24037,32,1,1,48.0,25.0,177.0,49.0,24037|32|1|1
2023,37097,1,1,1,392.0,94.0,2255.0,249.0,37097|1|1|1
2023,37183,2,1,1,92.0,55.0,376.0,104.0,37183|2|1|1
2023,36047,32,1,3,92.0,30.0,174.0,32.0,36047|32|1|3
2023,36103,31,1,1,76.0,30.0,738.0,182.0,36103|31|1|1
2023,47157,1,1,3,131.0,25.0,566.0,45.0,47157|1|1|3
2024,29189,1,1,1,1656.0,246.0,6410.0,342.0,29189|1|1|1
2023,47047,32,1,1,35.0,13.0,72.0,17.0,47047|32|1|1
2024,25023,1,1,1,665.0,121.0,3374.0,243.0,25023|1|1|1
2024,25017,2,2,1,171.0,84.0,2855.0,733.0,25017|2|2|1
2024,34021,32,1,1,127.0,51.0,363.0,96.0,34021|32|1|1
2024,34039,32,1,1,299.0,126.0,381.0,126.0,34039|32|1|1
2024,39139,1,1,1,54.0,9.0,1087.0,108.0,39139|1|1|1
2024,51177,32,1,1,91.0,40.0,308.0,91.0,51177|32|1|1
2025,28109,1,1,1,39.0,13.0,679.0,166.0,28109|1|1|1
2024,34007,4,1,1,51.0,36.0,213.0,87.0,34007|4|1|1
2024,39049,32,2,1,148.0,50.0,741.0,147.0,39049|32|2|1
2024,51041,1,2,1,65.0,12.0,111.0,17.0,51041|1|2|1
2025,36029,2,1,1,114.0,73.0,775.0,268.0,36029|2|1|1
2025,36067,32,1,1,78.0,25.0,715.0,164.0,36067|32|1|1
2018,01083,1,1,1,226.0,48.0,1726.0,181.0,01083|1|1|1
2018,13057,32,1,1,103.0,42.0,1544.0,390.0,13057|32|1|1
2018,12086,1,1,1,1776.0,469.0,19454.0,3302.0,12086|1|1|1
2018,12017,1,1,1,58.0,22.0,2578.0,504.0,12017|1|1|1
2018,12086,2,2,1,376.0,298.0,3861.0,2709.0,12086|2|2|1
2018,21015,1,1,1,61.0,15.0,2358.0,233.0,21015|1|1|1
2018,24033,1,2,1,190.0,50.0,69.0,26.0,24033|1|2|1
2018,24031,2,1,1,62.0,35.0,372.0,165.0,24031|2|1|1
2018,36119,4,2,1,86.0,64.0,1058.0,596.0,36119|4|2|1
2018,36059,1,2,1,48.0,27.0,250.0,104.0,36059|1|2|1
2018,36081,4,2,1,310.0,234.0,728.0,468.0,36081|4|2|1
2018,36065,1,1,1,43.0,9.0,1801.0,270.0,36065|1|1|1
2018,36001,32,1,1,31.0,16.0,552.0,148.0,36001|32|1|1
2018,36055,31,2,1,45.0,13.0,738.0,136.0,36055|31|2|1
2018,39035,2,1,1,432.0,333.0,1009.0,420.0,39035|2|1|1
2018,48257,1,1,1,734.0,153.0,2401.0,316.0,48257|1|1|1
2018,48291,1,1,1,84.0,59.0,1130.0,382.0,48291|1|1|1
2018,48439,1,1,3,88.0,17.0,1078.0,83.0,48439|1|1|3
2018,01017,1,1,1,98.0,49.0,209.0,53.0,01017|1|1|1
2018,12105,2,1,1,70.0,48.0,522.0,232.0,12105|2|1|1
2019,06019,1,1,1,252.0,33.0,6520.0,541.0,06019|1|1|1
2019,06019,32,1,1,146.0,54.0,3109.0,750.0,06019|32|1|1
2019,12011,2,2,1,645.0,489.0,3128.0,2016.0,12011|2|2|1
2019,13135,32,1,1,1540.0,611.0,2949.0,645.0,13135|32|1|1
2019,13081,1,1,1,73.0,54.0,120.0,40.0,13081|1|1|1
2019,13121,1,1,3,205.0,48.0,420.0,45.0,13121|1|1|3
2019,17031,32,1,1,2351.0,1135.0,11557.0,2440.0,17031|32|1|1
2019,17031,1,1,2,38.0,7.0,532.0,40.0,17031|1|1|2
2019,26163,1,1,1,2972.0,728.0,12145.0,1295.0,26163|1|1|1
2019,26125,4,1,1,99.0,51.0,779.0,268.0,26125|4|1|1
2019,36105,1,1,1,34.0,12.0,509.0,141.0,36105|1|1|1
2019,39109,1,1,1,40.0,5.0,1474.0,97.0,39109|1|1|1
2019,42101,2,2,1,1262.0,861.0,1708.0,757.0,42101|2|2|1
2019,51810,31,1,1,423.0,99.0,2563.0,395.0,51810|31|1|1
2019,12051,1,1,1,56.0,30.0,386.0,114.0,12051|1|1|1
2019,13009,1,1,1,82.0,32.0,220.0,21.0,13009|1|1|1
2019,13153,2,2,1,50.0,30.0,130.0,50.0,13153|2|2|1
2019,13063,1,1,3,82.0,21.0,41.0,7.0,13063|1|1|3
2019,29095,4,1,1,86.0,64.0,399.0,175.0,29095|4|1|1
2019,36047,1,1,1,1113.0,219.0,3879.0,518.0,36047|1|1|1
2019,48139,32,1,1,82.0,38.0,788.0,164.0,48139|32|1|1
2019,51107,2,2,1,88.0,47.0,977.0,309.0,51107|2|2|1
2020,12057,31,1,1,2884.0,707.0,18321.0,2969.0,12057|31|1|1
2020,12035,1,1,1,208.0,30.0,2386.0,301.0,12035|1|1|1
2020,18003,32,1,1,101.0,40.0,2721.0,335.0,18003|32|1|1
2020,22041,1,1,1,54.0,33.0,129.0,65.0,22041|1|1|1
2020,22051,32,1,1,212.0,97.0,1803.0,268.0,22051|32|1|1
2020,42091,1,1,1,806.0,122.0,7834.0,412.0,42091|1|1|1
2020,48121,1,1,1,1854.0,345.0,14257.0,1091.0,48121|1|1|1
2019,55101,1,1,1,127.0,21.0,2317.0,185.0,55101|1|1|1
2020,04021,32,1,1,139.0,34.0,3928.0,602.0,04021|32|1|1
2020,12057,31,2,1,38.0,23.0,441.0,187.0,12057|31|2|1
2020,36001,1,1,1,205.0,43.0,2237.0,168.0,36001|1|1|1
2020,36067,2,2,1,65.0,35.0,901.0,208.0,36067|2|2|1
2020,36055,4,1,1,95.0,60.0,664.0,191.0,36055|4|1|1
2020,42101,31,2,1,105.0,55.0,299.0,100.0,42101|31|2|1
2020,47125,4,2,1,46.0,21.0,236.0,93.0,47125|4|2|1
2020,47075,1,1,1,65.0,29.0,110.0,19.0,47075|1|1|1
2020,48491,1,1,1,930.0,177.0,10671.0,956.0,48491|1|1|1
2020,48245,1,1,1,410.0,97.0,1401.0,175.0,48245|1|1|1
2021,06071,32,1,1,2095.0,464.0,19514.0,2633.0,06071|32|1|1
2021,12069,1,1,1,824.0,155.0,6503.0,830.0,12069|1|1|1
2021,12047,1,1,1,42.0,33.0,121.0,47.0,12047|1|1|1
2021,13147,1,1,1,42.0,25.0,353.0,54.0,13147|1|1|1
2021,13121,4,1,1,190.0,140.0,419.0,125.0,13121|4|1|1
2021,13247,2,2,1,115.0,84.0,29.0,18.0,13247|2|2|1
2021,37081,32,1,1,773.0,224.0,2550.0,372.0,37081|32|1|1
2020,48303,1,1,1,140.0,31.0,4206.0,393.0,48303|1|1|1
2020,48157,1,2,1,120.0,22.0,239.0,46.0,48157|1|2|1
2020,51800,2,2,1,34.0,26.0,76.0,35.0,51800|2|2|1
2021,04013,31,2,1,81.0,30.0,1569.0,454.0,04013|31|2|1
2021,06065,2,2,1,201.0,132.0,2273.0,1101.0,06065|2|2|1
2021,12085,1,1,1,43.0,6.0,2534.0,317.0,12085|1|1|1
2021,12071,4,2,1,53.0,39.0,1257.0,620.0,12071|4|2|1
2021,12011,2,2,1,470.0,336.0,2229.0,1175.0,12011|2|2|1
2021,13245,2,1,1,52.0,38.0,51.0,21.0,13245|2|1|1
2021,17031,4,2,1,379.0,272.0,2184.0,1065.0,17031|4|2|1
2021,17163,2,1,1,59.0,49.0,109.0,44.0,17163|2|1|1
2021,37007,1,1,1,94.0,44.0,136.0,31.0,37007|1|1|1
2021,34039,31,1,1,1253.0,332.0,5338.0,655.0,34039|31|1|1
2021,34025,1,1,1,214.0,32.0,7027.0,484.0,34025|1|1|1
2021,39095,32,1,1,171.0,64.0,2073.0,333.0,39095|32|1|1
2021,42045,31,1,1,933.0,272.0,6738.0,926.0,42045|31|1|1
2021,42103,1,1,1,82.0,17.0,898.0,111.0,42103|1|1|1
2021,48355,1,1,1,128.0,21.0,3863.0,500.0,48355|1|1|1
2021,51177,1,1,1,699.0,93.0,2210.0,166.0,51177|1|1|1
2021,51087,32,1,1,910.0,260.0,2265.0,269.0,51087|32|1|1
2021,51019,1,1,1,77.0,18.0,1261.0,173.0,51019|1|1|1
2022,13029,1,1,1,136.0,27.0,891.0,80.0,13029|1|1|1
2022,18081,1,1,1,80.0,25.0,2347.0,298.0,18081|1|1|1
2022,26049,31,1,1,105.0,48.0,850.0,190.0,26049|31|1|1
2021,48113,1,1,3,104.0,16.0,968.0,92.0,48113|1|1|3
2021,48157,4,1,1,70.0,43.0,181.0,75.0,48157|4|1|1
2022,04013,32,1,3,134.0,31.0,1969.0,338.0,04013|32|1|3
2022,12121,1,1,1,63.0,45.0,541.0,181.0,12121|1|1|1
2022,13089,2,2,1,637.0,410.0,830.0,269.0,13089|2|2|1
2022,24033,1,1,1,6132.0,921.0,2710.0,270.0,24033|1|1|1
2022,24027,32,1,1,254.0,83.0,552.0,107.0,24027|32|1|1
2022,24039,1,1,1,57.0,12.0,183.0,35.0,24039|1|1|1
2022,24033,2,2,1,1548.0,841.0,425.0,201.0,24033|2|2|1
2022,24033,4,1,1,219.0,164.0,64.0,34.0,24033|4|1|1
2022,28033,1,2,1,60.0,8.0,48.0,8.0,28033|1|2|1
2022,39035,1,1,1,2355.0,386.0,8962.0,520.0,39035|1|1|1
2022,42077,1,1,1,269.0,55.0,2947.0,294.0,42077|1|1|1
2022,48367,1,1,1,109.0,26.0,3596.0,485.0,48367|1|1|1
2022,51810,4,2,1,145.0,72.0,910.0,372.0,51810|4|2|1
2023,01047,1,1,1,138.0,72.0,77.0,39.0,01047|1|1|1
2023,01089,2,1,1,47.0,29.0,148.0,48.0,01089|2|1|1
2023,21145,1,1,1,68.0,37.0,624.0,148.0,21145|1|1|1
2022,48113,31,1,3,79.0,25.0,269.0,67.0,48113|31|1|3
2022,48029,32,2,1,52.0,22.0,593.0,155.0,48029|32|2|1
2023,26075,1,1,1,83.0,28.0,1513.0,265.0,26075|1|1|1
2023,27003,1,2,1,45.0,11.0,188.0,16.0,27003|1|2|1
2023,34005,2,1,1,38.0,24.0,218.0,90.0,34005|2|1|1
2023,34005,32,1,1,263.0,96.0,721.0,197.0,34005|32|1|1
2023,34017,32,1,1,78.0,38.0,192.0,86.0,34017|32|1|1
2023,48491,32,1,1,71.0,36.0,771.0,245.0,48491|32|1|1
2023,48085,4,2,1,259.0,198.0,1479.0,875.0,48085|4|2|1
2023,51087,4,1,1,58.0,28.0,108.0,41.0,51087|4|1|1
2024,12091,1,1,1,276.0,49.0,2319.0,296.0,12091|1|1|1
2024,12023,1,1,1,94.0,44.0,551.0,143.0,12023|1|1|1
2024,13063,32,1,1,1068.0,519.0,130.0,37.0,13063|32|1|1
2024,13247,32,1,1,378.0,203.0,93.0,29.0,13247|32|1|1
2024,17197,32,1,1,278.0,122.0,1208.0,304.0,17197|32|1|1
2024,17031,32,1,3,332.0,126.0,586.0,167.0,17031|32|1|3
2024,17163,32,1,1,166.0,75.0,370.0,117.0,17163|32|1|1
2023,42017,2,2,1,56.0,26.0,2164.0,590.0,42017|2|2|1
2023,51710,2,2,1,145.0,90.0,209.0,67.0,51710|2|2|1
2025,41067,1,1,1,178.0,24.0,3514.0,244.0,41067|1|1|1
2018,44007,2,2,1,138.0,93.0,1629.0,728.0,44007|2|2|1
2018,47165,1,1,1,173.0,27.0,3099.0,277.0,47165|1|1|1
2018,47037,31,1,3,53.0,25.0,237.0,35.0,47037|31|1|3
2020,01101,1,1,1,1336.0,305.0,1213.0,88.0,01101|1|1|1
2021,22105,1,1,1,1163.0,715.0,1852.0,414.0,22105|1|1|1
2022,01017,1,1,1,126.0,60.0,245.0,59.0,01017|1|1|1
2022,01097,2,2,1,158.0,83.0,516.0,187.0,01097|2|2|1
2022,01097,4,1,1,93.0,75.0,236.0,91.0,01097|4|1|1
2022,01053,1,1,1,99.0,52.0,333.0,106.0,01053|1|1|1
2022,01003,32,1,1,82.0,30.0,1314.0,310.0,01003|32|1|1
2022,27123,32,1,1,101.0,48.0,1170.0,238.0,27123|32|1|1
2022,17197,31,1,1,266.0,96.0,1916.0,386.0,17197|31|1|1
2022,17031,1,1,2,52.0,14.0,436.0,30.0,17031|1|1|2
2022,34007,1,2,1,56.0,11.0,130.0,26.0,34007|1|2|1
2022,34013,1,2,1,38.0,22.0,75.0,31.0,34013|1|2|1
2023,06001,1,1,1,369.0,65.0,2200.0,201.0,06001|1|1|1
2023,22077,1,1,1,79.0,54.0,126.0,30.0,22077|1|1|1
2023,22017,4,2,1,53.0,34.0,105.0,44.0,22017|4|2|1
2022,45045,4,1,1,46.0,36.0,391.0,132.0,45045|4|1|1
2022,45051,31,1,1,69.0,25.0,1120.0,254.0,45051|31|1|1
2022,45019,2,2,1,91.0,49.0,1379.0,394.0,45019|2|2|1
2022,45051,32,1,1,153.0,52.0,2242.0,542.0,45051|32|1|1
2022,45013,32,1,1,107.0,40.0,859.0,167.0,45013|32|1|1
2024,01121,1,1,1,365.0,195.0,718.0,211.0,01121|1|1|1
2024,28047,1,1,1,434.0,118.0,1884.0,335.0,28047|1|1|1
2024,36071,4,2,1,141.0,89.0,554.0,243.0,36071|4|2|1
2024,36071,2,2,1,222.0,106.0,792.0,256.0,36071|2|2|1
2024,01077,1,1,1,42.0,10.0,906.0,139.0,01077|1|1|1
2024,24003,32,1,1,276.0,125.0,747.0,218.0,24003|32|1|1
2024,36081,31,1,1,154.0,52.0,250.0,73.0,36081|31|1|1
2024,42043,4,1,1,38.0,17.0,216.0,79.0,42043|4|1|1
2024,42045,2,2,1,382.0,220.0,1232.0,319.0,42045|2|2|1
2025,10003,32,1,1,417.0,178.0,714.0,210.0,10003|32|1|1
2025,10003,31,2,1,142.0,46.0,452.0,71.0,10003|31|2|1
2018,34003,1,1,1,354.0,52.0,5787.0,553.0,34003|1|1|1
2019,22053,1,1,1,43.0,21.0,303.0,71.0,22053|1|1|1
2019,22097,32,1,1,41.0,22.0,120.0,33.0,22097|32|1|1
2021,45015,32,1,1,385.0,117.0,1827.0,277.0,45015|32|1|1
2023,05069,32,1,1,73.0,29.0,37.0,15.0,05069|32|1|1
2024,27053,1,1,1,1030.0,161.0,9096.0,388.0,27053|1|1|1
2023,45043,1,1,1,190.0,143.0,581.0,90.0,45043|1|1|1
2023,45003,32,1,1,109.0,37.0,331.0,104.0,45003|32|1|1
2024,11001,1,1,1,1020.0,185.0,2652.0,133.0,11001|1|1|1
2025,27037,4,2,1,55.0,35.0,1033.0,349.0,27037|4|2|1
2018,19153,1,1,1,268.0,45.0,7405.0,527.0,19153|1|1|1
2018,01121,32,1,1,68.0,44.0,190.0,74.0,01121|32|1|1
2018,01089,32,1,1,302.0,167.0,860.0,235.0,01089|32|1|1
2018,06077,32,1,1,467.0,182.0,3180.0,806.0,06077|32|1|1
2018,48167,32,1,1,97.0,56.0,939.0,236.0,48167|32|1|1
2018,12057,32,1,3,36.0,16.0,252.0,63.0,12057|32|1|3
2018,12011,32,1,3,126.0,57.0,405.0,118.0,12011|32|1|3
2018,12035,32,1,1,75.0,37.0,628.0,198.0,12035|32|1|1
2018,21067,31,1,1,93.0,32.0,762.0,162.0,21067|31|1|1
2018,24047,1,1,1,47.0,18.0,630.0,69.0,24047|1|1|1
2018,29189,1,1,3,63.0,12.0,633.0,46.0,29189|1|1|3
2018,29510,4,1,1,65.0,55.0,114.0,39.0,29510|4|1|1
2018,36103,32,1,1,269.0,110.0,4973.0,1207.0,36103|32|1|1
2018,36103,2,1,1,63.0,43.0,1180.0,519.0,36103|2|1|1
2018,36047,31,1,3,74.0,23.0,234.0,39.0,36047|31|1|3
2018,39113,4,1,1,100.0,64.0,441.0,182.0,39113|4|1|1
2018,39049,32,1,1,710.0,296.0,4174.0,1068.0,39049|32|1|1
2018,42017,1,1,1,178.0,21.0,6244.0,564.0,42017|1|1|1
2018,48245,2,1,1,43.0,30.0,93.0,39.0,48245|2|1|1
2018,55079,32,1,1,271.0,153.0,1824.0,511.0,55079|32|1|1
2018,53061,2,2,1,89.0,47.0,2951.0,945.0,53061|2|2|1
2019,12086,2,2,1,397.0,312.0,3808.0,2654.0,12086|2|2|1
2019,13135,2,1,1,107.0,76.0,340.0,166.0,13135|2|1|1
2019,13215,32,1,1,215.0,123.0,267.0,84.0,13215|32|1|1
2019,13153,31,1,1,264.0,70.0,481.0,64.0,13153|31|1|1
2019,13275,1,1,1,93.0,44.0,342.0,47.0,13275|1|1|1
2019,26025,1,1,1,98.0,19.0,1510.0,184.0,26025|1|1|1
2019,48029,31,1,1,805.0,192.0,6083.0,1523.0,48029|31|1|1
2019,51800,1,1,1,601.0,77.0,1000.0,35.0,51800|1|1|1
2019,51177,32,1,1,146.0,65.0,718.0,157.0,51177|32|1|1
2019,51760,32,1,1,320.0,143.0,451.0,77.0,51760|32|1|1
2019,51590,1,1,1,67.0,10.0,127.0,15.0,51590|1|1|1
2019,06071,1,1,3,42.0,6.0,806.0,86.0,06071|1|1|3
2019,12103,32,1,1,283.0,118.0,4730.0,1198.0,12103|32|1|1
2019,13255,31,1,1,52.0,17.0,181.0,46.0,13255|31|1|1
2019,13027,1,1,1,32.0,23.0,134.0,44.0,13027|1|1|1
2019,39049,2,2,1,395.0,226.0,2552.0,759.0,39049|2|2|1
2019,48121,1,2,1,51.0,10.0,455.0,84.0,48121|1|2|1
2019,51153,1,2,1,58.0,9.0,132.0,26.0,51153|1|2|1
2020,26161,32,1,1,133.0,25.0,2430.0,226.0,26161|32|1|1
2020,37159,31,1,1,156.0,45.0,1738.0,258.0,37159|31|1|1
2020,47003,1,1,1,33.0,3.0,740.0,86.0,47003|1|1|1
2020,47119,1,1,1,165.0,58.0,2222.0,251.0,47119|1|1|1
2020,48339,32,1,1,64.0,20.0,2542.0,437.0,48339|32|1|1
2020,04013,4,2,1,187.0,117.0,5023.0,2423.0,04013|4|2|1
2020,24005,32,1,3,34.0,11.0,130.0,25.0,24005|32|1|3
2020,24031,1,2,1,41.0,4.0,121.0,20.0,24031|1|2|1
2020,29510,31,1,1,318.0,72.0,3607.0,260.0,29510|31|1|1
2020,37051,31,1,1,1555.0,341.0,2767.0,430.0,37051|31|1|1
2020,34001,32,1,1,30.0,20.0,736.0,163.0,34001|32|1|1
2020,34007,4,2,1,64.0,43.0,392.0,213.0,34007|4|2|1
2020,36055,1,1,1,649.0,87.0,6526.0,312.0,36055|1|1|1
2020,48439,31,1,3,99.0,20.0,880.0,126.0,48439|31|1|3
2020,48157,31,1,1,2761.0,745.0,8862.0,1325.0,48157|31|1|1
2020,48029,1,1,1,2491.0,456.0,23383.0,3235.0,48029|1|1|1
2020,48473,1,1,1,156.0,45.0,935.0,152.0,48473|1|1|1
2020,51093,1,1,1,171.0,30.0,623.0,62.0,51093|1|1|1
2020,51630,1,1,1,65.0,9.0,249.0,18.0,51630|1|1|1
2020,51041,4,2,1,77.0,46.0,412.0,169.0,51041|4|2|1
2021,12057,1,1,3,102.0,15.0,919.0,119.0,12057|1|1|3
2021,12086,31,1,1,2224.0,790.0,21004.0,4947.0,12086|31|1|1
2021,12019,32,1,1,241.0,96.0,1980.0,419.0,12019|32|1|1
2021,13067,2,1,1,82.0,45.0,431.0,148.0,13067|2|1|1
2021,13067,1,1,3,74.0,17.0,353.0,29.0,13067|1|1|3
2021,20173,32,1,1,137.0,49.0,2841.0,456.0,20173|32|1|1
2021,37019,1,1,1,278.0,108.0,3757.0,398.0,37019|1|1|1
2021,37085,31,1,1,439.0,100.0,1865.0,244.0,37085|31|1|1
2020,53033,31,1,1,1672.0,296.0,42798.0,3319.0,53033|31|1|1
2021,04021,1,2,1,67.0,11.0,416.0,58.0,04021|1|2|1
2021,08001,4,2,1,33.0,11.0,1205.0,378.0,08001|4|2|1
2021,13063,32,1,1,1507.0,500.0,229.0,65.0,13063|32|1|1
2021,25023,31,1,1,992.0,220.0,10092.0,1011.0,25023|31|1|1
2021,25017,2,2,1,141.0,75.0,3347.0,969.0,25017|2|2|1
2021,25025,31,2,1,105.0,48.0,230.0,77.0,25025|31|2|1
2021,36119,2,2,1,118.0,85.0,912.0,350.0,36119|2|2|1
2021,36063,1,1,1,152.0,37.0,1997.0,194.0,36063|1|1|1
2021,47037,1,1,3,64.0,0.0,1024.0,62.0,47037|1|1|3
2021,47125,31,1,1,766.0,146.0,2953.0,388.0,47125|31|1|1
2021,48453,1,1,1,825.0,213.0,13214.0,1295.0,48453|1|1|1
2022,06067,31,1,1,271.0,86.0,2129.0,366.0,06067|31|1|1
2022,06071,1,2,1,125.0,27.0,575.0,112.0,06071|1|2|1
2022,12099,32,1,3,125.0,49.0,490.0,133.0,12099|32|1|3
2022,13077,31,1,1,61.0,26.0,328.0,66.0,13077|31|1|1
2022,18097,1,1,1,2186.0,416.0,7892.0,513.0,18097|1|1|1
2022,26021,1,1,1,121.0,33.0,1555.0,210.0,26021|1|1|1
2021,39095,4,2,1,48.0,24.0,485.0,180.0,39095|4|2|1
2021,48029,1,2,1,86.0,15.0,968.0,101.0,48029|1|2|1
2022,12095,4,2,1,444.0,276.0,2477.0,1262.0,12095|4|2|1
2022,12105,4,2,1,191.0,148.0,1291.0,760.0,12105|4|2|1
2022,13073,1,1,1,598.0,78.0,1866.0,111.0,13073|1|1|1
2022,24011,1,1,1,39.0,8.0,346.0,32.0,24011|1|1|1
2022,24510,2,1,1,202.0,160.0,102.0,52.0,24510|2|1|1
2022,28033,1,1,1,1512.0,209.0,1756.0,136.0,28033|1|1|1
2022,42089,31,1,1,78.0,26.0,454.0,133.0,42089|31|1|1
2022,48001,1,1,1,91.0,64.0,562.0,216.0,48001|1|1|1
2022,51179,2,2,1,182.0,89.0,420.0,160.0,51179|2|2|1
2022,51810,2,2,1,209.0,99.0,1143.0,292.0,51810|2|2|1
2022,51153,2,2,1,394.0,183.0,1011.0,388.0,51153|2|2|1
2022,51760,2,2,1,141.0,96.0,315.0,101.0,51760|2|2|1
2022,51087,4,1,1,35.0,19.0,140.0,42.0,51087|4|1|1
2023,01073,4,2,1,442.0,246.0,1041.0,318.0,01073|4|2|1
2023,12105,4,1,1,54.0,37.0,420.0,229.0,12105|4|1|1
2023,12011,2,1,1,194.0,142.0,764.0,462.0,12011|2|1|1
2023,13089,4,2,1,699.0,412.0,550.0,251.0,13089|4|2|1
2023,13135,32,1,3,44.0,19.0,53.0,20.0,13135|32|1|3
2022,36059,32,2,1,48.0,28.0,431.0,140.0,36059|32|2|1
2022,48245,31,1,1,119.0,52.0,324.0,84.0,48245|31|1|1
2022,51193,1,1,1,77.0,13.0,271.0,22.0,51193|1|1|1
2023,12009,1,1,2,36.0,10.0,337.0,48.0,12009|1|1|2
2023,26163,1,2,1,150.0,47.0,208.0,37.0,26163|1|2|1
2023,26065,1,1,1,244.0,73.0,2293.0,346.0,26065|1|1|1
2023,29510,2,1,1,101.0,91.0,66.0,30.0,29510|2|1|1
2023,34013,32,1,3,75.0,31.0,112.0,26.0,34013|32|1|3
2023,39153,31,1,1,67.0,27.0,728.0,190.0,39153|31|1|1
2023,51041,32,1,1,332.0,134.0,573.0,179.0,51041|32|1|1
2023,51770,1,1,1,145.0,27.0,639.0,85.0,51770|1|1|1
2024,06029,32,1,1,112.0,44.0,1105.0,348.0,06029|32|1|1
2024,06099,32,1,1,41.0,17.0,620.0,174.0,06099|32|1|1
2024,12103,31,1,1,75.0,32.0,1020.0,289.0,12103|31|1|1
2024,12099,1,1,1,1799.0,415.0,9470.0,1325.0,12099|1|1|1
2024,13051,4,2,1,167.0,96.0,411.0,185.0,13051|4|2|1
2024,13067,32,1,3,53.0,28.0,83.0,16.0,13067|32|1|3
2023,42077,32,1,1,46.0,19.0,476.0,148.0,42077|32|1|1
2023,48245,32,1,1,57.0,34.0,132.0,56.0,48245|32|1|1
2024,06013,2,2,1,171.0,79.0,1238.0,404.0,06013|2|2|1
2018,40027,1,1,1,149.0,25.0,3280.0,390.0,40027|1|1|1
2018,44007,31,1,1,134.0,62.0,2265.0,587.0,44007|31|1|1
2018,47157,1,2,1,66.0,13.0,96.0,15.0,47157|1|2|1
2018,47037,2,1,1,144.0,88.0,512.0,208.0,47037|2|1|1
2019,01051,1,1,1,235.0,85.0,1157.0,161.0,01051|1|1|1
2020,01073,32,1,3,25.0,15.0,95.0,13.0,01073|32|1|3
2020,01123,1,1,1,106.0,72.0,451.0,105.0,01123|1|1|1
2020,25021,31,1,1,782.0,168.0,15465.0,1176.0,25021|31|1|1
2020,25021,2,2,1,94.0,61.0,1314.0,418.0,25021|2|2|1
2020,28049,4,1,1,88.0,56.0,65.0,20.0,28049|4|1|1
2020,28033,2,2,1,36.0,24.0,125.0,63.0,28033|2|2|1
2021,22005,1,1,1,1043.0,335.0,1863.0,192.0,22005|1|1|1
2021,28067,1,1,1,119.0,55.0,627.0,185.0,28067|1|1|1
2021,28079,1,1,1,90.0,43.0,124.0,40.0,28079|1|1|1
2021,24027,4,2,1,76.0,45.0,234.0,72.0,24027|4|2|1
2022,01123,1,1,1,104.0,46.0,447.0,115.0,01123|1|1|1
2022,01041,1,1,1,56.0,45.0,151.0,71.0,01041|1|1|1
2022,01073,31,1,1,586.0,246.0,1099.0,215.0,01073|31|1|1
2022,01081,32,1,1,179.0,72.0,496.0,127.0,01081|32|1|1
2022,01035,1,1,1,54.0,38.0,52.0,18.0,01035|1|1|1
2022,17119,1,1,1,282.0,67.0,3219.0,277.0,17119|1|1|1
2021,33011,1,1,1,101.0,17.0,4696.0,322.0,33011|1|1|1
2022,17031,2,1,1,603.0,429.0,1286.0,561.0,17031|2|1|1
2023,06065,32,1,3,43.0,21.0,346.0,117.0,06065|32|1|3
2023,22073,32,1,1,57.0,25.0,127.0,53.0,22073|32|1|1
2023,22057,1,1,1,217.0,146.0,807.0,179.0,22057|1|1|1
2022,45045,4,2,1,118.0,70.0,1143.0,371.0,45045|4|2|1
2022,45055,1,1,1,409.0,112.0,810.0,117.0,45055|1|1|1
2022,45025,1,1,1,191.0,122.0,331.0,95.0,45025|1|1|1
2023,06073,2,2,1,310.0,146.0,5552.0,1982.0,06073|2|2|1
2024,18097,1,1,1,2249.0,466.0,6904.0,638.0,18097|1|1|1
2024,28133,1,1,1,80.0,33.0,32.0,8.0,28133|1|1|1
2024,36065,1,1,1,59.0,9.0,1312.0,198.0,36065|1|1|1
2024,01069,32,1,1,49.0,23.0,196.0,73.0,01069|32|1|1
2024,01113,1,1,1,238.0,66.0,397.0,58.0,01113|1|1|1
2024,24017,32,1,1,362.0,169.0,175.0,44.0,24017|32|1|1
2024,24005,1,2,1,127.0,19.0,135.0,20.0,24005|1|2|1
2024,42003,2,1,1,167.0,121.0,1076.0,351.0,42003|2|1|1
2025,42045,4,1,1,72.0,47.0,287.0,101.0,42045|4|1|1
2018,25021,4,2,1,110.0,76.0,1352.0,500.0,25021|4|2|1
2018,25025,32,1,1,499.0,178.0,1297.0,250.0,25025|32|1|1
2018,45079,4,2,1,134.0,82.0,369.0,130.0,45079|4|2|1
2018,45045,31,1,1,169.0,64.0,1392.0,335.0,45045|31|1|1
2019,22077,1,1,1,74.0,29.0,185.0,28.0,22077|1|1|1
2020,11001,31,2,1,96.0,53.0,191.0,57.0,11001|31|2|1
2021,11001,1,2,1,52.0,18.0,70.0,20.0,11001|1|2|1
2022,08001,4,2,1,75.0,49.0,1982.0,701.0,08001|4|2|1
2022,25009,32,1,1,162.0,57.0,2740.0,488.0,25009|32|1|1
2023,05019,1,1,1,53.0,32.0,197.0,77.0,05019|1|1|1
2023,05011,1,1,1,27.0,18.0,64.0,33.0,05011|1|1|1
2024,27109,1,1,1,85.0,7.0,1372.0,69.0,27109|1|1|1
2025,27053,32,1,1,148.0,77.0,1147.0,289.0,27053|32|1|1
2025,25027,32,1,1,106.0,49.0,1678.0,459.0,25027|32|1|1
2025,47065,31,1,1,108.0,40.0,930.0,135.0,47065|31|1|1
2018,06067,32,1,1,961.0,321.0,6701.0,1583.0,06067|32|1|1
2018,24033,32,1,1,3666.0,1693.0,949.0,306.0,24033|32|1|1
2018,12031,31,1,1,503.0,241.0,1644.0,497.0,12031|31|1|1
2018,12095,2,2,1,317.0,248.0,2049.0,1051.0,12095|2|2|1
2018,24027,1,1,1,661.0,105.0,2113.0,127.0,24027|1|1|1
2018,24005,1,2,1,68.0,20.0,151.0,36.0,24005|1|2|1
2018,29099,1,1,1,25.0,4.0,3469.0,351.0,29099|1|1|1
2018,36081,32,1,3,71.0,20.0,208.0,49.0,36081|32|1|3
2018,39049,1,1,1,2033.0,357.0,12085.0,940.0,39049|1|1|1
2018,39151,1,1,1,155.0,33.0,4262.0,366.0,39151|1|1|1
2018,55079,1,1,3,82.0,14.0,554.0,62.0,55079|1|1|3
2019,06099,1,1,1,141.0,17.0,4308.0,372.0,06099|1|1|1
2019,13185,1,1,1,281.0,65.0,1125.0,132.0,13185|1|1|1
2019,17097,1,1,1,359.0,43.0,7085.0,590.0,17097|1|1|1
2019,17197,32,1,1,224.0,75.0,2837.0,551.0,17197|32|1|1
2019,21111,1,2,1,110.0,12.0,383.0,56.0,21111|1|2|1
2019,26049,31,1,1,122.0,41.0,1868.0,288.0,26049|31|1|1
2019,34003,1,1,1,362.0,55.0,5808.0,479.0,34003|1|1|1
2019,34013,1,2,1,42.0,20.0,71.0,23.0,34013|1|2|1
2019,39061,32,1,1,374.0,186.0,2322.0,516.0,39061|32|1|1
2019,39113,32,1,1,130.0,75.0,1260.0,317.0,39113|32|1|1
2019,42095,1,1,1,209.0,33.0,3094.0,295.0,42095|1|1|1
2019,42049,1,1,1,89.0,16.0,2338.0,260.0,42049|1|1|1
2019,48157,4,1,1,93.0,64.0,233.0,123.0,48157|4|1|1
2019,48121,2,2,1,121.0,90.0,1168.0,599.0,48121|2|2|1
2019,51059,31,1,1,611.0,109.0,5933.0,625.0,51059|31|1|1
2019,13177,1,1,1,100.0,37.0,401.0,42.0,13177|1|1|1
2019,13151,4,1,1,52.0,35.0,104.0,41.0,13151|4|1|1
2019,17031,31,2,1,183.0,109.0,1628.0,592.0,17031|31|2|1
2019,17163,4,2,1,39.0,33.0,254.0,128.0,17163|4|2|1
2019,39061,2,2,1,248.0,141.0,1468.0,470.0,39061|2|2|1
2019,48241,1,1,1,57.0,44.0,365.0,139.0,48241|1|1|1
2019,48439,4,1,1,124.0,88.0,825.0,391.0,48439|4|1|1
2020,12111,1,1,2,81.0,16.0,639.0,63.0,12111|1|1|2
2020,12031,32,1,3,54.0,18.0,283.0,54.0,12031|32|1|3
2020,22017,31,1,1,688.0,188.0,1820.0,272.0,22017|31|1|1
2020,26125,32,1,1,693.0,179.0,10737.0,1159.0,26125|32|1|1
2020,40143,1,1,1,423.0,65.0,7326.0,488.0,40143|1|1|1
2020,40143,32,1,1,84.0,28.0,1950.0,313.0,40143|32|1|1
2020,48187,32,1,1,31.0,13.0,521.0,116.0,48187|32|1|1
2020,48121,31,1,1,1625.0,347.0,17514.0,2023.0,48121|31|1|1
2020,06067,2,2,1,88.0,61.0,1148.0,490.0,06067|2|2|1
2020,06065,4,2,1,97.0,63.0,1479.0,847.0,06065|4|2|1
2020,12111,4,1,1,41.0,30.0,374.0,176.0,12111|4|1|1
2020,12031,1,2,1,194.0,34.0,320.0,47.0,12031|1|2|1
2020,37101,4,2,1,32.0,16.0,382.0,127.0,37101|4|2|1
2020,37001,4,2,1,39.0,17.0,256.0,94.0,37001|4|2|1
2020,34021,2,2,1,39.0,24.0,327.0,139.0,34021|2|2|1
2020,36055,2,1,1,69.0,53.0,411.0,130.0,36055|2|1|1
2020,51087,32,1,1,366.0,96.0,1630.0,199.0,51087|32|1|1
2021,06019,1,1,1,310.0,47.0,6538.0,597.0,06019|1|1|1
2021,08041,31,1,1,919.0,137.0,15254.0,1496.0,08041|31|1|1
2021,12097,32,1,1,362.0,131.0,2275.0,591.0,12097|32|1|1
2021,13051,32,1,1,422.0,174.0,1272.0,216.0,13051|32|1|1
2021,13185,1,1,1,512.0,118.0,1450.0,117.0,13185|1|1|1
2021,13067,31,2,1,51.0,21.0,176.0,47.0,13067|31|2|1
2021,13067,1,2,1,75.0,22.0,132.0,35.0,13067|1|2|1
2021,17089,1,1,1,381.0,50.0,7067.0,413.0,17089|1|1|1
2021,26125,4,2,1,125.0,66.0,1527.0,461.0,26125|4|2|1
2021,26049,2,1,1,69.0,41.0,398.0,81.0,26049|2|1|1
2021,37183,32,1,1,1559.0,340.0,8759.0,820.0,37183|32|1|1
2021,37071,1,2,1,38.0,7.0,70.0,15.0,37071|1|2|1
2021,37183,1,2,1,44.0,16.0,260.0,58.0,37183|1|2|1
2021,37051,4,1,1,38.0,23.0,80.0,31.0,37051|4|1|1
2021,37183,4,2,1,318.0,122.0,2133.0,538.0,37183|4|2|1
2020,51550,2,2,1,70.0,40.0,255.0,104.0,51550|2|2|1
2021,06067,2,1,1,48.0,20.0,530.0,124.0,06067|2|1|1
2021,10005,1,1,1,452.0,147.0,4398.0,462.0,10005|1|1|1
2021,12107,1,1,1,123.0,73.0,949.0,314.0,12107|1|1|1
2021,12111,2,1,1,61.0,35.0,366.0,151.0,12111|2|1|1
2021,13071,1,1,1,90.0,60.0,352.0,121.0,13071|1|1|1
2021,13305,1,1,1,56.0,30.0,324.0,101.0,13305|1|1|1
2021,17197,2,2,1,81.0,51.0,758.0,338.0,17197|2|2|1
2021,29019,1,1,1,150.0,22.0,2347.0,104.0,29019|1|1|1
2021,37191,31,1,1,294.0,66.0,1048.0,140.0,37191|31|1|1
2021,34041,1,1,1,158.0,21.0,1298.0,126.0,34041|1|1|1
2021,39049,2,1,1,170.0,83.0,686.0,238.0,39049|2|1|1
2021,47149,1,1,1,906.0,140.0,5114.0,391.0,47149|1|1|1
2021,47037,31,2,1,49.0,29.0,182.0,62.0,47037|31|2|1
2021,48187,1,1,1,298.0,44.0,3170.0,395.0,48187|1|1|1
2021,51770,32,1,1,92.0,36.0,387.0,74.0,51770|32|1|1
2022,06111,1,1,1,112.0,22.0,4416.0,408.0,06111|1|1|1
2022,12057,1,1,3,121.0,33.0,848.0,135.0,12057|1|1|3
2022,26125,31,2,1,79.0,30.0,749.0,200.0,26125|31|2|1
2021,39113,2,1,1,183.0,66.0,378.0,133.0,39113|2|1|1
2021,48245,32,1,1,130.0,66.0,481.0,110.0,48245|32|1|1
2021,48201,4,1,1,251.0,189.0,1345.0,652.0,48201|4|1|1
2022,04013,1,1,1,2710.0,490.0,42460.0,4263.0,04013|1|1|1
2022,06037,32,1,3,649.0,174.0,3285.0,645.0,06037|32|1|3
2022,12011,2,2,1,1042.0,680.0,4040.0,2092.0,12011|2|2|1
2022,18057,32,1,1,113.0,30.0,1833.0,288.0,18057|32|1|1
2022,28059,1,1,1,263.0,69.0,1738.0,290.0,28059|1|1|1
2022,36047,1,1,3,81.0,20.0,506.0,85.0,36047|1|1|3
2022,51550,31,1,1,228.0,57.0,432.0,102.0,51550|31|1|1
2022,51760,1,1,1,349.0,64.0,1779.0,66.0,51760|1|1|1
2022,51087,4,2,1,201.0,119.0,499.0,158.0,51087|4|2|1
2023,01089,4,2,1,276.0,146.0,880.0,291.0,01089|4|2|1
2023,08001,4,2,1,70.0,40.0,1828.0,798.0,08001|4|2|1
2023,12111,1,1,1,1958.0,522.0,4054.0,595.0,12111|1|1|1
2023,12015,1,1,1,168.0,46.0,3365.0,548.0,12015|1|1|1
2023,13089,32,1,1,1661.0,772.0,288.0,83.0,13089|32|1|1
2023,13063,1,1,1,1708.0,314.0,333.0,44.0,13063|1|1|1
2023,13097,31,1,1,95.0,49.0,51.0,19.0,13097|31|1|1
2023,13121,31,1,3,86.0,39.0,30.0,10.0,13121|31|1|3
2023,13135,31,2,1,99.0,52.0,187.0,80.0,13135|31|2|1
2023,13275,1,1,1,151.0,109.0,311.0,95.0,13275|1|1|1
2022,28133,1,1,1,88.0,47.0,31.0,9.0,28133|1|1|1
2022,36111,1,1,1,64.0,13.0,1240.0,150.0,36111|1|1|1
2022,48423,32,1,1,102.0,42.0,631.0,162.0,48423|32|1|1
2023,01091,1,1,1,89.0,59.0,75.0,23.0,01091|1|1|1
2023,12101,2,2,1,155.0,88.0,1590.0,730.0,12101|2|2|1
2023,26163,1,1,1,3724.0,1060.0,8788.0,1211.0,26163|1|1|1
2023,27053,1,1,3,67.0,14.0,321.0,21.0,27053|1|1|3
2023,39061,31,1,1,108.0,51.0,607.0,148.0,39061|31|1|1
2023,39153,32,1,1,135.0,63.0,1057.0,274.0,39153|32|1|1
2023,48113,31,1,3,60.0,27.0,142.0,57.0,48113|31|1|3
2024,06037,31,1,3,93.0,40.0,747.0,198.0,06037|31|1|3
2024,12099,4,1,1,105.0,74.0,1067.0,546.0,12099|4|1|1
2024,12061,1,1,1,114.0,21.0,1665.0,236.0,12061|1|1|1
2024,12011,2,1,1,185.0,136.0,707.0,425.0,12011|2|1|1
2024,13247,4,2,1,229.0,122.0,62.0,24.0,13247|4|2|1
2024,17031,31,1,1,1089.0,356.0,4190.0,635.0,17031|31|1|1
2023,29189,32,1,3,34.0,12.0,88.0,19.0,29189|32|1|3
2023,42101,2,2,1,1333.0,831.0,1317.0,563.0,42101|2|2|1
2024,06065,4,2,1,591.0,327.0,4414.0,1987.0,06065|4|2|1
2024,12031,2,1,1,84.0,50.0,226.0,113.0,12031|2|1|1
2024,13027,1,1,1,48.0,37.0,117.0,48.0,13027|1|1|1
2024,21111,1,1,3,47.0,10.0,383.0,44.0,21111|1|1|3
2024,26121,32,1,1,52.0,26.0,452.0,125.0,26121|32|1|1
2024,26163,4,2,1,611.0,330.0,2310.0,864.0,26163|4|2|1
2024,37145,1,1,1,109.0,38.0,325.0,52.0,37145|1|1|1
2024,37085,1,1,1,480.0,104.0,2060.0,212.0,37085|1|1|1
2024,40145,1,1,1,66.0,8.0,1140.0,149.0,40145|1|1|1
2024,47037,31,2,1,99.0,42.0,366.0,108.0,47037|31|2|1
2024,47065,31,1,1,84.0,23.0,588.0,121.0,47065|31|1|1
2025,13057,1,1,1,166.0,32.0,2795.0,196.0,13057|1|1|1
2025,13199,1,1,1,33.0,17.0,192.0,23.0,13199|1|1|1
2025,13251,1,1,1,42.0,26.0,65.0,17.0,13251|1|1|1
2025,13217,2,2,1,123.0,69.0,91.0,25.0,13217|2|2|1
2025,13285,1,1,1,157.0,32.0,498.0,54.0,13285|1|1|1
2024,48099,1,1,1,146.0,24.0,612.0,92.0,48099|1|1|1
2025,26099,4,2,1,228.0,112.0,2120.0,734.0,26099|4|2|1
2025,26049,31,1,1,94.0,36.0,846.0,156.0,26049|31|1|1
2025,37063,1,1,1,420.0,73.0,2197.0,101.0,37063|1|1|1
2025,37109,1,1,1,79.0,22.0,1200.0,139.0,37109|1|1|1
2025,37051,32,1,1,634.0,279.0,594.0,174.0,37051|32|1|1
2025,29095,1,1,1,771.0,98.0,6091.0,313.0,29095|1|1|1
2025,37107,1,1,1,175.0,74.0,351.0,69.0,37107|1|1|1
2025,37007,1,1,1,71.0,37.0,108.0,15.0,37007|1|1|1
2025,39099,1,1,1,159.0,20.0,1754.0,115.0,39099|1|1|1
2025,39061,32,1,1,469.0,208.0,1319.0,344.0,39061|32|1|1
2025,39049,1,2,1,167.0,35.0,402.0,59.0,39049|1|2|1
2025,45015,31,1,1,175.0,51.0,702.0,119.0,45015|31|1|1
2025,51149,1,1,1,116.0,55.0,246.0,54.0,51149|1|1|1
2025,51179,32,1,1,165.0,61.0,287.0,74.0,51179|32|1|1
2025,51650,4,2,1,169.0,69.0,139.0,37.0,51650|4|2|1
2018,13247,1,1,1,893.0,179.0,298.0,49.0,13247|1|1|1
2018,13073,32,1,1,149.0,69.0,490.0,176.0,13073|32|1|1
2018,17093,1,1,1,181.0,36.0,2151.0,172.0,17093|1|1|1
2018,51089,1,1,1,75.0,25.0,263.0,65.0,51089|1|1|1
2019,05125,1,1,1,231.0,48.0,2020.0,280.0,05125|1|1|1
2019,05031,1,1,1,102.0,21.0,1347.0,138.0,05031|1|1|1
2019,08035,1,1,1,91.0,12.0,6972.0,455.0,08035|1|1|1
2019,24005,4,1,1,88.0,59.0,368.0,161.0,24005|4|1|1
2019,24033,1,1,3,139.0,44.0,111.0,19.0,24033|1|1|3
2019,27037,32,1,1,69.0,29.0,2452.0,411.0,27037|32|1|1
2019,27003,32,1,1,78.0,32.0,2489.0,455.0,27003|32|1|1
2019,37051,1,1,1,1312.0,204.0,2413.0,170.0,37051|1|1|1
2019,37081,1,1,1,1722.0,287.0,4304.0,293.0,37081|1|1|1
2019,37063,1,1,1,824.0,110.0,3234.0,151.0,37063|1|1|1
2019,47149,32,1,1,324.0,111.0,2201.0,400.0,47149|32|1|1
2019,24033,4,1,1,246.0,163.0,90.0,47.0,24033|4|1|1
2019,37085,32,1,1,93.0,57.0,328.0,98.0,37085|32|1|1
2019,47075,1,1,1,53.0,25.0,88.0,20.0,47075|1|1|1
2020,05143,1,1,1,71.0,8.0,3382.0,259.0,05143|1|1|1
2020,13063,1,1,3,75.0,13.0,41.0,5.0,13063|1|1|3
2020,13255,1,1,1,300.0,48.0,691.0,68.0,13255|1|1|1
2020,13073,32,1,1,114.0,43.0,721.0,128.0,13073|32|1|1
2020,13073,31,1,1,704.0,106.0,2537.0,307.0,13073|31|1|1
2020,13285,1,1,1,215.0,34.0,681.0,61.0,13285|1|1|1
2020,13215,4,1,1,37.0,22.0,65.0,18.0,13215|4|1|1
2020,54039,1,1,1,80.0,24.0,1801.0,279.0,54039|1|1|1
2020,45027,1,1,1,167.0,122.0,236.0,57.0,45027|1|1|1
2021,05107,1,1,1,40.0,23.0,49.0,16.0,05107|1|1|1
2022,05139,1,1,1,209.0,142.0,349.0,112.0,05139|1|1|1
2021,32003,1,1,1,3696.0,576.0,25339.0,2222.0,32003|1|1|1
2022,29095,4,2,1,154.0,93.0,891.0,392.0,29095|4|2|1
2022,29189,1,2,1,167.0,21.0,232.0,51.0,29189|1|2|1
2022,37119,31,1,1,907.0,271.0,2130.0,332.0,37119|31|1|1
2022,37135,1,1,1,160.0,38.0,1113.0,49.0,37135|1|1|1
2022,37105,1,1,1,104.0,27.0,615.0,49.0,37105|1|1|1
2022,47149,2,2,1,132.0,66.0,1049.0,392.0,47149|2|2|1
2022,47157,1,1,3,155.0,33.0,798.0,28.0,47157|1|1|3
2022,37167,1,1,1,218.0,43.0,941.0,117.0,37167|1|1|1
2022,37183,4,2,1,724.0,334.0,3366.0,938.0,37183|4|2|1
2022,47053,1,1,1,85.0,20.0,562.0,83.0,47053|1|1|1
2023,24031,4,1,1,53.0,33.0,160.0,61.0,24031|4|1|1
2023,24025,32,1,1,78.0,41.0,344.0,97.0,24025|32|1|1
2023,37135,32,1,1,28.0,10.0,83.0,19.0,37135|32|1|1
2023,37119,32,1,1,1051.0,398.0,950.0,247.0,37119|32|1|1
2023,37057,31,1,1,34.0,12.0,286.0,66.0,37057|31|1|1
2023,37183,1,1,3,50.0,13.0,399.0,33.0,37183|1|1|3
2023,37101,2,2,1,189.0,95.0,656.0,205.0,37101|2|2|1
2023,41051,2,2,1,83.0,37.0,1686.0,415.0,41051|2|2|1
2023,47037,32,1,1,505.0,199.0,798.0,218.0,47037|32|1|1
2023,36005,31,1,1,69.0,24.0,41.0,12.0,36005|31|1|1
2023,36081,1,2,1,47.0,33.0,52.0,31.0,36081|1|2|1
2024,25023,4,2,1,199.0,123.0,1377.0,558.0,25023|4|2|1
2024,34003,4,2,1,151.0,93.0,1467.0,681.0,34003|4|2|1
2024,34039,4,2,1,240.0,137.0,670.0,321.0,34039|4|2|1
2024,39045,1,1,1,279.0,61.0,1550.0,113.0,39045|1|1|1
2024,39035,31,1,1,390.0,160.0,1529.0,375.0,39035|31|1|1
2024,45079,4,2,1,337.0,189.0,360.0,136.0,45079|4|2|1
2024,51550,31,1,1,201.0,35.0,398.0,63.0,51550|31|1|1
2024,51199,1,1,1,78.0,14.0,511.0,25.0,51199|1|1|1
2025,01013,1,1,1,97.0,67.0,121.0,41.0,01013|1|1|1
2025,22083,1,1,1,76.0,64.0,157.0,68.0,22083|1|1|1
2024,45079,1,2,1,174.0,35.0,62.0,11.0,45079|1|2|1
2025,01101,4,2,1,163.0,84.0,142.0,40.0,01101|4|2|1
2025,36059,4,1,1,58.0,35.0,470.0,190.0,36059|4|1|1
2018,40017,1,1,1,113.0,15.0,2539.0,224.0,40017|1|1|1
2018,47113,31,1,1,77.0,32.0,206.0,44.0,47113|31|1|1
2019,01123,1,1,1,59.0,31.0,341.0,61.0,01123|1|1|1
2019,01005,1,1,1,53.0,31.0,122.0,28.0,01005|1|1|1
2020,28083,1,1,1,43.0,15.0,72.0,4.0,28083|1|1|1
2020,01089,4,2,1,109.0,65.0,466.0,182.0,01089|4|2|1
2020,25027,4,2,1,29.0,18.0,804.0,360.0,25027|4|2|1
2022,01101,32,1,1,504.0,269.0,301.0,78.0,01101|32|1|1
2022,01089,31,1,1,229.0,73.0,802.0,132.0,01089|31|1|1
2022,01073,2,1,1,336.0,234.0,357.0,117.0,01073|2|1|1
2022,11001,1,2,1,39.0,18.0,85.0,31.0,11001|1|2|1
2023,22071,32,1,1,325.0,186.0,126.0,47.0,22071|32|1|1
2022,45019,4,2,1,61.0,41.0,971.0,313.0,45019|4|2|1
2024,18097,4,1,1,133.0,99.0,408.0,168.0,18097|4|1|1
2024,28071,1,1,1,84.0,52.0,381.0,46.0,28071|1|1|1
2024,28001,1,1,1,127.0,69.0,84.0,20.0,28001|1|1|1
2024,28033,2,2,1,167.0,107.0,197.0,77.0,28033|2|2|1
2024,36027,2,2,1,89.0,46.0,669.0,193.0,36027|2|2|1
2024,01067,1,1,1,36.0,25.0,168.0,36.0,01067|1|1|1
2024,01129,1,1,1,41.0,27.0,127.0,59.0,01129|1|1|1
2024,24510,32,1,1,617.0,319.0,211.0,73.0,24510|32|1|1
2024,24510,31,1,1,311.0,118.0,215.0,51.0,24510|31|1|1
2024,24005,2,2,1,478.0,296.0,937.0,365.0,24005|2|2|1
2024,42041,1,1,1,74.0,14.0,1849.0,199.0,42041|1|1|1
2024,36047,32,1,3,127.0,37.0,267.0,70.0,36047|32|1|3
2024,42045,32,2,1,126.0,68.0,400.0,86.0,42045|32|2|1
2025,24003,1,2,1,60.0,19.0,100.0,22.0,24003|1|2|1
2025,53053,1,2,1,322.0,30.0,434.0,57.0,53053|1|2|1
2018,45079,31,1,1,471.0,225.0,630.0,148.0,45079|31|1|1
2018,45057,32,1,1,58.0,25.0,298.0,92.0,45057|32|1|1
2020,23005,1,1,1,87.0,7.0,3674.0,338.0,23005|1|1|1
2021,45039,1,1,1,99.0,54.0,128.0,25.0,45039|1|1|1
2022,25017,31,2,1,39.0,15.0,1444.0,334.0,25017|31|2|1
2023,05143,1,1,1,67.0,11.0,2362.0,242.0,05143|1|1|1
2023,05119,1,1,3,52.0,12.0,260.0,17.0,05119|1|1|3
2023,11001,1,1,1,1230.0,224.0,2790.0,121.0,11001|1|1|1
2023,45063,1,1,1,669.0,258.0,3251.0,443.0,45063|1|1|1
2025,18097,31,1,1,490.0,139.0,1661.0,259.0,18097|31|1|1
2025,04021,1,2,1,45.0,14.0,357.0,42.0,04021|1|2|1
2025,04013,2,1,1,49.0,22.0,1893.0,581.0,04013|2|1|1
2025,25021,32,1,1,95.0,41.0,716.0,157.0,25021|32|1|1
2025,25023,31,1,1,153.0,41.0,1403.0,234.0,25023|31|1|1
2025,47037,1,2,1,99.0,24.0,273.0,45.0,47037|1|2|1
2025,47053,1,1,1,55.0,23.0,519.0,90.0,47053|1|1|1
2025,47097,1,1,1,57.0,24.0,145.0,35.0,47097|1|1|1
2018,11001,32,1,1,1486.0,599.0,694.0,155.0,11001|32|1|1
2019,45019,31,1,1,233.0,69.0,2656.0,369.0,45019|31|1|1
2019,45045,4,1,1,39.0,28.0,353.0,122.0,45045|4|1|1
2024,12031,31,1,3,27.0,12.0,59.0,20.0,12031|31|1|3
2024,13135,1,1,3,72.0,14.0,238.0,32.0,13135|1|1|3
2024,13297,1,1,1,258.0,62.0,986.0,75.0,13297|1|1|1
2024,26099,4,2,1,255.0,141.0,2209.0,795.0,26099|4|2|1
2024,37147,32,1,1,126.0,56.0,181.0,57.0,37147|32|1|1
2024,37063,2,1,1,71.0,40.0,99.0,36.0,37063|2|1|1
2024,37077,1,1,1,81.0,29.0,360.0,50.0,37077|1|1|1
2024,47093,32,1,1,118.0,30.0,1302.0,309.0,47093|32|1|1
2024,47149,32,1,1,194.0,70.0,746.0,171.0,47149|32|1|1
2024,48245,2,1,1,45.0,31.0,65.0,31.0,48245|2|1|1
2024,48067,1,1,1,49.0,32.0,284.0,108.0,48067|1|1|1
2024,48113,2,1,1,219.0,165.0,566.0,328.0,48113|2|1|1
2024,48029,4,2,1,201.0,127.0,1996.0,1158.0,48029|4|2|1
2025,13089,32,1,3,182.0,70.0,127.0,18.0,13089|32|1|3
2025,13089,1,1,3,148.0,33.0,167.0,21.0,13089|1|1|3
2025,13113,32,1,1,186.0,84.0,199.0,49.0,13113|32|1|1
2025,13021,4,1,1,32.0,20.0,68.0,23.0,13021|4|1|1
2024,37067,2,1,1,60.0,33.0,233.0,97.0,37067|2|1|1
2024,44007,4,2,1,233.0,152.0,1595.0,688.0,44007|4|2|1
2024,48439,32,1,1,613.0,246.0,2399.0,655.0,48439|32|1|1
2025,12009,4,2,1,131.0,66.0,1356.0,577.0,12009|4|2|1
2025,37119,2,2,1,681.0,371.0,1965.0,558.0,37119|2|2|1
2025,37025,2,2,1,121.0,60.0,452.0,146.0,37025|2|2|1
2025,26125,32,1,1,490.0,180.0,2173.0,477.0,26125|32|1|1
2025,37101,32,1,1,200.0,94.0,621.0,162.0,37101|32|1|1
2025,37127,31,1,1,113.0,34.0,140.0,46.0,37127|31|1|1
2025,32031,1,1,1,48.0,8.0,3682.0,330.0,32031|1|1|1
2025,32003,32,1,1,695.0,268.0,3321.0,1002.0,32003|32|1|1
2025,32003,31,2,1,78.0,35.0,834.0,241.0,32003|31|2|1
2025,39003,1,1,1,75.0,8.0,870.0,113.0,39003|1|1|1
2025,48367,1,1,1,55.0,12.0,2743.0,400.0,48367|1|1|1
2025,48201,1,1,3,496.0,98.0,1559.0,255.0,48201|1|1|3
2025,48041,1,1,1,215.0,116.0,1796.0,283.0,48041|1|1|1
2025,51550,1,2,1,53.0,9.0,62.0,7.0,51550|1|2|1
2018,13121,1,1,1,4785.0,968.0,8007.0,649.0,13121|1|1|1
2018,13305,1,1,1,46.0,26.0,305.0,115.0,13305|1|1|1
2018,17031,31,2,1,216.0,127.0,2165.0,875.0,17031|31|2|1
2018,26099,1,1,1,1467.0,385.0,11186.0,1419.0,26099|1|1|1
2018,37119,2,1,1,144.0,85.0,409.0,139.0,37119|2|1|1
2018,51700,1,1,1,538.0,80.0,1097.0,68.0,51700|1|1|1
2018,51149,1,1,1,120.0,27.0,292.0,40.0,51149|1|1|1
2018,51570,1,1,1,39.0,6.0,174.0,9.0,51570|1|1|1
2018,51700,31,1,1,125.0,47.0,207.0,64.0,51700|31|1|1
2018,51800,32,1,1,212.0,109.0,285.0,92.0,51800|32|1|1
2018,51810,31,1,1,192.0,77.0,981.0,245.0,51810|31|1|1
2018,51810,2,2,1,129.0,87.0,867.0,331.0,51810|2|2|1
2019,05007,1,1,1,99.0,19.0,4892.0,344.0,05007|1|1|1
2019,08005,1,2,1,101.0,14.0,676.0,57.0,08005|1|2|1
2019,08041,31,1,1,582.0,97.0,8172.0,900.0,08041|31|1|1
2019,37179,4,2,1,57.0,35.0,821.0,340.0,37179|4|2|1
2019,47037,32,1,1,1047.0,329.0,2740.0,508.0,47037|32|1|1
2019,47165,32,1,1,91.0,40.0,1397.0,250.0,47165|32|1|1
2019,47157,31,1,3,94.0,48.0,144.0,22.0,47157|31|1|3
2019,37033,1,1,1,33.0,16.0,128.0,21.0,37033|1|1|1
2020,05027,1,1,1,115.0,88.0,155.0,46.0,05027|1|1|1
2020,13145,1,1,1,84.0,18.0,610.0,45.0,13145|1|1|1
2020,17111,1,1,1,87.0,17.0,5434.0,394.0,17111|1|1|1
2019,49035,1,1,1,183.0,22.0,15350.0,1158.0,49035|1|1|1
2020,13013,32,1,1,50.0,11.0,615.0,89.0,13013|32|1|1
2020,13089,1,1,3,129.0,34.0,250.0,28.0,13089|1|1|3
2020,13121,2,2,1,443.0,316.0,1256.0,546.0,13121|2|2|1
2020,13089,4,2,1,262.0,199.0,583.0,205.0,13089|4|2|1
2020,13113,4,2,1,33.0,22.0,150.0,75.0,13113|4|2|1
2020,13097,4,1,1,33.0,23.0,44.0,24.0,13097|4|1|1
2020,27123,1,2,1,56.0,7.0,317.0,36.0,27123|1|2|1
2020,39049,4,2,1,236.0,139.0,1778.0,590.0,39049|4|2|1
2020,54037,1,1,1,52.0,14.0,898.0,76.0,54037|1|1|1
2021,05031,1,1,1,159.0,35.0,1634.0,178.0,05031|1|1|1
2021,18097,1,1,1,2347.0,407.0,9405.0,679.0,18097|1|1|1
2020,45085,32,1,1,99.0,46.0,281.0,56.0,45085|32|1|1
2021,24005,2,2,1,316.0,234.0,871.0,372.0,24005|2|2|1
2021,40109,1,1,1,847.0,134.0,7728.0,703.0,40109|1|1|1
2021,32023,1,1,1,49.0,7.0,915.0,97.0,32023|1|1|1
2021,53063,1,1,1,147.0,24.0,7034.0,483.0,53063|1|1|1
2022,20091,32,1,1,106.0,34.0,2285.0,381.0,20091|32|1|1
2022,47149,31,1,1,106.0,35.0,779.0,133.0,47149|31|1|1
2023,17167,1,1,1,171.0,33.0,1557.0,100.0,17167|1|1|1
2023,17019,1,1,1,177.0,30.0,1209.0,107.0,17019|1|1|1
2023,25023,2,2,1,334.0,229.0,1920.0,607.0,25023|2|2|1
2023,25025,1,2,1,60.0,31.0,174.0,54.0,25025|1|2|1
2023,24031,4,2,1,371.0,217.0,984.0,455.0,24031|4|2|1
2023,24510,4,1,1,140.0,91.0,59.0,34.0,24510|4|1|1
2023,37119,4,2,1,968.0,539.0,2161.0,805.0,37119|4|2|1
2023,36081,4,2,1,331.0,217.0,371.0,215.0,36081|4|2|1
2023,36071,32,1,1,101.0,42.0,380.0,120.0,36071|32|1|1
2023,47065,2,1,1,48.0,38.0,262.0,115.0,47065|2|1|1
2023,36055,31,1,1,90.0,37.0,1131.0,191.0,36055|31|1|1
2024,51710,1,1,1,514.0,51.0,1537.0,80.0,51710|1|1|1
2024,51153,2,2,1,339.0,146.0,740.0,265.0,51153|2|2|1
2025,21111,2,1,1,92.0,56.0,418.0,139.0,21111|2|1|1
2025,21145,1,1,1,50.0,28.0,684.0,124.0,21145|1|1|1
2025,28149,1,1,1,176.0,97.0,223.0,53.0,28149|1|1|1
2024,45079,31,1,1,455.0,100.0,425.0,82.0,45079|31|1|1
2025,17043,32,1,1,56.0,18.0,1333.0,325.0,17043|32|1|1
2025,55133,1,1,1,49.0,12.0,3780.0,178.0,55133|1|1|1
2025,55079,31,2,1,118.0,56.0,803.0,152.0,55079|31|2|1
2018,01101,1,1,3,41.0,14.0,124.0,10.0,01101|1|1|3
2018,06073,2,2,1,221.0,135.0,6208.0,2608.0,06073|2|2|1
2018,06001,32,1,1,843.0,292.0,3635.0,780.0,06001|32|1|1
2018,06071,1,2,1,163.0,13.0,1611.0,193.0,06071|1|2|1
2018,06059,31,1,1,103.0,30.0,6994.0,1690.0,06059|31|1|1
2018,06065,1,2,1,183.0,36.0,1613.0,251.0,06065|1|2|1
2018,08041,1,1,1,696.0,69.0,11983.0,849.0,08041|1|1|1
2018,26099,32,1,1,279.0,119.0,4171.0,923.0,26099|32|1|1
2018,12105,1,1,1,1373.0,312.0,10165.0,1726.0,12105|1|1|1
2018,12011,31,2,1,120.0,79.0,832.0,339.0,12011|31|2|1
2018,36103,31,1,1,179.0,71.0,3002.0,845.0,36103|31|1|1
2018,36091,1,1,1,35.0,3.0,2745.0,356.0,36091|1|1|1
2018,48395,1,1,1,49.0,38.0,127.0,44.0,48395|1|1|1
2018,48027,32,1,1,101.0,51.0,417.0,138.0,48027|32|1|1
2018,48439,1,2,1,96.0,34.0,552.0,133.0,48439|1|2|1
2018,55025,4,2,1,57.0,19.0,2299.0,334.0,55025|4|2|1
2018,40109,31,1,1,190.0,89.0,1215.0,374.0,40109|31|1|1
2019,17201,1,1,1,208.0,27.0,3010.0,263.0,17201|1|1|1
2019,36071,4,2,1,50.0,42.0,594.0,324.0,36071|4|2|1
2019,42029,1,1,1,213.0,39.0,5202.0,389.0,42029|1|1|1
2019,42043,1,1,1,320.0,65.0,2477.0,215.0,42043|1|1|1
2019,48245,1,1,1,381.0,79.0,1482.0,167.0,48245|1|1|1
2019,11001,4,2,1,321.0,213.0,383.0,191.0,11001|4|2|1
2019,10001,2,2,1,46.0,28.0,313.0,138.0,10001|2|2|1
2019,12009,1,1,1,633.0,120.0,8719.0,955.0,12009|1|1|1
2019,12091,1,1,1,358.0,65.0,3891.0,432.0,12091|1|1|1
2019,48439,32,1,1,859.0,345.0,6145.0,1257.0,48439|32|1|1
2020,06073,32,1,1,855.0,188.0,24632.0,3264.0,06073|32|1|1
2020,12069,32,1,1,138.0,43.0,2254.0,398.0,12069|32|1|1
2020,12009,1,1,3,39.0,8.0,419.0,46.0,12009|1|1|3
2020,26099,4,2,1,46.0,31.0,1022.0,412.0,26099|4|2|1
2020,26121,1,1,1,105.0,33.0,2166.0,267.0,26121|1|1|1
2020,37085,1,1,1,511.0,101.0,2074.0,215.0,37085|1|1|1
2020,37081,2,1,1,64.0,33.0,233.0,83.0,37081|2|1|1
2020,37067,1,2,1,52.0,16.0,154.0,27.0,37067|1|2|1
2020,47037,31,1,3,91.0,25.0,829.0,116.0,47037|31|1|3
2020,47165,1,1,1,210.0,28.0,3486.0,289.0,47165|1|1|1
2020,47157,1,1,1,2868.0,465.0,5649.0,290.0,47157|1|1|1
2020,48113,32,1,1,1143.0,330.0,6115.0,1010.0,48113|32|1|1
2020,48139,31,1,1,683.0,134.0,3126.0,366.0,48139|31|1|1
2019,53053,1,1,1,888.0,99.0,10350.0,651.0,53053|1|1|1
2020,12099,31,1,3,60.0,28.0,487.0,135.0,12099|31|1|3
2020,24510,1,1,1,2584.0,430.0,2827.0,154.0,24510|1|1|1
2020,24031,31,2,1,57.0,26.0,456.0,126.0,24031|31|2|1
2020,24510,32,1,1,453.0,222.0,561.0,87.0,24510|32|1|1
2020,24033,31,2,1,167.0,84.0,51.0,24.0,24033|31|2|1
2020,24017,2,2,1,77.0,44.0,90.0,39.0,24017|2|2|1
2020,37023,1,1,1,27.0,7.0,956.0,144.0,37023|1|1|1
2020,34039,2,2,1,77.0,53.0,553.0,263.0,34039|2|2|1
2020,36047,1,2,1,59.0,33.0,171.0,77.0,36047|1|2|1
2020,48157,1,1,1,3272.0,554.0,8112.0,767.0,48157|1|1|1
2020,48257,1,1,1,1261.0,277.0,3187.0,537.0,48257|1|1|1
2020,51153,1,1,1,1455.0,154.0,4807.0,280.0,51153|1|1|1
2020,51650,1,1,1,900.0,126.0,1048.0,65.0,51650|1|1|1
2020,51800,31,1,1,829.0,162.0,1557.0,209.0,51800|31|1|1
2021,13089,32,1,1,2927.0,866.0,2660.0,288.0,13089|32|1|1
2021,13059,1,1,1,116.0,30.0,954.0,57.0,13059|1|1|1
2021,13153,2,2,1,62.0,33.0,176.0,55.0,13153|2|2|1
2021,26081,1,1,1,629.0,156.0,8249.0,862.0,26081|1|1|1
2021,26065,4,2,1,42.0,17.0,497.0,76.0,26065|4|2|1
2021,26077,1,1,1,288.0,89.0,3118.0,277.0,26077|1|1|1
2021,37183,1,1,3,94.0,19.0,841.0,43.0,37183|1|1|3
2021,37191,1,1,1,477.0,120.0,1240.0,140.0,37191|1|1|1
2020,48423,31,1,1,191.0,46.0,2311.0,330.0,48423|31|1|1
2020,51810,4,2,1,56.0,36.0,357.0,173.0,51810|4|2|1
2020,51810,1,2,1,79.0,9.0,231.0,18.0,51810|1|2|1
2021,06095,4,2,1,58.0,29.0,260.0,111.0,06095|4|2|1
2021,13021,32,1,1,162.0,66.0,365.0,77.0,13021|32|1|1
2021,25005,2,2,1,83.0,59.0,1311.0,456.0,25005|2|2|1
2021,37067,31,2,1,44.0,18.0,224.0,34.0,37067|31|2|1
2021,34025,2,2,1,50.0,30.0,1466.0,630.0,34025|2|2|1
2021,36047,2,1,1,132.0,96.0,211.0,120.0,36047|2|1|1
2021,36119,1,1,1,1073.0,154.0,7105.0,544.0,36119|1|1|1
2021,42071,1,1,1,225.0,35.0,5162.0,437.0,42071|1|1|1
2021,48209,1,1,1,190.0,48.0,4267.0,488.0,48209|1|1|1
2021,48091,1,1,1,140.0,28.0,3688.0,381.0,48091|1|1|1
2021,51700,32,1,1,302.0,93.0,595.0,107.0,51700|32|1|1
2021,51199,1,1,1,179.0,15.0,918.0,32.0,51199|1|1|1
2021,55079,2,2,1,232.0,126.0,1597.0,354.0,55079|2|2|1
2022,12115,1,1,1,131.0,28.0,5628.0,662.0,12115|1|1|1
2022,12091,32,1,1,129.0,45.0,1035.0,266.0,12091|32|1|1
2022,13151,31,1,1,441.0,148.0,237.0,59.0,13151|31|1|1
2022,13089,1,1,1,3073.0,573.0,3804.0,174.0,13089|1|1|1
2022,13077,32,1,1,222.0,74.0,996.0,232.0,13077|32|1|1
2022,18063,1,1,1,662.0,113.0,2165.0,124.0,18063|1|1|1
2021,36047,1,2,1,88.0,34.0,206.0,61.0,36047|1|2|1
2021,47097,1,1,1,75.0,27.0,206.0,60.0,47097|1|1|1
2021,48351,1,1,1,32.0,24.0,151.0,57.0,48351|1|1|1
2021,51083,1,1,1,95.0,39.0,214.0,38.0,51083|1|1|1
2022,04013,31,2,1,67.0,30.0,1817.0,533.0,04013|31|2|1
2022,12079,1,1,1,73.0,56.0,133.0,45.0,12079|1|1|1
2022,12127,4,2,1,88.0,60.0,1314.0,677.0,12127|4|2|1
2022,13121,1,1,3,299.0,76.0,327.0,22.0,13121|1|1|3
2022,13033,1,1,1,68.0,43.0,133.0,26.0,13033|1|1|1
2022,13151,4,2,1,355.0,216.0,191.0,79.0,13151|4|2|1
2022,13151,2,2,1,420.0,267.0,196.0,89.0,13151|2|2|1
2022,13051,2,1,1,54.0,42.0,135.0,67.0,13051|2|1|1
2022,24043,1,1,1,329.0,72.0,1329.0,121.0,24043|1|1|1
2022,36029,32,1,1,242.0,89.0,2752.0,518.0,36029|32|1|1
2022,39093,1,1,1,189.0,29.0,3432.0,223.0,39093|1|1|1
2022,39093,32,1,1,94.0,33.0,1518.0,351.0,39093|32|1|1
2022,48439,31,1,3,34.0,18.0,207.0,46.0,48439|31|1|3
2022,51740,4,2,1,69.0,37.0,93.0,41.0,51740|4|2|1
2022,51650,4,2,1,109.0,53.0,140.0,48.0,51650|4|2|1
2023,08035,1,1,1,81.0,6.0,4499.0,258.0,08035|1|1|1
2023,08031,4,2,1,152.0,88.0,1443.0,536.0,08031|4|2|1
2023,12061,1,1,1,104.0,29.0,1603.0,201.0,12061|1|1|1
2023,13009,1,1,1,99.0,50.0,190.0,43.0,13009|1|1|1
2023,13021,32,1,1,168.0,80.0,135.0,37.0,13021|32|1|1
2023,13285,1,1,1,146.0,36.0,480.0,45.0,13285|1|1|1
2023,13139,32,1,1,80.0,39.0,384.0,114.0,13139|32|1|1
2023,13097,4,2,1,219.0,138.0,115.0,56.0,13097|4|2|1
2023,21029,1,1,1,63.0,16.0,1160.0,251.0,21029|1|1|1
2023,21067,31,1,1,27.0,9.0,251.0,51.0,21067|31|1|1
2023,12083,32,1,1,150.0,64.0,1058.0,400.0,12083|32|1|1
2023,26081,32,1,1,122.0,44.0,979.0,244.0,26081|32|1|1
2023,27053,32,1,1,156.0,94.0,802.0,230.0,27053|32|1|1
2023,29510,32,1,1,98.0,62.0,163.0,48.0,29510|32|1|1
2023,39017,32,1,1,77.0,36.0,806.0,222.0,39017|32|1|1
2023,42095,1,1,1,149.0,26.0,1971.0,212.0,42095|1|1|1
2023,42125,1,1,1,52.0,9.0,1820.0,183.0,42125|1|1|1
2023,48185,1,1,1,56.0,39.0,443.0,144.0,48185|1|1|1
2023,51059,31,1,1,57.0,20.0,374.0,101.0,51059|31|1|1
2023,51153,32,1,1,261.0,106.0,365.0,126.0,51153|32|1|1
2023,51570,1,1,1,40.0,6.0,113.0,10.0,51570|1|1|1
2024,06077,1,1,1,285.0,35.0,2356.0,248.0,06077|1|1|1
2024,08005,1,1,1,719.0,111.0,4852.0,401.0,08005|1|1|1
2024,12083,4,2,1,117.0,73.0,846.0,484.0,12083|4|2|1
2024,12095,2,1,1,93.0,72.0,403.0,201.0,12095|2|1|1
2024,12021,32,1,1,40.0,22.0,597.0,219.0,12021|32|1|1
2024,13215,4,1,1,37.0,23.0,60.0,25.0,13215|4|1|1
2024,06077,1,2,1,31.0,5.0,174.0,23.0,06077|1|2|1
2024,13121,32,1,3,260.0,119.0,112.0,26.0,13121|32|1|3
2024,13217,4,2,1,194.0,116.0,121.0,46.0,13217|4|2|1
2024,26081,32,1,1,153.0,62.0,1084.0,244.0,26081|32|1|1
2024,37101,4,2,1,169.0,91.0,641.0,241.0,37101|4|2|1
2025,06077,4,2,1,113.0,43.0,777.0,326.0,06077|4|2|1
2025,06065,31,1,1,442.0,119.0,3684.0,921.0,06065|31|1|1
2025,08005,4,2,1,227.0,133.0,1509.0,557.0,08005|4|2|1
2025,12085,1,1,1,56.0,13.0,1633.0,198.0,12085|1|1|1
2025,13063,32,1,1,888.0,434.0,108.0,39.0,13063|32|1|1
2025,13135,2,1,1,75.0,44.0,186.0,82.0,13135|2|1|1
2025,13089,31,2,1,113.0,58.0,241.0,67.0,13089|31|2|1
2024,32003,1,1,1,2071.0,315.0,14956.0,1648.0,32003|1|1|1
2024,47045,1,1,1,42.0,17.0,301.0,60.0,47045|1|1|1
2024,48085,1,2,1,58.0,23.0,248.0,65.0,48085|1|2|1
2025,12071,31,1,1,130.0,62.0,1462.0,482.0,12071|31|1|1
2025,12105,1,1,3,111.0,22.0,835.0,137.0,12105|1|1|3
2025,12099,4,1,1,85.0,59.0,1059.0,468.0,12099|4|1|1
2025,26077,31,1,1,47.0,12.0,672.0,108.0,26077|31|1|1
2025,37025,32,1,1,168.0,61.0,505.0,130.0,37025|32|1|1
2025,51161,1,1,1,63.0,8.0,842.0,55.0,51161|1|1|1
2025,51059,31,1,1,174.0,53.0,1539.0,204.0,51059|31|1|1
2025,51153,4,2,1,325.0,138.0,829.0,285.0,51153|4|2|1
2025,51087,2,1,1,34.0,15.0,76.0,21.0,51087|2|1|1
2018,47093,32,1,1,131.0,56.0,1774.0,500.0,47093|32|1|1
2018,47157,31,1,1,961.0,532.0,1321.0,348.0,47157|31|1|1
2018,13097,2,2,1,133.0,100.0,116.0,58.0,13097|2|2|1
2018,26081,2,2,1,89.0,50.0,2107.0,545.0,26081|2|2|1
2018,26163,1,1,3,78.0,22.0,579.0,89.0,26163|1|1|3
2018,37067,32,1,1,237.0,123.0,727.0,246.0,37067|32|1|1
2018,37065,31,1,1,62.0,37.0,58.0,18.0,37065|31|1|1
2018,37127,32,1,1,75.0,49.0,131.0,38.0,37127|32|1|1
2018,32003,1,2,1,173.0,29.0,1208.0,174.0,32003|1|2|1
2018,51550,32,1,1,378.0,196.0,753.0,236.0,51550|32|1|1
2018,13153,32,1,1,159.0,84.0,295.0,104.0,13153|32|1|1
2018,51107,2,2,1,68.0,43.0,986.0,331.0,51107|2|2|1
2019,05069,1,1,1,198.0,55.0,297.0,74.0,05069|1|1|1
2019,24025,31,1,1,276.0,57.0,1954.0,260.0,24025|31|1|1
2019,24015,1,1,1,97.0,9.0,1214.0,106.0,24015|1|1|1
2019,37081,4,1,1,78.0,44.0,328.0,109.0,37081|4|1|1
2019,47093,1,1,1,313.0,57.0,7254.0,722.0,47093|1|1|1
2019,18019,1,1,1,111.0,17.0,2007.0,224.0,18019|1|1|1
2019,18141,32,1,1,71.0,29.0,1152.0,260.0,18141|32|1|1
2019,24039,1,1,1,41.0,18.0,148.0,32.0,24039|1|1|1
2019,27037,4,2,1,33.0,16.0,1114.0,303.0,27037|4|2|1
2019,37063,32,1,1,492.0,201.0,716.0,146.0,37063|32|1|1
2019,37015,1,1,1,54.0,30.0,57.0,8.0,37015|1|1|1
2020,13121,31,1,3,244.0,86.0,449.0,70.0,13121|31|1|3
2020,13105,1,1,1,35.0,21.0,124.0,20.0,13105|1|1|1
2020,13151,2,1,1,49.0,31.0,74.0,29.0,13151|2|1|1
2020,27145,1,1,1,70.0,13.0,2093.0,123.0,27145|1|1|1
2020,32003,31,1,1,4088.0,714.0,39544.0,5147.0,32003|31|1|1
2020,39035,2,1,1,278.0,223.0,860.0,328.0,39035|2|1|1
2020,45045,4,1,1,25.0,18.0,351.0,121.0,45045|4|1|1
2021,24031,1,2,1,52.0,19.0,119.0,33.0,24031|1|2|1
2021,24021,2,2,1,35.0,17.0,484.0,198.0,24021|2|2|1
2021,40109,2,1,1,49.0,31.0,250.0,100.0,40109|2|1|1
2022,05093,1,1,1,68.0,18.0,246.0,51.0,05093|1|1|1
2021,53061,2,2,1,55.0,28.0,2301.0,691.0,53061|2|2|1
2022,29099,1,1,1,35.0,8.0,3562.0,410.0,29099|1|1|1
2022,47093,32,1,1,211.0,63.0,2763.0,498.0,47093|32|1|1
2022,47097,1,1,1,64.0,27.0,170.0,43.0,47097|1|1|1
2022,53053,32,1,1,543.0,190.0,4451.0,882.0,53053|32|1|1
2023,25013,4,2,1,82.0,50.0,810.0,322.0,25013|4|2|1
2023,24031,1,2,1,59.0,19.0,91.0,22.0,24031|1|2|1
2023,37127,1,1,1,438.0,163.0,586.0,77.0,37127|1|1|1
2023,36005,1,1,1,646.0,179.0,689.0,134.0,36005|1|1|1
2023,36067,2,2,1,97.0,54.0,1226.0,279.0,36067|2|2|1
2023,47037,1,1,3,55.0,7.0,598.0,62.0,47037|1|1|3
2023,47065,1,1,1,291.0,56.0,3629.0,399.0,47065|1|1|1
2024,20209,32,1,1,88.0,32.0,232.0,71.0,20209|32|1|1
2024,25009,1,1,1,286.0,35.0,4466.0,280.0,25009|1|1|1
2024,34023,2,2,1,228.0,113.0,896.0,356.0,34023|2|2|1
2024,39095,2,1,1,88.0,64.0,308.0,134.0,39095|2|1|1
2024,51149,1,1,1,94.0,37.0,227.0,40.0,51149|1|1|1
2024,51760,2,1,1,40.0,23.0,43.0,15.0,51760|2|1|1
2024,51087,2,1,1,36.0,23.0,70.0,24.0,51087|2|1|1
2025,01087,1,1,1,104.0,70.0,33.0,9.0,01087|1|1|1
2025,01047,1,1,1,144.0,68.0,91.0,25.0,01047|1|1|1
2025,01073,2,1,1,315.0,206.0,329.0,108.0,01073|2|1|1
2025,28049,4,2,1,193.0,103.0,140.0,36.0,28049|4|2|1
2018,01033,1,1,1,80.0,18.0,694.0,102.0,01033|1|1|1
2018,01125,32,1,1,211.0,128.0,471.0,133.0,01125|32|1|1
2018,01069,32,1,1,57.0,34.0,339.0,124.0,01069|32|1|1
2018,01015,1,1,1,181.0,43.0,1123.0,232.0,01015|1|1|1
2018,06037,31,1,1,2136.0,767.0,17040.0,4601.0,06037|31|1|1
2018,08031,1,1,1,383.0,45.0,8673.0,554.0,08031|1|1|1
2018,13089,31,1,1,1105.0,535.0,774.0,199.0,13089|31|1|1
2018,34039,32,1,1,295.0,154.0,988.0,261.0,34039|32|1|1
2018,12081,1,1,1,297.0,44.0,6388.0,794.0,12081|1|1|1
2018,12031,1,1,1,2791.0,645.0,9996.0,1282.0,12031|1|1|1
2018,12039,1,1,1,219.0,139.0,172.0,43.0,12039|1|1|1
2018,24005,2,2,1,358.0,258.0,1149.0,499.0,24005|2|2|1
2018,36029,32,1,1,129.0,51.0,2396.0,527.0,36029|32|1|1
2018,36047,32,1,3,200.0,73.0,477.0,115.0,36047|32|1|3
2018,39113,2,2,1,174.0,75.0,743.0,235.0,39113|2|2|1
2018,39049,32,2,1,186.0,98.0,1291.0,313.0,39049|32|2|1
2018,42133,1,1,1,215.0,32.0,5297.0,540.0,42133|1|1|1
2018,48187,32,1,1,28.0,9.0,464.0,159.0,48187|32|1|1
2018,12121,1,1,1,57.0,46.0,471.0,194.0,12121|1|1|1
2019,06037,31,1,1,4121.0,849.0,42861.0,6312.0,06037|31|1|1
2019,12097,31,1,1,226.0,62.0,1506.0,386.0,12097|31|1|1
2019,34033,1,1,1,91.0,22.0,616.0,61.0,34033|1|1|1
2019,42091,32,2,1,43.0,25.0,429.0,101.0,42091|32|2|1
2019,48039,1,1,1,927.0,181.0,3897.0,427.0,48039|1|1|1
2019,48167,32,1,1,106.0,55.0,995.0,232.0,48167|32|1|1
2019,13069,1,1,1,107.0,69.0,248.0,81.0,13069|1|1|1
2019,13215,4,1,1,43.0,31.0,97.0,36.0,13215|4|1|1
2019,13021,4,2,1,44.0,28.0,109.0,52.0,13021|4|2|1
2019,17197,4,1,1,35.0,29.0,464.0,220.0,17197|4|1|1
2019,25009,2,2,1,116.0,77.0,2289.0,909.0,25009|2|2|1
2019,25027,32,1,1,122.0,60.0,3957.0,828.0,25027|32|1|1
2019,25021,4,2,1,107.0,73.0,1302.0,492.0,25021|4|2|1
2019,36103,31,1,1,310.0,88.0,4951.0,897.0,36103|31|1|1
2019,51087,2,1,1,56.0,36.0,129.0,57.0,51087|2|1|1
2020,12097,1,1,1,904.0,162.0,6807.0,1218.0,12097|1|1|1
2020,12081,1,1,1,303.0,56.0,7303.0,735.0,12081|1|1|1
2020,22033,1,1,1,1820.0,354.0,3595.0,206.0,22033|1|1|1
2020,26077,32,1,1,40.0,14.0,1510.0,148.0,26077|32|1|1
2020,37057,1,1,1,229.0,38.0,2204.0,281.0,37057|1|1|1
2020,37135,1,1,1,112.0,17.0,1308.0,82.0,37135|1|1|1
2020,37025,31,1,1,870.0,161.0,4105.0,456.0,37025|31|1|1
2020,06077,1,2,1,109.0,13.0,609.0,58.0,06077|1|2|1
2020,08031,4,2,1,69.0,35.0,1413.0,474.0,08031|4|2|1
2020,12031,1,1,3,85.0,15.0,701.0,95.0,12031|1|1|3
2020,37127,32,1,1,54.0,20.0,202.0,49.0,37127|32|1|1
2020,37065,31,1,1,70.0,26.0,123.0,23.0,37065|31|1|1
2020,37191,32,1,1,46.0,23.0,175.0,36.0,37191|32|1|1
2020,34003,4,2,1,36.0,26.0,800.0,425.0,34003|4|2|1
2020,36103,2,1,1,43.0,32.0,808.0,445.0,36103|2|1|1
2020,36029,4,2,1,38.0,21.0,1035.0,388.0,36029|4|2|1
2020,36087,2,2,1,25.0,18.0,273.0,136.0,36087|2|2|1
2020,47037,31,2,1,51.0,28.0,299.0,116.0,47037|31|2|1
2020,47037,4,2,1,171.0,117.0,1046.0,421.0,47037|4|2|1
2020,48407,1,1,1,70.0,44.0,482.0,176.0,48407|1|1|1
2020,51710,32,1,1,180.0,65.0,523.0,103.0,51710|32|1|1
2020,51107,32,1,1,185.0,35.0,2871.0,338.0,51107|32|1|1
2020,51740,1,1,1,713.0,96.0,889.0,55.0,51740|1|1|1
2020,51800,1,1,1,782.0,93.0,1171.0,65.0,51800|1|1|1
2020,51179,32,1,1,208.0,62.0,956.0,126.0,51179|32|1|1
2021,06071,1,2,1,134.0,18.0,1089.0,123.0,06071|1|2|1
2021,12069,32,1,1,335.0,124.0,3385.0,631.0,12069|32|1|1
2021,12109,32,1,1,153.0,55.0,3503.0,621.0,12109|32|1|1
2021,12097,31,1,1,703.0,189.0,4836.0,1074.0,12097|31|1|1
2021,12115,32,1,1,114.0,45.0,4749.0,776.0,12115|32|1|1
2021,13297,31,1,1,288.0,74.0,1530.0,192.0,13297|31|1|1
2021,13247,1,1,1,1100.0,178.0,297.0,39.0,13247|1|1|1
2021,17197,32,1,1,446.0,139.0,5011.0,659.0,17197|32|1|1
2021,20177,1,1,1,98.0,13.0,2028.0,153.0,20177|1|1|1
2021,26049,31,1,1,392.0,105.0,5005.0,631.0,26049|31|1|1
2021,37119,31,1,1,4186.0,863.0,14708.0,1388.0,37119|31|1|1
2021,37001,2,2,1,57.0,32.0,262.0,81.0,37001|2|2|1
2021,06073,4,2,1,98.0,51.0,2977.0,1023.0,06073|4|2|1
2021,10003,1,2,1,74.0,14.0,51.0,12.0,10003|1|2|1
2021,12057,2,2,1,289.0,187.0,2307.0,1057.0,12057|2|2|1
2021,13027,1,1,1,44.0,28.0,110.0,37.0,13027|1|1|1
2021,13121,32,2,1,28.0,10.0,89.0,17.0,13121|32|2|1
2021,34015,31,1,1,463.0,124.0,4723.0,699.0,34015|31|1|1
2021,36067,1,1,1,394.0,64.0,4129.0,239.0,36067|1|1|1
2021,51800,32,1,1,326.0,111.0,595.0,98.0,51800|32|1|1
2021,51089,1,1,1,97.0,28.0,389.0,55.0,51089|1|1|1
2022,06037,32,2,1,386.0,116.0,4172.0,684.0,06037|32|2|1
2022,06013,31,1,1,254.0,69.0,2074.0,362.0,06013|31|1|1
2022,12117,31,1,1,102.0,32.0,941.0,233.0,12117|31|1|1
2022,13067,32,1,3,115.0,31.0,165.0,28.0,13067|32|1|3
2022,26163,32,1,1,1800.0,757.0,4738.0,1041.0,26163|32|1|1
2022,26145,32,1,1,91.0,50.0,669.0,195.0,26145|32|1|1
2021,36103,2,2,1,223.0,165.0,3214.0,1564.0,36103|2|2|1
2021,44007,31,2,1,34.0,18.0,620.0,171.0,44007|31|2|1
2021,51041,2,2,1,163.0,102.0,577.0,242.0,51041|2|2|1
2022,04021,1,2,1,58.0,26.0,524.0,164.0,04021|1|2|1
2022,06065,32,1,3,94.0,31.0,986.0,203.0,06065|32|1|3
2022,06001,31,2,1,28.0,9.0,258.0,76.0,06001|31|2|1
2022,12095,2,1,1,97.0,67.0,532.0,235.0,12095|2|1|1
2022,12101,2,2,1,162.0,101.0,2023.0,909.0,12101|2|2|1
2022,28089,4,2,1,62.0,36.0,312.0,77.0,28089|4|2|1
2022,28151,1,1,1,143.0,49.0,98.0,21.0,28151|1|1|1
2022,36055,32,1,1,211.0,80.0,1780.0,329.0,36055|32|1|1
2022,36005,1,1,1,744.0,169.0,1018.0,161.0,36005|1|1|1
2022,42091,1,1,1,642.0,94.0,6628.0,348.0,42091|1|1|1
2022,48201,32,1,3,276.0,96.0,816.0,196.0,48201|32|1|3
2022,48037,1,1,1,211.0,100.0,884.0,202.0,48037|1|1|1
2022,51760,32,1,1,379.0,130.0,332.0,69.0,51760|32|1|1
2022,51161,1,1,1,73.0,6.0,957.0,73.0,51161|1|1|1
2022,51700,1,2,1,87.0,17.0,76.0,5.0,51700|1|2|1
2023,01089,31,1,1,103.0,35.0,392.0,69.0,01089|31|1|1
2023,08041,32,1,1,153.0,56.0,1214.0,392.0,08041|32|1|1
2022,36001,1,1,1,262.0,45.0,1809.0,136.0,36001|1|1|1
2022,36005,31,1,1,202.0,71.0,273.0,70.0,36005|31|1|1
2022,42101,2,2,3,90.0,63.0,86.0,48.0,42101|2|2|3
2022,48439,4,1,1,133.0,99.0,745.0,321.0,48439|4|1|1
2023,01097,4,1,1,80.0,52.0,231.0,93.0,01097|4|1|1
2023,12031,32,1,3,81.0,41.0,188.0,59.0,12031|32|1|3
2023,13087,1,1,1,107.0,75.0,148.0,47.0,13087|1|1|1
2023,13245,2,1,1,55.0,41.0,58.0,33.0,13245|2|1|1
2023,27003,1,1,1,435.0,56.0,2921.0,226.0,27003|1|1|1
2023,34031,2,2,1,92.0,64.0,749.0,365.0,34031|2|2|1
2023,42089,1,1,1,208.0,45.0,1084.0,146.0,42089|1|1|1
2023,48251,1,1,1,489.0,92.0,2642.0,508.0,48251|1|1|1
2023,48201,32,1,1,1049.0,532.0,3234.0,1133.0,48201|32|1|1
2023,48439,4,2,1,492.0,337.0,2110.0,1288.0,48439|4|2|1
2023,51710,32,1,1,207.0,84.0,193.0,75.0,51710|32|1|1
2023,55079,32,1,1,407.0,234.0,992.0,324.0,55079|32|1|1
2024,06037,32,1,3,282.0,79.0,1561.0,368.0,06037|32|1|3
2024,06059,32,1,1,59.0,21.0,1858.0,462.0,06059|32|1|1
2024,13095,32,1,1,117.0,55.0,42.0,14.0,13095|32|1|1
2023,34013,4,1,1,63.0,47.0,130.0,61.0,34013|4|1|1
2023,39049,32,2,1,268.0,141.0,917.0,231.0,39049|32|2|1
2024,06075,1,1,1,48.0,5.0,1337.0,81.0,06075|1|1|1
2024,08001,4,2,1,71.0,46.0,1834.0,783.0,08001|4|2|1
2024,12095,31,2,1,73.0,38.0,485.0,214.0,12095|31|2|1
2024,13245,2,2,1,101.0,59.0,83.0,31.0,13245|2|2|1
2024,13151,4,1,1,59.0,43.0,62.0,34.0,13151|4|1|1
2024,13151,2,2,1,411.0,240.0,178.0,65.0,13151|2|2|1
2024,12057,32,1,3,61.0,23.0,321.0,107.0,12057|32|1|3
2024,13067,2,2,1,586.0,304.0,1187.0,375.0,13067|2|2|1
2024,26163,4,1,1,738.0,465.0,852.0,342.0,26163|4|1|1
2024,47037,31,1,1,196.0,62.0,737.0,130.0,47037|31|1|1
2024,55079,4,1,1,236.0,172.0,418.0,177.0,55079|4|1|1
2025,06071,2,2,1,265.0,127.0,2391.0,945.0,06071|2|2|1
2025,06037,1,2,1,114.0,35.0,707.0,162.0,06037|1|2|1
2025,13215,32,1,1,268.0,127.0,215.0,69.0,13215|32|1|1
2024,48471,1,1,1,112.0,67.0,503.0,162.0,48471|1|1|1
2025,12105,31,1,1,255.0,100.0,1257.0,403.0,12105|31|1|1
2025,37183,31,2,1,267.0,126.0,1467.0,348.0,37183|31|2|1
2025,37119,4,1,1,155.0,92.0,385.0,128.0,37119|4|1|1
2025,37159,1,1,1,284.0,61.0,1372.0,160.0,37159|1|1|1
2025,37051,1,1,3,47.0,18.0,117.0,13.0,37051|1|1|3
2025,26021,32,1,1,55.0,25.0,424.0,134.0,26021|32|1|1
2025,26049,32,1,1,111.0,45.0,955.0,256.0,26049|32|1|1
2025,26121,32,1,1,65.0,33.0,581.0,124.0,26121|32|1|1
2025,39061,1,1,3,93.0,18.0,427.0,34.0,39061|1|1|3
2025,39113,1,1,3,55.0,12.0,286.0,29.0,39113|1|1|3
2025,39025,1,1,1,73.0,15.0,2654.0,303.0,39025|1|1|1
2025,39153,2,1,1,71.0,44.0,529.0,169.0,39153|2|1|1
2025,45029,1,1,1,206.0,145.0,390.0,137.0,45029|1|1|1
2025,48157,32,1,1,391.0,184.0,648.0,209.0,48157|32|1|1
2025,48141,31,1,1,127.0,22.0,1182.0,350.0,48141|31|1|1
2025,48439,31,1,1,606.0,260.0,2756.0,701.0,48439|31|1|1
2025,48439,32,1,3,82.0,23.0,405.0,119.0,48439|32|1|3
2025,48441,1,1,1,147.0,17.0,1689.0,238.0,48441|1|1|1
2025,48349,1,1,1,67.0,39.0,568.0,174.0,48349|1|1|1
2025,48139,32,1,1,84.0,44.0,393.0,103.0,48139|32|1|1
2025,51770,1,1,1,122.0,21.0,655.0,52.0,51770|1|1|1
2025,51760,4,1,1,31.0,8.0,62.0,18.0,51760|4|1|1
2018,04013,4,1,1,75.0,39.0,2747.0,1150.0,04013|4|1|1
2018,13089,2,2,1,619.0,459.0,960.0,360.0,13089|2|2|1
2018,17113,1,1,1,86.0,12.0,2028.0,121.0,17113|1|1|1
2018,37081,4,2,1,200.0,131.0,823.0,309.0,37081|4|2|1
2018,37119,1,1,1,3302.0,521.0,11579.0,752.0,37119|1|1|1
2018,37101,31,1,1,117.0,43.0,681.0,129.0,37101|31|1|1
2018,51033,32,1,1,44.0,21.0,114.0,45.0,51033|32|1|1
2018,51029,1,1,1,31.0,18.0,115.0,24.0,51029|1|1|1
2018,51087,2,2,1,209.0,130.0,577.0,213.0,51087|2|2|1
2018,51650,31,1,1,133.0,56.0,185.0,60.0,51650|31|1|1
2019,18003,2,2,1,47.0,26.0,562.0,193.0,18003|2|2|1
2019,24033,31,2,1,238.0,120.0,76.0,27.0,24033|31|2|1
2019,24013,1,1,1,93.0,11.0,2022.0,146.0,24013|1|1|1
2019,47037,4,1,1,104.0,79.0,553.0,215.0,47037|4|1|1
2019,18097,2,1,1,162.0,108.0,613.0,274.0,18097|2|1|1
2019,37191,32,1,1,62.0,29.0,177.0,60.0,37191|32|1|1
2020,05119,4,1,1,45.0,25.0,158.0,52.0,05119|4|1|1
2019,49049,1,1,1,46.0,6.0,10470.0,610.0,49049|1|1|1
2020,13303,1,1,1,71.0,54.0,69.0,18.0,13303|1|1|1
2020,13001,1,1,1,60.0,50.0,198.0,109.0,13001|1|1|1
2020,32003,2,1,1,52.0,26.0,718.0,275.0,32003|2|1|1
2021,05143,1,1,1,64.0,6.0,3101.0,242.0,05143|1|1|1
2021,18043,1,1,1,52.0,6.0,1161.0,85.0,18043|1|1|1
2020,45003,32,1,1,52.0,22.0,633.0,102.0,45003|32|1|1
2021,53033,1,1,1,1155.0,100.0,16743.0,766.0,53033|1|1|1
2022,37183,1,1,3,60.0,10.0,569.0,33.0,37183|1|1|3
2022,37119,2,1,1,183.0,108.0,350.0,137.0,37119|2|1|1
2022,37119,4,1,1,121.0,74.0,516.0,159.0,37119|4|1|1
2023,17097,1,1,1,301.0,53.0,4807.0,417.0,17097|1|1|1
2023,17163,1,1,1,561.0,126.0,1899.0,167.0,17163|1|1|1
2023,26099,2,2,1,208.0,124.0,1830.0,717.0,26099|2|2|1
2022,37185,1,1,1,81.0,28.0,116.0,14.0,37185|1|1|1
2022,37179,2,2,1,105.0,52.0,1044.0,355.0,37179|2|2|1
2022,37183,31,2,1,187.0,60.0,1151.0,205.0,37183|31|2|1
2022,47003,1,1,1,29.0,8.0,594.0,68.0,47003|1|1|1
2023,24003,31,1,1,76.0,31.0,266.0,48.0,24003|31|1|1
2023,24031,31,1,1,97.0,36.0,327.0,82.0,24031|31|1|1
2023,24003,32,1,1,260.0,127.0,645.0,192.0,24003|32|1|1
2023,37147,1,1,1,563.0,244.0,1025.0,106.0,37147|1|1|1
2023,37021,32,1,1,27.0,13.0,351.0,102.0,37021|32|1|1
2023,54039,1,1,1,63.0,18.0,1549.0,361.0,54039|1|1|1
2024,04019,32,1,1,100.0,40.0,2187.0,631.0,04019|32|1|1
2024,04013,31,2,1,148.0,66.0,2877.0,895.0,04013|31|2|1
2024,25023,1,2,1,101.0,42.0,161.0,39.0,25023|1|2|1
2024,34007,4,2,1,222.0,132.0,1013.0,413.0,34007|4|2|1
2024,39049,2,2,1,721.0,377.0,2618.0,850.0,39049|2|2|1
2024,39153,4,1,1,50.0,31.0,462.0,179.0,39153|4|1|1
2024,45043,1,1,1,217.0,162.0,572.0,114.0,45043|1|1|1
2024,45051,1,1,1,595.0,293.0,6862.0,1178.0,45051|1|1|1
2024,51117,1,1,1,48.0,25.0,212.0,24.0,51117|1|1|1
2025,01073,4,2,1,514.0,282.0,1034.0,299.0,01073|4|2|1
2025,22071,32,1,1,328.0,190.0,137.0,50.0,22071|32|1|1
2025,22109,1,1,1,214.0,116.0,628.0,126.0,22109|1|1|1
2025,22099,1,1,1,199.0,134.0,374.0,119.0,22099|1|1|1
2025,28089,31,1,1,80.0,30.0,270.0,40.0,28089|31|1|1
2024,51760,1,2,1,31.0,3.0,40.0,4.0,51760|1|2|1
2025,36081,31,2,1,88.0,49.0,177.0,88.0,36081|31|2|1
2025,41051,4,2,1,72.0,36.0,1125.0,387.0,41051|4|2|1
2018,10003,4,1,1,46.0,34.0,192.0,76.0,10003|4|1|1
2018,47093,1,1,1,307.0,59.0,7029.0,720.0,47093|1|1|1
2020,01115,32,1,1,26.0,10.0,499.0,69.0,01115|32|1|1
2020,28087,1,1,1,272.0,105.0,424.0,35.0,28087|1|1|1
2020,28047,1,1,1,544.0,155.0,2584.0,403.0,28047|1|1|1
2020,28151,31,1,1,100.0,18.0,148.0,21.0,28151|31|1|1
2020,28059,32,1,1,57.0,29.0,499.0,112.0,28059|32|1|1
2021,22033,32,1,1,574.0,239.0,1280.0,170.0,22033|32|1|1
2021,28033,4,2,1,83.0,52.0,323.0,101.0,28033|4|2|1
2021,28023,1,1,1,73.0,47.0,108.0,28.0,28023|1|1|1
2021,22017,4,2,1,37.0,30.0,84.0,35.0,22017|4|2|1
2021,27003,1,2,1,46.0,4.0,266.0,19.0,27003|1|2|1
2022,17163,1,1,1,701.0,155.0,2420.0,190.0,17163|1|1|1
2022,17031,32,1,1,3961.0,1755.0,7565.0,1885.0,17031|32|1|1
2022,34003,4,2,1,97.0,66.0,1229.0,576.0,34003|4|2|1
2023,22033,1,1,1,1232.0,283.0,2133.0,148.0,22033|1|1|1
2023,22061,1,1,1,137.0,99.0,257.0,55.0,22061|1|1|1
2022,45085,32,1,1,205.0,81.0,291.0,87.0,45085|32|1|1
2024,01101,4,2,1,132.0,72.0,123.0,45.0,01101|4|2|1
2024,18089,4,1,1,91.0,55.0,260.0,96.0,18089|4|1|1
2024,28127,1,1,1,146.0,88.0,184.0,54.0,28127|1|1|1
2024,01073,32,1,1,736.0,337.0,608.0,176.0,01073|32|1|1
2025,42045,31,1,1,212.0,75.0,993.0,147.0,42045|31|1|1
2025,42091,2,1,1,55.0,26.0,499.0,130.0,42091|2|1|1
2018,25013,31,1,1,88.0,42.0,1383.0,347.0,25013|31|1|1
2018,34035,2,2,1,52.0,36.0,668.0,271.0,34035|2|2|1
2019,22071,1,1,3,95.0,12.0,198.0,17.0,22071|1|1|3
2021,21067,2,2,1,70.0,5.0,681.0,87.0,21067|2|2|1
2022,08001,32,1,1,134.0,52.0,3130.0,752.0,08001|32|1|1
2021,45041,31,1,1,414.0,105.0,915.0,120.0,45041|31|1|1
2021,45055,32,1,1,64.0,16.0,419.0,95.0,45055|32|1|1
2023,40109,2,2,1,173.0,93.0,819.0,261.0,40109|2|2|1
2024,27003,1,1,1,506.0,77.0,2906.0,241.0,27003|1|1|1
2024,53033,31,1,1,119.0,39.0,1707.0,228.0,53033|31|1|1
2025,25023,1,2,1,86.0,46.0,207.0,53.0,25023|1|2|1
2025,25025,32,1,3,51.0,18.0,135.0,21.0,25025|32|1|3
2025,47113,1,1,1,177.0,44.0,648.0,85.0,47113|1|1|1
2025,47125,1,1,1,595.0,80.0,2753.0,178.0,47125|1|1|1
2018,23001,1,1,1,30.0,7.0,1253.0,144.0,23001|1|1|1
2019,31055,1,2,1,48.0,6.0,429.0,36.0,31055|1|2|1
2019,45041,31,1,1,125.0,46.0,279.0,45.0,45041|31|1|1
2024,26081,1,1,1,436.0,124.0,5644.0,534.0,26081|1|1|1
2024,37119,31,1,1,539.0,189.0,1057.0,144.0,37119|31|1|1
2024,37071,32,1,1,152.0,69.0,573.0,152.0,37071|32|1|1
2024,37129,32,1,1,63.0,21.0,384.0,110.0,37129|32|1|1
2024,37119,4,1,1,144.0,95.0,337.0,98.0,37119|4|1|1
2024,48121,31,1,1,129.0,40.0,895.0,220.0,48121|31|1|1
2025,06111,1,1,1,63.0,7.0,3142.0,284.0,06111|1|1|1
2024,48029,31,1,1,303.0,80.0,1816.0,574.0,48029|31|1|1
2024,48121,1,2,1,35.0,11.0,245.0,55.0,48121|1|2|1
2025,12011,4,2,1,887.0,507.0,2822.0,1422.0,12011|4|2|1
2025,12083,4,2,1,106.0,68.0,930.0,474.0,12083|4|2|1
2025,37195,1,1,1,211.0,53.0,477.0,55.0,37195|1|1|1
2025,37069,32,1,1,67.0,34.0,206.0,56.0,37069|32|1|1
2025,37067,4,1,1,55.0,30.0,291.0,106.0,37067|4|1|1
2025,29169,1,1,1,40.0,0.0,574.0,106.0,29169|1|1|1
2025,29510,1,1,3,52.0,14.0,259.0,14.0,29510|1|1|3
2025,37065,1,1,1,141.0,67.0,186.0,37.0,37065|1|1|1
2025,32003,1,1,3,102.0,19.0,1041.0,157.0,32003|1|1|3
2025,45013,32,1,1,65.0,31.0,454.0,125.0,45013|32|1|1
2025,45055,1,1,1,291.0,114.0,672.0,101.0,45055|1|1|1
2025,51760,2,1,1,28.0,17.0,38.0,15.0,51760|2|1|1
2018,22071,32,1,1,620.0,358.0,547.0,153.0,22071|32|1|1
2018,37119,31,1,1,988.0,379.0,2287.0,504.0,37119|31|1|1
2018,17197,32,1,1,249.0,109.0,2382.0,608.0,17197|32|1|1
2018,13067,1,1,1,2573.0,444.0,7332.0,583.0,13067|1|1|1
2018,13153,1,1,1,603.0,90.0,1673.0,105.0,13153|1|1|1
2018,13135,4,1,1,75.0,53.0,306.0,124.0,13135|4|1|1
2018,13247,2,2,1,118.0,93.0,63.0,36.0,13247|2|2|1
2018,17163,31,1,1,125.0,59.0,668.0,185.0,17163|31|1|1
2018,37107,1,1,1,108.0,34.0,270.0,48.0,37107|1|1|1
2018,37185,1,1,1,58.0,32.0,70.0,15.0,37185|1|1|1
2018,54037,1,1,1,41.0,7.0,831.0,82.0,54037|1|1|1
2018,51760,1,1,1,307.0,68.0,1604.0,76.0,51760|1|1|1
2019,05119,1,1,1,1054.0,214.0,3368.0,265.0,05119|1|1|1
2019,24510,1,1,3,204.0,39.0,241.0,22.0,24510|1|1|3
2019,27053,2,2,1,165.0,96.0,2596.0,770.0,27053|2|2|1
2019,37191,31,1,1,123.0,32.0,384.0,73.0,37191|31|1|1
2019,37021,1,1,1,89.0,26.0,3270.0,384.0,37021|1|1|1
2019,47047,1,1,1,159.0,36.0,632.0,54.0,47047|1|1|1
2019,37195,32,1,1,63.0,34.0,108.0,32.0,37195|32|1|1
2019,47037,1,2,1,65.0,29.0,200.0,50.0,47037|1|2|1
2020,19163,1,1,1,96.0,16.0,2577.0,163.0,19163|1|1|1
2020,13067,1,1,1,3071.0,480.0,7671.0,534.0,13067|1|1|1
2020,13121,4,1,1,196.0,150.0,456.0,148.0,13121|4|1|1
2020,13089,32,1,3,145.0,57.0,139.0,24.0,13089|32|1|3
2020,13067,32,2,1,31.0,5.0,115.0,17.0,13067|32|2|1
2020,39113,4,1,1,56.0,26.0,462.0,139.0,39113|4|1|1
2020,39085,1,1,1,149.0,33.0,3555.0,225.0,39085|1|1|1
2021,05069,32,1,1,93.0,43.0,80.0,18.0,05069|32|1|1
2021,18089,4,2,1,50.0,34.0,532.0,213.0,18089|4|2|1
2021,18035,1,1,1,66.0,16.0,1300.0,103.0,18035|1|1|1
2020,45007,31,1,1,165.0,40.0,2648.0,357.0,45007|31|1|1
2020,45079,31,2,1,66.0,15.0,188.0,31.0,45079|31|2|1
2022,29510,4,1,1,50.0,36.0,71.0,34.0,29510|4|1|1
2022,37155,1,1,1,444.0,297.0,364.0,121.0,37155|1|1|1
2022,37063,1,1,1,569.0,69.0,2587.0,109.0,37063|1|1|1
2022,47157,32,1,3,133.0,56.0,316.0,44.0,47157|32|1|3
2023,26125,31,2,1,85.0,38.0,829.0,285.0,26125|31|2|1
2023,04013,32,1,3,54.0,14.0,634.0,163.0,04013|32|1|3
2023,25025,32,1,1,151.0,90.0,224.0,61.0,25025|32|1|1
2023,24005,4,1,1,77.0,50.0,221.0,85.0,24005|4|1|1
2023,37119,1,1,1,2471.0,449.0,8039.0,443.0,37119|1|1|1
2023,37021,1,1,1,86.0,35.0,2394.0,435.0,37021|1|1|1
2023,37025,4,2,1,213.0,110.0,571.0,202.0,37025|4|2|1
2023,37183,31,1,1,262.0,86.0,737.0,170.0,37183|31|1|1
2023,37147,31,1,1,62.0,22.0,123.0,20.0,37147|31|1|1
2023,41067,1,1,1,182.0,21.0,3117.0,243.0,41067|1|1|1
2023,47125,4,2,1,141.0,85.0,521.0,220.0,47125|4|2|1
2024,20091,2,2,1,61.0,30.0,1530.0,343.0,20091|2|2|1
2024,25017,4,2,1,115.0,71.0,2065.0,748.0,25017|4|2|1
2024,34013,31,1,1,219.0,76.0,332.0,57.0,34013|31|1|1
2024,34025,2,2,1,78.0,41.0,1614.0,561.0,34025|2|2|1
2024,41051,2,2,1,87.0,40.0,1530.0,403.0,41051|2|2|1
2024,51041,31,1,1,217.0,42.0,420.0,72.0,51041|31|1|1
2025,21047,1,1,1,68.0,13.0,489.0,79.0,21047|1|1|1
2025,21093,32,1,1,63.0,20.0,384.0,107.0,21093|32|1|1
2025,22071,1,1,1,680.0,161.0,1205.0,94.0,22071|1|1|1
2025,22005,31,1,1,81.0,21.0,266.0,32.0,22005|31|1|1
2024,45017,1,1,1,86.0,35.0,107.0,22.0,45017|1|1|1
2024,45049,1,1,1,131.0,98.0,124.0,47.0,45049|1|1|1
2024,45039,1,1,1,92.0,43.0,96.0,14.0,45039|1|1|1
2025,17031,1,1,1,6440.0,1513.0,25113.0,2423.0,17031|1|1|1
2025,17031,32,2,1,648.0,265.0,2309.0,570.0,17031|32|2|1
2025,22017,4,1,1,35.0,21.0,64.0,23.0,22017|4|1|1
2025,36005,2,2,1,174.0,112.0,104.0,52.0,36005|2|2|1
2025,36029,4,1,1,68.0,46.0,598.0,199.0,36029|4|1|1
2018,05093,1,1,1,48.0,15.0,253.0,62.0,05093|1|1|1
2018,05123,1,1,1,57.0,24.0,75.0,31.0,05123|1|1|1
2019,01089,2,2,1,133.0,72.0,544.0,177.0,01089|2|2|1
2020,01117,1,1,1,785.0,136.0,4317.0,353.0,01117|1|1|1
2020,28029,1,1,1,161.0,104.0,154.0,44.0,28029|1|1|1
2020,01113,32,1,1,48.0,20.0,85.0,20.0,01113|32|1|1
2021,22007,1,1,1,98.0,73.0,151.0,50.0,22007|1|1|1
2021,22121,1,1,1,269.0,80.0,261.0,21.0,22121|1|1|1
2021,28077,1,1,1,58.0,43.0,95.0,42.0,28077|1|1|1
2021,22071,4,2,1,42.0,29.0,102.0,35.0,22071|4|2|1
2022,11001,32,1,1,1143.0,400.0,589.0,126.0,11001|32|1|1
2022,17089,32,1,1,81.0,34.0,1484.0,321.0,17089|32|1|1
2022,34021,31,1,1,92.0,34.0,555.0,109.0,34021|31|1|1
2023,06037,4,2,1,899.0,536.0,6928.0,3246.0,06037|4|2|1
2023,19113,1,2,1,37.0,0.0,349.0,7.0,19113|1|2|1
2023,18089,2,2,1,195.0,123.0,933.0,336.0,18089|2|2|1
2024,01089,2,2,1,211.0,113.0,724.0,169.0,01089|2|2|1
2024,01073,4,2,1,575.0,324.0,1094.0,347.0,01073|4|2|1
2024,01089,31,1,1,257.0,52.0,699.0,85.0,01089|31|1|1
2024,18089,32,1,1,333.0,167.0,987.0,275.0,18089|32|1|1
2024,28087,1,1,1,192.0,73.0,373.0,50.0,28087|1|1|1
2024,28075,31,1,1,44.0,6.0,76.0,15.0,28075|31|1|1
2024,01005,1,1,1,103.0,74.0,87.0,16.0,01005|1|1|1
2024,42071,1,1,1,149.0,31.0,3381.0,413.0,42071|1|1|1
2025,42101,32,1,3,415.0,128.0,380.0,80.0,42101|32|1|3
2018,18059,1,1,1,73.0,8.0,1534.0,105.0,18059|1|1|1
2018,25021,32,1,1,214.0,88.0,2468.0,511.0,25021|32|1|1
2018,45047,1,1,1,129.0,32.0,584.0,79.0,45047|1|1|1
2018,45069,1,1,1,94.0,61.0,96.0,45.0,45069|1|1|1
2018,34007,1,2,1,26.0,13.0,115.0,30.0,34007|1|2|1
2019,22073,31,1,1,97.0,30.0,529.0,99.0,22073|31|1|1
2021,45063,1,1,1,888.0,270.0,4288.0,473.0,45063|1|1|1
2023,45079,1,1,1,2178.0,511.0,2303.0,183.0,45079|1|1|1
2023,45015,31,1,1,41.0,17.0,131.0,45.0,45015|31|1|1
2024,53033,4,2,1,245.0,127.0,2401.0,937.0,53033|4|2|1
2025,18157,1,1,1,44.0,6.0,1498.0,83.0,18157|1|1|1
2025,27003,1,2,1,40.0,4.0,145.0,18.0,27003|1|2|1
2025,27037,32,1,1,42.0,21.0,633.0,175.0,27037|32|1|1
2025,18097,4,1,1,119.0,65.0,438.0,176.0,18097|4|1|1
2025,47119,32,1,1,54.0,8.0,365.0,83.0,47119|32|1|1
2018,19193,1,1,1,43.0,8.0,1134.0,123.0,19193|1|1|1
2018,40109,2,1,1,57.0,44.0,337.0,158.0,40109|2|1|1
2018,53053,4,2,1,97.0,67.0,2081.0,885.0,53053|4|2|1
2020,01101,31,1,1,1015.0,262.0,1482.0,181.0,01101|31|1|1
2020,28011,1,1,1,90.0,44.0,136.0,13.0,28011|1|1|1
2020,21117,1,1,1,47.0,6.0,2809.0,258.0,21117|1|1|1
2021,22017,31,1,1,743.0,246.0,1435.0,222.0,22017|31|1|1
2021,28081,32,1,1,63.0,24.0,371.0,67.0,28081|32|1|1
2022,01089,1,1,3,57.0,12.0,388.0,25.0,01089|1|1|3
2022,01101,1,1,3,88.0,21.0,162.0,19.0,01101|1|1|3
2022,01097,32,1,1,531.0,271.0,1130.0,333.0,01097|32|1|1
2022,27003,1,1,1,500.0,68.0,3843.0,244.0,27003|1|1|1
2022,17043,32,1,1,78.0,33.0,2142.0,505.0,17043|32|1|1
2022,17019,1,1,1,200.0,45.0,1487.0,114.0,17019|1|1|1
2022,21145,1,1,1,54.0,24.0,723.0,145.0,21145|1|1|1
2023,06067,1,1,1,774.0,146.0,5273.0,540.0,06067|1|1|1
2023,06013,4,2,1,184.0,107.0,1118.0,514.0,06013|4|2|1
2023,22033,4,2,1,184.0,124.0,336.0,129.0,22033|4|2|1
2023,22037,1,1,1,64.0,48.0,107.0,15.0,22037|1|1|1
2022,45013,1,1,1,430.0,273.0,2966.0,274.0,45013|1|1|1
2022,45079,4,1,1,102.0,58.0,121.0,48.0,45079|4|1|1
2024,28059,1,1,1,220.0,75.0,1350.0,265.0,28059|1|1|1
2024,28011,1,1,1,97.0,50.0,80.0,13.0,28011|1|1|1
2024,28009,1,1,1,26.0,17.0,49.0,17.0,28009|1|1|1
2024,36059,32,1,1,281.0,101.0,933.0,222.0,36059|32|1|1
2024,36005,1,1,1,610.0,186.0,707.0,134.0,36005|1|1|1
2023,44003,1,1,1,86.0,11.0,1379.0,88.0,44003|1|1|1
2024,24033,31,1,1,1038.0,285.0,320.0,72.0,24033|31|1|1
2024,24005,32,1,1,569.0,266.0,796.0,233.0,24005|32|1|1
2024,24003,1,2,1,43.0,11.0,116.0,29.0,24003|1|2|1
2024,24031,32,2,1,170.0,54.0,468.0,109.0,24031|32|2|1
2025,42101,31,1,1,605.0,259.0,907.0,192.0,42101|31|1|1
2025,42011,32,1,1,65.0,32.0,769.0,230.0,42011|32|1|1
2024,36005,4,1,1,47.0,37.0,34.0,16.0,36005|4|1|1
2025,24017,1,1,1,1396.0,186.0,683.0,53.0,24017|1|1|1
2025,24005,1,1,3,85.0,15.0,226.0,25.0,24005|1|1|3
2018,34007,4,2,1,109.0,67.0,629.0,328.0,34007|4|2|1
2019,22051,31,1,1,251.0,90.0,1123.0,215.0,22051|31|1|1
2019,22051,4,1,1,61.0,46.0,258.0,107.0,22051|4|1|1
2021,21111,1,2,1,140.0,20.0,502.0,57.0,21111|1|2|1
2021,45063,32,1,1,209.0,81.0,2236.0,374.0,45063|32|1|1
2021,45083,32,1,1,327.0,114.0,2246.0,401.0,45083|32|1|1
2024,27037,32,1,1,43.0,25.0,480.0,141.0,27037|32|1|1
2023,45069,1,1,1,113.0,80.0,130.0,65.0,45069|1|1|1
2023,45061,1,1,1,100.0,76.0,65.0,23.0,45061|1|1|1
2024,11001,31,2,1,87.0,45.0,125.0,40.0,11001|31|2|1
2025,25027,2,2,1,146.0,75.0,2063.0,532.0,25027|2|2|1
2019,45071,1,1,1,74.0,37.0,263.0,47.0,45071|1|1|1
2019,45083,1,2,1,38.0,7.0,89.0,13.0,45083|1|2|1
2025,55105,1,1,1,50.0,16.0,1750.0,158.0,55105|1|1|1
2025,36071,31,1,1,60.0,21.0,335.0,87.0,36071|31|1|1
2025,49011,1,1,1,26.0,1.0,3154.0,234.0,49011|1|1|1
2019,44003,1,1,1,51.0,4.0,2193.0,190.0,44003|1|1|1
2019,44007,32,1,1,167.0,67.0,2418.0,532.0,44007|32|1|1
2020,21093,1,1,1,159.0,26.0,1608.0,232.0,21093|1|1|1
2020,21029,1,1,1,31.0,10.0,1744.0,349.0,21029|1|1|1
2020,28089,1,1,1,536.0,108.0,1599.0,82.0,28089|1|1|1
2020,28007,1,1,1,63.0,37.0,75.0,20.0,28007|1|1|1
2020,01117,4,2,1,29.0,18.0,368.0,140.0,01117|4|2|1
2020,01073,4,2,1,140.0,97.0,722.0,252.0,01073|4|2|1
2021,22071,32,1,1,673.0,256.0,1081.0,165.0,22071|32|1|1
2021,24031,4,2,1,167.0,90.0,635.0,214.0,24031|4|2|1
2022,01003,1,1,1,273.0,111.0,4735.0,653.0,01003|1|1|1
2022,01097,1,1,1,1258.0,307.0,3513.0,620.0,01097|1|1|1
2022,01117,1,1,1,648.0,134.0,3101.0,346.0,01117|1|1|1
2022,17031,4,1,3,54.0,31.0,86.0,39.0,17031|4|1|3
2022,27123,1,1,1,410.0,55.0,4161.0,204.0,27123|1|1|1
2023,18089,32,1,1,301.0,147.0,930.0,315.0,18089|32|1|1
2023,22045,1,1,1,187.0,97.0,344.0,100.0,22045|1|1|1
2022,45035,32,1,1,272.0,88.0,982.0,214.0,45035|32|1|1
2022,45061,1,1,1,130.0,109.0,61.0,21.0,45061|1|1|1
2023,06077,1,2,1,36.0,2.0,197.0,26.0,06077|1|2|1
2024,01125,31,1,1,88.0,25.0,186.0,35.0,01125|31|1|1
2024,18097,31,1,1,352.0,109.0,1121.0,184.0,18097|31|1|1
2024,28145,1,1,1,34.0,26.0,217.0,71.0,28145|1|1|1
2024,36083,1,1,1,89.0,14.0,987.0,77.0,36083|1|1|1
2024,01051,32,1,1,47.0,19.0,201.0,67.0,01051|32|1|1
2024,18097,2,1,1,135.0,83.0,353.0,178.0,18097|2|1|1
2024,24027,32,1,1,122.0,57.0,191.0,52.0,24027|32|1|1
2024,24037,32,1,1,51.0,21.0,176.0,40.0,24037|32|1|1
2024,24025,2,2,1,94.0,51.0,469.0,153.0,24025|2|2|1
2024,42045,1,2,1,66.0,16.0,145.0,28.0,42045|1|2|1
2024,42091,2,1,1,41.0,14.0,457.0,122.0,42091|2|1|1
2025,10003,1,1,3,49.0,13.0,156.0,24.0,10003|1|1|3
2025,42101,32,2,1,536.0,312.0,878.0,328.0,42101|32|2|1
2018,25005,31,1,1,75.0,41.0,1798.0,481.0,25005|31|1|1
2018,45019,2,2,1,73.0,54.0,891.0,321.0,45019|2|2|1
2018,45079,31,2,1,43.0,21.0,153.0,38.0,45079|31|2|1
2019,35001,32,1,1,83.0,36.0,2231.0,582.0,35001|32|1|1
2021,21093,32,1,1,73.0,27.0,713.0,152.0,21093|32|1|1
2021,11001,31,1,1,2345.0,528.0,6725.0,510.0,11001|31|1|1
2021,11001,2,1,1,161.0,106.0,99.0,31.0,11001|2|1|1
2021,45019,32,1,1,347.0,129.0,4175.0,467.0,45019|32|1|1
2021,45051,32,1,1,157.0,47.0,3323.0,588.0,45051|32|1|1
2021,45001,1,1,1,48.0,28.0,209.0,47.0,45001|1|1|1
2023,11001,2,1,1,105.0,76.0,57.0,28.0,11001|2|1|1
2023,72021,1,1,1,58.0,7.0,1128.0,215.0,72021|1|1|1
2024,11001,32,1,1,400.0,187.0,118.0,30.0,11001|32|1|1
2025,27123,2,2,1,43.0,19.0,897.0,213.0,27123|2|2|1
2025,04013,4,1,1,61.0,26.0,1953.0,589.0,04013|4|1|1
2025,18097,32,2,1,177.0,56.0,785.0,162.0,18097|32|2|1
2025,25025,2,2,1,278.0,181.0,574.0,218.0,25025|2|2|1
2025,25013,1,1,1,377.0,50.0,2715.0,184.0,25013|1|1|1
2025,35043,1,1,1,69.0,13.0,1816.0,199.0,35043|1|1|1
2025,47065,32,1,1,201.0,85.0,908.0,235.0,47065|32|1|1
2018,01113,1,1,1,215.0,50.0,389.0,66.0,01113|1|1|1
2018,06077,2,2,1,80.0,54.0,831.0,432.0,06077|2|2|1
2018,06073,4,2,1,212.0,127.0,5670.0,2584.0,06073|4|2|1
2018,24027,32,1,1,186.0,72.0,621.0,158.0,24027|32|1|1
2018,24009,1,1,1,137.0,24.0,1215.0,77.0,24009|1|1|1
2018,29510,4,2,1,35.0,23.0,236.0,121.0,29510|4|2|1
2018,36059,4,1,1,46.0,33.0,681.0,320.0,36059|4|1|1
2018,36059,1,1,1,1299.0,261.0,7339.0,713.0,36059|1|1|1
2018,39049,2,2,1,398.0,218.0,2641.0,764.0,39049|2|2|1
2018,39113,1,1,3,35.0,8.0,368.0,38.0,39113|1|1|3
2018,42043,32,1,1,93.0,62.0,538.0,187.0,42043|32|1|1
2018,42003,2,1,1,181.0,119.0,1663.0,599.0,42003|2|1|1
2018,48201,31,1,1,1472.0,709.0,5569.0,1857.0,48201|31|1|1
2018,48157,4,1,1,83.0,59.0,246.0,123.0,48157|4|1|1
2019,06071,31,1,1,1205.0,231.0,11718.0,1807.0,06071|31|1|1
2019,06107,1,1,1,46.0,7.0,3585.0,270.0,06107|1|1|1
2019,13097,32,1,1,450.0,199.0,335.0,82.0,13097|32|1|1
2019,13051,2,1,1,64.0,52.0,156.0,87.0,13051|2|1|1
2019,13279,1,1,1,57.0,36.0,177.0,76.0,13279|1|1|1
2019,26099,1,1,1,1334.0,286.0,10318.0,1119.0,26099|1|1|1
2019,26065,32,1,1,65.0,24.0,866.0,144.0,26065|32|1|1
2019,29189,1,1,3,68.0,14.0,636.0,40.0,29189|1|1|3
2019,34039,2,2,1,172.0,138.0,761.0,430.0,34039|2|2|1
2019,42045,32,2,1,47.0,25.0,202.0,58.0,42045|32|2|1
2019,01073,1,1,1,2077.0,346.0,5783.0,403.0,01073|1|1|1
2019,10003,2,1,1,68.0,44.0,321.0,107.0,10003|2|1|1
2019,12057,1,1,1,3190.0,561.0,18220.0,2018.0,12057|1|1|1
2019,12019,32,1,1,151.0,79.0,992.0,287.0,12019|32|1|1
2019,12099,32,1,3,63.0,17.0,330.0,78.0,12099|32|1|3
2019,13121,32,1,3,176.0,66.0,260.0,66.0,13121|32|1|3
2019,13153,32,1,1,180.0,98.0,388.0,101.0,13153|32|1|1
2019,13247,2,2,1,140.0,111.0,62.0,43.0,13247|2|2|1
2019,26099,4,2,1,94.0,55.0,1691.0,716.0,26099|4|2|1
2020,06075,1,1,1,33.0,4.0,1994.0,98.0,06075|1|1|1
2020,12011,1,1,3,190.0,56.0,952.0,209.0,12011|1|1|3
2020,22081,1,1,1,65.0,48.0,57.0,22.0,22081|1|1|1
2020,22117,1,1,1,135.0,83.0,379.0,126.0,22117|1|1|1
2020,37069,31,1,1,197.0,47.0,1205.0,147.0,37069|31|1|1
2020,47149,1,1,1,1073.0,173.0,5914.0,540.0,47149|1|1|1
2020,48201,1,1,1,7696.0,1496.0,36467.0,3950.0,48201|1|1|1
2020,48167,32,1,1,79.0,33.0,1468.0,251.0,48167|32|1|1
2020,06067,4,2,1,70.0,49.0,813.0,387.0,06067|4|2|1
2020,08005,1,2,1,149.0,18.0,839.0,97.0,08005|1|2|1
2020,12057,2,1,1,88.0,56.0,862.0,346.0,12057|2|1|1
2020,12099,4,1,1,85.0,61.0,1360.0,682.0,12099|4|1|1
2020,12111,4,2,1,38.0,28.0,303.0,179.0,12111|4|2|1
2020,12117,2,2,1,47.0,28.0,703.0,325.0,12117|2|2|1
2020,18097,2,1,1,110.0,72.0,450.0,176.0,18097|2|1|1
2020,22005,32,1,1,74.0,24.0,587.0,75.0,22005|32|1|1
2020,22033,4,1,1,41.0,23.0,168.0,46.0,22033|4|1|1
2020,29510,1,1,1,384.0,81.0,2758.0,149.0,29510|1|1|1
2020,29095,2,1,1,99.0,74.0,375.0,138.0,29095|2|1|1
2020,37063,31,2,1,46.0,12.0,125.0,29.0,37063|31|2|1
2020,37117,1,1,1,66.0,33.0,98.0,21.0,37117|1|1|1
2020,34039,1,1,1,972.0,158.0,3853.0,333.0,34039|1|1|1
2020,34037,1,1,1,115.0,27.0,2365.0,280.0,34037|1|1|1
2020,34041,1,1,1,130.0,21.0,1370.0,117.0,34041|1|1|1
2020,36067,1,1,1,268.0,51.0,4107.0,325.0,36067|1|1|1
2020,51041,32,1,1,427.0,132.0,2224.0,296.0,51041|32|1|1
2021,06099,1,1,1,195.0,20.0,4207.0,382.0,06099|1|1|1
2021,06039,1,1,1,48.0,13.0,1589.0,150.0,06039|1|1|1
2021,12057,31,1,1,2991.0,706.0,16266.0,2521.0,12057|31|1|1
2021,13067,32,1,1,1980.0,481.0,5639.0,707.0,13067|32|1|1
2021,13279,1,1,1,59.0,30.0,200.0,49.0,13279|1|1|1
2021,13135,2,1,1,110.0,61.0,324.0,119.0,13135|2|1|1
2021,37025,1,1,1,817.0,151.0,2505.0,235.0,37025|1|1|1
2021,37081,1,1,1,2282.0,412.0,4171.0,292.0,37081|1|1|1
2021,04013,32,1,1,2844.0,543.0,67003.0,7030.0,04013|32|1|1
2021,25021,1,1,1,645.0,78.0,5472.0,233.0,25021|1|1|1
2021,29189,32,1,3,54.0,13.0,282.0,37.0,29189|32|1|3
2021,39043,1,1,1,54.0,14.0,869.0,74.0,39043|1|1|1
2021,42017,1,1,1,239.0,33.0,6564.0,374.0,42017|1|1|1
2022,06013,1,1,1,689.0,94.0,4601.0,340.0,06013|1|1|1
2022,06067,1,2,1,115.0,29.0,419.0,68.0,06067|1|2|1
2022,12095,1,1,1,2023.0,498.0,9751.0,1529.0,12095|1|1|1
2022,12105,1,1,2,139.0,39.0,686.0,126.0,12105|1|1|2
2022,13117,32,1,1,116.0,35.0,1321.0,233.0,13117|32|1|1
2022,13127,1,1,1,118.0,36.0,849.0,110.0,13127|1|1|1
2022,13153,1,1,1,960.0,154.0,1476.0,108.0,13153|1|1|1
2022,13063,1,1,1,1891.0,379.0,335.0,40.0,13063|1|1|1
2022,26081,2,2,1,129.0,56.0,2120.0,396.0,26081|2|2|1
2022,26121,1,1,1,167.0,54.0,1942.0,273.0,26121|1|1|1
2021,42101,2,2,1,1118.0,722.0,1230.0,481.0,42101|2|2|1
2021,48121,32,1,1,517.0,138.0,6399.0,814.0,48121|32|1|1
2021,48157,1,2,1,86.0,17.0,177.0,28.0,48157|1|2|1
2021,51760,4,2,1,50.0,26.0,144.0,37.0,51760|4|2|1
2022,12095,2,2,1,452.0,301.0,2662.0,1195.0,12095|2|2|1
2022,13189,1,1,1,77.0,38.0,141.0,26.0,13189|1|1|1
2022,13089,4,2,1,577.0,351.0,657.0,240.0,13089|4|2|1
2022,13245,4,2,1,85.0,52.0,78.0,35.0,13245|4|2|1
2022,24025,2,2,1,74.0,55.0,459.0,153.0,24025|2|2|1
2022,24005,4,2,1,507.0,340.0,1048.0,467.0,24005|4|2|1
2022,28033,31,1,1,198.0,82.0,446.0,80.0,28033|31|1|1
2022,28113,1,1,1,298.0,186.0,195.0,61.0,28113|1|1|1
2022,36085,32,1,1,108.0,45.0,879.0,215.0,36085|32|1|1
2022,42043,31,1,1,80.0,27.0,742.0,167.0,42043|31|1|1
2022,42045,1,1,3,73.0,19.0,189.0,20.0,42045|1|1|3
2022,42101,32,1,3,400.0,147.0,448.0,106.0,42101|32|1|3
2022,48157,31,1,1,662.0,227.0,1101.0,277.0,48157|31|1|1
2022,48381,1,1,1,71.0,6.0,2138.0,226.0,48381|1|1|1
2022,51740,2,2,1,98.0,55.0,92.0,33.0,51740|2|2|1
2023,01089,1,1,1,1078.0,186.0,4130.0,351.0,01089|1|1|1
2023,01003,1,1,1,253.0,134.0,3974.0,631.0,01003|1|1|1
2023,01073,31,2,1,80.0,37.0,292.0,77.0,01073|31|2|1
2023,13015,1,1,1,157.0,25.0,1163.0,126.0,13015|1|1|1
2023,13245,1,1,1,920.0,235.0,788.0,108.0,13245|1|1|1
2022,48349,1,1,1,79.0,37.0,609.0,197.0,48349|1|1|1
2023,12105,1,1,2,67.0,7.0,420.0,78.0,12105|1|1|2
2023,12057,31,2,1,94.0,43.0,607.0,234.0,12057|31|2|1
2023,27037,32,1,1,26.0,13.0,476.0,132.0,27037|32|1|1
2023,29019,1,1,1,117.0,22.0,1407.0,95.0,29019|1|1|1
2023,29183,1,1,1,303.0,51.0,4022.0,267.0,29183|1|1|1
2023,42091,2,2,1,285.0,142.0,2500.0,607.0,42091|2|2|1
2023,48187,1,1,1,342.0,58.0,3001.0,514.0,48187|1|1|1
2023,48201,31,1,1,493.0,249.0,1601.0,674.0,48201|31|1|1
2023,48303,1,1,1,147.0,34.0,3157.0,370.0,48303|1|1|1
2023,48201,2,1,1,311.0,229.0,1151.0,692.0,48201|2|1|1
2023,51810,32,1,1,214.0,99.0,613.0,198.0,51810|32|1|1
2023,51143,1,1,1,51.0,18.0,334.0,60.0,51143|1|1|1
2023,55079,31,2,1,98.0,36.0,629.0,90.0,55079|31|2|1
2024,06001,1,1,1,320.0,55.0,2232.0,194.0,06001|1|1|1
2024,06013,31,1,1,122.0,44.0,907.0,144.0,06013|31|1|1
2024,06073,31,1,1,225.0,34.0,3051.0,520.0,06073|31|1|1
2024,08059,1,1,1,29.0,6.0,5209.0,299.0,08059|1|1|1
2024,12053,32,1,1,68.0,31.0,755.0,255.0,12053|32|1|1
2024,12015,1,1,1,186.0,54.0,3439.0,481.0,12015|1|1|1
2024,13135,32,1,1,1188.0,521.0,989.0,273.0,13135|32|1|1
2024,13077,32,1,1,136.0,63.0,355.0,99.0,13077|32|1|1
2023,39049,1,1,3,85.0,9.0,438.0,31.0,39049|1|1|3
2023,48439,32,2,1,125.0,45.0,366.0,79.0,48439|32|2|1
2024,13127,1,1,1,91.0,20.0,644.0,73.0,13127|1|1|1
2024,21067,31,1,1,50.0,12.0,348.0,61.0,21067|31|1|1
2024,26161,2,2,1,78.0,38.0,618.0,155.0,26161|2|2|1
2024,48121,32,1,1,179.0,84.0,1295.0,351.0,48121|32|1|1
2018,01089,1,1,1,973.0,147.0,5113.0,368.0,01089|1|1|1
2018,01097,1,1,1,1136.0,398.0,3484.0,545.0,01097|1|1|1
2018,06067,1,2,1,222.0,46.0,1056.0,139.0,06067|1|2|1
2018,34029,32,1,1,68.0,34.0,2403.0,731.0,34029|32|1|1
2018,37183,32,1,1,843.0,394.0,2621.0,597.0,37183|32|1|1
2018,42045,31,1,1,252.0,131.0,1494.0,460.0,42045|31|1|1
2018,24013,1,1,1,76.0,4.0,1973.0,112.0,24013|1|1|1
2018,24510,4,1,1,164.0,121.0,109.0,60.0,24510|4|1|1
2018,24031,31,2,1,108.0,58.0,711.0,216.0,24031|31|2|1
2018,29095,2,2,1,119.0,87.0,994.0,399.0,29095|2|2|1
2018,35001,1,1,1,179.0,33.0,7524.0,822.0,35001|1|1|1
2018,39153,32,1,1,136.0,69.0,1777.0,481.0,39153|32|1|1
2018,42043,2,1,1,40.0,27.0,266.0,91.0,42043|2|1|1
2018,48365,1,1,1,36.0,29.0,192.0,69.0,48365|1|1|1
2018,48005,1,1,1,57.0,32.0,780.0,253.0,48005|1|1|1
2018,48419,1,1,1,43.0,32.0,129.0,49.0,48419|1|1|1
2018,48139,31,1,1,88.0,37.0,477.0,131.0,48139|31|1|1
2018,48029,1,1,1,1892.0,364.0,20080.0,2633.0,48029|1|1|1
2019,06065,32,1,1,1315.0,471.0,14712.0,3074.0,06065|32|1|1
2019,06095,31,1,1,608.0,118.0,3024.0,415.0,06095|31|1|1
2019,13223,4,2,1,83.0,66.0,335.0,215.0,13223|4|2|1
2019,13021,1,1,1,371.0,63.0,715.0,58.0,13021|1|1|1
2019,13097,1,1,1,1245.0,189.0,765.0,73.0,13097|1|1|1
2019,17031,1,1,1,7773.0,1596.0,35818.0,2935.0,17031|1|1|1
2019,39049,1,1,1,2187.0,312.0,12639.0,841.0,39049|1|1|1
2019,48423,1,1,1,325.0,132.0,2638.0,394.0,48423|1|1|1
2019,48339,31,1,1,159.0,40.0,2357.0,459.0,48339|31|1|1
2019,51153,32,1,1,609.0,225.0,1611.0,376.0,51153|32|1|1
2019,13127,1,1,1,116.0,24.0,970.0,114.0,13127|1|1|1
2019,17031,4,2,1,734.0,584.0,4506.0,2526.0,17031|4|2|1
2019,26125,4,2,1,201.0,126.0,2047.0,804.0,26125|4|2|1
2019,29189,4,1,1,116.0,87.0,605.0,241.0,29189|4|1|1
2019,34039,2,1,1,39.0,31.0,229.0,110.0,34039|2|1|1
2019,36103,1,2,1,44.0,9.0,407.0,89.0,36103|1|2|1
2019,36005,2,2,1,291.0,236.0,244.0,185.0,36005|2|2|1
2019,36093,1,1,1,127.0,24.0,1255.0,99.0,36093|1|1|1
2019,48157,1,2,1,125.0,30.0,220.0,43.0,48157|1|2|1
2019,55079,31,2,1,95.0,39.0,694.0,147.0,55079|31|2|1
2020,06115,1,1,1,83.0,15.0,959.0,93.0,06115|1|1|1
2020,12105,1,1,3,61.0,16.0,535.0,88.0,12105|1|1|3
2020,12031,31,1,1,2620.0,684.0,10196.0,1703.0,12031|31|1|1
2020,37119,31,2,1,141.0,63.0,726.0,182.0,37119|31|2|1
2020,37067,4,1,1,30.0,12.0,215.0,80.0,37067|4|1|1
2020,42029,1,1,1,202.0,35.0,5639.0,395.0,42029|1|1|1
2020,42091,4,2,1,62.0,37.0,1213.0,449.0,42091|4|2|1
2019,53033,31,1,1,577.0,125.0,13027.0,1315.0,53033|31|1|1
2019,55079,31,1,1,412.0,138.0,4358.0,636.0,55079|31|1|1
2020,12011,31,2,1,83.0,53.0,559.0,242.0,12011|31|2|1
2020,22071,4,1,1,71.0,54.0,132.0,58.0,22071|4|1|1
2020,24033,32,1,1,3454.0,1057.0,1112.0,226.0,24033|32|1|1
2020,24037,1,1,1,266.0,36.0,1605.0,60.0,24037|1|1|1
2020,26163,2,2,1,221.0,160.0,1265.0,454.0,26163|2|2|1
2020,26163,31,2,1,53.0,33.0,388.0,128.0,26163|31|2|1
2020,37147,32,1,1,63.0,23.0,317.0,43.0,37147|32|1|1
2020,37139,1,1,1,103.0,33.0,484.0,44.0,37139|1|1|1
2020,34033,1,1,1,74.0,16.0,653.0,63.0,34033|1|1|1
2020,34005,4,1,1,30.0,17.0,195.0,82.0,34005|4|1|1
2020,51137,1,1,1,72.0,12.0,619.0,59.0,51137|1|1|1
2021,13089,1,1,1,3618.0,607.0,5008.0,241.0,13089|1|1|1
2021,13223,1,1,1,1010.0,126.0,2358.0,163.0,13223|1|1|1
2021,13051,31,1,1,865.0,225.0,2607.0,390.0,13051|31|1|1
2021,13089,4,2,1,276.0,195.0,537.0,165.0,13089|4|2|1
2021,19113,1,2,1,61.0,3.0,759.0,12.0,19113|1|2|1
2021,26163,31,1,1,2746.0,770.0,15810.0,1912.0,26163|31|1|1
2021,37119,1,2,1,111.0,27.0,314.0,69.0,37119|1|2|1
2021,37069,1,1,1,525.0,129.0,1302.0,114.0,37069|1|1|1
2020,48037,1,1,1,218.0,111.0,1048.0,274.0,48037|1|1|1
2020,51700,1,2,1,102.0,10.0,96.0,2.0,51700|1|2|1
2020,55079,31,1,3,68.0,24.0,502.0,87.0,55079|31|1|3
2021,06067,2,2,1,163.0,94.0,1449.0,537.0,06067|2|2|1
2021,37025,2,2,1,99.0,47.0,440.0,145.0,37025|2|2|1
2021,34035,1,1,1,415.0,53.0,2562.0,153.0,34035|1|1|1
2021,36005,31,1,1,822.0,222.0,1240.0,214.0,36005|31|1|1
2021,39093,1,1,1,247.0,25.0,4346.0,273.0,39093|1|1|1
2021,47065,31,1,1,466.0,118.0,4671.0,535.0,47065|31|1|1
2021,48199,1,1,1,58.0,36.0,1058.0,342.0,48199|1|1|1
2021,51650,1,1,1,1067.0,112.0,1180.0,59.0,51650|1|1|1
2021,55079,1,1,3,134.0,37.0,728.0,60.0,55079|1|1|3
2022,06047,1,1,1,63.0,8.0,1413.0,152.0,06047|1|1|1
2022,06071,4,2,1,254.0,146.0,1999.0,1091.0,06071|4|2|1
2022,12021,32,1,1,108.0,44.0,1834.0,489.0,12021|32|1|1
2022,12071,4,1,1,30.0,18.0,964.0,412.0,12071|4|1|1
2021,39049,2,2,1,511.0,264.0,2322.0,733.0,39049|2|2|1
2021,48157,31,1,1,3067.0,812.0,7623.0,1162.0,48157|31|1|1
2022,12111,1,1,3,93.0,26.0,304.0,56.0,12111|1|1|3
2022,13135,1,2,1,79.0,33.0,65.0,35.0,13135|1|2|1
2022,13097,2,2,1,216.0,145.0,116.0,55.0,13097|2|2|1
2022,24005,1,1,3,78.0,19.0,280.0,18.0,24005|1|1|3
2022,28161,1,1,1,70.0,48.0,76.0,27.0,28161|1|1|1
2022,36047,32,1,1,1070.0,379.0,1287.0,287.0,36047|32|1|1
2022,39095,32,1,1,153.0,71.0,1195.0,281.0,39095|32|1|1
2022,51041,32,1,1,777.0,261.0,1617.0,304.0,51041|32|1|1
2022,51710,1,1,1,621.0,74.0,2122.0,117.0,51710|1|1|1
2023,01069,1,1,1,249.0,83.0,979.0,198.0,01069|1|1|1
2023,12095,32,1,3,73.0,33.0,196.0,60.0,12095|32|1|3
2023,12105,2,1,1,68.0,46.0,429.0,250.0,12105|2|1|1
2023,13135,4,1,1,101.0,74.0,218.0,112.0,13135|4|1|1
2022,28109,1,1,1,91.0,39.0,761.0,188.0,28109|1|1|1
2022,36027,1,1,1,305.0,43.0,2042.0,226.0,36027|1|1|1
2022,36047,31,1,1,596.0,196.0,1298.0,261.0,36047|31|1|1
2022,48113,32,2,1,210.0,30.0,383.0,54.0,48113|32|2|1
2023,12001,31,1,1,25.0,12.0,81.0,23.0,12001|31|1|1
2023,48485,1,1,1,73.0,15.0,949.0,95.0,48485|1|1|1
2023,48037,1,1,1,194.0,108.0,806.0,252.0,48037|1|1|1
2024,06001,31,1,1,115.0,36.0,678.0,96.0,06001|31|1|1
2024,12001,31,1,1,42.0,22.0,184.0,52.0,12001|31|1|1
2024,12009,31,1,1,141.0,51.0,1037.0,288.0,12009|31|1|1
2024,17163,4,1,1,42.0,32.0,132.0,59.0,17163|4|1|1
2024,06037,1,2,1,90.0,30.0,661.0,184.0,06037|1|2|1
2024,13047,1,1,1,37.0,7.0,769.0,128.0,13047|1|1|1
2018,01045,1,1,1,45.0,14.0,398.0,101.0,01045|1|1|1
2018,06065,32,1,1,1317.0,576.0,12205.0,3301.0,06065|32|1|1
2018,26065,32,1,1,55.0,20.0,760.0,190.0,26065|32|1|1
2018,12083,1,1,2,37.0,11.0,455.0,47.0,12083|1|1|2
2018,12011,2,1,1,231.0,179.0,1395.0,903.0,12011|2|1|1
2018,12127,2,2,1,59.0,48.0,1113.0,605.0,12127|2|2|1
2018,21111,4,1,1,75.0,50.0,539.0,189.0,21111|4|1|1
2018,24037,1,1,1,231.0,38.0,1289.0,83.0,24037|1|1|1
2018,24017,1,1,1,1742.0,221.0,853.0,71.0,24017|1|1|1
2018,29189,4,2,1,150.0,112.0,1453.0,555.0,29189|4|2|1
2018,36059,31,2,1,104.0,57.0,1033.0,370.0,36059|31|2|1
2018,36005,32,1,3,44.0,14.0,147.0,49.0,36005|32|1|3
2018,39035,1,1,1,2205.0,424.0,10170.0,769.0,39035|1|1|1
2018,39061,4,1,1,123.0,90.0,565.0,239.0,39061|4|1|1
2018,39093,1,1,1,161.0,26.0,3934.0,320.0,39093|1|1|1
2018,42101,31,1,1,1382.0,692.0,2104.0,680.0,42101|31|1|1
2018,42101,2,2,3,53.0,42.0,88.0,59.0,42101|2|2|3
2018,48113,1,1,3,119.0,20.0,832.0,85.0,48113|1|1|3
2018,48157,2,2,1,202.0,161.0,600.0,330.0,48157|2|2|1
2018,48439,32,1,1,865.0,329.0,5873.0,1369.0,48439|32|1|1
2019,06029,1,1,1,315.0,44.0,7685.0,599.0,06029|1|1|1
2019,12086,4,2,1,289.0,227.0,2894.0,2061.0,12086|4|2|1
2019,13247,1,1,1,980.0,208.0,286.0,39.0,13247|1|1|1
2019,17019,32,1,1,30.0,12.0,455.0,73.0,17019|32|1|1
2019,34005,31,1,1,339.0,115.0,2330.0,427.0,34005|31|1|1
2019,42003,32,1,1,226.0,108.0,3174.0,728.0,42003|32|1|1
2019,48157,1,1,1,2522.0,422.0,6868.0,583.0,48157|1|1|1
2019,48453,1,1,1,851.0,173.0,14018.0,1341.0,48453|1|1|1
2019,48339,32,1,1,64.0,31.0,1591.0,379.0,48339|32|1|1
2019,51710,1,2,1,40.0,6.0,77.0,7.0,51710|1|2|1
2019,11001,32,1,3,274.0,81.0,162.0,34.0,11001|32|1|3
2019,12057,32,1,1,841.0,401.0,5084.0,1374.0,12057|32|1|1
2019,12001,32,1,1,118.0,67.0,717.0,215.0,12001|32|1|1
2019,12129,1,1,1,47.0,14.0,515.0,77.0,12129|1|1|1
2019,13113,31,1,1,292.0,64.0,549.0,92.0,13113|31|1|1
2019,13135,1,1,3,60.0,7.0,211.0,22.0,13135|1|1|3
2019,13015,32,1,1,43.0,20.0,541.0,143.0,13015|32|1|1
2019,13277,1,1,1,75.0,43.0,283.0,65.0,13277|1|1|1
2019,17163,4,1,1,47.0,42.0,134.0,49.0,17163|4|1|1
2019,26125,2,2,1,307.0,180.0,3054.0,976.0,26125|2|2|1
2019,48029,32,1,1,307.0,132.0,3980.0,1289.0,48029|32|1|1
2019,48029,2,2,1,102.0,73.0,1142.0,666.0,48029|2|2|1
2020,06037,1,1,1,2878.0,543.0,34020.0,3910.0,06037|1|1|1
2020,12021,32,1,1,37.0,15.0,2009.0,429.0,12021|32|1|1
2020,12009,32,1,1,223.0,79.0,4052.0,836.0,12009|32|1|1
2020,26099,2,2,1,48.0,32.0,1144.0,368.0,26099|2|2|1
2020,42101,31,1,1,2579.0,855.0,10035.0,1395.0,42101|31|1|1
2020,47189,32,1,1,61.0,16.0,1530.0,251.0,47189|32|1|1
2020,12071,4,2,1,39.0,25.0,996.0,548.0,12071|4|2|1
2020,12103,2,2,1,113.0,71.0,2131.0,906.0,12103|2|2|1
2020,12011,1,2,1,103.0,33.0,630.0,145.0,12011|1|2|1
2020,18097,31,2,1,53.0,22.0,346.0,99.0,18097|31|2|1
2020,24003,32,1,1,317.0,78.0,3525.0,495.0,24003|32|1|1
2020,24510,1,2,1,111.0,22.0,102.0,13.0,24510|1|2|1
2020,24027,4,2,1,68.0,40.0,243.0,83.0,24027|4|2|1
2020,37183,2,1,1,66.0,31.0,442.0,124.0,37183|2|1|1
2020,34023,32,1,1,222.0,58.0,2168.0,360.0,34023|32|1|1
2020,34015,2,2,1,28.0,18.0,485.0,211.0,34015|2|2|1
2020,36029,2,2,1,100.0,67.0,1614.0,546.0,36029|2|2|1
2020,48141,31,1,1,393.0,99.0,6058.0,1547.0,48141|31|1|1
2020,51087,31,1,1,1244.0,230.0,5153.0,424.0,51087|31|1|1
2021,12031,31,1,1,2927.0,857.0,10050.0,1910.0,12031|31|1|1
2021,12131,1,1,1,62.0,27.0,2083.0,384.0,12131|1|1|1
2021,12117,31,1,1,519.0,116.0,6167.0,885.0,12117|31|1|1
2021,12009,2,1,1,37.0,22.0,641.0,265.0,12009|2|1|1
2021,13051,1,1,1,1029.0,185.0,3384.0,255.0,13051|1|1|1
2021,13121,1,2,1,183.0,44.0,275.0,59.0,13121|1|2|1
2021,26163,1,1,1,4416.0,1037.0,12792.0,1484.0,26163|1|1|1
2021,37067,1,2,1,49.0,5.0,186.0,24.0,37067|1|2|1
2021,37179,4,2,1,65.0,30.0,632.0,205.0,37179|4|2|1
2020,48071,1,1,1,76.0,31.0,1047.0,187.0,48071|1|1|1
2020,51059,2,2,1,149.0,78.0,1645.0,559.0,51059|2|2|1
2020,53033,1,2,1,97.0,25.0,1053.0,197.0,53033|1|2|1
2020,55079,4,2,1,80.0,45.0,897.0,255.0,55079|4|2|1
2021,04021,32,1,1,456.0,104.0,8018.0,1086.0,04021|32|1|1
2021,06067,1,2,1,177.0,34.0,540.0,60.0,06067|1|2|1
2021,12095,4,2,1,206.0,141.0,1225.0,635.0,12095|4|2|1
2021,13179,1,1,1,518.0,102.0,778.0,74.0,13179|1|1|1
2021,13245,4,1,1,34.0,25.0,51.0,23.0,13245|4|1|1
2021,17163,2,2,1,33.0,26.0,174.0,80.0,17163|2|2|1
2021,25013,4,2,1,31.0,20.0,339.0,176.0,25013|4|2|1
2021,34023,1,1,1,912.0,132.0,4535.0,429.0,34023|1|1|1
2021,36029,4,2,1,38.0,22.0,934.0,345.0,36029|4|2|1
2021,39093,32,1,1,59.0,20.0,2537.0,369.0,39093|32|1|1
2021,42029,1,1,1,281.0,43.0,5852.0,289.0,42029|1|1|1
2021,47167,1,1,1,146.0,38.0,859.0,87.0,47167|1|1|1
2021,47187,32,1,1,125.0,24.0,3659.0,344.0,47187|32|1|1
2021,47047,1,1,1,237.0,55.0,677.0,39.0,47047|1|1|1
2021,48481,1,1,1,29.0,16.0,338.0,71.0,48481|1|1|1
2021,51510,1,1,1,248.0,17.0,1727.0,38.0,51510|1|1|1
2021,51630,1,1,1,93.0,21.0,307.0,19.0,51630|1|1|1
2022,06115,1,1,1,105.0,16.0,773.0,63.0,06115|1|1|1
2022,12057,31,1,1,527.0,175.0,2758.0,667.0,12057|31|1|1
2022,12031,32,1,1,1818.0,732.0,3989.0,1081.0,12031|32|1|1
2022,12071,31,1,1,156.0,68.0,2087.0,548.0,12071|31|1|1
2022,13057,32,1,1,201.0,42.0,1882.0,357.0,13057|32|1|1
2022,26075,1,1,1,108.0,31.0,1897.0,318.0,26075|1|1|1
2021,47053,1,1,1,74.0,19.0,639.0,96.0,47053|1|1|1
2021,48113,31,1,3,159.0,52.0,734.0,109.0,48113|31|1|3
2021,51810,2,2,1,111.0,63.0,680.0,224.0,51810|2|2|1
2021,55079,32,2,1,57.0,30.0,306.0,63.0,55079|32|2|1
2022,06001,32,1,3,113.0,30.0,239.0,45.0,06001|32|1|3
2022,12011,31,2,1,118.0,67.0,627.0,258.0,12011|31|2|1
2022,13067,4,2,1,485.0,260.0,1105.0,405.0,13067|4|2|1
2022,18163,1,1,1,138.0,25.0,2186.0,202.0,18163|1|1|1
2022,24031,1,2,1,47.0,19.0,124.0,38.0,24031|1|2|1
2022,36071,1,1,1,594.0,113.0,2550.0,298.0,36071|1|1|1
2022,39049,1,2,1,97.0,17.0,247.0,33.0,39049|1|2|1
2022,42045,31,1,1,277.0,114.0,1151.0,239.0,42045|31|1|1
2022,42133,32,1,1,108.0,56.0,1683.0,461.0,42133|32|1|1
2022,48201,2,1,1,353.0,243.0,1326.0,723.0,48201|2|1|1
2023,01101,4,2,1,136.0,79.0,119.0,51.0,01101|4|2|1
2023,08005,4,2,1,227.0,121.0,1772.0,682.0,08005|4|2|1
2023,12071,1,1,3,68.0,14.0,979.0,150.0,12071|1|1|3
2023,12111,4,1,1,64.0,42.0,315.0,167.0,12111|4|1|1
2023,13067,1,1,1,1869.0,325.0,4427.0,322.0,13067|1|1|1
2023,13117,32,1,1,42.0,18.0,408.0,101.0,13117|32|1|1
2023,13103,1,1,1,222.0,54.0,883.0,102.0,13103|1|1|1
2022,42043,2,2,1,120.0,63.0,970.0,265.0,42043|2|2|1
2022,51740,31,1,1,102.0,30.0,93.0,21.0,51740|31|1|1
2023,13215,31,1,1,68.0,32.0,65.0,19.0,13215|31|1|1
2023,27109,1,1,1,87.0,13.0,1345.0,82.0,27109|1|1|1
2023,29510,4,1,1,48.0,39.0,57.0,26.0,29510|4|1|1
2023,34017,1,1,1,206.0,33.0,1663.0,201.0,34017|1|1|1
2023,39057,1,1,1,79.0,8.0,1463.0,84.0,39057|1|1|1
2023,39049,4,2,1,530.0,320.0,2481.0,998.0,39049|4|2|1
2023,48041,1,1,1,208.0,112.0,1765.0,357.0,48041|1|1|1
2023,51009,1,1,1,43.0,19.0,237.0,33.0,51009|1|1|1
2023,55025,1,1,1,117.0,9.0,4058.0,146.0,55025|1|1|1
2024,06047,1,1,1,31.0,7.0,1150.0,161.0,06047|1|1|1
2024,06067,32,1,1,331.0,161.0,1264.0,356.0,06067|32|1|1
2024,06095,32,1,1,143.0,75.0,312.0,88.0,06095|32|1|1
2024,12091,32,1,1,62.0,28.0,417.0,129.0,12091|32|1|1
2024,12097,1,1,3,68.0,17.0,1081.0,184.0,12097|1|1|3
2024,17089,32,1,1,61.0,29.0,834.0,233.0,17089|32|1|1
2023,51550,1,2,1,32.0,5.0,51.0,4.0,51550|1|2|1
2024,06067,4,2,1,337.0,191.0,1802.0,743.0,06067|4|2|1
2024,12051,1,1,1,87.0,32.0,590.0,213.0,12051|1|1|1
2024,13223,31,1,1,153.0,39.0,257.0,54.0,13223|31|1|1
2024,13087,1,1,1,86.0,51.0,146.0,35.0,13087|1|1|1
2018,01097,4,2,1,59.0,38.0,435.0,202.0,01097|4|2|1
2018,06065,4,2,1,227.0,154.0,3075.0,1906.0,06065|4|2|1
2018,06071,31,1,1,521.0,207.0,4820.0,1442.0,06071|31|1|1
2018,08005,1,2,1,92.0,11.0,525.0,58.0,08005|1|2|1
2018,08005,4,2,1,286.0,177.0,2485.0,992.0,08005|4|2|1
2018,12009,1,1,1,683.0,157.0,8923.0,1134.0,12009|1|1|1
2018,24510,32,1,1,798.0,516.0,439.0,157.0,24510|32|1|1
2018,24005,32,1,3,39.0,24.0,100.0,27.0,24005|32|1|3
2018,36103,4,2,1,123.0,91.0,2660.0,1405.0,36103|4|2|1
2018,42043,4,2,1,37.0,25.0,516.0,167.0,42043|4|2|1
2018,48039,2,2,1,56.0,43.0,236.0,129.0,48039|2|2|1
2018,49057,1,1,1,47.0,4.0,4790.0,431.0,49057|1|1|1
2019,04013,1,1,3,87.0,18.0,3101.0,257.0,04013|1|1|3
2018,06099,1,1,1,184.0,29.0,4545.0,448.0,06099|1|1|1
2018,42055,1,1,1,34.0,5.0,1726.0,206.0,42055|1|1|1
2019,06037,32,1,3,775.0,200.0,4130.0,889.0,06037|32|1|3
2019,12011,4,1,1,241.0,183.0,1360.0,859.0,12011|4|1|1
2019,13121,31,1,1,1740.0,486.0,3683.0,454.0,13121|31|1|1
2019,13135,1,2,1,97.0,28.0,149.0,35.0,13135|1|2|1
2019,17197,1,1,1,1029.0,157.0,8034.0,596.0,17197|1|1|1
2019,26081,1,1,1,504.0,130.0,8597.0,819.0,26081|1|1|1
2019,34021,2,2,1,88.0,67.0,464.0,216.0,34021|2|2|1
2019,42045,2,1,1,116.0,86.0,401.0,156.0,42045|2|1|1
2019,42045,1,1,3,44.0,10.0,188.0,16.0,42045|1|1|3
2019,48085,31,1,1,495.0,126.0,4786.0,685.0,48085|31|1|1
2019,48201,31,1,1,1916.0,716.0,9279.0,2216.0,48201|31|1|1
2019,51013,1,1,1,57.0,4.0,1557.0,54.0,51013|1|1|1
2019,51041,31,1,1,671.0,131.0,2097.0,271.0,51041|31|1|1
2019,51003,1,1,1,59.0,6.0,1180.0,57.0,51003|1|1|1
2019,12095,32,1,1,884.0,370.0,4066.0,1047.0,12095|32|1|1
2019,12105,1,1,1,1442.0,297.0,10578.0,1609.0,12105|1|1|1
2019,12011,32,1,1,1764.0,783.0,5793.0,1774.0,12011|32|1|1
2019,47065,1,1,1,352.0,51.0,4886.0,389.0,47065|1|1|1
2019,25027,1,1,1,546.0,70.0,8132.0,632.0,25027|1|1|1
2019,25005,4,2,1,34.0,22.0,1033.0,461.0,25005|4|2|1
2019,25003,1,1,1,26.0,2.0,1285.0,134.0,25003|1|1|1
2019,39035,2,1,3,53.0,36.0,127.0,73.0,39035|2|1|3
2019,39095,2,1,1,55.0,36.0,329.0,145.0,39095|2|1|1
2019,48141,32,1,1,41.0,18.0,1432.0,549.0,48141|32|1|1
2019,55079,4,2,1,129.0,97.0,1057.0,393.0,55079|4|2|1
2020,12011,32,1,1,1549.0,552.0,7681.0,1703.0,12011|32|1|1
2020,12083,31,1,1,328.0,103.0,3750.0,800.0,12083|31|1|1
2020,22099,1,1,1,242.0,165.0,429.0,114.0,22099|1|1|1
2020,22093,1,1,1,155.0,99.0,102.0,13.0,22093|1|1|1
2020,22071,32,1,3,83.0,31.0,112.0,29.0,22071|32|1|3
2020,26065,32,1,1,53.0,20.0,1250.0,185.0,26065|32|1|1
2020,37071,1,1,1,628.0,112.0,3075.0,285.0,37071|1|1|1
2020,37119,4,1,1,93.0,68.0,481.0,175.0,37119|4|1|1
2020,40145,1,1,1,67.0,8.0,1339.0,128.0,40145|1|1|1
2020,42101,1,1,1,3202.0,522.0,7395.0,444.0,42101|1|1|1
2020,48113,1,1,1,3534.0,679.0,16979.0,1658.0,48113|1|1|1
2020,04021,1,2,1,53.0,6.0,556.0,66.0,04021|1|2|1
2020,06019,32,1,1,138.0,36.0,3842.0,681.0,06019|32|1|1
2020,08035,1,1,1,125.0,14.0,7838.0,441.0,08035|1|1|1
2020,08005,4,2,1,120.0,67.0,1424.0,546.0,08005|4|2|1
2020,12099,2,1,1,93.0,69.0,1214.0,617.0,12099|2|1|1
2020,12086,1,2,1,45.0,16.0,975.0,242.0,12086|1|2|1
2020,24037,32,1,1,44.0,17.0,583.0,85.0,24037|32|1|1
2020,36005,4,2,1,79.0,62.0,98.0,72.0,36005|4|2|1
2020,40109,2,2,1,49.0,36.0,432.0,188.0,40109|2|2|1
2020,48039,31,1,1,1009.0,223.0,3910.0,615.0,48039|31|1|1
2020,51003,1,1,1,57.0,10.0,1225.0,87.0,51003|1|1|1
2020,51083,1,1,1,55.0,16.0,206.0,31.0,51083|1|1|1
2020,51800,32,1,1,152.0,54.0,354.0,73.0,51800|32|1|1
2021,12111,1,1,1,2120.0,431.0,6244.0,728.0,12111|1|1|1
2021,13097,2,2,1,126.0,98.0,105.0,66.0,13097|2|2|1
2021,26139,1,1,1,65.0,23.0,4283.0,632.0,26139|1|1|1
2021,29189,1,1,3,135.0,25.0,787.0,37.0,29189|1|1|3
2021,37035,1,1,1,174.0,40.0,2094.0,231.0,37035|1|1|1
2021,06065,4,2,1,141.0,85.0,1609.0,784.0,06065|4|2|1
2021,06067,4,2,1,95.0,60.0,890.0,369.0,06067|4|2|1
2021,12099,31,2,1,32.0,22.0,353.0,126.0,12099|31|2|1
2021,12069,2,2,1,43.0,37.0,531.0,294.0,12069|2|2|1
2021,13275,1,1,1,167.0,90.0,489.0,92.0,13275|1|1|1
2021,13089,1,2,1,138.0,25.0,117.0,29.0,13089|1|2|1
2021,37065,1,1,1,248.0,121.0,240.0,63.0,37065|1|1|1
2021,34023,2,2,1,104.0,52.0,609.0,309.0,34023|2|2|1
2021,36087,2,2,1,33.0,24.0,307.0,146.0,36087|2|2|1
2021,47157,31,1,1,2898.0,786.0,5687.0,642.0,47157|31|1|1
2021,47037,2,2,1,222.0,141.0,1082.0,457.0,47037|2|2|1
2021,47037,2,1,1,122.0,70.0,486.0,170.0,47037|2|1|1
2021,48029,1,1,1,2476.0,483.0,23367.0,2910.0,48029|1|1|1
2021,51710,31,1,1,713.0,166.0,2115.0,284.0,51710|31|1|1
2021,51650,31,1,1,959.0,192.0,964.0,146.0,51650|31|1|1
2022,06095,1,2,1,59.0,9.0,127.0,10.0,06095|1|2|1
2022,12009,1,1,2,46.0,9.0,522.0,56.0,12009|1|1|2
2022,13215,32,1,1,418.0,204.0,306.0,98.0,13215|32|1|1
2022,13255,1,1,1,396.0,82.0,524.0,69.0,13255|1|1|1
2021,36081,4,1,1,72.0,39.0,175.0,71.0,36081|4|1|1
2021,39061,31,2,1,49.0,31.0,381.0,107.0,39061|31|2|1
2021,48039,2,2,1,44.0,33.0,128.0,61.0,48039|2|2|1
2021,51760,2,2,1,97.0,73.0,245.0,75.0,51760|2|2|1
2022,04013,2,1,1,109.0,55.0,2751.0,961.0,04013|2|1|1
2022,12086,2,2,1,438.0,299.0,4958.0,2976.0,12086|2|2|1
2022,13051,2,2,1,93.0,55.0,420.0,179.0,13051|2|2|1
2022,13169,1,1,1,99.0,34.0,299.0,59.0,13169|1|1|1
2022,24510,4,2,1,316.0,213.0,267.0,142.0,24510|4|2|1
2022,36103,4,2,1,250.0,157.0,3007.0,1266.0,36103|4|2|1
2022,39049,1,1,1,2206.0,351.0,10087.0,622.0,39049|1|1|1
2022,39061,32,1,1,872.0,329.0,2797.0,597.0,39061|32|1|1
2022,48157,4,1,1,99.0,78.0,184.0,77.0,48157|4|1|1
2022,51550,32,1,1,604.0,242.0,997.0,240.0,51550|32|1|1
2022,51760,4,1,1,37.0,21.0,101.0,21.0,51760|4|1|1
2022,51810,1,2,1,58.0,4.0,142.0,24.0,51810|1|2|1
2023,12057,1,1,1,2004.0,397.0,11499.0,1504.0,12057|1|1|1
2023,12099,1,1,3,139.0,48.0,1036.0,197.0,12099|1|1|3
2023,13121,4,1,1,208.0,128.0,226.0,89.0,13121|4|1|1
2023,13067,2,2,1,627.0,333.0,1378.0,474.0,13067|2|2|1
2023,13147,1,1,1,25.0,9.0,271.0,47.0,13147|1|1|1
2023,13089,1,1,3,125.0,33.0,158.0,21.0,13089|1|1|3
2023,13245,32,1,1,354.0,159.0,150.0,50.0,13245|32|1|1
2023,13183,1,1,1,161.0,26.0,293.0,44.0,13183|1|1|1
2023,13245,4,1,1,49.0,35.0,54.0,21.0,13245|4|1|1
2022,51730,1,1,1,235.0,43.0,113.0,12.0,51730|1|1|1
2023,13073,32,1,1,130.0,48.0,301.0,83.0,13073|32|1|1
2023,26099,4,1,1,69.0,44.0,596.0,244.0,26099|4|1|1
2023,29099,1,1,1,46.0,12.0,2776.0,350.0,29099|1|1|1
2023,34015,4,2,1,116.0,72.0,886.0,386.0,34015|4|2|1
2023,39095,32,1,1,96.0,38.0,593.0,168.0,39095|32|1|1
2023,39061,1,1,3,97.0,22.0,424.0,42.0,39061|1|1|3
2023,42101,32,1,1,1204.0,626.0,885.0,314.0,42101|32|1|1
2023,48085,1,1,1,1579.0,240.0,7741.0,704.0,48085|1|1|1
2023,48029,1,2,1,43.0,9.0,554.0,94.0,48029|1|2|1
2023,51760,31,1,1,53.0,23.0,80.0,18.0,51760|31|1|1
2023,51083,1,1,1,51.0,28.0,181.0,38.0,51083|1|1|1
2023,55079,4,2,1,498.0,297.0,1975.0,680.0,55079|4|2|1
2024,06059,31,1,1,33.0,9.0,2200.0,369.0,06059|31|1|1
2024,12117,4,2,1,109.0,65.0,1149.0,575.0,12117|4|2|1
2024,13073,32,1,1,159.0,63.0,284.0,97.0,13073|32|1|1
2024,13121,1,1,1,3974.0,667.0,4649.0,357.0,13121|1|1|1
2024,17163,1,1,1,577.0,139.0,2024.0,183.0,17163|1|1|1
2023,48113,2,2,1,487.0,363.0,1579.0,866.0,48113|2|2|1
2024,13089,1,1,3,120.0,41.0,180.0,22.0,13089|1|1|3
2024,21093,32,1,1,54.0,22.0,327.0,96.0,21093|32|1|1
2024,26077,1,1,1,267.0,113.0,2231.0,277.0,26077|1|1|1
2024,37179,31,1,1,58.0,14.0,430.0,90.0,37179|31|1|1
2024,37025,1,1,1,438.0,89.0,1546.0,161.0,37025|1|1|1
2024,37025,2,2,1,188.0,99.0,459.0,133.0,37025|2|2|1
2024,37119,2,2,1,936.0,474.0,2137.0,640.0,37119|2|2|1
2024,47113,31,1,1,55.0,11.0,180.0,30.0,47113|31|1|1
2025,08001,1,1,1,323.0,51.0,5309.0,702.0,08001|1|1|1
2025,08041,32,1,1,151.0,61.0,1529.0,486.0,08041|32|1|1
2025,12099,1,1,1,1610.0,333.0,9977.0,1283.0,12099|1|1|1
2025,12086,32,1,1,757.0,356.0,3333.0,1247.0,12086|32|1|1
2025,12086,31,1,3,43.0,21.0,508.0,195.0,12086|31|1|3
2025,13215,1,1,1,456.0,92.0,769.0,55.0,13215|1|1|1
2025,13107,1,1,1,48.0,21.0,104.0,42.0,13107|1|1|1
2024,44007,1,1,3,36.0,10.0,174.0,16.0,44007|1|1|3
2024,48185,1,1,1,70.0,40.0,522.0,169.0,48185|1|1|1
2024,48027,31,1,1,294.0,58.0,546.0,121.0,48027|31|1|1
2025,06095,2,2,1,87.0,43.0,352.0,108.0,06095|2|2|1
2025,06095,32,1,1,137.0,65.0,371.0,114.0,06095|32|1|1
2025,26099,2,1,1,51.0,31.0,531.0,164.0,26099|2|1|1
2025,37101,1,1,1,625.0,124.0,2892.0,222.0,37101|1|1|1
2025,37069,1,1,1,176.0,44.0,990.0,82.0,37069|1|1|1
2025,37093,1,1,1,292.0,58.0,611.0,25.0,37093|1|1|1
2025,39049,1,1,1,1934.0,306.0,8194.0,482.0,39049|1|1|1
2025,39035,32,1,3,168.0,66.0,340.0,87.0,39035|32|1|3
2025,39153,4,2,1,141.0,62.0,1183.0,398.0,39153|4|2|1
2025,39049,2,1,1,189.0,98.0,621.0,230.0,39049|2|1|1
2025,48439,1,2,1,151.0,36.0,465.0,74.0,48439|1|2|1
2025,48027,32,1,1,132.0,66.0,424.0,149.0,48027|32|1|1
2025,51153,31,1,1,279.0,69.0,677.0,104.0,51153|31|1|1
2025,51153,31,2,1,64.0,21.0,190.0,66.0,51153|31|2|1
2018,18057,32,1,1,54.0,15.0,1772.0,397.0,18057|32|1|1
2018,10005,32,1,1,62.0,38.0,725.0,236.0,10005|32|1|1
2018,13139,32,1,1,70.0,35.0,724.0,208.0,13139|32|1|1
2018,13121,1,1,2,103.0,16.0,198.0,24.0,13121|1|1|2
2018,17163,2,1,1,40.0,38.0,103.0,35.0,17163|2|1|1
2018,17019,32,1,1,31.0,12.0,389.0,77.0,17019|32|1|1
2018,17197,2,2,1,91.0,71.0,1123.0,480.0,17197|2|2|1
2018,26049,31,1,1,115.0,58.0,1079.0,251.0,26049|31|1|1
2018,51710,1,1,1,495.0,63.0,1812.0,107.0,51710|1|1|1
2018,51153,1,2,1,41.0,8.0,132.0,27.0,51153|1|2|1
2018,51179,32,1,1,201.0,90.0,600.0,144.0,51179|32|1|1
2019,27145,1,1,1,53.0,9.0,1956.0,116.0,27145|1|1|1
2019,37051,4,2,1,71.0,53.0,153.0,82.0,37051|4|2|1
2019,47125,32,1,1,229.0,109.0,716.0,238.0,47125|32|1|1
2019,47037,1,1,1,1085.0,169.0,8611.0,572.0,47037|1|1|1
2019,18043,1,1,1,31.0,3.0,1150.0,95.0,18043|1|1|1
2019,37145,1,1,1,76.0,19.0,325.0,34.0,37145|1|1|1
2019,37165,1,1,1,72.0,33.0,149.0,27.0,37165|1|1|1
2020,05093,1,1,1,74.0,26.0,239.0,40.0,05093|1|1|1
2020,17019,1,1,1,203.0,33.0,1737.0,150.0,17019|1|1|1
2020,13107,1,1,1,67.0,48.0,116.0,47.0,13107|1|1|1
2020,13247,32,1,1,273.0,84.0,151.0,37.0,13247|32|1|1
2020,17031,4,1,3,45.0,35.0,99.0,44.0,17031|4|1|3
2020,27109,1,1,1,97.0,13.0,2286.0,87.0,27109|1|1|1
2020,51650,4,2,1,29.0,19.0,49.0,19.0,51650|4|2|1
2020,39017,1,1,1,421.0,52.0,4351.0,293.0,39017|1|1|1
2020,45075,1,1,1,779.0,531.0,427.0,126.0,45075|1|1|1
2021,24025,32,1,1,237.0,58.0,2135.0,247.0,24025|32|1|1
2021,49035,2,2,1,64.0,29.0,5244.0,1128.0,49035|2|2|1
2022,05045,1,1,1,134.0,27.0,1637.0,307.0,05045|1|1|1
2022,37183,32,1,1,1337.0,402.0,3836.0,541.0,37183|32|1|1
2022,37081,1,1,1,1661.0,308.0,3452.0,260.0,37081|1|1|1
2022,47147,1,1,1,76.0,19.0,1091.0,93.0,47147|1|1|1
2022,47045,1,1,1,48.0,21.0,349.0,96.0,47045|1|1|1
2023,17201,1,1,1,214.0,29.0,2102.0,172.0,17201|1|1|1
2023,26125,4,2,1,304.0,155.0,2581.0,906.0,26125|4|2|1
2022,44007,1,1,3,51.0,10.0,277.0,36.0,44007|1|1|3
2023,17031,32,2,1,236.0,118.0,1001.0,282.0,17031|32|2|1
2023,24017,32,1,1,350.0,153.0,151.0,48.0,24017|32|1|1
2023,37019,1,1,1,211.0,93.0,3142.0,422.0,37019|1|1|1
2023,37181,1,1,1,107.0,44.0,165.0,29.0,37181|1|1|1
2023,37017,1,1,1,109.0,82.0,195.0,68.0,37017|1|1|1
2023,37015,1,1,1,61.0,32.0,65.0,13.0,37015|1|1|1
2023,37063,31,1,1,159.0,64.0,169.0,46.0,37063|31|1|1
2024,29095,1,2,1,126.0,19.0,358.0,47.0,29095|1|2|1
2023,36119,31,1,1,70.0,30.0,279.0,75.0,36119|31|1|1
2023,36059,32,2,1,70.0,33.0,514.0,159.0,36059|32|2|1
2024,25025,1,1,1,440.0,80.0,2574.0,166.0,25025|1|1|1
2024,39045,32,1,1,48.0,23.0,382.0,103.0,39045|32|1|1
2024,39151,31,1,1,32.0,12.0,651.0,147.0,39151|31|1|1
2024,45019,4,2,1,69.0,38.0,787.0,307.0,45019|4|2|1
2024,51059,1,1,1,646.0,73.0,4913.0,240.0,51059|1|1|1
2024,51700,32,1,1,168.0,68.0,185.0,65.0,51700|32|1|1
2024,51153,1,1,1,792.0,92.0,2369.0,158.0,51153|1|1|1
2025,01097,1,1,1,967.0,240.0,2867.0,432.0,01097|1|1|1
2025,21227,1,1,1,76.0,16.0,1163.0,107.0,21227|1|1|1
2025,28107,1,1,1,255.0,152.0,211.0,50.0,28107|1|1|1
2024,51740,1,2,1,94.0,16.0,55.0,4.0,51740|1|2|1
2025,17093,1,1,1,163.0,27.0,1175.0,90.0,17093|1|1|1
2025,17163,1,1,1,502.0,104.0,1926.0,182.0,17163|1|1|1
2025,36055,4,2,1,299.0,120.0,2228.0,525.0,36055|4|2|1
2024,06001,32,1,3,46.0,21.0,94.0,23.0,06001|32|1|3
2024,06001,4,2,1,157.0,84.0,723.0,290.0,06001|4|2|1
2024,06065,4,1,1,48.0,36.0,719.0,347.0,06065|4|1|1
2024,13067,2,1,1,85.0,63.0,215.0,78.0,13067|2|1|1
2024,37061,1,1,1,81.0,49.0,299.0,87.0,37061|1|1|1
2024,37183,2,1,1,89.0,58.0,443.0,124.0,37183|2|1|1
2024,47125,4,2,1,142.0,81.0,504.0,194.0,47125|4|2|1
2024,48245,31,1,1,61.0,23.0,135.0,24.0,48245|31|1|1
2024,48439,2,2,1,332.0,215.0,1625.0,759.0,48439|2|2|1
2025,06095,4,2,1,142.0,66.0,501.0,192.0,06095|4|2|1
2025,06071,32,1,1,366.0,151.0,2849.0,811.0,06071|32|1|1
2025,06077,32,1,1,129.0,66.0,642.0,199.0,06077|32|1|1
2025,13121,1,1,1,3682.0,655.0,4803.0,332.0,13121|1|1|1
2025,13177,1,1,1,83.0,19.0,264.0,24.0,13177|1|1|1
2025,13151,31,1,1,603.0,178.0,203.0,53.0,13151|31|1|1
2025,13135,1,1,3,75.0,14.0,265.0,27.0,13135|1|1|3
2025,13217,4,2,1,174.0,97.0,104.0,42.0,13217|4|2|1
2024,37093,32,1,1,103.0,38.0,106.0,34.0,37093|32|1|1
2024,48113,32,1,1,1078.0,478.0,2199.0,763.0,48113|32|1|1
2025,06065,4,1,1,42.0,24.0,629.0,236.0,06065|4|1|1
2025,12095,1,1,3,162.0,40.0,951.0,143.0,12095|1|1|3
2025,12001,32,1,1,111.0,61.0,291.0,80.0,12001|32|1|1
2025,12011,32,2,1,471.0,188.0,1554.0,472.0,12011|32|2|1
2025,12009,2,2,1,90.0,53.0,1259.0,444.0,12009|2|2|1
2025,26081,2,1,1,35.0,21.0,441.0,103.0,26081|2|1|1
2025,26099,1,1,1,1158.0,386.0,6991.0,842.0,26099|1|1|1
2025,37183,4,2,1,531.0,275.0,2100.0,661.0,37183|4|2|1
2025,37063,2,1,1,66.0,27.0,129.0,37.0,37063|2|1|1
2025,29189,4,1,1,121.0,69.0,443.0,139.0,29189|4|1|1
2025,37057,31,1,1,55.0,12.0,532.0,112.0,37057|31|1|1
2025,45079,31,1,1,611.0,155.0,569.0,103.0,45079|31|1|1
2025,45045,1,1,1,627.0,200.0,5954.0,598.0,45045|1|1|1
2025,45083,1,2,1,84.0,13.0,244.0,32.0,45083|1|2|1
2025,48453,32,2,1,64.0,20.0,648.0,171.0,48453|32|2|1
2025,51740,31,1,1,152.0,33.0,192.0,34.0,51740|31|1|1
2025,51003,1,1,1,41.0,11.0,832.0,45.0,51003|1|1|1
2025,51740,1,2,1,87.0,13.0,53.0,6.0,51740|1|2|1
2025,51700,1,2,1,63.0,13.0,34.0,4.0,51700|1|2|1
2025,51153,2,2,1,289.0,139.0,717.0,208.0,51153|2|2|1
2018,13245,1,1,1,825.0,151.0,995.0,98.0,13245|1|1|1
2018,13051,1,1,1,770.0,126.0,2710.0,252.0,13051|1|1|1
2018,13035,1,1,1,43.0,7.0,251.0,24.0,13035|1|1|1
2018,13245,2,2,1,85.0,61.0,69.0,44.0,13245|2|2|1
2018,37157,1,1,1,128.0,39.0,826.0,149.0,37157|1|1|1
2018,37051,1,1,1,1126.0,220.0,2368.0,185.0,37051|1|1|1
2018,51085,1,1,1,91.0,11.0,1317.0,68.0,51085|1|1|1
2018,51650,4,2,1,67.0,43.0,76.0,46.0,51650|4|2|1
2019,24033,1,2,1,266.0,63.0,75.0,15.0,24033|1|2|1
2019,37001,2,2,1,33.0,22.0,240.0,89.0,37001|2|2|1
2019,37067,32,1,1,235.0,124.0,826.0,205.0,37067|32|1|1
2019,37183,32,1,1,825.0,311.0,3649.0,597.0,37183|32|1|1
2020,05119,2,1,1,96.0,67.0,129.0,55.0,05119|2|1|1
2020,13117,1,1,1,245.0,38.0,3667.0,252.0,13117|1|1|1
2020,13031,1,1,1,194.0,109.0,747.0,137.0,13031|1|1|1
2020,13089,31,2,1,52.0,30.0,182.0,48.0,13089|31|2|1
2020,13067,4,1,1,95.0,76.0,391.0,147.0,13067|4|1|1
2020,13255,31,1,1,145.0,43.0,514.0,86.0,13255|31|1|1
2020,39113,31,1,1,515.0,168.0,5732.0,804.0,39113|31|1|1
2021,05123,1,1,1,66.0,26.0,72.0,22.0,05123|1|1|1
2021,18011,1,1,1,54.0,1.0,1361.0,78.0,18011|1|1|1
2021,24510,1,1,1,3211.0,514.0,3295.0,177.0,24510|1|1|1
2021,24031,2,1,1,66.0,36.0,278.0,93.0,24031|2|1|1
2021,49057,1,1,1,42.0,4.0,4341.0,314.0,49057|1|1|1
2022,37183,2,1,1,106.0,50.0,494.0,160.0,37183|2|1|1
2022,47149,1,1,1,598.0,96.0,3885.0,364.0,47149|1|1|1
2023,17031,1,1,1,7483.0,1799.0,26071.0,2378.0,17031|1|1|1
2022,37063,31,2,1,76.0,18.0,143.0,40.0,37063|31|2|1
2023,04013,4,2,1,605.0,347.0,10915.0,5111.0,04013|4|2|1
2023,24510,32,1,1,594.0,293.0,170.0,56.0,24510|32|1|1
2023,37071,2,2,1,131.0,68.0,582.0,194.0,37071|2|2|1
2023,36105,1,1,1,40.0,15.0,434.0,87.0,36105|1|1|1
2023,36059,2,2,1,499.0,347.0,2196.0,1006.0,36059|2|2|1
2023,47047,1,1,1,161.0,48.0,407.0,32.0,47047|1|1|1
2024,29095,2,1,1,102.0,70.0,308.0,142.0,29095|2|1|1
2023,37077,1,1,1,94.0,31.0,398.0,45.0,37077|1|1|1
2024,34031,1,1,1,173.0,32.0,1826.0,182.0,34031|1|1|1
2024,39035,1,1,1,1831.0,321.0,7113.0,465.0,39035|1|1|1
2024,51760,1,1,1,243.0,50.0,1409.0,66.0,51760|1|1|1
2025,01089,31,1,1,314.0,78.0,982.0,139.0,01089|31|1|1
2025,22005,1,1,1,415.0,148.0,1017.0,99.0,22005|1|1|1
2025,22017,1,1,1,762.0,280.0,1155.0,195.0,22017|1|1|1
2025,28111,1,1,1,33.0,26.0,111.0,39.0,28111|1|1|1
2025,36055,2,2,1,285.0,152.0,1992.0,433.0,36055|2|2|1
2018,47189,32,1,1,83.0,40.0,884.0,211.0,47189|32|1|1
2019,44007,1,2,1,92.0,25.0,362.0,71.0,44007|1|2|1
2020,01121,1,1,1,268.0,125.0,774.0,223.0,01121|1|1|1
2020,28121,1,1,1,601.0,139.0,2384.0,230.0,28121|1|1|1
2020,28093,1,1,1,198.0,113.0,340.0,74.0,28093|1|1|1
2021,22095,1,1,1,329.0,114.0,167.0,32.0,22095|1|1|1
2021,22051,4,1,1,32.0,17.0,180.0,48.0,22051|4|1|1
2021,27053,32,1,1,605.0,183.0,10226.0,1044.0,27053|32|1|1
2021,28049,2,2,1,65.0,36.0,50.0,18.0,28049|2|2|1
2021,22017,4,1,1,25.0,21.0,88.0,28.0,22017|4|1|1
2022,01089,32,1,1,717.0,202.0,1748.0,318.0,01089|32|1|1
2022,01109,1,1,1,134.0,82.0,286.0,67.0,01109|1|1|1
2022,21015,1,1,1,116.0,20.0,1807.0,226.0,21015|1|1|1
2021,41051,32,1,1,242.0,49.0,6531.0,682.0,41051|32|1|1
2022,17031,31,1,1,2068.0,841.0,8408.0,1702.0,17031|31|1|1
2023,22103,1,1,1,565.0,151.0,2329.0,321.0,22103|1|1|1
2022,45045,32,1,1,488.0,162.0,2287.0,487.0,45045|32|1|1
2024,19153,32,1,1,48.0,21.0,776.0,243.0,19153|32|1|1
2024,28047,32,1,1,98.0,55.0,315.0,118.0,28047|32|1|1
2024,28107,1,1,1,221.0,146.0,207.0,59.0,28107|1|1|1
2024,28129,1,1,1,53.0,42.0,109.0,36.0,28129|1|1|1
2024,36029,2,2,1,176.0,83.0,1825.0,526.0,36029|2|2|1
2024,36091,1,1,1,45.0,17.0,1948.0,337.0,36091|1|1|1
2024,24510,2,2,1,399.0,279.0,247.0,113.0,24510|2|2|1
2024,42011,32,1,1,64.0,31.0,705.0,216.0,42011|32|1|1
2024,42077,32,1,1,60.0,24.0,508.0,155.0,42077|32|1|1
2025,10001,2,2,1,171.0,96.0,382.0,133.0,10001|2|2|1
2025,24510,1,1,3,216.0,60.0,340.0,96.0,24510|1|1|3
2025,42101,2,1,3,175.0,79.0,71.0,27.0,42101|2|1|3
2025,53067,1,1,1,144.0,20.0,2117.0,145.0,53067|1|1|1
2018,18141,1,1,1,224.0,33.0,3037.0,248.0,18141|1|1|1
2018,18097,32,1,3,47.0,32.0,219.0,64.0,18097|32|1|3
2018,18097,2,1,1,146.0,88.0,583.0,275.0,18097|2|1|1
2018,34013,2,2,1,283.0,221.0,930.0,462.0,34013|2|2|1
2018,34017,32,1,1,151.0,73.0,730.0,252.0,34017|32|1|1
2018,41067,1,1,1,138.0,11.0,5368.0,350.0,41067|1|1|1
2018,45017,1,1,1,48.0,27.0,99.0,22.0,45017|1|1|1
2018,25027,1,2,1,34.0,11.0,398.0,73.0,25027|1|2|1
2018,22071,31,1,3,59.0,19.0,111.0,17.0,22071|31|1|3
2019,22055,32,1,1,103.0,58.0,530.0,130.0,22055|32|1|1
2019,28033,4,2,1,95.0,73.0,360.0,160.0,28033|4|2|1
2022,08123,1,1,1,72.0,14.0,5939.0,648.0,08123|1|1|1
2021,45079,2,1,1,82.0,48.0,134.0,43.0,45079|2|1|1
2021,45079,1,1,3,76.0,15.0,221.0,21.0,45079|1|1|3
2021,45053,1,1,1,167.0,113.0,671.0,75.0,45053|1|1|1
2022,25013,32,1,1,190.0,67.0,1465.0,353.0,25013|32|1|1
2022,25021,2,2,1,238.0,127.0,2287.0,591.0,25021|2|2|1
2023,05017,1,1,1,51.0,44.0,31.0,12.0,05017|1|1|1
2024,27003,32,1,1,53.0,31.0,555.0,157.0,27003|32|1|1
2024,27053,31,1,1,119.0,47.0,1069.0,171.0,27053|31|1|1
2023,45047,1,1,1,145.0,60.0,493.0,65.0,45047|1|1|1
2023,45045,32,1,1,261.0,95.0,841.0,210.0,45045|32|1|1
2023,45057,32,1,1,59.0,21.0,203.0,63.0,45057|32|1|1
2023,53033,2,2,1,295.0,154.0,3494.0,1006.0,53033|2|2|1
2025,47065,2,2,1,99.0,63.0,795.0,291.0,47065|2|2|1
2025,47037,4,1,1,67.0,37.0,304.0,85.0,47037|4|1|1
2025,06037,32,2,1,931.0,256.0,6578.0,1459.0,06037|32|2|1
2025,06037,31,1,3,110.0,47.0,1156.0,286.0,06037|31|1|3
2025,08031,2,2,1,74.0,38.0,1016.0,328.0,08031|2|2|1
2025,12105,32,1,1,301.0,139.0,1569.0,617.0,12105|32|1|1
2025,13001,1,1,1,54.0,36.0,123.0,51.0,13001|1|1|1
2024,48303,1,1,1,156.0,30.0,3150.0,379.0,48303|1|1|1
2024,48113,1,1,1,2805.0,598.0,10914.0,1258.0,48113|1|1|1
2025,12011,2,2,1,747.0,450.0,2536.0,1267.0,12011|2|2|1
2025,37135,1,1,1,78.0,25.0,841.0,54.0,37135|1|1|1
2025,23005,1,1,1,88.0,11.0,2676.0,193.0,23005|1|1|1
2025,37085,32,1,1,174.0,80.0,373.0,107.0,37085|32|1|1
2025,39095,4,2,1,104.0,58.0,824.0,270.0,39095|4|2|1
2025,45007,32,1,1,88.0,43.0,552.0,138.0,45007|32|1|1
2025,48201,32,1,1,1025.0,465.0,3581.0,1084.0,48201|32|1|1
2025,48329,1,1,1,149.0,33.0,3184.0,707.0,48329|1|1|1
2018,13013,32,1,1,64.0,39.0,434.0,122.0,13013|32|1|1
2018,13215,1,1,1,512.0,79.0,1012.0,71.0,13215|1|1|1
2018,13113,4,2,1,52.0,40.0,208.0,92.0,13113|4|2|1
2018,13095,32,1,1,101.0,57.0,62.0,30.0,13095|32|1|1
2018,37081,1,1,3,39.0,6.0,202.0,19.0,37081|1|1|3
2018,37125,1,1,1,71.0,21.0,1689.0,139.0,37125|1|1|1
2018,37153,1,1,1,88.0,42.0,262.0,56.0,37153|1|1|1
2018,25021,1,1,1,506.0,78.0,5529.0,291.0,25021|1|1|1
2019,24033,2,2,1,1514.0,1045.0,440.0,256.0,24033|2|2|1
2019,24031,32,1,1,611.0,226.0,2409.0,466.0,24031|32|1|1
2019,37077,31,1,1,80.0,17.0,283.0,39.0,37077|31|1|1
2019,18003,1,1,1,343.0,42.0,5213.0,366.0,18003|1|1|1
2019,37135,32,1,1,35.0,13.0,310.0,64.0,37135|32|1|1
2019,49035,4,2,1,29.0,17.0,4021.0,1507.0,49035|4|2|1
2020,17119,1,1,1,252.0,62.0,3841.0,352.0,17119|1|1|1
2020,27053,2,1,1,25.0,14.0,552.0,116.0,27053|2|1|1
2020,39093,1,1,1,235.0,49.0,4424.0,335.0,39093|1|1|1
2021,18089,1,1,1,1231.0,183.0,5589.0,302.0,18089|1|1|1
2020,39113,2,1,1,85.0,53.0,317.0,111.0,39113|2|1|1
2020,39155,1,1,1,78.0,8.0,1930.0,186.0,39155|1|1|1
2020,39035,32,1,1,300.0,121.0,4242.0,797.0,39035|32|1|1
2020,45015,1,1,1,1394.0,493.0,4470.0,524.0,45015|1|1|1
2020,45041,32,1,1,48.0,22.0,306.0,58.0,45041|32|1|1
2021,24009,32,1,1,127.0,35.0,1045.0,147.0,24009|32|1|1
2021,53061,32,1,1,276.0,48.0,10524.0,1012.0,53061|32|1|1
2022,29051,1,1,1,31.0,7.0,800.0,44.0,29051|1|1|1
2022,29510,2,1,1,95.0,80.0,79.0,31.0,29510|2|1|1
2022,41051,4,2,1,61.0,40.0,1327.0,450.0,41051|4|2|1
2022,47065,2,2,1,73.0,43.0,757.0,282.0,47065|2|2|1
2023,17097,32,1,1,78.0,43.0,701.0,217.0,17097|32|1|1
2023,26099,2,1,1,61.0,33.0,484.0,209.0,26099|2|1|1
2022,37067,2,2,1,234.0,102.0,759.0,210.0,37067|2|2|1
2022,47113,31,1,1,72.0,24.0,209.0,33.0,47113|31|1|1
2023,25023,4,2,1,173.0,111.0,1390.0,509.0,25023|4|2|1
2023,24510,1,1,1,2265.0,384.0,2044.0,126.0,24510|1|1|1
2023,24033,31,1,1,449.0,157.0,113.0,32.0,24033|31|1|1
2023,24510,2,2,1,356.0,256.0,207.0,102.0,24510|2|2|1
2023,37035,1,1,1,149.0,31.0,1547.0,138.0,37035|1|1|1
2023,37081,2,2,1,541.0,269.0,813.0,271.0,37081|2|2|1
2023,47149,32,1,1,209.0,84.0,778.0,205.0,47149|32|1|1
2023,47037,4,2,1,279.0,166.0,1312.0,517.0,47037|4|2|1
2024,29510,1,1,3,51.0,14.0,288.0,21.0,29510|1|1|3
2024,29189,32,1,3,83.0,25.0,119.0,16.0,29189|32|1|3
2023,47069,1,1,1,76.0,37.0,133.0,26.0,47069|1|1|1
2024,25009,32,1,1,49.0,19.0,870.0,255.0,25009|32|1|1
2024,34015,31,1,1,59.0,17.0,421.0,66.0,34015|31|1|1
2024,34013,31,2,1,74.0,40.0,351.0,112.0,34013|31|2|1
2024,39155,1,1,1,78.0,16.0,1577.0,184.0,39155|1|1|1
2024,41005,1,1,1,130.0,26.0,2929.0,309.0,41005|1|1|1
2024,51033,1,1,1,177.0,58.0,371.0,40.0,51033|1|1|1
2024,51095,1,1,1,98.0,14.0,761.0,36.0,51095|1|1|1
2024,51650,32,1,1,259.0,110.0,150.0,46.0,51650|32|1|1
2024,51650,4,2,1,176.0,79.0,155.0,57.0,51650|4|2|1
2025,22053,1,1,1,44.0,20.0,231.0,55.0,22053|1|1|1
2025,28047,1,1,1,438.0,120.0,1852.0,289.0,28047|1|1|1
2025,28087,1,1,1,219.0,85.0,334.0,39.0,28087|1|1|1
2025,28123,1,1,1,144.0,92.0,141.0,54.0,28123|1|1|1
2025,17197,31,1,1,218.0,69.0,1597.0,223.0,17197|31|1|1
2025,36029,4,2,1,87.0,54.0,1273.0,453.0,36029|4|2|1
2018,53061,4,2,1,79.0,55.0,2442.0,931.0,53061|4|2|1
2024,37067,4,2,1,241.0,126.0,776.0,286.0,37067|4|2|1
2024,37093,1,1,1,332.0,78.0,602.0,32.0,37093|1|1|1
2024,55079,31,1,1,201.0,74.0,1083.0,192.0,55079|31|1|1
2024,55079,2,2,1,387.0,221.0,1791.0,445.0,55079|2|2|1
2025,06067,32,1,1,290.0,137.0,1380.0,397.0,06067|32|1|1
2025,12011,1,1,3,273.0,75.0,1432.0,277.0,12011|1|1|3
2025,13077,31,1,1,79.0,24.0,362.0,68.0,13077|31|1|1
2025,13297,31,1,1,82.0,27.0,233.0,31.0,13297|31|1|1
2024,37079,1,1,1,43.0,28.0,94.0,23.0,37079|1|1|1
2024,37051,1,1,3,81.0,24.0,97.0,7.0,37051|1|1|3
2024,48439,31,1,3,45.0,22.0,149.0,40.0,48439|31|1|3
2025,37183,2,2,1,571.0,304.0,2530.0,621.0,37183|2|2|1
2025,37157,1,1,1,233.0,103.0,955.0,172.0,37157|1|1|1
2025,37163,1,1,1,111.0,64.0,428.0,98.0,37163|1|1|1
2025,39035,1,1,3,164.0,35.0,988.0,122.0,39035|1|1|3
2025,45035,32,1,1,146.0,64.0,452.0,136.0,45035|32|1|1
2025,45009,1,1,1,69.0,54.0,57.0,21.0,45009|1|1|1
2025,48491,32,1,1,75.0,31.0,821.0,199.0,48491|32|1|1
2025,48453,32,1,1,171.0,75.0,1045.0,270.0,48453|32|1|1
2025,51710,1,1,1,445.0,52.0,1554.0,76.0,51710|1|1|1
2025,51041,2,2,1,204.0,79.0,706.0,158.0,51041|2|2|1
2025,51590,1,1,1,90.0,20.0,148.0,31.0,51590|1|1|1
2018,37071,31,1,1,76.0,27.0,706.0,174.0,37071|31|1|1
2018,13063,32,1,1,718.0,401.0,158.0,61.0,13063|32|1|1
2018,13189,1,1,1,43.0,20.0,131.0,21.0,13189|1|1|1
2018,13175,1,1,1,94.0,38.0,314.0,79.0,13175|1|1|1
2018,26161,1,1,1,360.0,146.0,3516.0,442.0,26161|1|1|1
2018,37081,31,1,1,413.0,190.0,1098.0,255.0,37081|31|1|1
2018,37183,2,2,1,351.0,193.0,2534.0,651.0,37183|2|2|1
2018,37129,31,1,1,59.0,26.0,703.0,148.0,37129|31|1|1
2018,37179,31,1,1,97.0,33.0,890.0,213.0,37179|31|1|1
2018,37067,31,1,1,266.0,119.0,949.0,249.0,37067|31|1|1
2018,32003,1,1,3,119.0,30.0,1681.0,228.0,32003|1|1|3
2018,51199,1,1,1,82.0,5.0,743.0,31.0,51199|1|1|1
2018,51550,31,1,1,228.0,93.0,499.0,123.0,51550|31|1|1
2018,51650,2,2,1,69.0,42.0,86.0,39.0,51650|2|2|1
2018,51700,2,2,1,52.0,33.0,133.0,64.0,51700|2|2|1
2019,24027,31,1,1,435.0,103.0,1571.0,184.0,24027|31|1|1
2019,37179,31,1,1,213.0,49.0,1865.0,273.0,37179|31|1|1
2019,37129,31,1,1,105.0,26.0,1424.0,185.0,37129|31|1|1
2019,47157,2,1,1,503.0,400.0,362.0,165.0,47157|2|1|1
2019,18097,1,2,1,85.0,15.0,170.0,20.0,18097|1|2|1
2019,37051,1,2,1,41.0,8.0,66.0,6.0,37051|1|2|1
2019,37151,1,1,1,81.0,22.0,1586.0,213.0,37151|1|1|1
2019,32003,1,1,3,110.0,22.0,1359.0,168.0,32003|1|1|3
2019,47097,1,1,1,75.0,48.0,154.0,57.0,47097|1|1|1
2020,05051,1,1,1,75.0,28.0,1401.0,299.0,05051|1|1|1
2020,13217,32,1,1,229.0,98.0,382.0,71.0,13217|32|1|1
2020,13189,1,1,1,66.0,34.0,142.0,26.0,13189|1|1|1
2021,05017,1,1,1,68.0,53.0,28.0,7.0,05017|1|1|1
2021,05119,4,2,1,101.0,64.0,282.0,111.0,05119|4|2|1
2020,39151,32,1,1,29.0,11.0,1940.0,270.0,39151|32|1|1
2020,45025,1,1,1,245.0,154.0,380.0,122.0,45025|1|1|1
2020,45045,2,1,1,30.0,22.0,334.0,104.0,45045|2|1|1
2021,24003,1,1,1,2418.0,284.0,7231.0,383.0,24003|1|1|1
2021,24031,31,2,1,29.0,16.0,286.0,79.0,24031|31|2|1
2022,05011,1,1,1,47.0,33.0,55.0,30.0,05011|1|1|1
2022,05091,1,1,1,75.0,23.0,414.0,130.0,05091|1|1|1
2022,05017,1,1,1,53.0,38.0,36.0,16.0,05017|1|1|1
2021,32003,1,2,1,188.0,31.0,965.0,146.0,32003|1|2|1
2021,53035,1,1,1,116.0,14.0,3429.0,184.0,53035|1|1|1
2022,47157,4,1,1,390.0,231.0,226.0,80.0,47157|4|1|1
2022,53053,4,2,1,193.0,119.0,2236.0,894.0,53053|4|2|1
2023,17089,32,1,1,38.0,15.0,641.0,196.0,17089|32|1|1
2022,44007,2,2,1,295.0,167.0,2297.0,791.0,44007|2|2|1
2023,25021,31,1,1,53.0,20.0,508.0,113.0,25021|31|1|1
2023,24031,31,2,1,63.0,35.0,349.0,107.0,24031|31|2|1
2023,37179,4,2,1,133.0,77.0,915.0,374.0,37179|4|2|1
2023,37117,1,1,1,73.0,41.0,112.0,32.0,37117|1|1|1
2023,36119,1,1,1,608.0,120.0,4063.0,395.0,36119|1|1|1
2023,36081,31,2,1,72.0,48.0,129.0,61.0,36081|31|2|1
2023,47037,2,2,1,337.0,190.0,1339.0,528.0,47037|2|2|1
2023,37077,31,1,1,44.0,17.0,95.0,32.0,37077|31|1|1
2023,36055,31,2,1,49.0,18.0,638.0,147.0,36055|31|2|1
2024,45047,32,1,1,49.0,25.0,95.0,25.0,45047|32|1|1
2024,51770,32,1,1,62.0,28.0,149.0,49.0,51770|32|1|1
2024,51059,31,2,1,41.0,25.0,431.0,161.0,51059|31|2|1
2025,21111,1,1,3,49.0,8.0,391.0,37.0,21111|1|1|3
2025,22095,1,1,1,187.0,93.0,126.0,23.0,22095|1|1|1
2024,45063,1,2,1,29.0,5.0,104.0,15.0,45063|1|2|1
2025,01089,4,1,1,51.0,26.0,204.0,65.0,01089|4|1|1
2019,01053,1,1,1,66.0,35.0,219.0,63.0,01053|1|1|1
2019,01003,32,1,1,55.0,30.0,1019.0,256.0,01003|32|1|1
2019,01025,1,1,1,112.0,70.0,130.0,22.0,01025|1|1|1
2019,01109,1,1,1,81.0,45.0,219.0,34.0,01109|1|1|1
2020,01033,1,1,1,94.0,21.0,788.0,120.0,01033|1|1|1
2020,01021,1,1,1,80.0,48.0,723.0,234.0,01021|1|1|1
2020,01089,31,1,1,1300.0,235.0,6513.0,574.0,01089|31|1|1
2020,28089,31,1,1,329.0,82.0,2068.0,175.0,28089|31|1|1
2020,28033,31,1,1,850.0,167.0,2517.0,283.0,28033|31|1|1
2020,28049,2,2,1,83.0,47.0,56.0,18.0,28049|2|2|1
2021,22009,1,1,1,127.0,62.0,285.0,76.0,22009|1|1|1
2021,22097,32,1,1,44.0,20.0,166.0,42.0,22097|32|1|1
2021,28151,1,1,1,181.0,73.0,104.0,20.0,28151|1|1|1
2022,01089,1,2,1,78.0,18.0,113.0,22.0,01089|1|2|1
2022,27037,1,1,1,492.0,77.0,4681.0,268.0,27037|1|1|1
2021,41051,2,2,1,56.0,26.0,1936.0,503.0,41051|2|2|1
2022,17031,1,1,1,9899.0,2019.0,34566.0,2754.0,17031|1|1|1
2022,34005,1,1,1,1080.0,156.0,3793.0,258.0,34005|1|1|1
2023,06071,4,2,1,296.0,180.0,2379.0,1319.0,06071|4|2|1
2023,18141,32,1,1,87.0,45.0,631.0,178.0,18141|32|1|1
2023,22071,1,1,3,84.0,16.0,102.0,12.0,22071|1|1|3
2023,22033,4,1,1,89.0,63.0,92.0,27.0,22033|4|1|1
2022,45021,1,1,1,99.0,43.0,560.0,137.0,45021|1|1|1
2022,45063,1,2,1,28.0,6.0,75.0,15.0,45063|1|2|1
2024,28121,4,2,1,79.0,49.0,509.0,172.0,28121|4|2|1
2023,44007,32,1,1,163.0,82.0,827.0,246.0,44007|32|1|1
2024,24027,2,2,1,166.0,82.0,438.0,112.0,24027|2|2|1
2024,24005,31,2,1,99.0,61.0,285.0,97.0,24005|31|2|1
2024,24033,2,1,1,195.0,125.0,58.0,37.0,24033|2|1|1
2025,42089,31,1,1,69.0,23.0,299.0,76.0,42089|31|1|1
2025,24033,1,1,3,140.0,35.0,140.0,22.0,24033|1|1|3
2025,24033,1,2,1,137.0,42.0,59.0,16.0,24033|1|2|1
2018,18097,2,2,1,314.0,148.0,1418.0,504.0,18097|2|2|1
2018,34007,32,1,1,191.0,113.0,1059.0,409.0,34007|32|1|1
2018,45071,1,1,1,83.0,42.0,266.0,55.0,45071|1|1|1
2018,45083,1,2,1,29.0,7.0,61.0,16.0,45083|1|2|1
2018,45051,1,1,1,378.0,148.0,6053.0,831.0,45051|1|1|1
2018,45061,1,1,1,60.0,42.0,41.0,14.0,45061|1|1|1
2019,22117,1,1,1,64.0,38.0,298.0,89.0,22117|1|1|1
2019,22033,1,1,3,86.0,14.0,215.0,19.0,22033|1|1|3
2022,08031,32,1,1,377.0,119.0,2479.0,493.0,08031|32|1|1
2022,25021,1,1,1,523.0,87.0,4346.0,197.0,25021|1|1|1
2023,05119,4,2,1,246.0,154.0,472.0,176.0,05119|4|2|1
2023,45075,1,1,1,646.0,472.0,379.0,134.0,45075|1|1|1
2023,45083,31,1,1,39.0,18.0,258.0,79.0,45083|31|1|1
2025,25005,1,1,1,643.0,94.0,2883.0,165.0,25005|1|1|1
2025,25003,1,1,1,40.0,7.0,930.0,67.0,25003|1|1|1
2025,47037,31,1,1,254.0,69.0,1270.0,240.0,47037|31|1|1
2025,47119,1,1,1,85.0,24.0,1507.0,119.0,47119|1|1|1
2018,19049,1,1,1,28.0,3.0,1815.0,90.0,19049|1|1|1
2019,45051,32,1,1,88.0,45.0,1662.0,458.0,45051|32|1|1
2020,10005,32,1,1,42.0,17.0,1285.0,224.0,10005|32|1|1
2021,01055,1,1,1,111.0,33.0,1251.0,210.0,01055|1|1|1
2025,36093,1,1,1,92.0,23.0,984.0,59.0,36093|1|1|1
2018,10003,1,1,1,1572.0,269.0,4277.0,337.0,10003|1|1|1
2018,40109,2,2,1,65.0,51.0,622.0,270.0,40109|2|2|1
2018,47149,1,1,1,794.0,118.0,4864.0,419.0,47149|1|1|1
2020,28127,1,1,1,126.0,86.0,218.0,71.0,28127|1|1|1
2020,28081,32,1,1,36.0,15.0,272.0,38.0,28081|32|1|1
2020,28153,1,1,1,121.0,82.0,130.0,53.0,28153|1|1|1
2020,28133,1,1,1,88.0,43.0,56.0,11.0,28133|1|1|1
2020,28033,1,2,1,83.0,13.0,90.0,11.0,28033|1|2|1
2021,22047,1,1,1,348.0,125.0,267.0,43.0,22047|1|1|1
2021,27037,1,1,1,552.0,54.0,5955.0,277.0,27037|1|1|1
2021,28065,1,1,1,156.0,116.0,75.0,40.0,28065|1|1|1
2021,28049,4,2,1,100.0,52.0,115.0,23.0,28049|4|2|1
2022,01129,1,1,1,47.0,33.0,128.0,47.0,01129|1|1|1
2022,01089,2,1,1,68.0,42.0,212.0,53.0,01089|2|1|1
2022,17119,32,1,1,58.0,22.0,863.0,215.0,17119|32|1|1
2022,21067,32,1,1,126.0,40.0,850.0,161.0,21067|32|1|1
2022,21029,1,1,1,70.0,15.0,1340.0,258.0,21029|1|1|1
2022,17143,1,1,1,269.0,50.0,1762.0,111.0,17143|1|1|1
2022,34001,31,1,1,59.0,23.0,563.0,139.0,34001|31|1|1
2022,34013,1,1,3,109.0,36.0,267.0,40.0,34013|1|1|3
2022,45045,31,1,1,193.0,59.0,1246.0,227.0,45045|31|1|1
2022,45079,1,1,3,99.0,21.0,189.0,11.0,45079|1|1|3
2024,28121,32,1,1,61.0,32.0,222.0,78.0,28121|32|1|1
2024,36055,31,1,1,109.0,33.0,964.0,154.0,36055|31|1|1
2024,36061,1,1,1,156.0,36.0,2687.0,413.0,36061|1|1|1
2024,01121,32,1,1,58.0,25.0,108.0,43.0,01121|32|1|1
2024,24021,31,1,1,73.0,20.0,370.0,52.0,24021|31|1|1
2024,35013,1,1,1,48.0,8.0,2044.0,462.0,35013|1|1|1
2025,42091,32,1,1,193.0,82.0,1122.0,289.0,42091|32|1|1
2025,10003,4,1,1,61.0,35.0,204.0,70.0,10003|4|1|1
2025,24033,2,1,1,179.0,102.0,80.0,33.0,24033|2|1|1
2025,24017,4,2,1,338.0,167.0,211.0,76.0,24017|4|2|1
2025,53033,31,2,1,105.0,48.0,1486.0,404.0,53033|31|2|1
2025,53011,1,1,1,117.0,16.0,4016.0,261.0,53011|1|1|1
2018,18097,1,1,3,52.0,7.0,809.0,93.0,18097|1|1|3
2018,25021,31,2,1,32.0,17.0,981.0,278.0,25021|31|2|1
2018,27109,1,1,1,85.0,10.0,2169.0,98.0,27109|1|1|1
2018,34013,31,1,3,59.0,30.0,125.0,30.0,34013|31|1|3
2019,22071,31,1,3,63.0,19.0,105.0,20.0,22071|31|1|3
2019,22045,1,1,1,137.0,67.0,463.0,97.0,22045|1|1|1
2021,21111,31,2,1,32.0,12.0,450.0,81.0,21111|31|2|1
2021,45015,31,1,1,793.0,156.0,3669.0,474.0,45015|31|1|1
2021,45073,1,1,1,57.0,18.0,1133.0,192.0,45073|1|1|1
2021,45045,4,1,1,27.0,21.0,317.0,106.0,45045|4|1|1
2021,45079,4,1,1,87.0,42.0,139.0,36.0,45079|4|1|1
2021,45079,2,2,1,163.0,94.0,312.0,78.0,45079|2|2|1
2022,25023,1,2,1,51.0,23.0,213.0,48.0,25023|1|2|1
2022,54039,1,1,1,76.0,12.0,1722.0,320.0,54039|1|1|1
2023,05139,1,1,1,203.0,147.0,288.0,109.0,05139|1|1|1
2023,45015,32,1,1,226.0,104.0,507.0,151.0,45015|32|1|1
2023,45007,32,1,1,101.0,35.0,416.0,119.0,45007|32|1|1
2023,53033,1,2,1,75.0,18.0,400.0,102.0,53033|1|2|1
2025,18089,1,1,1,863.0,156.0,3745.0,279.0,18089|1|1|1
2025,18057,32,1,1,47.0,17.0,898.0,195.0,18057|32|1|1
2025,18091,1,1,1,49.0,13.0,852.0,103.0,18091|1|1|1
2025,47157,31,1,3,62.0,21.0,121.0,26.0,47157|31|1|3
2018,01081,1,1,1,360.0,128.0,1864.0,177.0,01081|1|1|1
2018,18089,32,1,1,310.0,198.0,1668.0,500.0,18089|32|1|1
2018,12083,32,1,1,180.0,102.0,1493.0,577.0,12083|32|1|1
2018,13135,32,1,1,1323.0,598.0,2705.0,729.0,13135|32|1|1
2018,21111,1,2,1,147.0,19.0,533.0,53.0,21111|1|2|1
2018,36079,1,1,1,39.0,9.0,895.0,79.0,36079|1|1|1
2018,36087,32,1,1,64.0,24.0,773.0,205.0,36087|32|1|1
2018,39095,32,1,1,79.0,51.0,951.0,315.0,39095|32|1|1
2018,42089,32,1,1,85.0,60.0,587.0,253.0,42089|32|1|1
2018,42041,1,1,1,74.0,9.0,2954.0,263.0,42041|1|1|1
2018,42101,2,1,1,1061.0,741.0,816.0,423.0,42101|2|1|1
2018,48339,1,1,1,540.0,99.0,9223.0,1119.0,48339|1|1|1
2018,48113,31,1,3,116.0,47.0,300.0,70.0,48113|31|1|3
2018,49011,1,1,1,62.0,8.0,5560.0,409.0,49011|1|1|1
2019,04013,31,1,1,1876.0,372.0,43116.0,5018.0,04013|31|1|1
2018,06077,31,1,1,156.0,63.0,1572.0,462.0,06077|31|1|1
2018,51059,1,1,1,830.0,80.0,7823.0,383.0,51059|1|1|1
2018,11001,1,2,1,52.0,18.0,183.0,33.0,11001|1|2|1
2019,12099,2,2,1,342.0,275.0,2915.0,1593.0,12099|2|2|1
2019,29165,1,1,1,91.0,6.0,1538.0,76.0,29165|1|1|1
2019,29095,4,2,1,93.0,64.0,904.0,387.0,29095|4|2|1
2019,39035,1,1,1,2137.0,361.0,10449.0,648.0,39035|1|1|1
2019,48113,32,1,1,1374.0,502.0,5224.0,1170.0,48113|32|1|1
2019,48187,1,1,1,263.0,34.0,2782.0,401.0,48187|1|1|1
2019,51550,32,1,1,366.0,187.0,862.0,216.0,51550|32|1|1
2019,12057,1,2,1,112.0,28.0,481.0,120.0,12057|1|2|1
2019,13059,1,1,1,133.0,34.0,942.0,61.0,13059|1|1|1
2019,13067,32,1,3,51.0,23.0,189.0,37.0,13067|32|1|3
2019,25005,2,2,1,65.0,33.0,1239.0,481.0,25005|2|2|1
2019,25023,4,2,1,95.0,69.0,1212.0,529.0,25023|4|2|1
2019,26163,2,2,1,402.0,271.0,2059.0,756.0,26163|2|2|1
2019,36047,31,1,1,791.0,224.0,1938.0,403.0,36047|31|1|1
2019,39049,4,2,1,402.0,227.0,2599.0,920.0,39049|4|2|1
2019,48029,1,1,3,43.0,5.0,928.0,112.0,48029|1|1|3
2019,51760,4,1,1,43.0,29.0,92.0,39.0,51760|4|1|1
2019,51760,2,1,1,66.0,44.0,80.0,30.0,51760|2|1|1
2019,51107,4,2,1,83.0,38.0,711.0,341.0,51107|4|2|1
2020,06065,32,1,1,1164.0,298.0,17789.0,2594.0,06065|32|1|1
2020,06037,2,1,1,257.0,102.0,2466.0,769.0,06037|2|1|1
2020,22051,1,1,1,813.0,147.0,2798.0,191.0,22051|1|1|1
2020,26099,4,1,1,36.0,28.0,541.0,205.0,26099|4|1|1
2020,37025,1,1,1,960.0,122.0,2762.0,225.0,37025|1|1|1
2020,37071,2,2,1,35.0,23.0,315.0,117.0,37071|2|2|1
2020,37183,2,2,1,333.0,160.0,2263.0,607.0,37183|2|2|1
2020,42045,1,2,1,37.0,8.0,107.0,23.0,42045|1|2|1
2020,48157,4,2,1,128.0,105.0,311.0,214.0,48157|4|2|1
2020,48245,2,1,1,25.0,17.0,83.0,31.0,48245|2|1|1
2020,08001,1,1,1,332.0,49.0,8354.0,929.0,08001|1|1|1
2020,12129,1,1,1,89.0,19.0,644.0,91.0,12129|1|1|1
2020,37131,1,1,1,95.0,68.0,86.0,20.0,37131|1|1|1
2020,36071,1,1,1,641.0,136.0,2987.0,364.0,36071|1|1|1
2020,36055,4,2,1,131.0,64.0,1435.0,360.0,36055|4|2|1
2020,51099,1,1,1,77.0,12.0,411.0,31.0,51099|1|1|1
2021,13121,32,1,1,3018.0,898.0,4914.0,611.0,13121|32|1|1
2021,16027,1,1,1,51.0,6.0,4290.0,241.0,16027|1|1|1
2021,29037,1,1,1,82.0,16.0,1839.0,139.0,29037|1|1|1
2021,37107,1,1,1,191.0,69.0,400.0,85.0,37107|1|1|1
2020,48039,32,1,1,140.0,53.0,1160.0,195.0,48039|32|1|1
2020,51760,1,2,1,74.0,12.0,66.0,10.0,51760|1|2|1
2021,08005,2,2,1,139.0,58.0,1792.0,434.0,08005|2|2|1
2021,10003,1,1,1,2202.0,257.0,4789.0,342.0,10003|1|1|1
2021,10001,1,1,1,1218.0,210.0,2255.0,259.0,10001|1|1|1
2021,12057,32,1,3,121.0,41.0,514.0,97.0,12057|32|1|3
2021,12099,32,1,3,91.0,18.0,508.0,111.0,12099|32|1|3
2021,13245,1,1,3,52.0,6.0,154.0,12.0,13245|1|1|3
2021,13051,2,1,1,67.0,52.0,153.0,54.0,13051|2|1|1
2021,17197,4,1,1,34.0,21.0,350.0,140.0,17197|4|1|1
2021,25027,1,2,1,38.0,9.0,318.0,63.0,25027|1|2|1
2021,37077,31,1,1,227.0,45.0,820.0,120.0,37077|31|1|1
2021,37101,2,2,1,72.0,25.0,487.0,160.0,37101|2|2|1
2021,34011,1,1,1,262.0,64.0,887.0,120.0,34011|1|1|1
2021,36085,32,1,1,176.0,46.0,2120.0,296.0,36085|32|1|1
2021,36105,1,1,1,78.0,24.0,635.0,135.0,36105|1|1|1
2021,36047,32,1,3,239.0,63.0,652.0,120.0,36047|32|1|3
2021,36059,32,1,1,947.0,226.0,7140.0,956.0,36059|32|1|1
2021,36081,31,1,1,1745.0,407.0,4266.0,697.0,36081|31|1|1
2021,36055,2,1,1,92.0,64.0,689.0,181.0,36055|2|1|1
2021,36029,4,1,1,43.0,32.0,572.0,190.0,36029|4|1|1
2021,36055,1,2,1,71.0,24.0,206.0,32.0,36055|1|2|1
2021,39153,32,1,1,229.0,65.0,3703.0,529.0,39153|32|1|1
2021,39139,1,1,1,62.0,7.0,1592.0,150.0,39139|1|1|1
2021,47157,32,1,3,84.0,20.0,511.0,42.0,47157|32|1|3
2021,48213,1,1,1,76.0,45.0,1318.0,410.0,48213|1|1|1
2021,48473,1,1,1,175.0,53.0,885.0,161.0,48473|1|1|1
2021,51179,32,1,1,385.0,98.0,1506.0,191.0,51179|32|1|1
2021,55079,4,1,1,81.0,53.0,353.0,119.0,55079|4|1|1
2022,12011,32,1,1,2524.0,1079.0,5498.0,1692.0,12011|32|1|1
2022,12117,1,1,1,431.0,81.0,3891.0,441.0,12117|1|1|1
2022,12073,31,1,1,110.0,41.0,349.0,83.0,12073|31|1|1
2022,12113,32,1,1,111.0,41.0,1393.0,335.0,12113|32|1|1
2022,13245,31,1,1,183.0,69.0,146.0,41.0,13245|31|1|1
2022,13147,1,1,1,34.0,18.0,324.0,62.0,13147|1|1|1
2022,13021,31,1,1,84.0,26.0,141.0,35.0,13021|31|1|1
2022,13067,32,2,1,79.0,23.0,202.0,33.0,13067|32|2|1
2021,36067,2,2,1,69.0,38.0,1062.0,292.0,36067|2|2|1
2021,39061,4,1,1,91.0,63.0,577.0,211.0,39061|4|1|1
2021,48201,1,1,2,119.0,34.0,610.0,85.0,48201|1|1|2
2021,48245,2,1,1,33.0,20.0,78.0,24.0,48245|2|1|1
2021,51740,4,2,1,27.0,14.0,48.0,22.0,51740|4|2|1
2022,06077,1,1,1,614.0,115.0,3001.0,341.0,06077|1|1|1
2022,13135,1,1,3,70.0,16.0,244.0,28.0,13135|1|1|3
2022,13087,1,1,1,81.0,37.0,155.0,44.0,13087|1|1|1
2022,13067,2,1,1,104.0,67.0,328.0,134.0,13067|2|1|1
2022,28073,1,1,1,251.0,103.0,806.0,177.0,28073|1|1|1
2022,36067,2,2,1,93.0,42.0,1413.0,321.0,36067|2|2|1
2022,39061,1,1,3,112.0,25.0,567.0,54.0,39061|1|1|3
2022,39095,31,1,1,141.0,55.0,1335.0,278.0,39095|31|1|1
2022,48029,32,1,3,70.0,25.0,613.0,156.0,48029|32|1|3
2022,51041,4,2,1,227.0,132.0,745.0,316.0,51041|4|2|1
2022,51009,1,1,1,72.0,22.0,290.0,35.0,51009|1|1|1
2023,01015,1,1,1,201.0,73.0,1012.0,274.0,01015|1|1|1
2023,13135,2,2,1,893.0,495.0,1060.0,495.0,13135|2|2|1
2023,12111,4,2,1,219.0,159.0,907.0,525.0,12111|4|2|1
2023,12117,31,1,1,35.0,18.0,235.0,89.0,12117|31|1|1
2023,29037,1,1,1,49.0,5.0,1179.0,91.0,29037|1|1|1
2023,34021,1,1,1,368.0,63.0,1224.0,101.0,34021|1|1|1
2023,34023,32,1,1,158.0,75.0,603.0,182.0,34023|32|1|1
2023,34013,1,2,1,64.0,35.0,76.0,35.0,34013|1|2|1
2023,39095,2,1,1,72.0,57.0,283.0,136.0,39095|2|1|1
2023,42003,1,1,1,852.0,132.0,7738.0,443.0,42003|1|1|1
2023,42069,1,1,1,83.0,16.0,1159.0,151.0,42069|1|1|1
2023,42045,1,1,3,44.0,8.0,143.0,11.0,42045|1|1|3
2023,42003,2,1,1,166.0,116.0,1089.0,397.0,42003|2|1|1
2023,48157,1,1,3,98.0,21.0,185.0,30.0,48157|1|1|3
2023,51177,32,1,1,84.0,33.0,276.0,75.0,51177|32|1|1
2023,55079,1,1,1,1269.0,270.0,4865.0,352.0,55079|1|1|1
2024,08041,32,1,1,154.0,65.0,1305.0,412.0,08041|32|1|1
2024,12061,32,1,1,32.0,21.0,361.0,124.0,12061|32|1|1
2024,13073,31,1,1,115.0,24.0,230.0,39.0,13073|31|1|1
2023,39061,31,2,1,55.0,25.0,463.0,113.0,39061|31|2|1
2023,42091,4,2,1,194.0,97.0,2040.0,756.0,42091|4|2|1
2023,48157,31,1,1,185.0,88.0,201.0,76.0,48157|31|1|1
2018,47149,4,2,1,87.0,52.0,787.0,395.0,47149|4|2|1
2019,01113,31,1,1,100.0,38.0,116.0,24.0,01113|31|1|1
2020,01073,1,1,1,2387.0,418.0,6537.0,477.0,01073|1|1|1
2020,28159,1,1,1,79.0,45.0,62.0,13.0,28159|1|1|1
2020,28037,1,1,1,49.0,40.0,39.0,17.0,28037|1|1|1
2020,25005,1,1,1,762.0,99.0,5232.0,430.0,25005|1|1|1
2021,22055,1,1,1,1308.0,462.0,3658.0,424.0,22055|1|1|1
2021,22069,1,1,1,185.0,102.0,280.0,62.0,22069|1|1|1
2021,27145,1,1,1,97.0,12.0,2029.0,120.0,27145|1|1|1
2021,28137,1,1,1,111.0,55.0,356.0,79.0,28137|1|1|1
2021,27053,2,2,1,134.0,71.0,2252.0,505.0,27053|2|2|1
2022,01045,1,1,1,121.0,45.0,536.0,105.0,01045|1|1|1
2022,21067,31,1,1,65.0,16.0,797.0,135.0,21067|31|1|1
2022,27145,1,1,1,68.0,8.0,1476.0,91.0,27145|1|1|1
2022,17043,1,1,1,337.0,55.0,7954.0,434.0,17043|1|1|1
2023,06095,4,2,1,123.0,68.0,450.0,210.0,06095|4|2|1
2023,06013,1,1,1,409.0,53.0,3480.0,360.0,06013|1|1|1
2024,01097,2,2,1,144.0,90.0,458.0,157.0,01097|2|2|1
2024,01089,4,2,1,256.0,131.0,817.0,286.0,01089|4|2|1
2024,18057,1,1,1,245.0,44.0,4319.0,245.0,18057|1|1|1
2024,28083,1,1,1,65.0,23.0,42.0,11.0,28083|1|1|1
2024,31109,1,1,1,84.0,13.0,2937.0,141.0,31109|1|1|1
2024,24510,4,2,1,410.0,289.0,253.0,128.0,24510|4|2|1
2024,49035,4,2,1,60.0,37.0,3843.0,1392.0,49035|4|2|1
2025,42091,1,1,1,392.0,62.0,5137.0,249.0,42091|1|1|1
2025,42055,1,1,1,71.0,16.0,1438.0,128.0,42055|1|1|1
2024,36029,4,1,1,57.0,36.0,586.0,219.0,36029|4|1|1
2025,10001,4,2,1,165.0,80.0,398.0,154.0,10001|4|2|1
2025,24025,1,1,1,533.0,107.0,1989.0,141.0,24025|1|1|1
2025,24025,31,1,1,133.0,28.0,591.0,71.0,24025|31|1|1
2018,18097,32,2,1,65.0,36.0,381.0,73.0,18097|32|2|1
2018,27053,1,1,3,39.0,8.0,614.0,39.0,27053|1|1|3
2018,34005,2,2,1,105.0,78.0,844.0,401.0,34005|2|2|1
2018,22015,32,1,1,63.0,41.0,278.0,92.0,22015|32|1|1
2019,22009,1,1,1,61.0,27.0,281.0,85.0,22009|1|1|1
2019,22081,1,1,1,40.0,25.0,34.0,10.0,22081|1|1|1
2019,22093,1,1,1,79.0,42.0,101.0,8.0,22093|1|1|1
2021,21111,2,1,1,59.0,34.0,383.0,117.0,21111|2|1|1
2022,08041,1,1,1,683.0,88.0,10232.0,627.0,08041|1|1|1
2022,08041,4,2,1,189.0,89.0,3147.0,833.0,08041|4|2|1
2021,45037,1,1,1,92.0,42.0,331.0,39.0,45037|1|1|1
2021,45035,1,1,1,1005.0,341.0,3025.0,325.0,45035|1|1|1
2024,27163,1,1,1,249.0,29.0,2558.0,148.0,27163|1|1|1
2023,45021,1,1,1,123.0,43.0,615.0,190.0,45021|1|1|1
2023,45003,31,1,1,27.0,10.0,107.0,31.0,45003|31|1|1
2025,18039,1,1,1,55.0,9.0,1846.0,131.0,18039|1|1|1
2018,06065,1,1,1,1844.0,310.0,21765.0,2599.0,06065|1|1|1
2018,06067,4,2,1,124.0,89.0,1517.0,786.0,06067|4|2|1
2018,53033,32,1,1,608.0,200.0,8001.0,1486.0,53033|32|1|1
2018,12011,4,1,1,256.0,199.0,1459.0,956.0,12011|4|1|1
2018,24005,2,1,1,101.0,59.0,448.0,163.0,24005|2|1|1
2018,36027,32,1,1,31.0,8.0,659.0,198.0,36027|32|1|1
2018,39061,4,2,1,151.0,98.0,1335.0,507.0,39061|4|2|1
2018,39095,4,2,1,54.0,31.0,669.0,243.0,39095|4|2|1
2018,39155,1,1,1,68.0,12.0,1770.0,198.0,39155|1|1|1
2018,42045,1,1,1,1188.0,253.0,3951.0,259.0,42045|1|1|1
2018,42101,4,2,1,384.0,270.0,894.0,458.0,42101|4|2|1
2018,48381,1,1,1,44.0,5.0,1953.0,147.0,48381|1|1|1
2018,48245,31,1,1,105.0,51.0,221.0,52.0,48245|31|1|1
2018,13297,1,1,1,247.0,42.0,1308.0,131.0,13297|1|1|1
2019,06097,1,1,1,30.0,4.0,3075.0,307.0,06097|1|1|1
2019,06061,1,1,1,78.0,16.0,4251.0,288.0,06061|1|1|1
2019,13245,32,1,1,362.0,179.0,277.0,90.0,13245|32|1|1
2019,13077,1,1,1,284.0,57.0,2195.0,157.0,13077|1|1|1
2019,17119,1,1,1,190.0,46.0,3377.0,277.0,17119|1|1|1
2019,29077,1,1,1,63.0,11.0,4112.0,300.0,29077|1|1|1
2019,39165,1,1,1,123.0,15.0,3845.0,214.0,39165|1|1|1
2019,48157,32,1,1,471.0,199.0,1309.0,312.0,48157|32|1|1
2019,51061,1,1,1,49.0,5.0,964.0,45.0,51061|1|1|1
2019,06073,2,2,1,178.0,111.0,4894.0,2132.0,06073|2|2|1
2019,12119,1,1,1,42.0,16.0,2471.0,157.0,12119|1|1|1
2019,13121,32,2,1,57.0,27.0,200.0,67.0,13121|32|2|1
2019,36005,1,1,1,722.0,156.0,1177.0,147.0,36005|1|1|1
2019,39035,4,2,1,259.0,169.0,2210.0,810.0,39035|4|2|1
2019,42091,2,1,1,50.0,26.0,606.0,175.0,42091|2|1|1
2019,48113,1,2,1,192.0,49.0,692.0,121.0,48113|1|2|1
2019,48085,1,2,1,50.0,12.0,413.0,90.0,48085|1|2|1
2020,06029,32,1,1,117.0,40.0,3486.0,587.0,06029|32|1|1
2020,12009,31,1,1,700.0,191.0,9949.0,1711.0,12009|31|1|1
2020,12073,32,1,1,131.0,38.0,998.0,139.0,12073|32|1|1
2020,12095,32,1,3,53.0,21.0,320.0,88.0,12095|32|1|3
2020,26081,32,1,1,158.0,34.0,5176.0,505.0,26081|32|1|1
2020,26045,1,1,1,99.0,28.0,1484.0,176.0,26045|1|1|1
2020,26075,1,1,1,96.0,23.0,2076.0,263.0,26075|1|1|1
2020,26115,1,1,1,68.0,34.0,2232.0,281.0,26115|1|1|1
2020,37135,32,1,1,34.0,6.0,499.0,67.0,37135|32|1|1
2020,37063,4,1,1,34.0,18.0,113.0,39.0,37063|4|1|1
2020,37071,1,2,1,26.0,4.0,74.0,8.0,37071|1|2|1
2020,42017,1,1,1,211.0,24.0,6497.0,465.0,42017|1|1|1
2020,42043,1,1,1,380.0,62.0,2487.0,263.0,42043|1|1|1
2020,47065,1,1,1,462.0,77.0,5218.0,505.0,47065|1|1|1
2020,47037,32,1,3,97.0,19.0,377.0,64.0,47037|32|1|3
2020,48121,2,2,1,62.0,42.0,913.0,379.0,48121|2|2|1
2020,48085,2,2,1,66.0,38.0,1169.0,503.0,48085|2|2|1
2019,55025,4,2,1,49.0,21.0,1835.0,315.0,55025|4|2|1
2020,06071,2,2,1,114.0,75.0,1158.0,641.0,06071|2|2|1
2020,22097,32,1,1,31.0,18.0,134.0,25.0,22097|32|1|1
2020,22033,2,1,1,36.0,25.0,106.0,30.0,22033|2|1|1
2020,24031,31,1,1,3082.0,631.0,18711.0,1589.0,24031|31|1|1
2020,37051,4,1,1,47.0,32.0,90.0,41.0,37051|4|1|1
2020,34007,31,1,1,728.0,198.0,5999.0,782.0,34007|31|1|1
2020,34025,32,1,1,110.0,35.0,4416.0,649.0,34025|32|1|1
2020,34015,32,1,1,63.0,30.0,1257.0,226.0,34015|32|1|1
2020,34013,31,2,1,49.0,28.0,212.0,70.0,34013|31|2|1
2020,36065,1,1,1,51.0,8.0,1810.0,245.0,36065|1|1|1
2020,36047,2,1,1,106.0,77.0,248.0,151.0,36047|2|1|1
2020,51760,2,2,1,68.0,54.0,183.0,56.0,51760|2|2|1
2021,06037,31,1,1,8181.0,1585.0,91825.0,11540.0,06037|31|1|1
2021,06071,1,1,3,68.0,15.0,1250.0,145.0,06071|1|1|3
2021,12073,31,1,1,462.0,111.0,2366.0,312.0,12073|31|1|1
2021,13105,1,1,1,43.0,25.0,170.0,26.0,13105|1|1|1
2021,13067,2,2,1,386.0,232.0,1193.0,480.0,13067|2|2|1
2021,16001,1,1,1,74.0,10.0,7246.0,354.0,16001|1|1|1
2021,26075,1,1,1,125.0,39.0,2307.0,361.0,26075|1|1|1
2021,37057,1,1,1,291.0,70.0,2381.0,344.0,37057|1|1|1
2021,37001,1,1,1,641.0,104.0,1901.0,170.0,37001|1|1|1
2021,10001,31,1,1,976.0,249.0,2493.0,359.0,10001|31|1|1
2021,13089,4,1,1,165.0,110.0,180.0,67.0,13089|4|1|1
2021,25017,1,1,1,568.0,54.0,11393.0,514.0,25017|1|1|1
2021,37051,2,1,1,44.0,32.0,96.0,40.0,37051|2|1|1
2021,47037,1,2,1,63.0,17.0,169.0,57.0,47037|1|2|1
2021,48039,1,1,1,1410.0,275.0,4050.0,592.0,48039|1|1|1
2021,48407,1,1,1,52.0,34.0,421.0,152.0,48407|1|1|1
2021,51650,32,1,1,438.0,144.0,473.0,95.0,51650|32|1|1
2021,51700,1,1,1,991.0,134.0,1495.0,104.0,51700|1|1|1
2022,06013,32,1,1,603.0,161.0,2911.0,542.0,06013|32|1|1
2022,06077,31,1,1,134.0,45.0,930.0,204.0,06077|31|1|1
2022,12019,1,1,1,602.0,132.0,2915.0,459.0,12019|1|1|1
2022,12099,1,1,1,2266.0,512.0,12317.0,1553.0,12099|1|1|1
2022,13097,31,1,1,224.0,74.0,124.0,37.0,13097|31|1|1
2022,13013,1,1,1,302.0,49.0,1178.0,92.0,13013|1|1|1
2022,26125,32,1,1,995.0,331.0,4908.0,970.0,26125|32|1|1
2022,26099,31,1,1,226.0,79.0,2433.0,511.0,26099|31|1|1
2022,26077,32,1,1,91.0,32.0,956.0,213.0,26077|32|1|1
2021,51710,2,2,1,68.0,45.0,176.0,79.0,51710|2|2|1
2021,51087,2,2,1,153.0,91.0,458.0,160.0,51087|2|2|1
2021,51800,2,2,1,36.0,18.0,96.0,38.0,51800|2|2|1
2021,51710,4,2,1,39.0,25.0,113.0,55.0,51710|4|2|1
2022,12031,2,2,1,507.0,321.0,1625.0,712.0,12031|2|2|1
2022,24510,32,1,1,1207.0,549.0,461.0,145.0,24510|32|1|1
2022,28163,1,1,1,84.0,48.0,93.0,23.0,28163|1|1|1
2022,42125,1,1,1,66.0,14.0,2278.0,192.0,42125|1|1|1
2022,48491,32,1,1,284.0,101.0,3046.0,539.0,48491|32|1|1
2022,48257,1,1,1,1851.0,331.0,3008.0,460.0,48257|1|1|1
2022,51650,32,1,1,447.0,160.0,316.0,83.0,51650|32|1|1
2022,51700,31,1,1,120.0,38.0,211.0,40.0,51700|31|1|1
2023,12099,31,1,1,161.0,83.0,857.0,310.0,12099|31|1|1
2023,13121,2,2,1,988.0,598.0,1345.0,449.0,13121|2|2|1
2023,13303,1,1,1,68.0,47.0,64.0,14.0,13303|1|1|1
2022,36059,2,1,1,76.0,45.0,595.0,220.0,36059|2|1|1
2022,39153,2,1,1,65.0,50.0,502.0,197.0,39153|2|1|1
2022,39035,31,2,1,92.0,41.0,873.0,195.0,39035|31|2|1
2022,42003,4,2,1,202.0,107.0,2625.0,907.0,42003|4|2|1
2022,48453,32,1,1,454.0,149.0,4114.0,725.0,48453|32|1|1
2023,48201,1,1,1,6561.0,1456.0,24513.0,3552.0,48201|1|1|1
2023,48113,1,1,3,143.0,31.0,561.0,90.0,48113|1|1|3
2023,48439,1,2,1,126.0,36.0,480.0,109.0,48439|1|2|1
2023,55133,1,1,1,83.0,18.0,3479.0,192.0,55133|1|1|1
2023,55079,1,2,1,56.0,13.0,174.0,23.0,55079|1|2|1
2024,12103,1,1,1,311.0,80.0,7335.0,1013.0,12103|1|1|1
2024,12071,2,2,1,119.0,75.0,1532.0,687.0,12071|2|2|1
2024,12071,4,1,1,43.0,26.0,711.0,333.0,12071|4|1|1
2024,12127,4,2,1,108.0,64.0,1446.0,749.0,12127|4|2|1
2024,17019,1,1,1,164.0,33.0,1115.0,75.0,17019|1|1|1
2024,17031,1,2,1,658.0,187.0,1213.0,269.0,17031|1|2|1
2023,48121,2,2,1,214.0,152.0,1294.0,680.0,48121|2|2|1
2023,51059,31,2,1,28.0,16.0,354.0,127.0,51059|31|2|1
2023,51550,4,2,1,251.0,135.0,577.0,223.0,51550|4|2|1
2024,12103,4,2,1,130.0,68.0,2267.0,1079.0,12103|4|2|1
2024,13073,1,1,1,401.0,60.0,1462.0,93.0,13073|1|1|1
2024,13031,1,1,1,108.0,52.0,592.0,79.0,13031|1|1|1
2024,13183,1,1,1,173.0,27.0,369.0,55.0,13183|1|1|1
2024,17197,4,2,1,228.0,142.0,1612.0,709.0,17197|4|2|1
2024,37063,31,2,1,113.0,44.0,198.0,50.0,37063|31|2|1
2024,47157,2,2,1,736.0,435.0,632.0,227.0,47157|2|2|1
2024,47047,32,1,1,38.0,14.0,76.0,20.0,47047|32|1|1
2024,48073,1,1,1,55.0,36.0,530.0,214.0,48073|1|1|1
2024,48157,4,2,1,383.0,278.0,817.0,496.0,48157|4|2|1
2024,55079,2,1,1,137.0,83.0,439.0,162.0,55079|2|1|1
2025,06047,1,1,1,27.0,5.0,1085.0,122.0,06047|1|1|1
2025,08005,1,1,1,617.0,83.0,4988.0,345.0,08005|1|1|1
2025,12103,32,1,1,199.0,95.0,1638.0,547.0,12103|32|1|1
2025,12031,31,1,3,34.0,21.0,115.0,38.0,12031|31|1|3
2025,13285,32,1,1,71.0,28.0,170.0,45.0,13285|32|1|1
2025,13039,32,1,1,29.0,14.0,182.0,46.0,13039|32|1|1
2025,13135,31,2,1,113.0,44.0,252.0,86.0,13135|31|2|1
2024,37185,1,1,1,60.0,25.0,74.0,11.0,37185|1|1|1
2025,12099,31,1,3,42.0,21.0,151.0,42.0,12099|31|1|3
2025,12061,32,1,1,31.0,14.0,427.0,141.0,12061|32|1|1
2025,37071,31,1,1,114.0,28.0,575.0,105.0,37071|31|1|1
2025,37129,32,1,1,80.0,27.0,528.0,138.0,37129|32|1|1
2025,37021,32,1,1,46.0,23.0,539.0,155.0,37021|32|1|1
2025,37047,1,1,1,145.0,100.0,394.0,128.0,37047|1|1|1
2025,32003,4,1,1,74.0,43.0,737.0,289.0,32003|4|1|1
2025,45003,1,1,1,588.0,228.0,1968.0,224.0,45003|1|1|1
2025,48029,32,1,3,54.0,17.0,526.0,140.0,48029|32|1|3
2025,48121,1,1,1,1149.0,235.0,8725.0,843.0,48121|1|1|1
2025,48157,31,1,1,372.0,175.0,732.0,215.0,48157|31|1|1
2025,48039,2,2,1,78.0,54.0,219.0,109.0,48039|2|2|1
2025,48113,31,2,1,42.0,24.0,266.0,103.0,48113|31|2|1
2025,48029,32,2,1,123.0,35.0,1469.0,354.0,48029|32|2|1
2025,51760,32,1,1,199.0,80.0,132.0,34.0,51760|32|1|1
2025,51810,1,2,1,64.0,12.0,119.0,18.0,51810|1|2|1
2025,51107,2,2,1,96.0,34.0,900.0,238.0,51107|2|2|1
2018,04013,32,1,3,52.0,16.0,1464.0,334.0,04013|32|1|3
2018,13033,1,1,1,70.0,43.0,141.0,30.0,13033|1|1|1
2018,13223,2,2,1,81.0,61.0,330.0,182.0,13223|2|2|1
2018,13067,4,1,1,74.0,40.0,384.0,170.0,13067|4|1|1
2018,17197,1,1,1,993.0,176.0,7967.0,674.0,17197|1|1|1
2018,17161,1,1,1,140.0,17.0,1499.0,133.0,17161|1|1|1
2018,17031,1,1,2,45.0,13.0,582.0,41.0,17031|1|1|2
2018,26081,32,1,1,188.0,79.0,2783.0,524.0,26081|32|1|1
2018,37037,1,1,1,64.0,18.0,1052.0,80.0,37037|1|1|1
2018,51760,32,1,3,38.0,19.0,53.0,5.0,51760|32|1|3
2018,04021,1,2,1,58.0,7.0,471.0,73.0,04021|1|2|1
2018,51059,2,2,1,234.0,124.0,2144.0,744.0,51059|2|2|1
2018,53061,32,1,1,132.0,53.0,4824.0,914.0,53061|32|1|1
2019,05051,1,1,1,42.0,13.0,1226.0,225.0,05051|1|1|1
2019,24003,4,2,1,184.0,124.0,1028.0,502.0,24003|4|2|1
2019,24021,2,2,1,46.0,33.0,610.0,214.0,24021|2|2|1
2019,24009,32,1,1,73.0,34.0,448.0,106.0,24009|32|1|1
2019,27141,1,1,1,51.0,3.0,1767.0,113.0,27141|1|1|1
2019,22055,1,1,1,732.0,281.0,2712.0,304.0,22055|1|1|1
2019,18089,32,1,1,273.0,128.0,1782.0,370.0,18089|32|1|1
2019,37119,1,1,3,122.0,15.0,691.0,46.0,37119|1|1|3
2019,53033,2,2,1,221.0,111.0,4828.0,1392.0,53033|2|2|1
2020,13121,1,1,1,5952.0,1086.0,9030.0,578.0,13121|1|1|1
2020,13139,32,1,1,40.0,14.0,1171.0,196.0,13139|32|1|1
2020,32003,1,1,1,3329.0,505.0,24546.0,2495.0,32003|1|1|1
2020,39095,32,1,1,79.0,39.0,1481.0,187.0,39095|32|1|1
2021,24009,1,1,1,314.0,32.0,1470.0,60.0,24009|1|1|1
2022,05019,1,1,1,50.0,27.0,186.0,41.0,05019|1|1|1
2022,37119,1,1,1,2922.0,424.0,9285.0,439.0,37119|1|1|1
2023,17163,32,1,1,132.0,67.0,328.0,124.0,17163|32|1|1
2023,17197,4,1,1,31.0,19.0,318.0,129.0,17197|4|1|1
2022,37081,2,1,1,95.0,53.0,244.0,89.0,37081|2|1|1
2023,25021,32,1,1,72.0,32.0,513.0,145.0,25021|32|1|1
2023,25017,31,2,1,36.0,19.0,1230.0,322.0,25017|31|2|1
2023,25021,2,2,1,229.0,148.0,1518.0,450.0,25021|2|2|1
2023,24005,31,1,1,159.0,59.0,453.0,120.0,24005|31|1|1
2023,37157,1,1,1,211.0,70.0,930.0,193.0,37157|1|1|1
2023,37081,31,1,1,230.0,93.0,391.0,105.0,37081|31|1|1
2023,37119,4,1,1,134.0,87.0,383.0,139.0,37119|4|1|1
2023,36059,4,2,1,312.0,211.0,1779.0,895.0,36059|4|2|1
2023,47065,4,2,1,91.0,57.0,793.0,357.0,47065|4|2|1
2023,47189,32,1,1,42.0,16.0,344.0,85.0,47189|32|1|1
2023,47149,2,2,1,147.0,89.0,826.0,304.0,47149|2|2|1
2024,29051,1,1,1,35.0,3.0,721.0,28.0,29051|1|1|1
2024,29077,1,1,1,64.0,13.0,3100.0,260.0,29077|1|1|1
2023,36029,4,2,1,88.0,56.0,1388.0,556.0,36029|4|2|1
2023,47113,31,1,1,43.0,17.0,118.0,16.0,47113|31|1|1
2024,25013,4,2,1,103.0,56.0,816.0,319.0,25013|4|2|1
2024,34023,1,1,1,361.0,57.0,2162.0,226.0,34023|1|1|1
2024,39061,32,1,1,493.0,215.0,1249.0,378.0,39061|32|1|1
2024,39109,1,1,1,33.0,4.0,1091.0,95.0,39109|1|1|1
2024,39165,1,1,1,87.0,10.0,2221.0,116.0,39165|1|1|1
2024,51700,31,1,1,132.0,27.0,187.0,27.0,51700|31|1|1
2025,01113,1,1,1,188.0,48.0,385.0,45.0,01113|1|1|1
2025,22033,4,1,1,128.0,87.0,138.0,47.0,22033|4|1|1
2025,28031,1,1,1,143.0,94.0,136.0,54.0,28031|1|1|1
2025,17115,1,1,1,130.0,29.0,902.0,110.0,17115|1|1|1
2025,22017,2,2,1,67.0,47.0,85.0,27.0,22017|2|2|1
2025,36059,1,1,1,691.0,108.0,4382.0,345.0,36059|1|1|1
2018,12086,32,1,1,1217.0,647.0,5945.0,2295.0,12086|32|1|1
2018,12021,1,1,1,229.0,44.0,4616.0,699.0,12021|1|1|1
2018,12105,4,1,1,47.0,33.0,496.0,215.0,12105|4|1|1
2018,24510,31,1,1,602.0,326.0,508.0,146.0,24510|31|1|1
2018,29095,4,1,1,72.0,52.0,375.0,153.0,29095|4|1|1
2018,42003,31,1,1,385.0,180.0,5480.0,1280.0,42003|31|1|1
2018,42011,1,1,1,173.0,32.0,4410.0,464.0,42011|1|1|1
2018,48167,1,1,1,349.0,60.0,4068.0,451.0,48167|1|1|1
2018,48309,32,1,1,60.0,19.0,477.0,131.0,48309|32|1|1
2019,04021,1,1,1,592.0,94.0,8578.0,823.0,04021|1|1|1
2019,12105,2,1,1,78.0,56.0,588.0,267.0,12105|2|1|1
2019,12101,2,2,1,54.0,35.0,1263.0,648.0,12101|2|2|1
2019,12011,31,1,1,1669.0,645.0,5718.0,1604.0,12011|31|1|1
2019,13063,31,1,1,760.0,238.0,108.0,37.0,13063|31|1|1
2019,26045,1,1,1,97.0,40.0,1403.0,160.0,26045|1|1|1
2019,29510,1,1,1,393.0,83.0,2527.0,141.0,29510|1|1|1
2019,34007,4,1,1,49.0,27.0,274.0,148.0,34007|4|1|1
2019,34007,4,2,1,76.0,46.0,502.0,271.0,34007|4|2|1
2019,34039,32,1,1,380.0,163.0,1240.0,286.0,34039|32|1|1
2019,36001,32,1,1,49.0,20.0,770.0,150.0,36001|32|1|1
2019,36005,32,1,1,359.0,148.0,469.0,126.0,36005|32|1|1
2019,39043,1,1,1,26.0,4.0,730.0,57.0,39043|1|1|1
2019,51700,31,1,1,235.0,62.0,424.0,74.0,51700|31|1|1
2019,51710,2,2,1,71.0,47.0,178.0,77.0,51710|2|2|1
2019,10001,32,1,1,179.0,94.0,546.0,138.0,10001|32|1|1
2019,10001,31,1,1,314.0,58.0,927.0,154.0,10001|31|1|1
2019,12127,32,1,1,205.0,79.0,3003.0,870.0,12127|32|1|1
2019,12011,1,1,2,138.0,30.0,1115.0,179.0,12011|1|1|2
2019,12073,1,1,3,29.0,3.0,163.0,11.0,12073|1|1|3
2019,13001,1,1,1,57.0,48.0,139.0,64.0,13001|1|1|1
2019,36059,2,2,1,435.0,310.0,3044.0,1447.0,36059|2|2|1
2019,36027,2,2,1,47.0,31.0,703.0,330.0,36027|2|2|1
2019,39049,31,2,1,70.0,29.0,1017.0,214.0,39049|31|2|1
2019,48085,4,2,1,99.0,81.0,994.0,620.0,48085|4|2|1
2019,51025,1,1,1,46.0,22.0,51.0,7.0,51025|1|1|1
2020,12005,1,1,1,289.0,99.0,3641.0,740.0,12005|1|1|1
2020,12095,1,1,3,77.0,28.0,756.0,151.0,12095|1|1|3
2020,22071,31,1,3,99.0,41.0,295.0,35.0,22071|31|1|3
2020,26077,1,1,1,266.0,91.0,3258.0,310.0,26077|1|1|1
2020,37025,32,1,1,146.0,36.0,1244.0,167.0,37025|32|1|1
2020,37159,1,1,1,333.0,81.0,1727.0,227.0,37159|1|1|1
2020,42011,32,1,1,35.0,16.0,1571.0,243.0,42011|32|1|1
2020,42017,2,2,1,33.0,15.0,1624.0,526.0,42017|2|2|1
2020,47149,32,1,1,250.0,63.0,2598.0,305.0,47149|32|1|1
2020,48201,4,2,1,260.0,212.0,1516.0,1011.0,48201|4|2|1
2020,48491,32,1,1,112.0,29.0,2892.0,355.0,48491|32|1|1
2020,12095,2,1,1,94.0,64.0,704.0,302.0,12095|2|1|1
2020,12009,2,1,1,30.0,20.0,704.0,321.0,12009|2|1|1
2020,24031,4,1,1,50.0,36.0,267.0,110.0,24031|4|1|1
2020,24039,1,1,1,48.0,20.0,140.0,14.0,24039|1|1|1
2020,26021,32,1,1,31.0,13.0,962.0,135.0,26021|32|1|1
2020,29189,2,1,1,96.0,68.0,501.0,153.0,29189|2|1|1
2020,37049,32,1,1,36.0,11.0,389.0,83.0,37049|32|1|1
2020,34001,31,1,1,181.0,52.0,2903.0,526.0,34001|31|1|1
2020,36079,1,1,1,44.0,3.0,996.0,110.0,36079|1|1|1
2020,42043,32,1,1,45.0,18.0,829.0,138.0,42043|32|1|1
2020,51153,31,1,1,3092.0,526.0,10402.0,1054.0,51153|31|1|1
2020,51089,1,1,1,69.0,11.0,327.0,78.0,51089|1|1|1
2021,06065,32,1,3,125.0,25.0,1798.0,314.0,06065|32|1|3
2021,12097,1,1,2,136.0,29.0,1398.0,170.0,12097|1|1|2
2021,13121,1,1,2,183.0,34.0,266.0,19.0,13121|1|1|2
2021,13217,1,1,1,1336.0,226.0,772.0,83.0,13217|1|1|1
2021,13013,32,1,1,129.0,43.0,934.0,143.0,13013|32|1|1
2021,13113,2,2,1,80.0,51.0,176.0,59.0,13113|2|2|1
2021,13081,1,1,1,114.0,90.0,124.0,18.0,13081|1|1|1
2021,26125,2,1,1,121.0,56.0,833.0,195.0,26125|2|1|1
2021,37101,1,1,1,1068.0,150.0,3723.0,249.0,37101|1|1|1
2020,55025,1,1,1,177.0,31.0,7039.0,307.0,55025|1|1|1
2021,12039,1,1,1,376.0,220.0,235.0,53.0,12039|1|1|1
2021,12031,31,2,1,52.0,31.0,330.0,133.0,12031|31|2|1
2021,13021,4,1,1,41.0,33.0,65.0,34.0,13021|4|1|1
2021,13251,1,1,1,61.0,53.0,98.0,32.0,13251|1|1|1
2021,34029,1,1,1,306.0,38.0,8949.0,741.0,34029|1|1|1
2021,34013,32,1,3,151.0,45.0,517.0,89.0,34013|32|1|3
2021,47065,1,1,1,447.0,69.0,5004.0,393.0,47065|1|1|1
2021,47157,4,2,1,229.0,163.0,495.0,180.0,47157|4|2|1
2021,48251,1,1,1,468.0,89.0,3264.0,490.0,48251|1|1|1
2022,06065,31,1,1,502.0,146.0,4698.0,1078.0,06065|31|1|1
2022,12031,31,1,1,611.0,254.0,1817.0,566.0,12031|31|1|1
2021,39061,4,2,1,150.0,90.0,1183.0,364.0,39061|4|2|1
2021,44007,1,2,1,102.0,20.0,364.0,65.0,44007|1|2|1
2021,51179,2,2,1,67.0,46.0,252.0,114.0,51179|2|2|1
2021,51059,4,2,1,83.0,48.0,870.0,317.0,51059|4|2|1
2022,04019,1,1,1,524.0,105.0,10508.0,949.0,04019|1|1|1
2022,06077,2,2,1,115.0,60.0,743.0,307.0,06077|2|2|1
2022,12111,2,2,1,226.0,165.0,1252.0,654.0,12111|2|2|1
2022,13089,1,2,1,87.0,28.0,100.0,20.0,13089|1|2|1
2022,28029,1,1,1,120.0,77.0,119.0,40.0,28029|1|1|1
2022,36005,4,2,1,107.0,74.0,111.0,72.0,36005|4|2|1
2022,39045,1,1,1,311.0,45.0,1725.0,125.0,39045|1|1|1
2022,48181,1,1,1,128.0,35.0,2238.0,421.0,48181|1|1|1
2022,48113,1,2,1,121.0,26.0,392.0,84.0,48113|1|2|1
2022,48473,1,1,1,389.0,127.0,1002.0,208.0,48473|1|1|1
2022,51810,32,1,1,554.0,200.0,1697.0,423.0,51810|32|1|1
2022,51590,1,1,1,93.0,21.0,143.0,22.0,51590|1|1|1
2023,12097,1,1,2,54.0,14.0,402.0,70.0,12097|1|1|2
2023,12057,31,1,1,156.0,69.0,710.0,258.0,12057|31|1|1
2023,12011,1,1,2,78.0,16.0,574.0,129.0,12011|1|1|2
2023,12117,32,1,1,124.0,59.0,752.0,236.0,12117|32|1|1
2023,12031,4,2,1,452.0,270.0,1323.0,690.0,12031|4|2|1
2023,12113,32,1,1,49.0,19.0,521.0,187.0,12113|32|1|1
2023,13013,1,1,1,271.0,45.0,1037.0,90.0,13013|1|1|1
2023,13255,1,1,1,345.0,73.0,454.0,44.0,13255|1|1|1
2023,13067,4,1,1,77.0,44.0,262.0,100.0,13067|4|1|1
2023,13051,32,1,1,371.0,170.0,363.0,108.0,13051|32|1|1
2023,21111,1,1,3,66.0,17.0,430.0,59.0,21111|1|1|3
2022,36005,2,2,1,191.0,139.0,157.0,96.0,36005|2|2|1
2022,42101,1,2,1,182.0,53.0,309.0,72.0,42101|1|2|1
2022,48439,4,2,1,340.0,227.0,1699.0,1023.0,48439|4|2|1
2022,48309,32,1,1,90.0,46.0,781.0,209.0,48309|32|1|1
2023,12095,4,1,1,106.0,74.0,505.0,266.0,12095|4|1|1
2023,12001,32,1,1,110.0,58.0,297.0,101.0,12001|32|1|1
2023,12091,32,1,1,57.0,21.0,380.0,137.0,12091|32|1|1
2023,13215,4,1,1,33.0,24.0,58.0,25.0,13215|4|1|1
2023,26161,32,1,1,57.0,20.0,351.0,92.0,26161|32|1|1
2023,26125,2,1,1,163.0,83.0,579.0,200.0,26125|2|1|1
2023,29189,1,1,1,1812.0,318.0,6646.0,379.0,29189|1|1|1
2023,34031,32,1,1,57.0,31.0,403.0,140.0,34031|32|1|1
2023,39133,1,1,1,48.0,9.0,1319.0,166.0,39133|1|1|1
2023,39093,32,1,1,47.0,24.0,727.0,208.0,39093|32|1|1
2023,48029,4,1,1,53.0,33.0,983.0,583.0,48029|4|1|1
2023,48113,32,1,1,992.0,465.0,1989.0,725.0,48113|32|1|1
2023,48187,32,1,1,30.0,12.0,320.0,78.0,48187|32|1|1
2023,51740,31,1,1,37.0,13.0,38.0,6.0,51740|31|1|1
2023,51680,1,1,1,93.0,22.0,527.0,47.0,51680|1|1|1
2023,55079,31,1,3,28.0,14.0,55.0,17.0,55079|31|1|3
2024,12053,1,1,1,238.0,53.0,3072.0,430.0,12053|1|1|1
2024,12113,1,1,1,163.0,36.0,2924.0,391.0,12113|1|1|1
2024,12033,32,1,1,139.0,67.0,556.0,204.0,12033|32|1|1
2024,13059,32,1,1,50.0,17.0,92.0,28.0,13059|32|1|1
2023,51041,1,2,1,56.0,13.0,99.0,15.0,51041|1|2|1
2024,06067,1,2,1,63.0,10.0,249.0,45.0,06067|1|2|1
2025,49035,4,2,1,42.0,22.0,3657.0,1286.0,49035|4|2|1
2018,47037,1,2,1,45.0,10.0,173.0,47.0,47037|1|2|1
2019,01073,1,2,1,89.0,16.0,159.0,27.0,01073|1|2|1
2019,01097,4,2,1,65.0,53.0,412.0,190.0,01097|4|2|1
2020,25027,1,2,1,38.0,3.0,415.0,67.0,25027|1|2|1
2021,28031,1,1,1,186.0,146.0,161.0,57.0,28031|1|1|1
2021,22033,4,2,1,40.0,27.0,209.0,62.0,22033|4|2|1
2022,01073,32,1,3,60.0,29.0,113.0,32.0,01073|32|1|3
2022,21093,1,1,1,138.0,28.0,1364.0,236.0,21093|1|1|1
2023,06013,32,1,1,172.0,86.0,545.0,164.0,06013|32|1|1
2023,06059,1,1,1,119.0,16.0,6629.0,833.0,06059|1|1|1
2022,45079,4,2,1,249.0,151.0,367.0,135.0,45079|4|2|1
2022,45009,1,1,1,54.0,37.0,45.0,10.0,45009|1|1|1
2023,06065,1,2,1,49.0,13.0,433.0,85.0,06065|1|2|1
2023,06037,31,2,1,181.0,77.0,1591.0,612.0,06037|31|2|1
2023,06001,31,2,1,42.0,21.0,259.0,78.0,06001|31|2|1
2024,18063,1,1,1,621.0,156.0,1882.0,135.0,18063|1|1|1
2024,18097,4,2,1,457.0,268.0,1465.0,533.0,18097|4|2|1
2024,01115,32,1,1,31.0,11.0,191.0,63.0,01115|32|1|1
2024,24005,1,1,3,94.0,13.0,209.0,19.0,24005|1|1|3
2024,36055,32,1,1,141.0,52.0,869.0,162.0,36055|32|1|1
2025,42003,1,1,1,758.0,131.0,7932.0,462.0,42003|1|1|1
2025,24003,4,2,1,373.0,173.0,1314.0,524.0,24003|4|2|1
2025,42101,1,2,1,186.0,41.0,242.0,46.0,42101|1|2|1
2025,53061,2,2,1,110.0,63.0,1716.0,463.0,53061|2|2|1
2018,18019,1,1,1,142.0,13.0,1966.0,237.0,18019|1|1|1
2018,27123,1,1,1,306.0,46.0,4679.0,241.0,27123|1|1|1
2018,45041,1,1,1,465.0,165.0,1045.0,181.0,45041|1|1|1
2018,34033,1,1,1,73.0,19.0,551.0,62.0,34033|1|1|1
2021,45045,1,1,1,1273.0,328.0,8067.0,774.0,45045|1|1|1
2021,45083,31,1,1,622.0,161.0,3750.0,541.0,45083|31|1|1
2022,13021,2,2,1,50.0,28.0,124.0,41.0,13021|2|2|1
2023,40109,2,1,1,44.0,19.0,270.0,108.0,40109|2|1|1
2023,45007,1,1,1,327.0,123.0,2358.0,421.0,45007|1|1|1
2023,45055,1,1,1,328.0,86.0,732.0,120.0,45055|1|1|1
2024,53053,1,1,1,757.0,106.0,5589.0,428.0,53053|1|1|1
2024,53053,32,1,1,168.0,63.0,1243.0,397.0,53053|32|1|1
2024,53053,1,2,1,160.0,21.0,432.0,55.0,53053|1|2|1
2025,18035,1,1,1,41.0,12.0,1033.0,132.0,18035|1|1|1
2019,45047,1,1,1,152.0,43.0,597.0,66.0,45047|1|1|1
2018,06037,2,1,1,305.0,136.0,2500.0,934.0,06037|2|1|1
2018,12107,1,1,1,61.0,34.0,643.0,191.0,12107|1|1|1
2018,12063,1,1,1,66.0,50.0,325.0,141.0,12063|1|1|1
2018,12117,4,2,1,50.0,39.0,902.0,506.0,12117|4|2|1
2018,12009,2,2,1,79.0,62.0,1353.0,744.0,12009|2|2|1
2018,20061,1,1,1,39.0,7.0,275.0,35.0,20061|1|1|1
2018,24510,1,1,3,158.0,35.0,269.0,37.0,24510|1|1|3
2018,29189,31,2,1,50.0,24.0,751.0,178.0,29189|31|2|1
2018,29510,2,1,1,107.0,94.0,129.0,49.0,29510|2|1|1
2018,36029,1,1,1,473.0,74.0,7602.0,544.0,36029|1|1|1
2018,39153,31,1,1,169.0,73.0,2216.0,564.0,39153|31|1|1
2018,39035,32,1,1,475.0,294.0,2597.0,757.0,39035|32|1|1
2018,39043,1,1,1,32.0,7.0,759.0,83.0,39043|1|1|1
2018,42091,2,1,1,56.0,25.0,685.0,229.0,42091|2|1|1
2018,42091,32,2,1,38.0,26.0,482.0,148.0,42091|32|2|1
2018,48157,1,1,1,2379.0,457.0,6539.0,597.0,48157|1|1|1
2018,48469,1,1,1,33.0,11.0,964.0,214.0,48469|1|1|1
2018,48039,1,1,1,866.0,189.0,3907.0,535.0,48039|1|1|1
2018,48085,1,1,1,1349.0,232.0,10962.0,868.0,48085|1|1|1
2018,48037,1,1,1,136.0,60.0,835.0,183.0,48037|1|1|1
2019,06065,1,1,1,1787.0,283.0,21700.0,2334.0,06065|1|1|1
2019,12071,4,1,1,47.0,29.0,1120.0,542.0,12071|4|1|1
2019,12095,31,1,1,830.0,268.0,4461.0,950.0,12095|31|1|1
2019,12101,31,1,1,212.0,62.0,2646.0,578.0,12101|31|1|1
2019,13089,31,1,1,1421.0,436.0,1999.0,205.0,13089|31|1|1
2019,17197,31,1,1,508.0,114.0,5382.0,733.0,17197|31|1|1
2019,17031,31,1,3,222.0,101.0,1460.0,296.0,17031|31|1|3
2019,29510,31,1,1,147.0,61.0,1116.0,123.0,29510|31|1|1
2019,34003,2,2,1,96.0,67.0,1697.0,832.0,34003|2|2|1
2019,36087,32,1,1,63.0,23.0,772.0,174.0,36087|32|1|1
2019,42077,1,1,1,216.0,37.0,3396.0,307.0,42077|1|1|1
2019,42133,31,1,1,107.0,37.0,2558.0,540.0,42133|31|1|1
2019,42101,2,1,1,1045.0,728.0,688.0,325.0,42101|2|1|1
2019,12083,1,1,1,510.0,116.0,5397.0,807.0,12083|1|1|1
2019,12071,1,1,3,45.0,9.0,662.0,92.0,12071|1|1|3
2019,13245,2,2,1,78.0,64.0,88.0,48.0,13245|2|2|1
2019,26077,31,1,1,76.0,23.0,1388.0,183.0,26077|31|1|1
2019,25025,31,2,1,123.0,63.0,515.0,179.0,25025|31|2|1
2019,34005,1,2,1,31.0,10.0,123.0,31.0,34005|1|2|1
2019,39049,32,2,1,72.0,27.0,627.0,84.0,39049|32|2|1
2019,39113,4,1,1,71.0,41.0,418.0,147.0,39113|4|1|1
2019,48029,1,2,1,45.0,8.0,697.0,115.0,48029|1|2|1
2019,01083,1,1,1,243.0,35.0,1802.0,149.0,01083|1|1|1
2019,51810,2,2,1,142.0,80.0,752.0,272.0,51810|2|2|1
2020,12057,32,1,1,664.0,267.0,6485.0,1205.0,12057|32|1|1
2020,22073,32,1,1,38.0,17.0,446.0,78.0,22073|32|1|1
2020,26081,1,1,1,606.0,168.0,8640.0,877.0,26081|1|1|1
2020,37067,31,1,1,808.0,197.0,4494.0,574.0,37067|31|1|1
2020,37081,4,2,1,163.0,90.0,656.0,220.0,37081|4|2|1
2019,55079,1,1,3,100.0,20.0,630.0,56.0,55079|1|1|3
2020,08031,31,1,1,1075.0,239.0,20168.0,1848.0,08031|31|1|1
2020,12099,32,1,3,64.0,29.0,312.0,112.0,12099|32|1|3
2020,24017,31,1,1,2997.0,564.0,2201.0,301.0,24017|31|1|1
2020,24017,32,1,1,414.0,131.0,544.0,79.0,24017|32|1|1
2020,24003,2,2,1,95.0,70.0,979.0,402.0,24003|2|2|1
2020,34001,1,1,1,270.0,54.0,2516.0,284.0,34001|1|1|1
2020,34005,32,1,1,201.0,86.0,1932.0,339.0,34005|32|1|1
2020,36085,1,1,1,118.0,27.0,2360.0,232.0,36085|1|1|1
2020,47037,4,1,1,98.0,64.0,524.0,195.0,47037|4|1|1
2020,48355,1,1,1,123.0,29.0,3910.0,549.0,48355|1|1|1
2020,48469,1,1,1,50.0,22.0,1050.0,208.0,48469|1|1|1
2020,51199,1,1,1,140.0,24.0,876.0,42.0,51199|1|1|1
2021,12083,1,1,1,792.0,209.0,6736.0,1000.0,12083|1|1|1
2021,12011,32,1,1,2812.0,917.0,10027.0,2100.0,12011|32|1|1
2021,12105,1,1,3,87.0,15.0,728.0,101.0,12105|1|1|3
2021,19153,32,1,1,87.0,27.0,3498.0,455.0,19153|32|1|1
2021,17197,31,1,1,1304.0,289.0,13446.0,1449.0,17197|31|1|1
2021,17167,1,1,1,231.0,56.0,2590.0,170.0,17167|1|1|1
2021,17097,1,1,1,601.0,92.0,8955.0,592.0,17097|1|1|1
2021,17197,1,1,1,1720.0,289.0,8844.0,677.0,17197|1|1|1
2021,37081,31,1,1,1880.0,410.0,5336.0,642.0,37081|31|1|1
2021,04013,2,1,1,120.0,54.0,3542.0,961.0,04013|2|1|1
2021,06071,2,2,1,152.0,93.0,1434.0,736.0,06071|2|2|1
2021,12035,32,1,1,118.0,35.0,1394.0,238.0,12035|32|1|1
2021,13215,31,1,1,656.0,142.0,1046.0,141.0,13215|31|1|1
2021,13151,2,1,1,68.0,49.0,69.0,36.0,13151|2|1|1
2021,25025,2,2,1,315.0,201.0,711.0,301.0,25025|2|2|1
2021,42007,1,1,1,91.0,14.0,1901.0,160.0,42007|1|1|1
2021,47157,1,1,3,133.0,22.0,1042.0,36.0,47157|1|1|3
2021,47157,2,2,1,392.0,280.0,560.0,266.0,47157|2|2|1
2021,48021,1,1,1,120.0,54.0,1657.0,373.0,48021|1|1|1
2021,51041,31,1,1,1849.0,335.0,6216.0,622.0,51041|31|1|1
2022,12019,32,1,1,324.0,102.0,1653.0,459.0,12019|32|1|1
2022,12105,31,1,1,279.0,103.0,1546.0,455.0,12105|31|1|1
2022,13121,31,1,1,938.0,343.0,1226.0,208.0,13121|31|1|1
2022,13067,1,1,1,2377.0,350.0,5509.0,343.0,13067|1|1|1
2022,18097,31,1,1,446.0,166.0,1802.0,360.0,18097|31|1|1
2022,18035,1,1,1,45.0,9.0,1208.0,160.0,18035|1|1|1
2022,26139,1,1,1,48.0,23.0,3441.0,510.0,26139|1|1|1
2022,26161,1,1,1,378.0,157.0,2846.0,363.0,26161|1|1|1
2021,48453,32,1,1,526.0,139.0,8013.0,1069.0,48453|32|1|1
2021,48439,32,2,1,45.0,12.0,162.0,42.0,48439|32|2|1
2021,48029,4,2,1,43.0,32.0,648.0,382.0,48029|4|2|1
2021,51029,1,1,1,47.0,21.0,129.0,19.0,51029|1|1|1
2021,51117,1,1,1,85.0,44.0,257.0,33.0,51117|1|1|1
2022,04027,1,1,1,55.0,7.0,2241.0,192.0,04027|1|1|1
2022,06067,4,2,1,301.0,177.0,1611.0,710.0,06067|4|2|1
2022,13215,1,1,1,650.0,115.0,994.0,70.0,13215|1|1|1
2022,13251,1,1,1,50.0,37.0,75.0,15.0,13251|1|1|1
2022,24031,31,1,1,412.0,130.0,1661.0,267.0,24031|31|1|1
2022,24019,1,1,1,162.0,56.0,315.0,35.0,24019|1|1|1
2022,24510,31,1,1,567.0,245.0,433.0,92.0,24510|31|1|1
2022,28077,1,1,1,51.0,36.0,74.0,15.0,28077|1|1|1
2022,28047,31,1,1,101.0,49.0,439.0,117.0,28047|31|1|1
2022,28085,1,1,1,102.0,59.0,276.0,95.0,28085|1|1|1
2022,36059,4,2,1,297.0,201.0,1747.0,808.0,36059|4|2|1
2022,36081,2,2,1,563.0,392.0,548.0,305.0,36081|2|2|1
2022,36055,4,2,1,244.0,102.0,2135.0,525.0,36055|4|2|1
2022,42003,32,1,1,418.0,173.0,3165.0,784.0,42003|32|1|1
2022,42011,32,1,1,91.0,42.0,1500.0,402.0,42011|32|1|1
2022,48439,1,1,1,2844.0,571.0,15164.0,1500.0,48439|1|1|1
2022,48157,1,1,1,2974.0,596.0,5341.0,608.0,48157|1|1|1
2022,51107,1,1,1,365.0,42.0,3115.0,138.0,51107|1|1|1
2023,01073,1,1,1,1941.0,449.0,3955.0,333.0,01073|1|1|1
2023,01125,1,1,1,730.0,273.0,1542.0,291.0,01125|1|1|1
2023,12095,1,1,1,1964.0,464.0,8392.0,1367.0,12095|1|1|1
2023,12031,31,1,1,134.0,66.0,372.0,149.0,12031|31|1|1
2023,13027,1,1,1,27.0,22.0,99.0,36.0,13027|1|1|1
2023,21111,31,1,1,100.0,36.0,680.0,129.0,21111|31|1|1
2022,36027,32,1,1,97.0,40.0,855.0,180.0,36027|32|1|1
2023,12095,31,1,1,180.0,78.0,503.0,196.0,12095|31|1|1
2023,13021,2,1,1,74.0,55.0,70.0,30.0,13021|2|1|1
2023,26125,32,1,1,433.0,170.0,1793.0,448.0,26125|32|1|1
2023,26163,32,1,3,175.0,84.0,221.0,57.0,26163|32|1|3
2023,34015,2,2,1,102.0,54.0,851.0,287.0,34015|2|2|1
2024,12086,2,1,1,127.0,89.0,784.0,501.0,12086|2|1|1
2024,12103,2,2,1,139.0,75.0,2173.0,905.0,12103|2|2|1
2024,17031,2,1,1,557.0,413.0,1164.0,563.0,17031|2|1|1
2023,34039,32,1,1,246.0,111.0,361.0,123.0,34039|32|1|1
2023,42043,31,1,1,36.0,18.0,299.0,87.0,42043|31|1|1
2018,01073,1,1,1,2055.0,385.0,5829.0,465.0,01073|1|1|1
2018,01097,4,1,1,78.0,55.0,287.0,128.0,01097|4|1|1
2018,01031,1,1,1,73.0,21.0,648.0,81.0,01031|1|1|1
2018,12103,1,1,1,554.0,104.0,12100.0,1551.0,12103|1|1|1
2018,12117,1,1,1,450.0,74.0,5685.0,629.0,12117|1|1|1
2018,12099,4,1,1,108.0,80.0,1671.0,963.0,12099|4|1|1
2018,12001,31,1,1,86.0,43.0,347.0,111.0,12001|31|1|1
2018,12071,2,2,1,75.0,57.0,1544.0,807.0,12071|2|2|1
2018,12057,2,1,1,121.0,78.0,956.0,443.0,12057|2|1|1
2018,12097,1,1,3,39.0,9.0,596.0,106.0,12097|1|1|3
2018,21111,32,1,1,395.0,193.0,2522.0,622.0,21111|32|1|1
2018,24031,1,1,1,1593.0,179.0,6227.0,399.0,24031|1|1|1
2018,29189,32,1,3,28.0,14.0,115.0,34.0,29189|32|1|3
2018,36103,1,1,1,1034.0,176.0,11913.0,1109.0,36103|1|1|1
2018,48027,1,1,1,933.0,121.0,3710.0,314.0,48027|1|1|1
2018,12031,31,2,1,52.0,21.0,352.0,84.0,12031|31|2|1
2018,29047,1,1,1,206.0,20.0,4224.0,246.0,29047|1|1|1
2019,06001,32,1,1,920.0,284.0,4513.0,738.0,06001|32|1|1
2019,06071,32,1,3,66.0,27.0,900.0,163.0,06071|32|1|3
2019,13121,4,1,1,222.0,154.0,491.0,166.0,13121|4|1|1
2019,13121,1,2,1,305.0,60.0,265.0,56.0,13121|1|2|1
2019,13097,2,2,1,137.0,102.0,143.0,72.0,13097|2|2|1
2019,13117,32,1,1,70.0,40.0,1461.0,278.0,13117|32|1|1
2019,13113,32,1,1,252.0,85.0,533.0,108.0,13113|32|1|1
2019,26081,31,1,1,187.0,62.0,4106.0,501.0,26081|31|1|1
2019,29189,1,2,1,114.0,12.0,225.0,27.0,29189|1|2|1
2019,29095,1,1,3,51.0,12.0,719.0,47.0,29095|1|1|3
2019,34007,32,1,1,166.0,80.0,1131.0,297.0,34007|32|1|1
2019,42091,31,2,1,71.0,24.0,1291.0,375.0,42091|31|2|1
2019,48201,4,1,1,306.0,233.0,1723.0,972.0,48201|4|1|1
2019,48491,1,1,1,643.0,100.0,9309.0,775.0,48491|1|1|1
2019,48291,1,1,1,105.0,55.0,1287.0,499.0,48291|1|1|1
2019,51041,1,1,1,1307.0,124.0,4634.0,192.0,51041|1|1|1
2019,51680,1,1,1,109.0,15.0,645.0,33.0,51680|1|1|1
2019,51033,32,1,1,51.0,22.0,135.0,38.0,51033|32|1|1
2019,51550,4,2,1,115.0,66.0,390.0,183.0,51550|4|2|1
2019,51650,4,2,1,62.0,34.0,90.0,37.0,51650|4|2|1
2019,06067,1,2,1,296.0,41.0,1177.0,146.0,06067|1|2|1
2019,12021,32,1,1,48.0,22.0,1441.0,426.0,12021|32|1|1
2019,12121,1,1,1,47.0,33.0,470.0,191.0,12121|1|1|1
2019,12065,1,1,1,30.0,23.0,120.0,20.0,12065|1|1|1
2019,13151,31,1,1,980.0,248.0,593.0,120.0,13151|31|1|1
2019,13045,32,1,1,74.0,35.0,490.0,123.0,13045|32|1|1
2019,34013,1,1,3,80.0,22.0,275.0,31.0,34013|1|1|3
2019,36067,2,2,1,36.0,21.0,952.0,286.0,36067|2|2|1
2019,39153,2,1,1,76.0,47.0,577.0,223.0,39153|2|1|1
2019,48439,4,2,1,249.0,188.0,1412.0,930.0,48439|4|2|1
2020,12086,1,1,1,1835.0,455.0,22276.0,3541.0,12086|1|1|1
2020,18089,1,1,1,989.0,136.0,5632.0,286.0,18089|1|1|1
2020,18081,1,1,1,94.0,23.0,2930.0,244.0,18081|1|1|1
2020,18089,31,1,1,791.0,195.0,7899.0,815.0,18089|31|1|1
2020,18157,1,1,1,62.0,7.0,2205.0,102.0,18157|1|1|1
2020,22017,1,1,1,992.0,249.0,1714.0,214.0,22017|1|1|1
2020,37037,1,1,1,68.0,20.0,1110.0,73.0,37037|1|1|1
2020,42077,32,1,1,32.0,12.0,1251.0,212.0,42077|32|1|1
2020,42133,31,1,1,229.0,57.0,6960.0,1017.0,42133|31|1|1
2020,04013,31,2,1,32.0,12.0,1457.0,467.0,04013|31|2|1
2020,08041,1,1,1,762.0,76.0,13339.0,668.0,08041|1|1|1
2020,08059,1,1,1,71.0,11.0,8578.0,410.0,08059|1|1|1
2020,12031,2,2,1,146.0,110.0,733.0,341.0,12031|2|2|1
2020,12057,4,2,1,165.0,120.0,1537.0,772.0,12057|4|2|1
2020,18097,32,2,1,53.0,23.0,212.0,43.0,18097|32|2|1
2020,24017,1,1,1,2086.0,244.0,1030.0,67.0,24017|1|1|1
2020,24045,1,1,1,249.0,50.0,933.0,90.0,24045|1|1|1
2020,29095,1,1,3,71.0,11.0,775.0,46.0,29095|1|1|3
2020,37083,1,1,1,219.0,147.0,187.0,42.0,37083|1|1|1
2020,34031,1,1,1,275.0,51.0,3203.0,303.0,34031|1|1|1
2020,34013,1,2,1,28.0,12.0,59.0,19.0,34013|1|2|1
2020,34003,2,2,1,68.0,44.0,1119.0,529.0,34003|2|2|1
2021,12031,32,1,1,1548.0,552.0,5920.0,1179.0,12031|32|1|1
2021,12009,31,1,1,706.0,198.0,8827.0,1462.0,12009|31|1|1
2021,12011,1,1,2,213.0,46.0,1945.0,260.0,12011|1|1|2
2021,13089,31,1,1,3866.0,985.0,5803.0,526.0,13089|31|1|1
2021,13097,4,1,1,39.0,29.0,52.0,24.0,13097|4|1|1
2021,19103,1,1,1,111.0,15.0,2135.0,98.0,19103|1|1|1
2021,29189,2,2,1,241.0,167.0,1676.0,443.0,29189|2|2|1
2020,48361,1,1,1,43.0,9.0,1109.0,271.0,48361|1|1|1
2020,48027,32,1,1,74.0,33.0,454.0,100.0,48027|32|1|1
2021,12073,2,2,1,37.0,26.0,142.0,64.0,12073|2|2|1
2021,13217,4,2,1,52.0,39.0,68.0,32.0,13217|4|2|1
2021,17031,4,1,3,41.0,31.0,89.0,39.0,17031|4|1|3
2021,37083,1,1,1,305.0,199.0,229.0,47.0,37083|1|1|1
2021,34007,4,1,1,45.0,34.0,230.0,100.0,34007|4|1|1
2021,36001,1,1,1,280.0,41.0,2235.0,177.0,36001|1|1|1
2021,36055,4,1,1,95.0,48.0,669.0,177.0,36055|4|1|1
2021,39061,31,1,1,1717.0,520.0,11977.0,1394.0,39061|31|1|1
2021,42133,1,1,1,558.0,98.0,6142.0,542.0,42133|1|1|1
2021,47119,1,1,1,122.0,27.0,2067.0,196.0,47119|1|1|1
2021,48203,1,1,1,192.0,117.0,840.0,182.0,48203|1|1|1
2021,55079,32,1,1,625.0,249.0,4981.0,729.0,55079|32|1|1
2022,06099,1,1,1,174.0,29.0,3011.0,283.0,06099|1|1|1
2022,12086,1,1,1,1667.0,473.0,19860.0,3415.0,12086|1|1|1
2022,12053,32,1,1,131.0,43.0,1796.0,451.0,12053|32|1|1
2022,13185,31,1,1,57.0,16.0,270.0,33.0,13185|31|1|1
2022,13089,4,1,1,189.0,121.0,183.0,61.0,13089|4|1|1
2022,13245,1,1,1,992.0,257.0,924.0,100.0,13245|1|1|1
2021,39061,32,1,3,87.0,27.0,322.0,62.0,39061|32|1|3
2021,48423,31,1,1,198.0,48.0,2164.0,324.0,48423|31|1|1
2021,48029,32,1,3,62.0,26.0,656.0,152.0,48029|32|1|3
2022,12065,1,1,1,51.0,41.0,154.0,36.0,12065|1|1|1
2022,12117,4,2,1,100.0,65.0,1077.0,504.0,12117|4|2|1
2022,13113,2,2,1,127.0,70.0,259.0,90.0,13113|2|2|1
2022,28011,1,1,1,102.0,47.0,96.0,13.0,28011|1|1|1
2022,39049,2,1,1,164.0,94.0,686.0,230.0,39049|2|1|1
2022,42071,1,1,1,182.0,34.0,4218.0,437.0,42071|1|1|1
2022,42045,4,1,1,68.0,42.0,318.0,111.0,42045|4|1|1
2022,48021,1,1,1,143.0,42.0,1765.0,477.0,48021|1|1|1
2022,48073,1,1,1,52.0,25.0,576.0,178.0,48073|1|1|1
2022,48071,1,1,1,148.0,50.0,1135.0,204.0,48071|1|1|1
2022,51153,4,2,1,284.0,151.0,776.0,356.0,51153|4|2|1
2023,01065,1,1,1,155.0,105.0,70.0,13.0,01065|1|1|1
2023,12053,32,1,1,56.0,28.0,744.0,250.0,12053|32|1|1
2023,13215,32,1,1,215.0,106.0,166.0,60.0,13215|32|1|1
2023,13067,31,1,1,206.0,79.0,312.0,75.0,13067|31|1|1
2023,13245,2,2,1,104.0,63.0,91.0,50.0,13245|2|2|1
2022,36005,32,1,3,66.0,31.0,91.0,21.0,36005|32|1|3
2022,39061,2,2,1,597.0,227.0,1854.0,573.0,39061|2|2|1
2022,48121,2,2,1,187.0,130.0,1454.0,651.0,48121|2|2|1
2022,48027,32,1,1,350.0,126.0,995.0,287.0,48027|32|1|1
2022,48157,1,2,1,62.0,24.0,98.0,32.0,48157|1|2|1
2022,51740,1,1,1,748.0,119.0,897.0,54.0,51740|1|1|1
2023,13081,1,1,1,45.0,27.0,72.0,19.0,13081|1|1|1
2023,26161,1,1,1,289.0,136.0,2407.0,326.0,26161|1|1|1
2023,27123,1,1,1,308.0,44.0,3224.0,182.0,27123|1|1|1
2023,27037,4,2,1,69.0,38.0,1080.0,368.0,27037|4|2|1
2023,34011,1,1,1,198.0,37.0,834.0,102.0,34011|1|1|1
2023,34015,32,1,1,116.0,52.0,605.0,186.0,34015|32|1|1
2023,48141,1,1,1,382.0,56.0,5861.0,824.0,48141|1|1|1
2023,48039,1,1,1,1052.0,266.0,3109.0,677.0,48039|1|1|1
2023,48423,32,1,1,44.0,23.0,265.0,90.0,48423|32|1|1
2023,51149,1,1,1,181.0,86.0,263.0,56.0,51149|1|1|1
2024,06019,32,1,1,89.0,37.0,877.0,281.0,06019|32|1|1
2024,06115,1,1,1,71.0,9.0,593.0,52.0,06115|1|1|1
2024,08041,1,1,1,459.0,52.0,7730.0,599.0,08041|1|1|1
2024,12011,32,1,1,1194.0,583.0,2243.0,876.0,12011|32|1|1
2024,12109,1,1,1,218.0,54.0,4925.0,453.0,12109|1|1|1
2024,12031,1,1,1,2766.0,669.0,7080.0,955.0,12031|1|1|1
2024,12001,32,1,1,101.0,51.0,310.0,100.0,12001|32|1|1
2024,21067,2,2,1,81.0,37.0,628.0,150.0,21067|2|2|1
2024,26145,32,1,1,41.0,18.0,340.0,93.0,26145|32|1|1
2024,37129,1,1,1,94.0,32.0,2059.0,139.0,37129|1|1|1
2024,37119,1,2,1,146.0,38.0,341.0,66.0,37119|1|2|1
2024,48113,31,1,1,510.0,214.0,1416.0,397.0,48113|31|1|1
2025,06037,2,2,1,1010.0,469.0,7488.0,2926.0,06037|2|2|1
2025,06077,1,2,1,32.0,2.0,146.0,10.0,06077|1|2|1
2025,12083,1,1,1,667.0,191.0,5893.0,956.0,12083|1|1|1
2025,12061,1,1,1,120.0,35.0,1781.0,256.0,12061|1|1|1
2025,13033,1,1,1,59.0,40.0,164.0,44.0,13033|1|1|1
2025,13179,1,1,1,388.0,95.0,531.0,47.0,13179|1|1|1
2025,13073,31,1,1,156.0,21.0,335.0,56.0,13073|31|1|1
2024,48201,1,1,2,59.0,19.0,186.0,40.0,48201|1|1|2
2025,26049,2,1,1,68.0,37.0,262.0,86.0,26049|2|1|1
2025,26161,1,1,1,223.0,88.0,2270.0,263.0,26161|1|1|1
2025,37081,4,1,1,93.0,48.0,299.0,115.0,37081|4|1|1
2025,37001,4,2,1,102.0,57.0,379.0,143.0,37001|4|2|1
2025,29095,31,1,1,257.0,66.0,1421.0,201.0,29095|31|1|1
2025,37035,32,1,1,57.0,20.0,516.0,152.0,37035|32|1|1
2025,39061,4,1,1,137.0,93.0,477.0,156.0,39061|4|1|1
2025,45031,1,1,1,282.0,156.0,431.0,82.0,45031|1|1|1
2025,45011,1,1,1,95.0,67.0,115.0,40.0,45011|1|1|1
2018,13067,32,1,1,979.0,436.0,2815.0,699.0,13067|32|1|1
2018,17197,31,1,1,227.0,97.0,2370.0,637.0,17197|31|1|1
2018,13089,32,1,3,110.0,53.0,128.0,33.0,13089|32|1|3
2018,13297,31,1,1,44.0,23.0,282.0,84.0,13297|31|1|1
2018,13107,1,1,1,42.0,32.0,99.0,38.0,13107|1|1|1
2018,13151,4,2,1,169.0,145.0,192.0,111.0,13151|4|2|1
2018,37051,4,2,1,66.0,46.0,142.0,77.0,37051|4|2|1
2018,17163,4,1,1,40.0,35.0,152.0,64.0,17163|4|1|1
2019,37119,31,1,1,1576.0,414.0,5759.0,734.0,37119|31|1|1
2019,37191,1,1,1,264.0,41.0,1029.0,97.0,37191|1|1|1
2019,37051,2,2,1,85.0,61.0,133.0,62.0,37051|2|2|1
2019,47157,32,1,1,1029.0,487.0,1686.0,342.0,47157|32|1|1
2019,37081,1,2,1,119.0,19.0,152.0,27.0,37081|1|2|1
2019,37025,1,1,1,779.0,121.0,2752.0,190.0,37025|1|1|1
2019,37101,32,1,1,156.0,61.0,812.0,181.0,37101|32|1|1
2019,41051,2,2,1,66.0,33.0,2122.0,613.0,41051|2|2|1
2019,47037,2,2,1,331.0,225.0,1409.0,641.0,47037|2|2|1
2020,13225,1,1,1,133.0,39.0,197.0,37.0,13225|1|1|1
2020,17163,4,2,1,28.0,25.0,149.0,69.0,17163|4|2|1
2020,13297,32,1,1,48.0,21.0,652.0,91.0,13297|32|1|1
2020,13177,1,1,1,128.0,37.0,440.0,60.0,13177|1|1|1
2020,32003,4,1,1,65.0,43.0,865.0,398.0,32003|4|1|1
2020,39061,2,2,1,206.0,132.0,1166.0,374.0,39061|2|2|1
2021,05027,1,1,1,119.0,91.0,148.0,26.0,05027|1|1|1
2021,18089,2,2,1,76.0,55.0,646.0,232.0,18089|2|2|1
2020,39095,1,1,1,555.0,128.0,4480.0,346.0,39095|1|1|1
2020,39017,32,1,1,91.0,31.0,2217.0,305.0,39017|32|1|1
2020,39035,31,2,1,70.0,40.0,910.0,313.0,39035|31|2|1
2020,45023,1,1,1,104.0,49.0,305.0,90.0,45023|1|1|1
2021,24021,1,1,1,893.0,96.0,4010.0,169.0,24021|1|1|1
2021,24005,31,1,1,3886.0,846.0,10288.0,1130.0,24005|31|1|1
2021,49035,4,2,1,45.0,23.0,3229.0,908.0,49035|4|2|1
2022,29189,1,1,3,130.0,18.0,626.0,41.0,29189|1|1|3
2023,17091,1,1,1,92.0,20.0,826.0,102.0,17091|1|1|1
2023,04013,31,1,1,133.0,57.0,2339.0,614.0,04013|31|1|1
2023,17197,31,1,1,63.0,28.0,374.0,74.0,17197|31|1|1
2023,24025,1,1,1,384.0,56.0,1647.0,99.0,24025|1|1|1
2023,37167,1,1,1,208.0,46.0,786.0,103.0,37167|1|1|1
2023,37097,31,1,1,37.0,18.0,254.0,50.0,37097|31|1|1
2023,37119,1,2,1,135.0,45.0,284.0,84.0,37119|1|2|1
2023,36083,1,1,1,82.0,16.0,935.0,88.0,36083|1|1|1
2023,36029,31,1,1,85.0,37.0,957.0,245.0,36029|31|1|1
2024,29095,2,2,1,242.0,124.0,1061.0,352.0,29095|2|2|1
2023,36055,2,1,1,151.0,114.0,473.0,159.0,36055|2|1|1
2024,25017,1,1,1,435.0,63.0,6689.0,417.0,25017|1|1|1
2024,25005,2,2,1,178.0,113.0,1386.0,438.0,25005|2|2|1
2024,29510,2,1,1,110.0,89.0,42.0,18.0,29510|2|1|1
2024,34013,4,2,1,358.0,234.0,727.0,344.0,34013|4|2|1
2024,39049,1,1,1,2091.0,328.0,8143.0,457.0,39049|1|1|1
2024,45077,1,1,1,53.0,25.0,1355.0,257.0,45077|1|1|1
2024,45007,32,1,1,84.0,30.0,510.0,149.0,45007|32|1|1
2025,01073,1,1,3,79.0,17.0,288.0,33.0,01073|1|1|3
2025,22033,31,1,1,198.0,71.0,447.0,62.0,22033|31|1|1
2025,22101,1,1,1,114.0,80.0,202.0,43.0,22101|1|1|1
2025,28089,1,1,1,357.0,94.0,979.0,51.0,28089|1|1|1
2025,01101,2,2,1,145.0,80.0,107.0,30.0,01101|2|2|1
2025,28121,4,2,1,76.0,40.0,464.0,131.0,28121|4|2|1
2025,36103,32,1,1,260.0,86.0,2088.0,477.0,36103|32|1|1
2025,36055,32,1,1,177.0,79.0,951.0,203.0,36055|32|1|1
2025,36027,1,1,1,168.0,29.0,1504.0,164.0,36027|1|1|1
2025,41051,2,2,1,66.0,24.0,1550.0,373.0,41051|2|2|1
2024,06077,4,2,1,157.0,89.0,861.0,377.0,06077|4|2|1
2024,08031,2,2,1,86.0,41.0,1084.0,321.0,08031|2|2|1
2024,13067,1,2,1,116.0,30.0,191.0,35.0,13067|1|2|1
2024,26139,1,1,1,35.0,10.0,2830.0,288.0,26139|1|1|1
2024,37119,1,1,1,2145.0,334.0,7906.0,451.0,37119|1|1|1
2024,47157,1,1,1,2014.0,332.0,3325.0,203.0,47157|1|1|1
2024,47149,2,2,1,155.0,80.0,659.0,208.0,47149|2|2|1
2025,06013,1,1,1,399.0,58.0,3476.0,277.0,06013|1|1|1
2025,12099,32,1,1,547.0,264.0,2291.0,842.0,12099|32|1|1
2025,13135,32,1,1,1018.0,460.0,1028.0,281.0,13135|32|1|1
2025,13245,1,1,1,773.0,179.0,707.0,85.0,13245|1|1|1
2025,13063,1,1,1,1524.0,311.0,336.0,54.0,13063|1|1|1
2025,13127,1,1,1,75.0,21.0,671.0,68.0,13127|1|1|1
2025,13245,2,2,1,88.0,53.0,109.0,34.0,13245|2|2|1
2025,13151,4,1,1,64.0,44.0,45.0,19.0,13151|4|1|1
2024,44007,2,2,1,306.0,189.0,1671.0,672.0,44007|2|2|1
2025,12091,32,1,1,51.0,26.0,394.0,141.0,12091|32|1|1
2025,12105,2,1,1,60.0,37.0,411.0,195.0,12105|2|1|1
2025,12095,2,2,1,354.0,202.0,1831.0,740.0,12095|2|2|1
2025,26099,4,1,1,64.0,39.0,623.0,206.0,26099|4|1|1
2025,37119,1,1,3,122.0,14.0,459.0,44.0,37119|1|1|3
2025,37183,1,1,3,68.0,12.0,506.0,46.0,37183|1|1|3
2025,37147,1,1,1,576.0,247.0,1235.0,125.0,37147|1|1|1
2025,37159,32,1,1,96.0,45.0,467.0,134.0,37159|32|1|1
2025,45041,32,1,1,134.0,71.0,189.0,60.0,45041|32|1|1
2025,45085,32,1,1,110.0,54.0,160.0,42.0,45085|32|1|1
2025,45019,4,2,1,66.0,35.0,817.0,306.0,45019|4|2|1
2025,45083,4,2,1,143.0,59.0,775.0,268.0,45083|4|2|1
2025,48113,31,1,1,638.0,266.0,2315.0,642.0,48113|31|1|1
2025,48157,1,1,3,135.0,25.0,223.0,29.0,48157|1|1|3
2025,51193,1,1,1,43.0,20.0,252.0,21.0,51193|1|1|1
2025,51001,1,1,1,76.0,33.0,219.0,31.0,51001|1|1|1
2018,51059,32,1,1,344.0,116.0,2320.0,535.0,51059|32|1|1
2018,13153,31,1,1,117.0,43.0,279.0,66.0,13153|31|1|1
2018,13097,4,2,1,104.0,84.0,102.0,55.0,13097|4|2|1
2018,13113,2,2,1,100.0,66.0,293.0,118.0,13113|2|2|1
2018,13051,2,2,1,95.0,82.0,312.0,166.0,13051|2|2|1
2018,37061,1,1,1,94.0,57.0,268.0,83.0,37061|1|1|1
2018,51033,1,1,1,92.0,20.0,396.0,39.0,51033|1|1|1
2018,51013,1,1,1,82.0,5.0,1736.0,62.0,51013|1|1|1
2018,51041,31,1,1,251.0,94.0,842.0,207.0,51041|31|1|1
2018,17163,4,2,1,35.0,24.0,189.0,98.0,17163|4|2|1
2019,05019,1,1,1,43.0,23.0,149.0,50.0,05019|1|1|1
2019,05119,32,1,1,228.0,129.0,667.0,167.0,05119|32|1|1
2019,05119,2,1,1,120.0,99.0,156.0,62.0,05119|2|1|1
2019,24005,1,1,3,33.0,4.0,255.0,19.0,24005|1|1|3
2019,37119,4,2,1,655.0,436.0,2179.0,866.0,37119|4|2|1
2019,37127,31,1,1,151.0,55.0,296.0,50.0,37127|31|1|1
2019,47037,2,1,1,130.0,75.0,579.0,230.0,47037|2|1|1
2019,37181,1,1,1,82.0,21.0,156.0,22.0,37181|1|1|1
2019,37047,1,1,1,135.0,81.0,290.0,77.0,37047|1|1|1
2020,13121,32,2,1,40.0,20.0,128.0,31.0,13121|32|2|1
2020,13277,1,1,1,105.0,60.0,312.0,69.0,13277|1|1|1
2020,27053,31,1,1,1166.0,272.0,27641.0,2198.0,27053|31|1|1
2020,32003,32,1,1,1111.0,277.0,12589.0,1960.0,32003|32|1|1
2021,05043,1,1,1,39.0,19.0,133.0,36.0,05043|1|1|1
2021,05069,1,1,1,303.0,92.0,398.0,117.0,05069|1|1|1
2021,18057,1,1,1,361.0,42.0,6236.0,303.0,18057|1|1|1
2021,24015,1,1,1,194.0,37.0,1352.0,94.0,24015|1|1|1
2021,32031,1,1,1,107.0,16.0,5793.0,399.0,32031|1|1|1
2022,29095,1,1,1,1086.0,133.0,6697.0,381.0,29095|1|1|1
2023,17031,32,1,3,274.0,120.0,379.0,130.0,17031|32|1|3
2022,37051,4,2,1,118.0,69.0,243.0,102.0,37051|4|2|1
2022,44007,31,2,1,35.0,18.0,762.0,197.0,44007|31|2|1
2022,44007,1,2,1,100.0,28.0,371.0,97.0,44007|1|2|1
2023,04021,1,1,1,813.0,172.0,7440.0,849.0,04021|1|1|1
2023,37051,32,1,1,511.0,200.0,517.0,210.0,37051|32|1|1
2023,37067,4,2,1,253.0,137.0,751.0,276.0,37067|4|2|1
2023,36085,32,1,1,38.0,14.0,264.0,62.0,36085|32|1|1
2023,47093,32,1,1,121.0,42.0,1130.0,217.0,47093|32|1|1
2024,29510,4,2,1,63.0,38.0,237.0,86.0,29510|4|2|1
2024,25025,2,1,1,49.0,32.0,133.0,59.0,25025|2|1|1
2024,34015,32,1,1,114.0,42.0,694.0,211.0,34015|32|1|1
2024,34023,4,2,1,225.0,122.0,1137.0,518.0,34023|4|2|1
2024,39095,1,1,1,375.0,49.0,2811.0,195.0,39095|1|1|1
2024,39113,1,1,3,56.0,10.0,282.0,24.0,39113|1|1|3
2024,45019,1,1,1,435.0,234.0,4182.0,311.0,45019|1|1|1
2024,45063,32,1,1,143.0,65.0,696.0,213.0,45063|32|1|1
2025,01117,31,1,1,103.0,25.0,522.0,83.0,01117|31|1|1
2025,21067,32,1,1,83.0,36.0,459.0,99.0,21067|32|1|1
2025,22117,1,1,1,107.0,72.0,269.0,102.0,22117|1|1|1
2025,01097,4,1,1,88.0,63.0,252.0,104.0,01097|4|1|1
2025,17097,1,1,1,246.0,30.0,4781.0,385.0,17097|1|1|1
2025,22071,4,1,1,82.0,52.0,82.0,38.0,22071|4|1|1
2025,28135,1,1,1,67.0,44.0,34.0,10.0,28135|1|1|1
2025,36059,31,2,1,130.0,73.0,1152.0,409.0,36059|31|2|1
2025,36027,32,1,1,58.0,30.0,370.0,109.0,36027|32|1|1
2018,10003,32,1,1,448.0,242.0,1334.0,399.0,10003|32|1|1
2019,40101,1,1,1,37.0,17.0,454.0,78.0,40101|1|1|1
2019,01101,4,2,1,81.0,68.0,92.0,47.0,01101|4|2|1
2020,01089,1,1,3,52.0,9.0,436.0,21.0,01089|1|1|3
2021,22103,32,1,1,171.0,64.0,1886.0,305.0,22103|32|1|1
2021,22099,1,1,1,264.0,172.0,502.0,136.0,22099|1|1|1
2021,22111,1,1,1,101.0,74.0,238.0,98.0,22111|1|1|1
2021,28033,31,1,1,1011.0,223.0,2433.0,308.0,28033|31|1|1
2021,28075,1,1,1,261.0,83.0,461.0,87.0,28075|1|1|1
2022,01127,1,1,1,58.0,35.0,918.0,379.0,01127|1|1|1
2022,01073,4,1,1,180.0,122.0,332.0,98.0,01073|4|1|1
2022,21067,2,2,1,102.0,20.0,930.0,153.0,21067|2|2|1
2022,34017,32,1,1,148.0,54.0,560.0,162.0,34017|32|1|1
2022,34039,2,2,1,234.0,150.0,814.0,358.0,34039|2|2|1
2022,45031,1,1,1,300.0,203.0,444.0,110.0,45031|1|1|1
2023,06037,31,1,3,98.0,38.0,506.0,168.0,06037|31|1|3
2023,06077,31,1,1,28.0,12.0,194.0,56.0,06077|31|1|1
2023,18097,32,1,3,69.0,31.0,130.0,31.0,18097|32|1|3
2024,18003,2,2,1,65.0,31.0,865.0,171.0,18003|2|2|1
2024,24043,1,1,1,192.0,23.0,1015.0,83.0,24043|1|1|1
2024,36103,1,2,1,31.0,10.0,217.0,97.0,36103|1|2|1
2024,42017,1,1,1,143.0,33.0,3792.0,271.0,42017|1|1|1
2025,42089,32,1,1,136.0,63.0,472.0,171.0,42089|32|1|1
2025,10005,1,1,1,436.0,175.0,3261.0,333.0,10005|1|1|1
2025,42043,4,2,1,94.0,49.0,633.0,208.0,42043|4|2|1
2018,34007,2,1,1,88.0,68.0,435.0,210.0,34007|2|1|1
2018,45031,1,1,1,189.0,109.0,429.0,108.0,45031|1|1|1
2018,45007,1,1,1,272.0,57.0,2633.0,348.0,45007|1|1|1
2018,45083,32,1,1,157.0,81.0,875.0,314.0,45083|32|1|1
2018,45021,1,1,1,49.0,18.0,491.0,143.0,45021|1|1|1
2018,45009,1,1,1,43.0,27.0,44.0,6.0,45009|1|1|1
2019,22113,1,1,1,64.0,29.0,544.0,147.0,22113|1|1|1
2019,22121,1,1,1,168.0,30.0,253.0,26.0,22121|1|1|1
2023,05119,32,1,1,292.0,141.0,342.0,110.0,05119|32|1|1
2024,27053,2,1,1,29.0,20.0,367.0,101.0,27053|2|1|1
2025,04013,32,1,1,534.0,218.0,8283.0,2263.0,04013|32|1|1
2025,25005,4,2,1,112.0,63.0,1112.0,400.0,25005|4|2|1
2025,33011,1,1,1,67.0,12.0,3152.0,223.0,33011|1|1|1
2018,11001,2,2,1,652.0,414.0,818.0,318.0,11001|2|2|1
2019,45007,1,1,1,327.0,72.0,2748.0,319.0,45007|1|1|1
2019,45033,1,1,1,178.0,133.0,186.0,71.0,45033|1|1|1
2024,13059,1,1,1,48.0,19.0,610.0,23.0,13059|1|1|1
2024,13225,1,1,1,115.0,44.0,182.0,43.0,13225|1|1|1
2024,26099,2,1,1,91.0,59.0,516.0,199.0,26099|2|1|1
2024,37119,2,1,1,162.0,99.0,304.0,105.0,37119|2|1|1
2024,40109,2,1,1,56.0,28.0,280.0,118.0,40109|2|1|1
2024,47065,32,1,1,223.0,86.0,778.0,189.0,47065|32|1|1
2025,12015,1,1,1,146.0,38.0,3445.0,470.0,12015|1|1|1
2025,12095,31,1,1,363.0,160.0,1535.0,457.0,12095|31|1|1
2025,12057,32,1,3,74.0,23.0,397.0,115.0,12057|32|1|3
2025,13021,4,2,1,77.0,36.0,119.0,40.0,13021|4|2|1
2025,12086,4,1,1,136.0,92.0,966.0,550.0,12086|4|1|1
2025,12095,4,2,1,451.0,247.0,2273.0,1026.0,12095|4|2|1
2025,26161,2,2,1,82.0,30.0,680.0,141.0,26161|2|2|1
2025,37049,1,1,1,184.0,73.0,1219.0,135.0,37049|1|1|1
2025,26145,31,1,1,40.0,17.0,315.0,74.0,26145|31|1|1
2025,29510,32,1,1,144.0,81.0,218.0,64.0,29510|32|1|1
2025,37127,1,1,1,515.0,186.0,686.0,107.0,37127|1|1|1
2025,37077,31,1,1,45.0,14.0,130.0,30.0,37077|31|1|1
2025,37119,31,1,3,44.0,19.0,90.0,15.0,37119|31|1|3
2025,37013,1,1,1,67.0,43.0,344.0,51.0,37013|1|1|1
2025,39155,1,1,1,70.0,13.0,1671.0,160.0,39155|1|1|1
2025,39095,2,2,1,140.0,78.0,862.0,253.0,39095|2|2|1
2025,48397,1,1,1,318.0,38.0,1511.0,109.0,48397|1|1|1
2025,48201,2,2,1,540.0,382.0,2027.0,1048.0,48201|2|2|1
2025,48167,31,1,1,62.0,24.0,646.0,177.0,48167|31|1|1
2025,51760,2,2,1,95.0,38.0,244.0,73.0,51760|2|2|1
2018,26163,31,1,1,852.0,397.0,3666.0,914.0,26163|31|1|1
2018,13113,32,1,1,259.0,109.0,423.0,88.0,13113|32|1|1
2018,13215,4,1,1,29.0,21.0,98.0,34.0,13215|4|1|1
2018,17163,2,2,1,44.0,33.0,175.0,86.0,17163|2|2|1
2018,26077,1,1,1,187.0,41.0,3195.0,224.0,26077|1|1|1
2018,26163,32,1,3,64.0,40.0,190.0,50.0,26163|32|1|3
2018,37129,1,1,1,128.0,14.0,3354.0,244.0,37129|1|1|1
2018,37163,1,1,1,100.0,53.0,358.0,69.0,37163|1|1|1
2018,51680,1,1,1,107.0,29.0,652.0,63.0,51680|1|1|1
2019,18097,2,2,1,279.0,166.0,1382.0,515.0,18097|2|2|1
2019,47047,32,1,1,49.0,20.0,147.0,36.0,47047|32|1|1
2019,37049,1,1,1,216.0,57.0,1403.0,116.0,37049|1|1|1
2019,37045,1,1,1,125.0,31.0,860.0,114.0,37045|1|1|1
2019,32003,2,2,1,309.0,233.0,2978.0,1695.0,32003|2|2|1
2019,41005,1,1,1,49.0,7.0,5116.0,432.0,41005|1|1|1
2020,05037,1,1,1,38.0,22.0,170.0,37.0,05037|1|1|1
2020,05139,1,1,1,189.0,123.0,369.0,103.0,05139|1|1|1
2020,02020,1,1,1,129.0,12.0,3041.0,142.0,02020|1|1|1
2020,13029,1,1,1,161.0,27.0,1023.0,76.0,13029|1|1|1
2020,13045,1,1,1,389.0,88.0,1725.0,237.0,13045|1|1|1
2020,13113,31,1,1,725.0,165.0,1935.0,201.0,13113|31|1|1
2020,13135,1,1,3,43.0,6.0,216.0,24.0,13135|1|1|3
2020,27053,32,1,1,351.0,108.0,8713.0,1013.0,27053|32|1|1
2020,39061,2,1,1,88.0,61.0,433.0,176.0,39061|2|1|1
2021,18003,2,2,1,55.0,17.0,611.0,122.0,18003|2|2|1
2020,45091,1,1,1,875.0,191.0,4704.0,423.0,45091|1|1|1
2020,45047,1,1,1,190.0,63.0,682.0,109.0,45047|1|1|1
2020,45063,1,2,1,36.0,9.0,98.0,14.0,45063|1|2|1
2021,40109,32,1,1,427.0,146.0,2925.0,526.0,40109|32|1|1
2022,05143,1,1,1,65.0,11.0,2623.0,206.0,05143|1|1|1
2022,05057,1,1,1,46.0,28.0,144.0,44.0,05057|1|1|1
2022,29095,4,1,1,69.0,47.0,269.0,110.0,29095|4|1|1
2022,29189,32,1,1,956.0,381.0,2901.0,532.0,29189|32|1|1
2022,29510,1,1,3,50.0,11.0,323.0,17.0,29510|1|1|3
2022,29019,1,1,1,128.0,14.0,1806.0,114.0,29019|1|1|1
2022,37129,1,1,1,129.0,31.0,2849.0,193.0,37129|1|1|1
2022,47187,1,1,1,81.0,12.0,3183.0,200.0,47187|1|1|1
2023,04021,31,1,1,27.0,10.0,295.0,72.0,04021|31|1|1
2023,24510,1,2,1,153.0,22.0,62.0,7.0,24510|1|2|1
2023,24005,32,1,3,34.0,21.0,51.0,15.0,24005|32|1|3
2023,47167,1,1,1,87.0,17.0,599.0,74.0,47167|1|1|1
2024,29047,32,1,1,39.0,16.0,598.0,139.0,29047|32|1|1
2024,04013,1,2,1,89.0,22.0,1584.0,293.0,04013|1|2|1
2024,04021,31,1,1,107.0,28.0,1055.0,221.0,04021|31|1|1
2024,34021,2,2,1,128.0,61.0,515.0,162.0,34021|2|2|1
2024,34033,1,1,1,80.0,16.0,519.0,53.0,34033|1|1|1
2024,39151,32,1,1,51.0,25.0,902.0,261.0,39151|32|1|1
2024,45079,2,1,1,101.0,56.0,93.0,32.0,45079|2|1|1
2024,45041,1,1,1,635.0,264.0,817.0,156.0,45041|1|1|1
2024,51810,32,1,1,225.0,88.0,690.0,226.0,51810|32|1|1
2024,51087,4,1,1,43.0,25.0,104.0,40.0,51087|4|1|1
2025,01035,1,1,1,31.0,24.0,49.0,14.0,01035|1|1|1
2025,22033,32,1,1,284.0,155.0,288.0,103.0,22033|32|1|1
2025,28033,2,2,1,153.0,83.0,213.0,67.0,28033|2|2|1
2025,28147,1,1,1,153.0,103.0,103.0,45.0,28147|1|1|1
2025,17031,4,1,3,47.0,32.0,68.0,32.0,17031|4|1|3
2025,17031,2,1,3,83.0,60.0,105.0,62.0,17031|2|1|3
2025,36103,4,2,1,274.0,172.0,3009.0,1280.0,36103|4|2|1
2018,05119,31,1,1,247.0,146.0,673.0,180.0,05119|31|1|1
2018,47037,4,1,1,109.0,77.0,605.0,254.0,47037|4|1|1
2019,01035,1,1,1,41.0,33.0,55.0,21.0,01035|1|1|1
2019,01077,1,1,1,32.0,8.0,1061.0,141.0,01077|1|1|1
2019,01121,32,1,1,48.0,29.0,183.0,60.0,01121|32|1|1
2019,01089,4,2,1,158.0,92.0,620.0,262.0,01089|4|2|1
2019,01097,4,1,1,89.0,65.0,296.0,130.0,01097|4|1|1
2020,01127,1,1,1,44.0,22.0,827.0,268.0,01127|1|1|1
2020,21111,1,1,1,1486.0,211.0,9225.0,730.0,21111|1|1|1
2020,28049,31,1,1,720.0,272.0,875.0,87.0,28049|31|1|1
2020,38017,1,1,1,73.0,10.0,2840.0,97.0,38017|1|1|1
2020,25021,1,1,1,572.0,89.0,5784.0,296.0,25021|1|1|1
2020,28067,31,1,1,57.0,16.0,495.0,64.0,28067|31|1|1
2021,22015,32,1,1,59.0,29.0,423.0,80.0,22015|32|1|1
2021,28049,31,1,1,859.0,287.0,831.0,116.0,28049|31|1|1
2022,01005,1,1,1,85.0,59.0,108.0,30.0,01005|1|1|1
2022,01115,32,1,1,84.0,35.0,462.0,118.0,01115|32|1|1
2022,01065,1,1,1,129.0,64.0,69.0,25.0,01065|1|1|1
2022,11001,1,1,1,1392.0,230.0,3925.0,117.0,11001|1|1|1
2022,34039,31,1,1,248.0,91.0,794.0,192.0,34039|31|1|1
2022,34003,32,1,1,206.0,82.0,1768.0,391.0,34003|32|1|1
2023,06019,32,1,1,98.0,44.0,882.0,300.0,06019|32|1|1
2023,18003,2,2,1,56.0,23.0,878.0,209.0,18003|2|2|1
2023,18067,1,1,1,66.0,15.0,993.0,136.0,18067|1|1|1
2023,22071,2,2,1,152.0,109.0,245.0,92.0,22071|2|2|1
2023,22017,2,2,1,73.0,48.0,93.0,34.0,22017|2|2|1
2022,45015,32,1,1,447.0,178.0,1307.0,297.0,45015|32|1|1
2022,45043,1,1,1,208.0,151.0,798.0,121.0,45043|1|1|1
2022,45033,1,1,1,173.0,126.0,133.0,60.0,45033|1|1|1
2023,18097,2,2,1,583.0,321.0,1552.0,600.0,18097|2|2|1
2023,22093,1,1,1,196.0,139.0,107.0,23.0,22093|1|1|1
2024,18081,1,1,1,97.0,25.0,2176.0,264.0,18081|1|1|1
2024,28089,1,1,1,365.0,101.0,900.0,54.0,28089|1|1|1
2024,18097,31,2,1,101.0,52.0,462.0,110.0,18097|31|2|1
2024,24510,4,1,1,146.0,96.0,59.0,23.0,24510|4|1|1
2024,42095,1,1,1,183.0,33.0,1921.0,171.0,42095|1|1|1
2025,42133,31,1,1,77.0,19.0,1319.0,284.0,42133|31|1|1
2024,36055,4,2,1,308.0,140.0,2199.0,540.0,36055|4|2|1
2025,24003,1,1,1,1011.0,168.0,4024.0,239.0,24003|1|1|1
2025,24510,2,1,1,176.0,129.0,92.0,42.0,24510|2|1|1
2025,53061,32,1,1,52.0,21.0,1064.0,267.0,53061|32|1|1
2018,25027,2,2,1,66.0,40.0,1778.0,683.0,25027|2|2|1
2018,25025,31,2,1,129.0,70.0,410.0,158.0,25025|31|2|1
2018,25021,31,1,1,144.0,57.0,2169.0,475.0,25021|31|1|1
2018,25017,31,1,1,130.0,48.0,4255.0,982.0,25017|31|1|1
2018,25001,1,1,1,96.0,19.0,2328.0,166.0,25001|1|1|1
2018,34005,4,1,1,39.0,26.0,298.0,147.0,34005|4|1|1
2018,45091,32,1,1,212.0,89.0,1127.0,300.0,45091|32|1|1
2018,45083,1,1,1,833.0,199.0,4623.0,577.0,45083|1|1|1
2019,22015,1,1,1,361.0,103.0,1596.0,190.0,22015|1|1|1
2019,22029,1,1,1,71.0,54.0,73.0,22.0,22029|1|1|1
2020,05119,2,2,1,100.0,69.0,272.0,110.0,05119|2|2|1
2020,11001,32,1,1,1473.0,388.0,1688.0,208.0,11001|32|1|1
2022,25001,1,1,1,66.0,12.0,1671.0,113.0,25001|1|1|1
2024,27139,1,1,1,108.0,10.0,1344.0,58.0,27139|1|1|1
2023,45079,4,2,1,373.0,226.0,363.0,129.0,45079|4|2|1
2024,53033,32,1,1,154.0,75.0,1237.0,313.0,53033|32|1|1
2024,53067,1,1,1,135.0,13.0,2090.0,170.0,53067|1|1|1
2025,18097,32,1,1,762.0,301.0,1849.0,547.0,18097|32|1|1
2025,04003,1,1,1,35.0,2.0,1078.0,125.0,04003|1|1|1
2019,31055,32,1,1,122.0,44.0,2160.0,380.0,31055|32|1|1
2019,45021,1,1,1,78.0,21.0,502.0,133.0,45021|1|1|1
2024,06085,2,2,1,41.0,12.0,962.0,292.0,06085|2|2|1
2024,13153,4,2,1,117.0,54.0,235.0,94.0,13153|4|2|1
2024,13021,4,2,1,84.0,49.0,109.0,43.0,13021|4|2|1
2024,21111,31,1,1,211.0,50.0,998.0,156.0,21111|31|1|1
2024,37183,4,1,1,65.0,41.0,440.0,137.0,37183|4|1|1
2024,37101,1,1,1,615.0,126.0,2875.0,219.0,37101|1|1|1
2024,40031,1,1,1,140.0,21.0,854.0,99.0,40031|1|1|1
2024,47149,31,1,1,102.0,19.0,510.0,92.0,47149|31|1|1
2024,47157,4,2,1,507.0,332.0,688.0,274.0,47157|4|2|1
2024,55079,32,1,1,445.0,225.0,1239.0,363.0,55079|32|1|1
2025,06065,4,2,1,405.0,189.0,3737.0,1476.0,06065|4|2|1
2025,06099,32,1,1,36.0,21.0,634.0,170.0,06099|32|1|1
2025,13139,32,1,1,52.0,23.0,476.0,130.0,13139|32|1|1
2025,13275,1,1,1,133.0,83.0,326.0,57.0,13275|1|1|1
2025,13151,4,2,1,407.0,212.0,186.0,77.0,13151|4|2|1
2025,13051,2,2,1,118.0,67.0,366.0,118.0,13051|2|2|1
2024,48251,1,1,1,397.0,73.0,2780.0,488.0,48251|1|1|1
2024,48245,1,1,1,385.0,86.0,1080.0,177.0,48245|1|1|1
2024,55079,32,2,1,121.0,35.0,661.0,157.0,55079|32|2|1
2025,12111,32,1,1,247.0,132.0,749.0,260.0,12111|32|1|1
2025,13255,31,1,1,55.0,15.0,100.0,14.0,13255|31|1|1
2025,37085,1,1,1,550.0,125.0,2246.0,185.0,37085|1|1|1
2025,37185,1,1,1,57.0,31.0,93.0,10.0,37185|1|1|1
2025,37183,32,1,1,646.0,274.0,1392.0,344.0,37183|32|1|1
2025,26163,1,1,3,238.0,62.0,828.0,110.0,26163|1|1|3
2025,37191,32,1,1,122.0,63.0,228.0,83.0,37191|32|1|1
2025,45083,2,2,1,67.0,30.0,475.0,157.0,45083|2|2|1
2025,48491,31,1,1,100.0,28.0,1016.0,240.0,48491|31|1|1
2025,48257,1,1,1,1369.0,312.0,2402.0,485.0,48257|1|1|1
2025,51053,1,1,1,63.0,23.0,223.0,29.0,51053|1|1|1
2025,51510,1,1,1,130.0,23.0,1064.0,41.0,51510|1|1|1
2018,13183,1,1,1,126.0,42.0,219.0,48.0,13183|1|1|1
2018,13147,1,1,1,41.0,21.0,238.0,36.0,13147|1|1|1
2018,13185,31,1,1,43.0,17.0,278.0,62.0,13185|31|1|1
2018,13251,1,1,1,49.0,40.0,64.0,21.0,13251|1|1|1
2018,13299,1,1,1,56.0,28.0,250.0,86.0,13299|1|1|1
2018,13151,2,1,1,44.0,32.0,89.0,53.0,13151|2|1|1
2018,17111,1,1,1,91.0,11.0,4711.0,355.0,17111|1|1|1
2018,37195,31,1,1,58.0,20.0,146.0,28.0,37195|31|1|1
2018,51179,1,1,1,702.0,99.0,1985.0,134.0,51179|1|1|1
2018,51510,1,1,1,151.0,18.0,1700.0,77.0,51510|1|1|1
2018,51177,32,1,1,131.0,68.0,651.0,186.0,51177|32|1|1
2019,27123,32,1,1,115.0,53.0,1809.0,327.0,27123|32|1|1
2019,47187,32,1,1,54.0,20.0,1726.0,276.0,47187|32|1|1
2019,47125,31,1,1,283.0,58.0,1092.0,203.0,47125|31|1|1
2019,47119,32,1,1,57.0,16.0,647.0,121.0,47119|32|1|1
2019,18003,31,1,1,156.0,37.0,2473.0,298.0,18003|31|1|1
2019,37013,1,1,1,46.0,20.0,449.0,53.0,37013|1|1|1
2020,13215,1,1,1,604.0,75.0,1268.0,76.0,13215|1|1|1
2020,17043,1,1,1,414.0,64.0,10097.0,590.0,17043|1|1|1
2020,17197,1,1,1,1421.0,254.0,8804.0,621.0,17197|1|1|1
2020,13151,32,1,1,609.0,229.0,742.0,155.0,13151|32|1|1
2020,13297,31,1,1,259.0,62.0,1679.0,221.0,13297|31|1|1
2020,17167,1,1,1,202.0,50.0,2713.0,198.0,17167|1|1|1
2020,17031,2,1,3,49.0,32.0,76.0,42.0,17031|2|1|3
2020,27053,2,2,1,117.0,69.0,1953.0,542.0,27053|2|2|1
2021,05119,1,1,1,1514.0,269.0,3740.0,278.0,05119|1|1|1
2020,39003,1,1,1,59.0,11.0,1122.0,102.0,39003|1|1|1
2020,45083,1,1,1,1136.0,327.0,5313.0,669.0,45083|1|1|1
2020,45009,1,1,1,68.0,57.0,78.0,32.0,45009|1|1|1
2021,53061,4,2,1,71.0,37.0,1527.0,605.0,53061|4|2|1
2022,29189,31,1,1,490.0,181.0,2224.0,335.0,29189|31|1|1
2022,29510,32,1,1,207.0,112.0,539.0,125.0,29510|32|1|1
2022,37183,4,1,1,77.0,45.0,603.0,160.0,37183|4|1|1
2022,53063,1,1,1,151.0,23.0,5241.0,414.0,53063|1|1|1
2022,53033,4,2,1,281.0,158.0,3993.0,1276.0,53033|4|2|1
2023,04019,1,1,1,451.0,61.0,8590.0,837.0,04019|1|1|1
2023,25023,1,1,1,659.0,116.0,3348.0,209.0,25023|1|1|1
2023,24005,1,1,1,1819.0,238.0,3668.0,230.0,24005|1|1|1
2023,24045,1,1,1,233.0,48.0,590.0,59.0,24045|1|1|1
2023,37081,2,1,1,105.0,64.0,198.0,85.0,37081|2|1|1
2023,41005,1,1,1,102.0,16.0,2837.0,344.0,41005|1|1|1
2024,29047,1,1,1,179.0,26.0,2661.0,178.0,29047|1|1|1
2024,29189,1,2,1,198.0,26.0,237.0,47.0,29189|1|2|1
2023,36055,1,2,1,64.0,16.0,171.0,22.0,36055|1|2|1
2024,04021,1,2,1,44.0,3.0,345.0,48.0,04021|1|2|1
2024,34013,32,1,1,451.0,211.0,417.0,130.0,34013|32|1|1
2024,45045,31,1,1,120.0,34.0,763.0,127.0,45045|31|1|1
2024,51550,1,1,1,622.0,81.0,1830.0,82.0,51550|1|1|1
2024,51510,1,1,1,163.0,18.0,946.0,33.0,51510|1|1|1
2024,51153,32,1,1,274.0,103.0,461.0,111.0,51153|32|1|1
2024,51033,32,1,1,46.0,20.0,90.0,29.0,51033|32|1|1
2024,51149,32,1,1,40.0,20.0,67.0,13.0,51149|32|1|1
2025,01055,1,1,1,69.0,27.0,991.0,184.0,01055|1|1|1
2025,01017,1,1,1,76.0,36.0,214.0,45.0,01017|1|1|1
2025,01109,1,1,1,171.0,107.0,226.0,57.0,01109|1|1|1
2025,21015,1,1,1,82.0,21.0,1700.0,283.0,21015|1|1|1
2025,22017,32,1,1,200.0,118.0,189.0,69.0,22017|32|1|1
2025,28137,1,1,1,39.0,19.0,222.0,40.0,28137|1|1|1
2025,28139,1,1,1,27.0,15.0,135.0,56.0,28139|1|1|1
2024,45009,1,1,1,70.0,49.0,45.0,13.0,45009|1|1|1
2018,01117,1,1,1,565.0,107.0,3694.0,322.0,01117|1|1|1
2018,01115,32,1,1,31.0,14.0,329.0,116.0,01115|32|1|1
2018,06001,31,1,1,437.0,161.0,2528.0,586.0,06001|31|1|1
2018,12061,32,1,1,33.0,17.0,722.0,225.0,12061|32|1|1
2018,12085,1,1,1,32.0,7.0,2073.0,250.0,12085|1|1|1
2018,12111,1,1,1,1089.0,235.0,4304.0,554.0,12111|1|1|1
2018,12011,1,2,1,92.0,36.0,633.0,163.0,12011|1|2|1
2018,24017,2,2,1,163.0,122.0,170.0,71.0,24017|2|2|1
2018,24005,1,1,3,27.0,4.0,248.0,20.0,24005|1|1|3
2018,36103,1,2,1,43.0,5.0,430.0,106.0,36103|1|2|1
2018,48209,1,1,1,146.0,41.0,3478.0,461.0,48209|1|1|1
2018,48453,32,1,1,305.0,94.0,2918.0,680.0,48453|32|1|1
2018,48039,4,2,1,54.0,41.0,163.0,92.0,48039|4|2|1
2019,04019,1,1,1,402.0,51.0,13291.0,982.0,04019|1|1|1
2018,48157,4,2,1,184.0,141.0,529.0,367.0,48157|4|2|1
2019,06029,32,1,1,137.0,61.0,2748.0,723.0,06029|32|1|1
2019,12031,4,2,1,225.0,168.0,826.0,455.0,12031|4|2|1
2019,12099,31,2,1,58.0,43.0,898.0,378.0,12099|31|2|1
2019,12105,4,1,1,58.0,40.0,568.0,260.0,12105|4|1|1
2019,13107,1,1,1,47.0,35.0,91.0,33.0,13107|1|1|1
2019,29019,1,1,1,77.0,12.0,2035.0,104.0,29019|1|1|1
2019,29095,31,1,1,393.0,126.0,3016.0,444.0,29095|31|1|1
2019,34039,31,1,1,468.0,146.0,1965.0,334.0,34039|31|1|1
2019,34007,1,1,1,950.0,144.0,4142.0,288.0,34007|1|1|1
2019,42091,4,1,1,32.0,17.0,531.0,175.0,42091|4|1|1
2019,42043,32,1,1,70.0,35.0,592.0,171.0,42043|32|1|1
2019,42003,1,1,1,816.0,132.0,10859.0,631.0,42003|1|1|1
2019,42101,4,2,1,472.0,307.0,936.0,510.0,42101|4|2|1
2019,48201,31,2,1,49.0,36.0,490.0,179.0,48201|31|2|1
2019,48201,32,1,3,172.0,72.0,574.0,168.0,48201|32|1|3
2019,48005,1,1,1,72.0,37.0,825.0,258.0,48005|1|1|1
2019,51740,2,2,1,66.0,48.0,54.0,25.0,51740|2|2|1
2019,12111,32,1,1,302.0,127.0,1516.0,415.0,12111|32|1|1
2019,12111,1,1,2,68.0,10.0,472.0,34.0,12111|1|1|2
2019,13047,1,1,1,34.0,8.0,990.0,111.0,13047|1|1|1
2019,36103,4,2,1,182.0,127.0,2937.0,1494.0,36103|4|2|1
2019,36047,2,2,1,696.0,568.0,1131.0,624.0,36047|2|2|1
2019,36005,4,1,1,50.0,39.0,77.0,45.0,36005|4|1|1
2019,42003,4,2,1,141.0,84.0,2078.0,802.0,42003|4|2|1
2019,48245,32,1,1,115.0,48.0,359.0,61.0,48245|32|1|1
2019,48113,2,1,1,327.0,250.0,1014.0,570.0,48113|2|1|1
2019,01089,31,1,1,437.0,125.0,1702.0,222.0,01089|31|1|1
2020,06013,31,1,1,2077.0,362.0,25129.0,2464.0,06013|31|1|1
2020,12117,31,1,1,494.0,127.0,7799.0,1115.0,12117|31|1|1
2020,04021,1,1,1,726.0,131.0,9803.0,987.0,04021|1|1|1
2020,26081,2,2,1,65.0,30.0,1389.0,323.0,26081|2|2|1
2020,29099,1,1,1,33.0,5.0,4154.0,437.0,29099|1|1|1
2020,34023,31,1,1,834.0,166.0,7488.0,984.0,34023|31|1|1
2020,34021,31,1,1,354.0,86.0,3398.0,443.0,34021|31|1|1
2020,48471,1,1,1,120.0,78.0,621.0,165.0,48471|1|1|1
2020,48241,1,1,1,71.0,51.0,400.0,173.0,48241|1|1|1
2020,51680,32,1,1,27.0,11.0,188.0,26.0,51680|32|1|1
2021,06077,1,1,1,737.0,125.0,4424.0,394.0,06077|1|1|1
2021,06037,1,1,3,218.0,41.0,3703.0,380.0,06037|1|1|3
2021,06111,1,1,1,164.0,23.0,6157.0,526.0,06111|1|1|1
2021,12019,1,1,1,607.0,134.0,3301.0,500.0,12019|1|1|1
2021,12071,1,1,1,1030.0,209.0,14857.0,1833.0,12071|1|1|1
2021,13145,1,1,1,103.0,13.0,586.0,64.0,13145|1|1|1
2021,13029,1,1,1,143.0,26.0,1088.0,81.0,13029|1|1|1
2021,13135,4,2,1,284.0,184.0,658.0,316.0,13135|4|2|1
2021,17031,2,1,1,555.0,432.0,1372.0,629.0,17031|2|1|1
2021,26125,31,2,1,66.0,28.0,698.0,183.0,26125|31|2|1
2021,26049,1,1,1,598.0,174.0,4826.0,546.0,26049|1|1|1
2021,26115,1,1,1,77.0,29.0,2413.0,344.0,26115|1|1|1
2021,37035,32,1,1,43.0,12.0,1269.0,222.0,37035|32|1|1
2021,37033,1,1,1,44.0,13.0,176.0,42.0,37033|1|1|1
2021,37013,1,1,1,103.0,60.0,490.0,86.0,37013|1|1|1
2021,37157,1,1,1,215.0,75.0,1109.0,193.0,37157|1|1|1
2020,48203,1,1,1,148.0,101.0,802.0,190.0,48203|1|1|1
2020,51650,1,2,1,109.0,18.0,89.0,9.0,51650|1|2|1
2020,55079,32,1,1,273.0,117.0,3459.0,571.0,55079|32|1|1
2021,04013,4,1,1,90.0,53.0,2224.0,796.0,04013|4|1|1
2021,12129,1,1,1,86.0,15.0,613.0,77.0,12129|1|1|1
2021,12099,4,2,1,150.0,115.0,1478.0,738.0,12099|4|2|1
2021,13217,31,1,1,897.0,226.0,744.0,124.0,13217|31|1|1
2021,13245,32,1,1,494.0,193.0,391.0,82.0,13245|32|1|1
2021,25005,32,1,1,288.0,64.0,5747.0,653.0,25005|32|1|1
2021,34039,32,1,1,676.0,177.0,2216.0,356.0,34039|32|1|1
2021,34005,1,2,1,33.0,8.0,89.0,20.0,34005|1|2|1
2021,39035,4,2,1,200.0,108.0,1932.0,611.0,39035|4|2|1
2021,39017,1,1,1,458.0,59.0,4250.0,279.0,39017|1|1|1
2021,39017,32,1,1,181.0,43.0,3303.0,493.0,39017|32|1|1
2021,47037,31,1,1,1710.0,416.0,9375.0,1098.0,47037|31|1|1
2021,48347,1,1,1,71.0,48.0,591.0,154.0,48347|1|1|1
2021,48121,31,1,1,1666.0,325.0,13617.0,1625.0,48121|31|1|1
2021,51179,1,1,1,982.0,106.0,2253.0,118.0,51179|1|1|1
2021,51740,32,1,1,315.0,113.0,356.0,67.0,51740|32|1|1
2021,51003,1,1,1,52.0,9.0,1396.0,81.0,51003|1|1|1
2021,55079,31,1,1,1217.0,356.0,10775.0,1249.0,55079|31|1|1
2022,06059,1,1,1,191.0,39.0,9153.0,1083.0,06059|1|1|1
2022,06019,1,1,1,259.0,45.0,4859.0,453.0,06019|1|1|1
2022,06085,1,1,1,95.0,11.0,2751.0,282.0,06085|1|1|1
2022,12097,31,1,1,139.0,48.0,836.0,276.0,12097|31|1|1
2022,12101,1,1,1,1015.0,182.0,9246.0,1293.0,12101|1|1|1
2022,12011,1,1,2,137.0,31.0,1046.0,204.0,12011|1|1|2
2022,13057,1,1,1,271.0,46.0,3645.0,254.0,13057|1|1|1
2022,13077,1,1,1,396.0,58.0,1802.0,131.0,13077|1|1|1
2022,13121,32,1,3,322.0,94.0,163.0,35.0,13121|32|1|3
2022,13247,31,1,1,198.0,65.0,67.0,12.0,13247|31|1|1
2022,18097,2,1,1,160.0,83.0,511.0,201.0,18097|2|1|1
2021,39113,1,1,3,49.0,6.0,396.0,18.0,39113|1|1|3
2021,47045,1,1,1,45.0,18.0,394.0,89.0,47045|1|1|1
2022,12011,4,1,1,214.0,161.0,1110.0,607.0,12011|4|1|1
2022,12083,2,2,1,110.0,80.0,932.0,481.0,12083|2|2|1
2022,13223,4,2,1,117.0,65.0,445.0,163.0,13223|4|2|1
2022,24033,4,2,1,1243.0,684.0,319.0,169.0,24033|4|2|1
2022,24047,1,1,1,50.0,18.0,678.0,58.0,24047|1|1|1
2022,24037,32,1,1,110.0,43.0,417.0,106.0,24037|32|1|1
2022,24017,2,2,1,330.0,188.0,215.0,86.0,24017|2|2|1
2022,28149,1,1,1,169.0,65.0,275.0,64.0,28149|1|1|1
2022,28061,1,1,1,138.0,104.0,98.0,40.0,28061|1|1|1
2022,36119,2,2,1,186.0,114.0,1279.0,445.0,36119|2|2|1
2022,36059,1,2,1,32.0,16.0,145.0,52.0,36059|1|2|1
2022,39049,32,1,1,1208.0,412.0,4373.0,885.0,39049|32|1|1
2022,42103,1,1,1,62.0,7.0,731.0,91.0,42103|1|1|1
2022,48339,32,1,1,136.0,70.0,2050.0,564.0,48339|32|1|1
2022,48251,1,1,1,494.0,102.0,3005.0,522.0,48251|1|1|1
2022,48201,2,2,1,549.0,397.0,2311.0,1265.0,48201|2|2|1
2022,51069,1,1,1,84.0,9.0,1242.0,128.0,51069|1|1|1
2023,12131,1,1,1,61.0,30.0,1522.0,311.0,12131|1|1|1
2023,13073,31,1,1,40.0,8.0,95.0,24.0,13073|31|1|1
2023,13089,31,1,1,381.0,192.0,159.0,41.0,13089|31|1|1
2023,21111,2,2,1,227.0,113.0,1229.0,354.0,21111|2|2|1
2022,33011,1,1,1,115.0,20.0,3886.0,325.0,33011|1|1|1
2022,48167,32,1,1,121.0,56.0,1203.0,328.0,48167|32|1|1
2023,12011,4,2,1,1040.0,727.0,3094.0,1864.0,12011|4|2|1
2023,26081,4,2,1,108.0,53.0,1314.0,431.0,26081|4|2|1
2023,27141,1,1,1,40.0,10.0,948.0,55.0,27141|1|1|1
2023,48027,1,1,1,1135.0,170.0,3425.0,413.0,48027|1|1|1
2024,13021,32,1,1,179.0,90.0,147.0,37.0,13021|32|1|1
2024,17031,1,1,1,7165.0,1692.0,26569.0,2520.0,17031|1|1|1
2024,17201,1,1,1,210.0,31.0,2039.0,172.0,17201|1|1|1
2023,51810,4,2,1,235.0,138.0,1110.0,470.0,51810|4|2|1
2018,05031,1,1,1,117.0,19.0,1327.0,183.0,05031|1|1|1
2018,05091,1,1,1,58.0,21.0,330.0,66.0,05091|1|1|1
2018,53053,31,1,1,182.0,64.0,2845.0,741.0,53053|31|1|1
2018,47065,2,2,1,84.0,56.0,666.0,315.0,47065|2|2|1
2018,47037,31,2,1,49.0,31.0,367.0,127.0,47037|31|2|1
2018,53011,1,1,1,139.0,18.0,6231.0,470.0,53011|1|1|1
2019,01001,1,1,1,204.0,57.0,812.0,127.0,01001|1|1|1
2020,01089,4,1,1,38.0,24.0,192.0,72.0,01089|4|1|1
2020,28067,1,1,1,162.0,90.0,524.0,141.0,28067|1|1|1
2021,22033,1,1,3,88.0,15.0,284.0,25.0,22033|1|1|3
2021,22055,32,1,1,111.0,52.0,840.0,141.0,22055|32|1|1
2021,28075,31,1,1,102.0,30.0,362.0,51.0,28075|31|1|1
2021,28107,1,1,1,296.0,194.0,263.0,91.0,28107|1|1|1
2020,49035,4,2,1,25.0,15.0,2966.0,967.0,49035|4|2|1
2021,24017,2,2,1,136.0,85.0,113.0,49.0,24017|2|2|1
2022,01015,32,1,1,104.0,44.0,408.0,110.0,01015|32|1|1
2021,41051,1,1,1,465.0,52.0,8511.0,395.0,41051|1|1|1
2022,34007,31,1,1,235.0,92.0,1053.0,250.0,34007|31|1|1
2023,06001,32,1,1,135.0,65.0,423.0,128.0,06001|32|1|1
2023,06001,4,2,1,158.0,88.0,732.0,329.0,06001|4|2|1
2023,22033,2,1,1,50.0,36.0,58.0,17.0,22033|2|1|1
2022,45053,1,1,1,155.0,121.0,657.0,105.0,45053|1|1|1
2024,01089,1,1,1,1058.0,198.0,4197.0,334.0,01089|1|1|1
2024,18059,1,1,1,138.0,25.0,1223.0,83.0,18059|1|1|1
2024,28033,31,1,1,181.0,45.0,329.0,45.0,28033|31|1|1
2024,28153,1,1,1,128.0,93.0,116.0,53.0,28153|1|1|1
2024,24031,2,1,1,57.0,41.0,157.0,71.0,24031|2|1|1
2024,36059,31,1,1,126.0,48.0,810.0,239.0,36059|31|1|1
2024,36081,4,1,1,85.0,49.0,187.0,83.0,36081|4|1|1
2024,42089,31,1,1,39.0,17.0,223.0,70.0,42089|31|1|1
2024,42069,1,1,1,82.0,11.0,1214.0,104.0,42069|1|1|1
2025,16001,1,1,1,61.0,10.0,5792.0,314.0,16001|1|1|1
2025,42029,1,1,1,152.0,26.0,3753.0,232.0,42029|1|1|1
2025,42071,1,1,1,173.0,38.0,3695.0,363.0,42071|1|1|1
2024,36005,31,1,1,46.0,16.0,67.0,17.0,36005|31|1|1
2025,24005,32,1,1,678.0,293.0,939.0,280.0,24005|32|1|1
2025,24033,31,1,1,1459.0,414.0,421.0,90.0,24033|31|1|1
2025,24003,32,1,1,284.0,125.0,871.0,215.0,24003|32|1|1
2025,42043,4,1,1,28.0,17.0,208.0,82.0,42043|4|1|1
2018,45051,31,1,1,51.0,18.0,957.0,259.0,45051|31|1|1
2022,08041,31,1,1,98.0,25.0,1691.0,326.0,08041|31|1|1
2021,45049,1,1,1,179.0,135.0,100.0,35.0,45049|1|1|1
2021,45003,31,1,1,281.0,78.0,1637.0,221.0,45003|31|1|1
2023,05085,1,1,1,71.0,38.0,952.0,165.0,05085|1|1|1
2023,45045,4,1,1,35.0,24.0,303.0,112.0,45045|4|1|1
2023,53053,4,2,1,193.0,125.0,2023.0,896.0,53053|4|2|1
2025,04019,32,1,1,96.0,39.0,2162.0,674.0,04019|32|1|1
2025,18089,2,1,1,129.0,86.0,314.0,105.0,18089|2|1|1
2025,25005,2,2,1,170.0,110.0,1375.0,415.0,25005|2|2|1
2025,47093,31,1,1,67.0,15.0,1131.0,164.0,47093|31|1|1
2019,45041,32,1,1,80.0,48.0,252.0,64.0,45041|32|1|1
2020,10001,1,1,1,916.0,168.0,2039.0,234.0,10001|1|1|1
2024,21111,2,1,1,80.0,43.0,387.0,122.0,21111|2|1|1
2024,37001,32,1,1,126.0,46.0,321.0,94.0,37001|32|1|1
2024,37057,31,1,1,38.0,12.0,359.0,78.0,37057|31|1|1
2025,06067,1,1,1,755.0,129.0,5725.0,512.0,06067|1|1|1
2025,12095,1,2,1,72.0,28.0,279.0,79.0,12095|1|2|1
2025,12095,32,1,1,547.0,267.0,1717.0,560.0,12095|32|1|1
2025,13057,32,1,1,73.0,23.0,759.0,159.0,13057|32|1|1
2025,13067,1,1,1,1567.0,262.0,4564.0,299.0,13067|1|1|1
2025,13151,2,2,1,312.0,173.0,150.0,64.0,13151|2|2|1
2025,13245,31,1,1,207.0,52.0,134.0,28.0,13245|31|1|1
2025,20061,1,1,1,76.0,8.0,340.0,25.0,20061|1|1|1
2024,26125,4,1,1,135.0,75.0,678.0,237.0,26125|4|1|1
2024,32003,4,2,1,671.0,360.0,4187.0,1972.0,32003|4|2|1
2024,48423,1,1,1,385.0,215.0,2242.0,537.0,48423|1|1|1
2024,48201,32,1,3,160.0,58.0,561.0,156.0,48201|32|1|3
2024,48395,1,1,1,35.0,19.0,191.0,69.0,48395|1|1|1
2025,12069,32,1,1,178.0,80.0,968.0,320.0,12069|32|1|1
2025,12111,2,2,1,168.0,115.0,675.0,315.0,12111|2|2|1
2025,12057,2,2,1,410.0,214.0,2266.0,866.0,12057|2|2|1
2025,13121,32,2,1,386.0,131.0,558.0,129.0,13121|32|2|1
2025,39061,4,2,1,400.0,220.0,1724.0,541.0,39061|4|2|1
2025,39035,2,1,1,518.0,353.0,856.0,321.0,39035|2|1|1
2025,45079,32,1,1,675.0,289.0,474.0,147.0,45079|32|1|1
2025,45079,2,2,1,177.0,86.0,328.0,86.0,45079|2|2|1
2025,48113,1,1,1,2697.0,600.0,10754.0,1332.0,48113|1|1|1
2025,48037,1,1,1,188.0,111.0,759.0,210.0,48037|1|1|1
2025,48381,1,1,1,52.0,7.0,1864.0,217.0,48381|1|1|1
2025,48439,2,2,1,294.0,186.0,1380.0,639.0,48439|2|2|1
2018,04003,1,1,1,46.0,5.0,1439.0,164.0,04003|1|1|1
2018,04013,2,2,1,409.0,243.0,12135.0,5445.0,04013|2|2|1
2018,26099,2,1,1,59.0,42.0,782.0,284.0,26099|2|1|1
2018,37147,1,1,1,428.0,95.0,1435.0,116.0,37147|1|1|1
2018,37001,31,1,1,96.0,43.0,514.0,123.0,37001|31|1|1
2018,37145,1,1,1,87.0,20.0,358.0,47.0,37145|1|1|1
2018,51810,1,2,1,52.0,5.0,169.0,26.0,51810|1|2|1
2018,51740,4,2,1,46.0,41.0,69.0,37.0,51740|4|2|1
2019,24005,31,2,1,73.0,41.0,491.0,150.0,24005|31|2|1
2019,37119,31,2,1,185.0,77.0,943.0,235.0,37119|31|2|1
2019,37019,1,1,1,159.0,48.0,2614.0,285.0,37019|1|1|1
2019,18039,1,1,1,61.0,16.0,2780.0,316.0,18039|1|1|1
2019,18141,1,1,1,244.0,40.0,2899.0,199.0,18141|1|1|1
2019,37071,1,1,1,544.0,86.0,2846.0,252.0,37071|1|1|1
2020,17163,2,2,1,29.0,23.0,114.0,59.0,17163|2|2|1
2020,13127,1,1,1,165.0,43.0,1021.0,115.0,13127|1|1|1
2020,13199,1,1,1,42.0,22.0,194.0,27.0,13199|1|1|1
2020,13179,32,1,1,64.0,31.0,58.0,20.0,13179|32|1|1
2020,27171,1,1,1,137.0,28.0,2777.0,194.0,27171|1|1|1
2021,18003,31,1,1,341.0,80.0,5731.0,551.0,18003|31|1|1
2021,18097,32,1,3,76.0,37.0,432.0,57.0,18097|32|1|3
2020,39041,1,1,1,127.0,20.0,3381.0,178.0,39041|1|1|1
2020,45047,32,1,1,26.0,12.0,163.0,30.0,45047|32|1|1
2021,24019,1,1,1,90.0,21.0,405.0,37.0,24019|1|1|1
2021,24510,31,1,3,242.0,87.0,401.0,83.0,24510|31|1|3
2021,24510,32,1,3,203.0,75.0,209.0,34.0,24510|32|1|3
2021,53033,32,1,1,961.0,175.0,16869.0,1549.0,53033|32|1|1
2022,29510,31,1,1,112.0,46.0,413.0,84.0,29510|31|1|1
2022,37063,32,1,1,668.0,164.0,716.0,119.0,37063|32|1|1
2022,47037,1,1,3,70.0,12.0,823.0,92.0,47037|1|1|3
2023,17031,31,1,3,121.0,63.0,210.0,53.0,17031|31|1|3
2022,37007,1,1,1,85.0,50.0,125.0,38.0,37007|1|1|1
2023,25017,2,2,1,165.0,94.0,3190.0,871.0,25017|2|2|1
2023,25005,32,1,1,74.0,35.0,846.0,236.0,25005|32|1|1
2023,24021,31,1,1,25.0,6.0,202.0,45.0,24021|31|1|1
2023,24027,4,2,1,184.0,112.0,401.0,167.0,24027|4|2|1
2023,24033,32,1,3,108.0,50.0,34.0,9.0,24033|32|1|3
2023,37081,4,1,1,98.0,63.0,258.0,82.0,37081|4|1|1
2024,39017,32,1,1,113.0,52.0,924.0,262.0,39017|32|1|1
2024,45079,1,1,1,2197.0,481.0,2283.0,169.0,45079|1|1|1
2024,45041,32,1,1,112.0,45.0,154.0,63.0,45041|32|1|1
2025,01117,4,2,1,117.0,47.0,707.0,222.0,01117|4|2|1
2025,22115,1,1,1,31.0,5.0,339.0,92.0,22115|1|1|1
2025,28005,1,1,1,93.0,75.0,56.0,15.0,28005|1|1|1
2024,45067,1,1,1,152.0,86.0,156.0,55.0,45067|1|1|1
2024,51650,1,2,1,64.0,3.0,61.0,6.0,51650|1|2|1
2018,06037,1,1,3,210.0,31.0,3796.0,548.0,06037|1|1|3
2018,06047,1,1,1,75.0,14.0,2026.0,217.0,06047|1|1|1
2018,17031,31,1,1,2542.0,1303.0,11398.0,3077.0,17031|31|1|1
2018,12071,32,1,1,207.0,107.0,3214.0,1067.0,12071|32|1|1
2018,12099,1,1,1,2641.0,549.0,15506.0,2102.0,12099|1|1|1
2018,12101,1,1,1,702.0,125.0,9264.0,1218.0,12101|1|1|1
2018,12095,4,2,1,272.0,212.0,1794.0,1045.0,12095|4|2|1
2018,16001,1,1,1,59.0,3.0,8474.0,531.0,16001|1|1|1
2018,21047,1,1,1,70.0,19.0,529.0,96.0,21047|1|1|1
2018,29510,32,1,1,194.0,127.0,509.0,143.0,29510|32|1|1
2018,36081,31,2,1,76.0,41.0,266.0,144.0,36081|31|2|1
2018,39093,32,1,1,48.0,28.0,1138.0,318.0,39093|32|1|1
2018,42101,1,1,3,155.0,43.0,712.0,64.0,42101|1|1|3
2018,48201,1,1,1,5955.0,1206.0,32940.0,3729.0,48201|1|1|1
2018,48407,1,1,1,36.0,25.0,294.0,100.0,48407|1|1|1
2019,04021,32,1,1,165.0,63.0,3260.0,716.0,04021|32|1|1
2019,04027,1,1,1,44.0,6.0,2472.0,150.0,04027|1|1|1
2019,06085,1,1,1,108.0,24.0,3655.0,327.0,06085|1|1|1
2019,13185,31,1,1,68.0,22.0,351.0,46.0,13185|31|1|1
2019,34011,1,1,1,172.0,28.0,937.0,85.0,34011|1|1|1
2019,34017,1,1,1,232.0,36.0,2376.0,250.0,34017|1|1|1
2019,34007,1,2,1,47.0,14.0,112.0,18.0,34007|1|2|1
2019,42071,1,1,1,176.0,28.0,5463.0,474.0,42071|1|1|1
2019,48439,2,1,1,138.0,92.0,1106.0,467.0,48439|2|1|1
2019,48347,1,1,1,38.0,19.0,491.0,121.0,48347|1|1|1
2019,48473,1,1,1,139.0,36.0,745.0,125.0,48473|1|1|1
2019,48067,1,1,1,56.0,31.0,270.0,84.0,48067|1|1|1
2019,51810,4,2,1,117.0,74.0,661.0,305.0,51810|4|2|1
2019,51700,4,2,1,53.0,35.0,121.0,57.0,51700|4|2|1
2019,51650,1,2,1,70.0,6.0,87.0,4.0,51650|1|2|1
2019,12033,1,1,1,671.0,277.0,3850.0,594.0,12033|1|1|1
2019,12086,32,1,3,155.0,61.0,983.0,315.0,12086|32|1|3
2019,24005,32,1,1,768.0,358.0,2095.0,515.0,24005|32|1|1
2019,25021,32,1,1,260.0,82.0,3538.0,510.0,25021|32|1|1
2019,36081,2,2,1,603.0,490.0,1048.0,683.0,36081|2|2|1
2019,01045,1,1,1,68.0,21.0,419.0,93.0,01045|1|1|1
2019,51041,2,2,1,168.0,114.0,631.0,253.0,51041|2|2|1
2020,06085,1,1,1,104.0,13.0,3617.0,339.0,06085|1|1|1
2020,12011,31,1,1,4424.0,1378.0,19423.0,4010.0,12011|31|1|1
2020,12127,1,1,1,696.0,152.0,9101.0,1126.0,12127|1|1|1
2020,12097,31,1,1,689.0,174.0,4881.0,1076.0,12097|31|1|1
2020,18097,1,1,3,75.0,10.0,739.0,57.0,18097|1|1|3
2020,18097,32,1,3,40.0,15.0,290.0,55.0,18097|32|1|3
2020,22063,1,1,1,672.0,160.0,2646.0,456.0,22063|1|1|1
2020,37119,1,1,1,3908.0,583.0,13025.0,799.0,37119|1|1|1
2020,37097,31,1,1,216.0,37.0,3862.0,468.0,37097|31|1|1
2020,37081,1,1,3,63.0,15.0,232.0,23.0,37081|1|1|3
2020,47165,32,1,1,70.0,18.0,1934.0,228.0,47165|32|1|1
2020,47113,1,1,1,303.0,58.0,971.0,117.0,47113|1|1|1
2020,48113,2,1,1,175.0,130.0,811.0,421.0,48113|2|1|1
2019,53053,31,1,1,590.0,123.0,7794.0,1018.0,53053|31|1|1
2019,55079,32,2,1,91.0,40.0,591.0,139.0,55079|32|2|1
2020,08005,32,1,1,601.0,160.0,7699.0,1052.0,08005|32|1|1
2020,12095,2,2,1,167.0,131.0,1420.0,698.0,12095|2|2|1
2020,12095,31,2,1,40.0,26.0,348.0,149.0,12095|31|2|1
2020,22017,2,1,1,52.0,43.0,75.0,34.0,22017|2|1|1
2020,24021,1,1,1,787.0,130.0,3967.0,211.0,24021|1|1|1
2020,29189,1,1,1,2176.0,364.0,10213.0,525.0,29189|1|1|1
2020,29095,32,1,1,297.0,97.0,3536.0,451.0,29095|32|1|1
2020,36061,1,1,1,130.0,33.0,2606.0,343.0,36061|1|1|1
2020,42045,1,1,3,33.0,5.0,201.0,23.0,42045|1|1|3
2020,48029,31,1,1,2510.0,438.0,20829.0,3552.0,48029|31|1|1
2020,51760,2,1,1,50.0,39.0,73.0,31.0,51760|2|1|1
2020,51087,4,1,1,35.0,26.0,157.0,53.0,51087|4|1|1
2021,06077,32,1,1,743.0,176.0,5995.0,777.0,06077|32|1|1
2021,06013,1,1,1,886.0,104.0,6836.0,413.0,06013|1|1|1
2021,08123,1,1,1,109.0,14.0,7810.0,758.0,08123|1|1|1
2021,12101,1,1,1,987.0,168.0,10764.0,1247.0,12101|1|1|1
2021,12095,1,1,1,2695.0,460.0,14007.0,1865.0,12095|1|1|1
2021,12017,1,1,1,80.0,27.0,3152.0,506.0,12017|1|1|1
2021,12095,2,1,1,125.0,77.0,662.0,246.0,12095|2|1|1
2021,12031,4,1,1,78.0,67.0,356.0,184.0,12031|4|1|1
2021,12031,1,1,3,128.0,23.0,974.0,104.0,12031|1|1|3
2021,12063,1,1,1,127.0,96.0,487.0,147.0,12063|1|1|1
2021,17043,32,1,1,140.0,38.0,5661.0,699.0,17043|32|1|1
2021,29099,1,1,1,47.0,9.0,4083.0,394.0,29099|1|1|1
2021,37145,1,1,1,96.0,19.0,394.0,46.0,37145|1|1|1
2021,37051,31,1,1,1576.0,327.0,2487.0,352.0,37051|31|1|1
2020,48001,1,1,1,99.0,56.0,490.0,174.0,48001|1|1|1
2020,51053,1,1,1,74.0,22.0,254.0,18.0,51053|1|1|1
2020,55025,2,2,1,41.0,13.0,1814.0,171.0,55025|2|2|1
2021,04003,1,1,1,65.0,5.0,1744.0,169.0,04003|1|1|1
2021,12086,4,2,1,114.0,90.0,1492.0,914.0,12086|4|2|1
2021,12011,1,2,1,121.0,43.0,655.0,169.0,12011|1|2|1
2021,34039,2,1,1,57.0,33.0,167.0,78.0,34039|2|1|1
2021,36027,2,2,1,68.0,38.0,683.0,240.0,36027|2|2|1
2021,36071,1,1,1,834.0,129.0,3236.0,337.0,36071|1|1|1
2021,36059,2,1,1,64.0,40.0,652.0,281.0,36059|2|1|1
2021,39061,2,2,1,663.0,137.0,1219.0,441.0,39061|2|2|1
2021,39035,31,1,1,2136.0,724.0,12439.0,1772.0,39035|31|1|1
2021,51683,1,1,1,72.0,6.0,418.0,30.0,51683|1|1|1
2021,51700,1,2,1,143.0,10.0,114.0,2.0,51700|1|2|1
2022,12071,1,1,3,66.0,17.0,1248.0,183.0,12071|1|1|3
2022,13051,1,1,1,884.0,201.0,2532.0,197.0,13051|1|1|1
2022,18057,1,1,1,302.0,43.0,5082.0,257.0,18057|1|1|1
2022,26163,2,1,1,1284.0,866.0,1044.0,428.0,26163|2|1|1
2021,47075,1,1,1,72.0,24.0,106.0,23.0,47075|1|1|1
2021,48029,4,1,1,35.0,25.0,744.0,397.0,48029|4|1|1
2021,51087,4,2,1,107.0,51.0,340.0,122.0,51087|4|2|1
2022,24031,32,2,1,64.0,16.0,198.0,37.0,24031|32|2|1
2022,24510,2,2,1,355.0,276.0,291.0,132.0,24510|2|2|1
2022,28033,2,2,1,183.0,99.0,246.0,95.0,28033|2|2|1
2022,36059,32,1,1,642.0,221.0,2961.0,615.0,36059|32|1|1
2022,36055,2,2,1,259.0,140.0,2409.0,565.0,36055|2|2|1
2022,42029,32,1,1,122.0,48.0,1842.0,388.0,42029|32|1|1
2022,48201,1,1,1,7928.0,1735.0,29290.0,3770.0,48201|1|1|1
2022,48329,1,1,1,136.0,42.0,3279.0,688.0,48329|1|1|1
2022,51770,32,1,1,105.0,32.0,273.0,81.0,51770|32|1|1
2022,51700,1,1,1,831.0,132.0,1242.0,73.0,51700|1|1|1
2023,01089,4,1,1,49.0,31.0,220.0,83.0,01089|4|1|1
2023,13121,1,1,1,4232.0,773.0,4676.0,332.0,13121|1|1|1
2023,13021,2,2,1,82.0,50.0,83.0,27.0,13021|2|2|1
2023,21067,1,1,1,211.0,22.0,1870.0,113.0,21067|1|1|1
2022,48439,32,1,3,83.0,34.0,460.0,91.0,48439|32|1|3
2023,12031,2,2,1,421.0,236.0,1143.0,481.0,12031|2|2|1
2023,39089,1,1,1,97.0,10.0,1609.0,165.0,39089|1|1|1
2023,39061,2,2,1,510.0,282.0,1575.0,520.0,39061|2|2|1
2023,39061,32,1,1,456.0,202.0,1103.0,307.0,39061|32|1|1
2023,42133,1,1,1,407.0,88.0,4086.0,428.0,42133|1|1|1
2023,42003,32,1,1,233.0,103.0,1413.0,405.0,42003|32|1|1
2023,48029,1,1,1,2222.0,486.0,17311.0,2825.0,48029|1|1|1
2023,48135,1,1,1,98.0,30.0,2737.0,1064.0,48135|1|1|1
2024,12081,1,1,1,427.0,111.0,5938.0,711.0,12081|1|1|1
2024,12117,31,1,1,59.0,15.0,413.0,103.0,12117|31|1|1
2023,42003,4,1,1,122.0,71.0,1073.0,369.0,42003|4|1|1
2023,48241,1,1,1,64.0,43.0,429.0,204.0,48241|1|1|1
2023,51760,2,2,1,111.0,72.0,253.0,99.0,51760|2|2|1
2025,36027,2,2,1,87.0,48.0,800.0,239.0,36027|2|2|1
2025,36005,31,1,1,79.0,27.0,62.0,20.0,36005|31|1|1
2025,36081,32,1,1,394.0,141.0,414.0,112.0,36081|32|1|1
2025,55025,4,2,1,73.0,26.0,1542.0,297.0,55025|4|2|1
2019,01129,1,1,1,32.0,27.0,104.0,29.0,01129|1|1|1
2019,01101,1,1,3,42.0,13.0,132.0,10.0,01101|1|1|3
2019,01097,2,2,1,96.0,70.0,403.0,175.0,01097|2|2|1
2020,01005,1,1,1,95.0,64.0,117.0,21.0,01005|1|1|1
2020,25025,31,1,1,830.0,205.0,7858.0,676.0,25025|31|1|1
2020,25013,1,1,1,415.0,50.0,4279.0,378.0,25013|1|1|1
2021,28087,1,1,1,286.0,118.0,515.0,38.0,28087|1|1|1
2021,28153,1,1,1,136.0,84.0,143.0,57.0,28153|1|1|1
2022,01073,1,1,1,2485.0,485.0,5056.0,450.0,01073|1|1|1
2023,18057,1,1,1,215.0,41.0,4274.0,184.0,18057|1|1|1
2023,18089,1,1,1,848.0,164.0,3559.0,219.0,18089|1|1|1
2022,45019,31,1,1,113.0,41.0,963.0,139.0,45019|31|1|1
2022,45017,1,1,1,92.0,60.0,102.0,22.0,45017|1|1|1
2022,45055,32,1,1,104.0,41.0,304.0,73.0,45055|32|1|1
2024,18097,32,1,1,787.0,327.0,1696.0,491.0,18097|32|1|1
2024,36047,1,1,1,769.0,166.0,2991.0,426.0,36047|1|1|1
2024,36119,4,2,1,137.0,86.0,695.0,323.0,36119|4|2|1
2023,33011,1,1,1,91.0,7.0,2897.0,217.0,33011|1|1|1
2024,24017,1,1,1,1476.0,176.0,657.0,45.0,24017|1|1|1
2024,42101,2,2,1,1408.0,837.0,1244.0,469.0,42101|2|2|1
2024,42049,1,1,1,102.0,17.0,1722.0,217.0,42049|1|1|1
2025,10001,32,1,1,171.0,70.0,406.0,134.0,10001|32|1|1
2025,24017,31,1,1,471.0,114.0,218.0,30.0,24017|31|1|1
2025,24033,2,2,1,1452.0,768.0,327.0,167.0,24033|2|2|1
2025,24510,1,2,1,216.0,43.0,101.0,23.0,24510|1|2|1
2018,18057,1,1,1,263.0,40.0,6286.0,366.0,18057|1|1|1
2018,25025,1,1,1,446.0,89.0,4063.0,261.0,25025|1|1|1
2018,34005,1,2,1,25.0,5.0,112.0,31.0,34005|1|2|1
2018,34015,32,1,1,85.0,46.0,841.0,293.0,34015|32|1|1
2018,34023,1,1,1,591.0,103.0,4225.0,440.0,34023|1|1|1
2018,45041,31,1,1,71.0,36.0,223.0,55.0,45041|31|1|1
2021,45003,1,1,1,774.0,272.0,2655.0,344.0,45003|1|1|1
2021,45085,1,1,1,788.0,290.0,1071.0,105.0,45085|1|1|1
2021,45025,1,1,1,249.0,144.0,410.0,138.0,45025|1|1|1
2023,72031,1,1,1,83.0,25.0,772.0,138.0,72031|1|1|1
2023,45023,1,1,1,167.0,66.0,323.0,70.0,45023|1|1|1
2023,45083,4,2,1,139.0,67.0,758.0,301.0,45083|4|2|1
2025,27053,1,1,1,1091.0,156.0,9418.0,373.0,27053|1|1|1
2025,27123,32,1,1,55.0,28.0,443.0,125.0,27123|32|1|1
2025,47113,32,1,1,102.0,56.0,161.0,59.0,47113|32|1|1
2019,19103,1,1,1,77.0,9.0,1911.0,75.0,19103|1|1|1
2024,37159,31,1,1,50.0,13.0,254.0,47.0,37159|31|1|1
2024,37019,1,1,1,230.0,103.0,3102.0,389.0,37019|1|1|1
2024,48245,32,1,1,79.0,39.0,119.0,36.0,48245|32|1|1
2025,06067,1,2,1,79.0,17.0,253.0,53.0,06067|1|2|1
2025,06067,2,1,1,27.0,16.0,303.0,91.0,06067|2|1|1
2025,12131,1,1,1,61.0,24.0,1454.0,298.0,12131|1|1|1
2025,12031,32,1,3,120.0,47.0,270.0,71.0,12031|32|1|3
2025,13179,32,1,1,149.0,59.0,117.0,42.0,13179|32|1|1
2024,37067,31,2,1,103.0,35.0,332.0,85.0,37067|31|2|1
2024,48439,1,1,3,121.0,16.0,620.0,75.0,48439|1|1|3
2024,48139,32,1,1,76.0,43.0,369.0,102.0,48139|32|1|1
2024,48029,1,2,1,53.0,18.0,500.0,119.0,48029|1|2|1
2024,55025,4,2,1,71.0,33.0,1620.0,292.0,55025|4|2|1
2025,12079,1,1,1,81.0,68.0,117.0,40.0,12079|1|1|1
2025,13073,32,1,1,130.0,47.0,343.0,101.0,13073|32|1|1
2025,37081,1,2,1,173.0,19.0,196.0,33.0,37081|1|2|1
2025,37139,1,1,1,181.0,65.0,459.0,50.0,37139|1|1|1
2025,32003,4,2,1,522.0,278.0,3620.0,1524.0,32003|4|2|1
2025,39151,31,1,1,53.0,13.0,1039.0,190.0,39151|31|1|1
2025,39049,32,1,1,638.0,256.0,2017.0,547.0,39049|32|1|1
2025,45063,32,1,1,142.0,54.0,773.0,190.0,45063|32|1|1
2025,45019,31,1,1,83.0,27.0,986.0,157.0,45019|31|1|1
2025,45083,1,1,1,935.0,267.0,5230.0,743.0,45083|1|1|1
2025,45045,2,2,1,114.0,64.0,985.0,277.0,45045|2|2|1
2025,48121,31,1,1,242.0,98.0,1709.0,403.0,48121|31|1|1
2025,48141,1,1,1,355.0,41.0,6334.0,730.0,48141|1|1|1
2025,51095,1,1,1,66.0,11.0,787.0,43.0,51095|1|1|1
2025,51089,1,1,1,74.0,26.0,295.0,57.0,51089|1|1|1
2018,34023,32,1,1,218.0,94.0,1585.0,499.0,34023|32|1|1
2018,13223,32,1,1,245.0,121.0,920.0,265.0,13223|32|1|1
2018,13063,1,1,3,64.0,17.0,44.0,6.0,13063|1|1|3
2018,13021,32,1,1,120.0,86.0,174.0,57.0,13021|32|1|1
2018,13021,2,1,1,58.0,47.0,71.0,31.0,13021|2|1|1
2018,26045,1,1,1,88.0,26.0,1520.0,196.0,26045|1|1|1
2018,26099,4,2,1,81.0,49.0,1837.0,776.0,26099|4|2|1
2018,26161,2,2,1,39.0,20.0,686.0,195.0,26161|2|2|1
2018,37051,4,1,1,54.0,29.0,114.0,51.0,37051|4|1|1
2019,24033,2,1,1,288.0,187.0,138.0,73.0,24033|2|1|1
2019,37185,1,1,1,51.0,26.0,90.0,16.0,37185|1|1|1
2019,37089,1,1,1,26.0,1.0,1699.0,165.0,37089|1|1|1
2020,05007,1,1,1,105.0,7.0,5625.0,398.0,05007|1|1|1
2020,05119,1,1,3,48.0,9.0,437.0,19.0,05119|1|1|3
2020,05085,1,1,1,99.0,32.0,1510.0,186.0,05085|1|1|1
2020,17031,1,1,3,275.0,72.0,1663.0,257.0,17031|1|1|3
2019,49035,2,2,1,30.0,13.0,3976.0,1146.0,49035|2|2|1
2020,13067,32,1,1,1048.0,282.0,4525.0,597.0,13067|32|1|1
2020,13047,1,1,1,45.0,9.0,1128.0,149.0,13047|1|1|1
2020,13153,2,2,1,41.0,27.0,144.0,56.0,13153|2|2|1
2020,17163,4,1,1,27.0,22.0,118.0,52.0,17163|4|1|1
2020,27141,1,1,1,67.0,7.0,1833.0,96.0,27141|1|1|1
2021,05119,1,2,1,98.0,19.0,86.0,15.0,05119|1|2|1
2021,18097,2,1,1,173.0,96.0,505.0,179.0,18097|2|1|1
2021,18067,1,1,1,67.0,19.0,1245.0,121.0,18067|1|1|1
2021,18063,1,1,1,653.0,96.0,2555.0,118.0,18063|1|1|1
2020,39061,32,1,1,346.0,124.0,3966.0,581.0,39061|32|1|1
2020,45051,1,1,2,111.0,18.0,2683.0,287.0,45051|1|1|2
2022,05031,1,1,1,135.0,27.0,1264.0,152.0,05031|1|1|1
2022,37049,32,1,1,89.0,42.0,425.0,108.0,37049|32|1|1
2022,37033,1,1,1,47.0,18.0,161.0,26.0,37033|1|1|1
2022,47157,2,2,1,1259.0,595.0,789.0,279.0,47157|2|2|1
2022,47125,31,1,1,121.0,47.0,561.0,127.0,47125|31|1|1
2022,53033,1,1,1,835.0,96.0,11888.0,665.0,53033|1|1|1
2022,37131,1,1,1,96.0,54.0,63.0,13.0,37131|1|1|1
2022,37183,1,2,1,78.0,33.0,293.0,93.0,37183|1|2|1
2023,25009,32,1,1,49.0,26.0,681.0,191.0,25009|32|1|1
2023,24031,2,2,1,442.0,254.0,1216.0,434.0,24031|2|2|1
2023,37051,4,1,1,74.0,46.0,116.0,55.0,37051|4|1|1
2023,37163,1,1,1,168.0,87.0,393.0,95.0,37163|1|1|1
2023,37025,32,1,1,127.0,56.0,404.0,95.0,37025|32|1|1
2023,37001,31,1,1,57.0,16.0,180.0,43.0,37001|31|1|1
2024,45007,1,1,1,308.0,117.0,2352.0,393.0,45007|1|1|1
2024,51179,32,1,1,142.0,57.0,246.0,64.0,51179|32|1|1
2024,51760,4,1,1,32.0,19.0,54.0,21.0,51760|4|1|1
2024,51087,2,2,1,202.0,84.0,534.0,145.0,51087|2|2|1
2024,51810,2,2,1,196.0,89.0,1011.0,283.0,51810|2|2|1
2025,22097,1,1,1,489.0,314.0,460.0,147.0,22097|1|1|1
2025,28035,1,1,1,190.0,82.0,550.0,111.0,28035|1|1|1
2025,28029,1,1,1,131.0,75.0,119.0,37.0,28029|1|1|1
2024,45055,1,1,1,392.0,102.0,735.0,111.0,45055|1|1|1
2025,28159,1,1,1,62.0,29.0,76.0,20.0,28159|1|1|1
2025,55079,32,1,1,537.0,277.0,1411.0,417.0,55079|32|1|1
2025,36063,1,1,1,86.0,14.0,1542.0,175.0,36063|1|1|1
2018,47187,1,1,1,118.0,23.0,4228.0,270.0,47187|1|1|1
2019,01101,32,1,1,298.0,202.0,290.0,76.0,01101|32|1|1
2019,01091,1,1,1,95.0,49.0,88.0,18.0,01091|1|1|1
2020,01069,32,1,1,34.0,15.0,348.0,60.0,01069|32|1|1
2021,22001,1,1,1,114.0,77.0,521.0,154.0,22001|1|1|1
2021,28029,1,1,1,161.0,96.0,118.0,36.0,28029|1|1|1
2021,28133,31,1,1,90.0,21.0,106.0,18.0,28133|31|1|1
2021,22051,2,1,1,27.0,18.0,154.0,47.0,22051|2|1|1
2022,17163,2,2,1,79.0,55.0,323.0,129.0,17163|2|2|1
2022,17197,1,2,1,40.0,12.0,162.0,41.0,17197|1|2|1
2022,34013,4,1,1,71.0,51.0,158.0,65.0,34013|4|1|1
2022,34015,4,2,1,72.0,49.0,788.0,350.0,34015|4|2|1
2023,06029,1,1,1,255.0,55.0,4702.0,597.0,06029|1|1|1
2023,06059,31,1,1,25.0,11.0,905.0,189.0,06059|31|1|1
2022,45073,1,1,1,59.0,21.0,1097.0,186.0,45073|1|1|1
2022,45041,32,1,1,202.0,108.0,258.0,66.0,45041|32|1|1
2023,06095,31,1,1,26.0,11.0,98.0,33.0,06095|31|1|1
2024,01089,4,1,1,53.0,34.0,196.0,57.0,01089|4|1|1
2024,01101,4,1,1,92.0,67.0,48.0,17.0,01101|4|1|1
2024,28005,1,1,1,93.0,69.0,66.0,26.0,28005|1|1|1
2024,28151,1,1,1,130.0,57.0,76.0,21.0,28151|1|1|1
2024,31055,32,1,1,124.0,52.0,786.0,214.0,31055|32|1|1
2024,36047,2,2,1,498.0,354.0,603.0,321.0,36047|2|2|1
2023,44007,2,2,1,320.0,199.0,1969.0,780.0,44007|2|2|1
2024,01097,32,1,1,375.0,181.0,550.0,201.0,01097|32|1|1
2024,24003,2,2,1,283.0,147.0,1258.0,403.0,24003|2|2|1
2024,24033,32,1,3,143.0,62.0,61.0,23.0,24033|32|1|3
2024,36047,1,2,1,44.0,30.0,114.0,46.0,36047|1|2|1
2024,42103,1,1,1,41.0,9.0,595.0,60.0,42103|1|1|1
2025,42079,1,1,1,191.0,31.0,1926.0,197.0,42079|1|1|1
2025,24027,1,1,1,440.0,60.0,1271.0,68.0,24027|1|1|1
2018,25025,4,2,1,205.0,132.0,641.0,277.0,25025|4|2|1
2018,28101,1,1,1,64.0,37.0,114.0,25.0,28101|1|1|1
2019,22067,1,1,1,60.0,26.0,118.0,35.0,22067|1|1|1
2019,22071,32,1,1,526.0,233.0,639.0,157.0,22071|32|1|1
2019,22119,1,1,1,101.0,49.0,263.0,92.0,22119|1|1|1
2020,05043,1,1,1,49.0,26.0,107.0,38.0,05043|1|1|1
2021,45051,31,1,1,305.0,73.0,6127.0,879.0,45051|31|1|1
2022,25005,4,2,1,91.0,59.0,1313.0,438.0,25005|4|2|1
2023,05103,1,1,1,97.0,57.0,149.0,51.0,05103|1|1|1
2023,72025,1,1,1,60.0,10.0,759.0,125.0,72025|1|1|1
2023,45051,31,1,1,32.0,11.0,354.0,99.0,45051|31|1|1
2023,45019,2,2,1,104.0,60.0,1165.0,381.0,45019|2|2|1
2023,53053,2,2,1,210.0,117.0,2270.0,702.0,53053|2|2|1
2025,18127,1,1,1,104.0,22.0,1847.0,149.0,18127|1|1|1
2025,25017,2,2,1,164.0,83.0,2842.0,724.0,25017|2|2|1
2025,47165,32,1,1,60.0,26.0,645.0,173.0,47165|32|1|1
2019,45051,1,1,2,70.0,14.0,2182.0,211.0,45051|1|1|2
2018,01089,2,2,1,116.0,62.0,544.0,161.0,01089|2|2|1
2018,01081,32,1,1,116.0,61.0,383.0,144.0,01081|32|1|1
2018,12111,32,1,1,326.0,172.0,1499.0,478.0,12111|32|1|1
2018,47037,32,1,1,1123.0,408.0,2586.0,631.0,47037|32|1|1
2018,12099,4,2,1,239.0,188.0,2384.0,1482.0,12099|4|2|1
2018,12105,4,2,1,129.0,101.0,979.0,641.0,12105|4|2|1
2018,21117,1,1,1,64.0,14.0,2665.0,243.0,21117|1|1|1
2018,24027,31,1,1,211.0,72.0,647.0,128.0,24027|31|1|1
2018,24005,31,2,1,84.0,51.0,617.0,174.0,24005|31|2|1
2018,36029,2,1,1,133.0,93.0,941.0,359.0,36029|2|1|1
2018,36029,31,1,1,117.0,61.0,2679.0,584.0,36029|31|1|1
2018,39061,2,1,1,154.0,87.0,471.0,174.0,39061|2|1|1
2018,42069,1,1,1,39.0,8.0,1501.0,169.0,42069|1|1|1
2018,48349,1,1,1,27.0,12.0,459.0,127.0,48349|1|1|1
2019,04013,4,1,1,74.0,43.0,2684.0,1100.0,04013|4|1|1
2019,04021,31,1,1,228.0,51.0,4248.0,683.0,04021|31|1|1
2018,32003,32,1,1,1299.0,468.0,9990.0,2546.0,32003|32|1|1
2019,06073,31,1,1,1148.0,176.0,25431.0,3117.0,06073|31|1|1
2019,06073,32,1,1,861.0,291.0,16627.0,3078.0,06073|32|1|1
2019,12103,4,2,1,112.0,75.0,2267.0,1158.0,12103|4|2|1
2019,13175,1,1,1,111.0,48.0,305.0,86.0,13175|1|1|1
2019,13089,1,1,3,131.0,31.0,273.0,25.0,13089|1|1|3
2019,13305,1,1,1,48.0,20.0,298.0,96.0,13305|1|1|1
2019,17091,1,1,1,101.0,19.0,1128.0,145.0,17091|1|1|1
2019,29183,1,1,1,346.0,48.0,6559.0,335.0,29183|1|1|1
2019,36079,1,1,1,39.0,4.0,870.0,74.0,36079|1|1|1
2019,48401,1,1,1,53.0,33.0,532.0,132.0,48401|1|1|1
2019,51107,32,1,1,155.0,48.0,1530.0,273.0,51107|32|1|1
2019,51069,1,1,1,81.0,9.0,1521.0,109.0,51069|1|1|1
2019,25023,31,1,1,356.0,110.0,4603.0,620.0,25023|31|1|1
2019,25025,1,2,1,32.0,18.0,205.0,59.0,25025|1|2|1
2019,26081,2,2,1,104.0,48.0,1903.0,469.0,26081|2|2|1
2019,36047,31,2,1,125.0,89.0,453.0,203.0,36047|31|2|1
2019,42043,2,2,1,64.0,38.0,675.0,188.0,42043|2|2|1
2019,51630,1,1,1,36.0,3.0,233.0,11.0,51630|1|1|1
2020,12057,1,1,1,3520.0,596.0,19522.0,2234.0,12057|1|1|1
2020,12103,31,1,1,534.0,155.0,13220.0,2142.0,12103|31|1|1
2020,18067,1,1,1,59.0,8.0,1310.0,149.0,18067|1|1|1
2020,26163,32,1,3,48.0,27.0,250.0,44.0,26163|32|1|3
2020,37035,32,1,1,25.0,8.0,861.0,145.0,37035|32|1|1
2020,42091,32,1,1,216.0,72.0,4881.0,561.0,42091|32|1|1
2020,42049,1,1,1,77.0,17.0,2454.0,259.0,42049|1|1|1
2020,48257,32,1,1,40.0,14.0,589.0,92.0,48257|32|1|1
2020,06077,2,2,1,35.0,23.0,330.0,152.0,06077|2|2|1
2020,24005,4,1,1,97.0,70.0,285.0,118.0,24005|4|1|1
2020,37015,1,1,1,78.0,42.0,57.0,9.0,37015|1|1|1
2020,34035,1,1,1,329.0,37.0,2534.0,173.0,34035|1|1|1
2020,34003,32,1,1,151.0,49.0,3382.0,579.0,34003|32|1|1
2020,34023,2,2,1,80.0,50.0,558.0,277.0,34023|2|2|1
2020,36083,1,1,1,70.0,4.0,1420.0,142.0,36083|1|1|1
2020,48231,1,1,1,124.0,33.0,1707.0,377.0,48231|1|1|1
2020,51107,1,1,1,462.0,58.0,4742.0,199.0,51107|1|1|1
2020,51760,32,1,1,221.0,85.0,761.0,101.0,51760|32|1|1
2020,51177,32,1,1,132.0,49.0,916.0,132.0,51177|32|1|1
2021,12035,1,1,1,255.0,50.0,2862.0,365.0,12035|1|1|1
2021,12105,1,1,2,163.0,28.0,1022.0,124.0,12105|1|1|2
2021,13067,31,1,1,3296.0,624.0,9227.0,978.0,13067|31|1|1
2021,13013,1,1,1,294.0,51.0,1410.0,102.0,13013|1|1|1
2021,26125,1,1,1,1917.0,414.0,15397.0,1470.0,26125|1|1|1
2021,26121,1,1,1,190.0,57.0,2290.0,285.0,26121|1|1|1
2021,29095,2,1,1,154.0,113.0,375.0,146.0,29095|2|1|1
2021,37051,1,1,1,1974.0,334.0,3223.0,271.0,37051|1|1|1
2021,37019,32,1,1,53.0,20.0,1237.0,203.0,37019|32|1|1
2021,37051,32,1,1,510.0,222.0,779.0,207.0,37051|32|1|1
2021,06115,1,1,1,117.0,21.0,967.0,97.0,06115|1|1|1
2021,12057,4,2,1,222.0,158.0,1577.0,782.0,12057|4|2|1
2021,39035,2,1,3,46.0,36.0,77.0,26.0,39035|2|1|3
2021,39155,1,1,1,130.0,20.0,2033.0,204.0,39155|1|1|1
2021,39049,32,1,3,129.0,37.0,622.0,97.0,39049|32|1|3
2021,51550,32,1,1,628.0,173.0,1937.0,299.0,51550|32|1|1
2021,51059,32,1,1,667.0,136.0,6199.0,616.0,51059|32|1|1
2021,51059,1,1,1,1123.0,92.0,9454.0,361.0,51059|1|1|1
2022,06073,4,2,1,244.0,132.0,4460.0,2143.0,06073|4|2|1
2022,06013,1,2,1,63.0,9.0,320.0,59.0,06013|1|2|1
2022,06065,1,1,3,57.0,9.0,1280.0,171.0,06065|1|1|3
2022,12055,1,1,1,116.0,30.0,1103.0,206.0,12055|1|1|1
2022,12111,31,1,1,216.0,91.0,825.0,223.0,12111|31|1|1
2022,26125,4,2,1,330.0,147.0,2629.0,850.0,26125|4|2|1
2021,39095,2,1,1,61.0,47.0,311.0,136.0,39095|2|1|1
2021,42045,2,2,1,219.0,131.0,1086.0,366.0,42045|2|2|1
2021,48339,32,1,1,95.0,38.0,3488.0,653.0,48339|32|1|1
2021,51700,2,2,1,59.0,32.0,127.0,33.0,51700|2|2|1
2022,06037,31,2,1,152.0,80.0,1611.0,647.0,06037|31|2|1
2022,13135,2,2,1,840.0,485.0,1248.0,533.0,13135|2|2|1
2022,24510,4,1,1,166.0,116.0,72.0,29.0,24510|4|1|1
2022,28101,1,1,1,56.0,29.0,122.0,31.0,28101|1|1|1
2022,39041,1,1,1,177.0,39.0,2694.0,151.0,39041|1|1|1
2022,42129,1,1,1,91.0,15.0,3347.0,245.0,42129|1|1|1
2022,42091,32,1,1,383.0,141.0,2715.0,586.0,42091|32|1|1
2022,42089,1,1,1,280.0,48.0,1350.0,167.0,42089|1|1|1
2022,42133,1,1,1,455.0,84.0,5168.0,455.0,42133|1|1|1
2022,48397,1,1,1,411.0,77.0,1864.0,166.0,48397|1|1|1
2022,48139,31,1,1,137.0,49.0,468.0,126.0,48139|31|1|1
2022,51770,1,1,1,152.0,31.0,736.0,73.0,51770|1|1|1
2022,51550,2,2,1,198.0,87.0,684.0,185.0,51550|2|2|1
2022,51550,4,2,1,197.0,110.0,534.0,201.0,51550|4|2|1
2023,12011,32,1,1,1108.0,562.0,2000.0,846.0,12011|32|1|1
2023,12103,1,1,1,331.0,71.0,7895.0,1087.0,12103|1|1|1
2023,12086,1,1,3,128.0,41.0,2229.0,519.0,12086|1|1|3
2022,36065,1,1,1,80.0,23.0,1756.0,240.0,36065|1|1|1
2023,12033,31,1,1,37.0,23.0,177.0,63.0,12033|31|1|1
2023,13185,31,1,1,25.0,10.0,107.0,15.0,13185|31|1|1
2023,39085,1,1,1,113.0,26.0,2208.0,174.0,39085|1|1|1
2023,39095,31,1,1,59.0,28.0,382.0,118.0,39095|31|1|1
2023,39035,2,1,1,417.0,320.0,763.0,340.0,39035|2|1|1
2023,48349,1,1,1,54.0,33.0,548.0,208.0,48349|1|1|1
2024,06077,31,1,1,86.0,18.0,438.0,109.0,06077|31|1|1
2024,12011,1,1,1,3665.0,983.0,11232.0,2030.0,12011|1|1|1
2024,12019,1,1,1,463.0,100.0,2334.0,255.0,12019|1|1|1
2024,12073,32,1,1,148.0,80.0,258.0,84.0,12073|32|1|1
2024,12069,32,1,1,164.0,81.0,889.0,290.0,12069|32|1|1
2024,12057,31,1,1,357.0,122.0,1338.0,383.0,12057|31|1|1
2024,13217,32,1,1,379.0,192.0,233.0,75.0,13217|32|1|1
2023,48039,4,2,1,101.0,77.0,317.0,202.0,48039|4|2|1
2023,55025,4,2,1,53.0,17.0,1807.0,261.0,55025|4|2|1
2024,12055,1,1,1,78.0,16.0,971.0,162.0,12055|1|1|1
2024,13245,2,1,1,50.0,31.0,44.0,25.0,13245|2|1|1
2024,26099,31,1,1,182.0,61.0,1457.0,292.0,26099|31|1|1
2024,37119,32,1,1,1191.0,459.0,1088.0,267.0,37119|32|1|1
2024,37195,32,1,1,94.0,44.0,116.0,33.0,37195|32|1|1
2024,37133,31,1,1,146.0,29.0,595.0,79.0,37133|31|1|1
2024,37191,31,1,1,65.0,16.0,163.0,35.0,37191|31|1|1
2024,37195,31,1,1,34.0,11.0,92.0,18.0,37195|31|1|1
2024,37109,1,1,1,76.0,15.0,1031.0,104.0,37109|1|1|1
2024,37021,1,1,1,67.0,31.0,2096.0,314.0,37021|1|1|1
2024,47187,1,1,1,65.0,9.0,2535.0,161.0,47187|1|1|1
2025,13103,1,1,1,206.0,60.0,813.0,91.0,13103|1|1|1
2025,13113,2,2,1,135.0,66.0,201.0,67.0,13113|2|2|1
2024,48215,1,1,1,70.0,13.0,5096.0,1271.0,48215|1|1|1
2024,48039,31,1,1,131.0,47.0,297.0,86.0,48039|31|1|1
2025,12033,31,1,1,94.0,29.0,518.0,165.0,12033|31|1|1
2025,12097,4,2,1,133.0,86.0,814.0,467.0,12097|4|2|1
2025,26121,1,1,1,124.0,34.0,1825.0,193.0,26121|1|1|1
2025,37135,32,1,1,51.0,22.0,177.0,40.0,37135|32|1|1
2025,37069,31,1,1,58.0,17.0,238.0,50.0,37069|31|1|1
2025,39113,4,1,1,86.0,48.0,413.0,152.0,39113|4|1|1
2025,39061,31,2,1,86.0,28.0,783.0,176.0,39061|31|2|1
2025,45079,1,1,1,2325.0,532.0,2457.0,161.0,45079|1|1|1
2025,45001,1,1,1,57.0,39.0,173.0,42.0,45001|1|1|1
2025,48201,31,1,3,204.0,75.0,540.0,163.0,48201|31|1|3
2025,48029,31,1,1,357.0,127.0,2579.0,827.0,48029|31|1|1
2025,48113,32,1,1,950.0,409.0,2319.0,696.0,48113|32|1|1
2025,51153,32,1,1,280.0,99.0,523.0,159.0,51153|32|1|1
2025,51650,31,1,1,212.0,29.0,247.0,45.0,51650|31|1|1
2018,13067,2,1,1,84.0,47.0,446.0,199.0,13067|2|1|1
2018,13217,32,1,1,255.0,153.0,274.0,83.0,13217|32|1|1
2018,17097,1,1,1,344.0,51.0,6980.0,648.0,17097|1|1|1
2018,17043,32,1,1,71.0,30.0,3100.0,753.0,17043|32|1|1
2018,17091,1,1,1,79.0,28.0,1130.0,141.0,17091|1|1|1
2018,26115,1,1,1,49.0,21.0,2186.0,338.0,26115|1|1|1
2018,26125,4,1,1,70.0,39.0,827.0,277.0,26125|4|1|1
2018,37057,1,1,1,128.0,21.0,1904.0,236.0,37057|1|1|1
2018,37127,31,1,1,82.0,33.0,208.0,55.0,37127|31|1|1
2018,37135,1,1,1,80.0,17.0,1359.0,74.0,37135|1|1|1
2018,51810,1,1,1,683.0,76.0,4727.0,243.0,51810|1|1|1
2018,51740,32,1,1,170.0,108.0,166.0,85.0,51740|32|1|1
2018,51117,1,1,1,40.0,14.0,190.0,29.0,51117|1|1|1
2018,51710,2,2,1,84.0,55.0,190.0,100.0,51710|2|2|1
2019,05139,1,1,1,111.0,57.0,321.0,69.0,05139|1|1|1
2019,05143,1,1,1,39.0,3.0,2962.0,283.0,05143|1|1|1
2019,27053,31,2,1,37.0,19.0,1108.0,302.0,27053|31|2|1
2019,27053,31,1,1,389.0,128.0,7850.0,930.0,27053|31|1|1
2019,05119,2,2,1,102.0,71.0,281.0,136.0,05119|2|2|1
2019,37179,1,1,1,378.0,75.0,3698.0,285.0,37179|1|1|1
2019,32003,31,1,1,1700.0,327.0,14421.0,2230.0,32003|31|1|1
2020,13089,1,2,1,241.0,40.0,174.0,23.0,13089|1|2|1
2020,13251,1,1,1,50.0,32.0,90.0,35.0,13251|1|1|1
2020,13223,32,1,1,208.0,76.0,1264.0,211.0,13223|32|1|1
2020,13051,4,2,1,39.0,25.0,239.0,98.0,13051|4|2|1
2020,17163,1,1,1,702.0,151.0,2781.0,263.0,17163|1|1|1
2020,27037,32,1,1,63.0,19.0,3901.0,451.0,27037|32|1|1
2020,39095,4,2,1,30.0,15.0,434.0,143.0,39095|4|2|1
2021,05125,1,1,1,343.0,58.0,2259.0,390.0,05125|1|1|1
2020,39035,2,2,1,217.0,154.0,1742.0,665.0,39035|2|2|1
2021,24027,1,1,1,1015.0,115.0,2123.0,90.0,24027|1|1|1
2022,05085,1,1,1,96.0,46.0,1142.0,175.0,05085|1|1|1
2022,37047,1,1,1,164.0,122.0,421.0,159.0,37047|1|1|1
2022,47165,1,1,1,193.0,28.0,2812.0,240.0,47165|1|1|1
2022,47157,31,1,1,743.0,317.0,1011.0,217.0,47157|31|1|1
2023,04013,1,1,3,107.0,24.0,1733.0,178.0,04013|1|1|3
2023,24027,1,1,1,605.0,105.0,1202.0,67.0,24027|1|1|1
2023,37023,1,1,1,40.0,17.0,763.0,138.0,37023|1|1|1
2023,37063,1,1,1,424.0,68.0,2059.0,89.0,37063|1|1|1
2023,37051,1,1,1,1339.0,263.0,2158.0,184.0,37051|1|1|1
2023,37135,1,1,1,113.0,22.0,839.0,58.0,37135|1|1|1
2023,36027,32,1,1,37.0,14.0,330.0,106.0,36027|32|1|1
2024,29189,2,1,1,129.0,95.0,310.0,121.0,29189|2|1|1
2024,29095,1,1,3,51.0,10.0,415.0,30.0,29095|1|1|3
2023,37051,1,2,1,70.0,7.0,77.0,8.0,37051|1|2|1
2024,25027,1,1,1,631.0,89.0,5150.0,359.0,25027|1|1|1
2024,34029,1,1,1,171.0,35.0,4945.0,450.0,34029|1|1|1
2024,39151,1,1,1,180.0,34.0,3254.0,268.0,39151|1|1|1
2024,39049,32,1,1,575.0,223.0,1867.0,515.0,39049|32|1|1
2024,51740,31,1,1,129.0,34.0,174.0,46.0,51740|31|1|1
2024,51109,1,1,1,50.0,23.0,473.0,45.0,51109|1|1|1
2025,22067,1,1,1,76.0,48.0,131.0,47.0,22067|1|1|1
2025,22103,1,1,1,472.0,146.0,2402.0,203.0,22103|1|1|1
2024,34005,2,1,1,50.0,29.0,229.0,90.0,34005|2|1|1
2025,17197,32,1,1,275.0,120.0,1295.0,333.0,17197|32|1|1
2025,22039,1,1,1,52.0,28.0,143.0,27.0,22039|1|1|1
2025,36029,32,1,1,168.0,56.0,1590.0,316.0,36029|32|1|1
2025,36047,32,1,3,176.0,56.0,353.0,73.0,36047|32|1|3
2019,01101,31,1,1,402.0,152.0,401.0,73.0,01101|31|1|1
2019,16027,1,1,1,28.0,5.0,4324.0,301.0,16027|1|1|1
2020,01107,1,1,1,102.0,63.0,105.0,36.0,01107|1|1|1
2020,35001,32,1,1,53.0,16.0,2838.0,493.0,35001|32|1|1
2021,28049,1,1,1,1159.0,289.0,828.0,83.0,28049|1|1|1
2021,28009,1,1,1,34.0,25.0,64.0,19.0,28009|1|1|1
2021,28147,1,1,1,117.0,87.0,99.0,35.0,28147|1|1|1
2022,34005,32,1,1,541.0,192.0,1661.0,393.0,34005|32|1|1
2022,34001,32,1,1,122.0,51.0,820.0,242.0,34001|32|1|1
2023,22051,4,2,1,81.0,59.0,300.0,152.0,22051|4|2|1
2023,22101,1,1,1,120.0,85.0,199.0,58.0,22101|1|1|1
2023,22085,1,1,1,46.0,39.0,265.0,127.0,22085|1|1|1
2022,45027,1,1,1,127.0,90.0,254.0,63.0,45027|1|1|1
2022,45075,32,1,1,125.0,61.0,101.0,24.0,45075|32|1|1
2023,22005,32,1,1,75.0,47.0,136.0,49.0,22005|32|1|1
2024,28159,1,1,1,67.0,41.0,87.0,24.0,28159|1|1|1
2024,28031,1,1,1,140.0,114.0,107.0,43.0,28031|1|1|1
2024,01001,1,1,1,196.0,63.0,648.0,105.0,01001|1|1|1
2025,42133,1,1,1,352.0,52.0,4273.0,439.0,42133|1|1|1
2025,42101,2,2,1,1260.0,711.0,1211.0,467.0,42101|2|2|1
2018,18003,2,2,1,25.0,14.0,441.0,166.0,18003|2|2|1
2018,18089,2,1,1,130.0,106.0,364.0,144.0,18089|2|1|1
2018,27141,1,1,1,49.0,14.0,1614.0,104.0,27141|1|1|1
2018,45007,31,1,1,42.0,24.0,488.0,137.0,45007|31|1|1
2018,45041,32,1,1,128.0,83.0,198.0,79.0,45041|32|1|1
2019,22019,1,1,1,420.0,117.0,2297.0,413.0,22019|1|1|1
2019,22111,1,1,1,55.0,38.0,218.0,68.0,22111|1|1|1
2021,11001,4,1,1,90.0,58.0,127.0,29.0,11001|4|1|1
2021,45077,1,1,1,110.0,33.0,1775.0,337.0,45077|1|1|1
2021,45023,1,1,1,127.0,71.0,304.0,87.0,45023|1|1|1
2021,45091,4,2,1,52.0,30.0,384.0,128.0,45091|4|2|1
2023,40109,1,1,1,655.0,169.0,5096.0,532.0,40109|1|1|1
2024,53011,1,1,1,134.0,19.0,3763.0,280.0,53011|1|1|1
2025,25025,1,1,1,479.0,86.0,2791.0,193.0,25025|1|1|1
2025,47093,1,1,1,230.0,55.0,5368.0,635.0,47093|1|1|1
2025,47167,1,1,1,75.0,32.0,526.0,45.0,47167|1|1|1
2025,47047,32,1,1,37.0,21.0,98.0,22.0,47047|32|1|1
2018,01101,4,1,1,52.0,35.0,60.0,23.0,01101|4|1|1
2018,01003,1,1,1,235.0,117.0,4464.0,701.0,01003|1|1|1
2018,01121,1,1,1,249.0,133.0,602.0,156.0,01121|1|1|1
2018,01099,1,1,1,68.0,43.0,119.0,28.0,01099|1|1|1
2018,06037,32,1,1,4741.0,1669.0,28244.0,6843.0,06037|32|1|1
2018,06075,1,1,1,31.0,4.0,2075.0,142.0,06075|1|1|1
2018,06097,1,1,1,26.0,7.0,2961.0,354.0,06097|1|1|1
2018,12101,32,1,1,126.0,64.0,2379.0,850.0,12101|32|1|1
2018,12083,31,1,1,81.0,40.0,827.0,325.0,12083|31|1|1
2018,39113,4,2,1,68.0,40.0,814.0,314.0,39113|4|2|1
2018,42045,4,1,1,82.0,60.0,358.0,167.0,42045|4|1|1
2018,42003,31,2,1,62.0,26.0,1790.0,356.0,42003|31|2|1
2018,48241,1,1,1,51.0,31.0,333.0,113.0,48241|1|1|1
2018,48303,1,1,1,113.0,28.0,3587.0,320.0,48303|1|1|1
2018,48439,2,2,1,319.0,254.0,2222.0,1203.0,48439|2|2|1
2019,04013,32,1,3,57.0,17.0,1582.0,335.0,04013|32|1|3
2019,12069,2,2,1,55.0,45.0,723.0,344.0,12069|2|2|1
2019,26161,1,1,1,354.0,149.0,3397.0,405.0,26161|1|1|1
2019,34013,32,1,1,601.0,274.0,1321.0,282.0,34013|32|1|1
2019,36001,1,1,1,185.0,29.0,2119.0,143.0,36001|1|1|1
2019,48213,1,1,1,64.0,30.0,1058.0,279.0,48213|1|1|1
2019,06071,4,2,1,154.0,106.0,1791.0,1077.0,06071|4|2|1
2019,36081,1,2,1,66.0,41.0,92.0,58.0,36081|1|2|1
2019,36047,32,1,1,1194.0,406.0,1895.0,402.0,36047|32|1|1
2019,39095,2,2,1,55.0,37.0,520.0,172.0,39095|2|2|1
2019,42101,32,1,1,1616.0,818.0,2455.0,623.0,42101|32|1|1
2019,48113,4,1,1,174.0,125.0,834.0,468.0,48113|4|1|1
2020,06037,1,2,1,208.0,44.0,1448.0,273.0,06037|1|2|1
2020,06107,1,1,1,29.0,0.0,3455.0,237.0,06107|1|1|1
2020,06001,32,1,3,174.0,51.0,433.0,83.0,06001|32|1|3
2020,12086,32,1,1,1030.0,384.0,8895.0,2206.0,12086|32|1|1
2020,12083,32,1,1,107.0,53.0,1846.0,455.0,12083|32|1|1
2020,22045,1,1,1,212.0,119.0,432.0,99.0,22045|1|1|1
2020,42003,1,1,1,900.0,153.0,11351.0,633.0,42003|1|1|1
2020,42101,2,1,3,95.0,63.0,64.0,29.0,42101|2|1|3
2020,42101,2,2,1,815.0,525.0,1179.0,510.0,42101|2|2|1
2020,12121,1,1,1,68.0,52.0,555.0,229.0,12121|1|1|1
2020,22051,4,1,1,40.0,32.0,209.0,72.0,22051|4|1|1
2020,24033,31,1,1,13310.0,3096.0,4591.0,688.0,24033|31|1|1
2020,26021,1,1,1,92.0,26.0,1783.0,199.0,26021|1|1|1
2020,36111,1,1,1,79.0,19.0,1372.0,214.0,36111|1|1|1
2020,48441,1,1,1,108.0,17.0,2049.0,229.0,48441|1|1|1
2021,06037,32,1,1,7612.0,1568.0,57138.0,7573.0,06037|32|1|1
2021,12071,31,1,1,657.0,173.0,10768.0,2006.0,12071|31|1|1
2021,12005,1,1,1,351.0,124.0,3754.0,654.0,12005|1|1|1
2021,17119,1,1,1,338.0,75.0,3930.0,294.0,17119|1|1|1
2021,37093,1,1,1,423.0,99.0,748.0,46.0,37093|1|1|1
2020,55079,2,1,1,89.0,65.0,470.0,142.0,55079|2|1|1
2021,06067,1,1,3,57.0,11.0,676.0,69.0,06067|1|1|3
2021,12071,2,2,1,65.0,47.0,1459.0,717.0,12071|2|2|1
2021,12011,32,2,1,54.0,26.0,201.0,45.0,12011|32|2|1
2021,13247,32,1,1,687.0,213.0,267.0,55.0,13247|32|1|1
2021,13069,1,1,1,117.0,75.0,357.0,133.0,13069|1|1|1
2021,13205,1,1,1,109.0,82.0,108.0,42.0,13205|1|1|1
2021,13087,1,1,1,123.0,74.0,188.0,54.0,13087|1|1|1
2021,25021,31,1,1,855.0,199.0,11760.0,893.0,25021|31|1|1
2021,29095,4,2,1,73.0,43.0,554.0,237.0,29095|4|2|1
2021,34005,2,2,1,108.0,67.0,792.0,325.0,34005|2|2|1
2021,36103,4,2,1,119.0,73.0,1833.0,791.0,36103|4|2|1
2021,36055,31,1,1,335.0,100.0,5639.0,619.0,36055|31|1|1
2021,36111,1,1,1,98.0,25.0,1474.0,162.0,36111|1|1|1
2021,42101,32,1,1,2358.0,904.0,3995.0,725.0,42101|32|1|1
2021,42003,31,2,1,60.0,23.0,1346.0,322.0,42003|31|2|1
2021,47187,1,1,1,94.0,14.0,4004.0,211.0,47187|1|1|1
2021,47093,31,1,1,300.0,59.0,6634.0,750.0,47093|31|1|1
2021,48471,1,1,1,125.0,70.0,612.0,138.0,48471|1|1|1
2021,48485,1,1,1,61.0,16.0,1288.0,94.0,48485|1|1|1
2021,48257,31,1,1,585.0,149.0,1893.0,325.0,48257|31|1|1
2021,51061,1,1,1,74.0,7.0,1086.0,60.0,51061|1|1|1
2022,19193,1,1,1,39.0,9.0,926.0,86.0,19193|1|1|1
2022,19113,1,2,1,79.0,1.0,727.0,5.0,19113|1|2|1
2021,42101,2,1,3,90.0,58.0,61.0,24.0,42101|2|1|3
2021,48215,1,1,1,69.0,15.0,5694.0,1145.0,48215|1|1|1
2022,12057,1,2,1,86.0,41.0,425.0,159.0,12057|1|2|1
2022,12086,4,2,1,309.0,215.0,3639.0,2230.0,12086|4|2|1
2022,13285,1,1,1,182.0,45.0,591.0,49.0,13285|1|1|1
2022,13059,1,1,1,88.0,24.0,676.0,45.0,13059|1|1|1
2022,13277,1,1,1,77.0,38.0,263.0,52.0,13277|1|1|1
2022,13151,4,1,1,84.0,64.0,49.0,22.0,13151|4|1|1
2022,24003,2,2,1,232.0,125.0,1593.0,590.0,24003|2|2|1
2022,28089,1,1,1,546.0,136.0,1172.0,64.0,28089|1|1|1
2022,28005,1,1,1,61.0,50.0,75.0,25.0,28005|1|1|1
2022,28089,32,1,1,122.0,65.0,215.0,56.0,28089|32|1|1
2022,36081,1,1,1,1097.0,219.0,3270.0,427.0,36081|1|1|1
2022,39151,32,1,1,82.0,39.0,1676.0,375.0,39151|32|1|1
2022,42043,1,1,1,401.0,76.0,2195.0,282.0,42043|1|1|1
2022,42089,32,1,1,248.0,121.0,910.0,256.0,42089|32|1|1
2022,48039,1,1,1,1253.0,268.0,3546.0,604.0,48039|1|1|1
2022,48491,31,1,1,87.0,32.0,1275.0,233.0,48491|31|1|1
2022,48157,2,2,1,232.0,169.0,610.0,316.0,48157|2|2|1
2022,51033,32,1,1,73.0,15.0,164.0,41.0,51033|32|1|1
2022,51710,2,2,1,127.0,74.0,238.0,66.0,51710|2|2|1
2023,01101,4,1,1,67.0,52.0,57.0,23.0,01101|4|1|1
2023,08031,31,1,1,40.0,15.0,331.0,89.0,08031|31|1|1
2023,13097,32,1,1,473.0,236.0,207.0,52.0,13097|32|1|1
2023,13051,4,2,1,164.0,112.0,412.0,198.0,13051|4|2|1
2023,13051,4,1,1,35.0,26.0,110.0,45.0,13051|4|1|1
2023,21111,4,1,1,75.0,50.0,390.0,135.0,21111|4|1|1
2023,21111,4,2,1,231.0,105.0,1261.0,482.0,21111|4|2|1
2022,36055,1,2,1,60.0,12.0,178.0,36.0,36055|1|2|1
2022,39061,2,1,1,145.0,80.0,412.0,157.0,39061|2|1|1
2023,12097,31,1,1,41.0,16.0,180.0,58.0,12097|31|1|1
2023,12057,2,2,1,634.0,364.0,3090.0,1401.0,12057|2|2|1
2023,12103,2,2,1,169.0,95.0,2691.0,1132.0,12103|2|2|1
2023,13217,32,1,1,405.0,182.0,196.0,61.0,13217|32|1|1
2023,26163,4,2,1,511.0,291.0,2218.0,890.0,26163|4|2|1
2023,29189,4,2,1,309.0,203.0,1646.0,601.0,29189|4|2|1
2023,39095,4,2,1,94.0,58.0,776.0,310.0,39095|4|2|1
2023,42043,4,1,1,26.0,13.0,228.0,100.0,42043|4|1|1
2023,48329,1,1,1,108.0,39.0,2950.0,712.0,48329|1|1|1
2023,51161,1,1,1,59.0,10.0,733.0,52.0,51161|1|1|1
2023,51053,1,1,1,56.0,15.0,229.0,24.0,51053|1|1|1
2023,51033,1,1,1,191.0,77.0,390.0,54.0,51033|1|1|1
2024,06037,1,1,3,150.0,45.0,1936.0,276.0,06037|1|1|3
2024,06065,32,1,3,31.0,10.0,469.0,124.0,06065|32|1|3
2024,12117,32,1,1,104.0,55.0,766.0,227.0,12117|32|1|1
2024,06037,4,2,1,1132.0,607.0,7799.0,3414.0,06037|4|2|1
2024,13189,1,1,1,64.0,22.0,139.0,17.0,13189|1|1|1
2018,01073,4,1,1,192.0,139.0,390.0,158.0,01073|4|1|1
2018,01117,4,2,1,48.0,33.0,479.0,218.0,01117|4|2|1
2018,06037,4,2,1,794.0,536.0,9969.0,5103.0,06037|4|2|1
2018,06071,32,1,3,71.0,20.0,860.0,194.0,06071|32|1|3
2018,06029,1,1,1,341.0,43.0,7616.0,704.0,06029|1|1|1
2018,08001,32,1,1,173.0,71.0,5362.0,1345.0,08001|32|1|1
2018,08101,1,1,1,47.0,12.0,2245.0,255.0,08101|1|1|1
2018,26121,32,1,1,48.0,31.0,846.0,190.0,26121|32|1|1
2018,24510,1,2,1,72.0,21.0,52.0,14.0,24510|1|2|1
2018,31109,1,1,1,66.0,8.0,3790.0,177.0,31109|1|1|1
2018,36005,1,1,1,621.0,139.0,1234.0,181.0,36005|1|1|1
2018,36047,1,1,3,66.0,16.0,535.0,93.0,36047|1|1|3
2018,48491,1,1,1,591.0,108.0,8638.0,795.0,48491|1|1|1
2018,48361,1,1,1,29.0,6.0,1051.0,259.0,48361|1|1|1
2018,48339,31,1,1,77.0,22.0,1218.0,351.0,48339|31|1|1
2018,48085,2,2,1,190.0,142.0,1701.0,822.0,48085|2|2|1
2019,12083,2,2,1,48.0,35.0,633.0,335.0,12083|2|2|1
2019,13135,31,2,1,51.0,20.0,257.0,83.0,13135|31|2|1
2019,13051,2,2,1,89.0,71.0,336.0,180.0,13051|2|2|1
2019,29047,32,1,1,49.0,20.0,1200.0,220.0,29047|32|1|1
2019,36063,1,1,1,83.0,9.0,1905.0,186.0,36063|1|1|1
2019,39139,1,1,1,33.0,4.0,1326.0,111.0,39139|1|1|1
2019,48201,1,1,1,6062.0,1155.0,33910.0,3539.0,48201|1|1|1
2019,48201,2,2,1,482.0,394.0,2538.0,1531.0,48201|2|2|1
2019,51001,1,1,1,58.0,24.0,255.0,41.0,51001|1|1|1
2019,11001,1,2,1,78.0,33.0,169.0,36.0,11001|1|2|1
2019,12086,1,1,1,1774.0,424.0,20273.0,3257.0,12086|1|1|1
2019,12089,1,1,1,124.0,41.0,1736.0,259.0,12089|1|1|1
2019,12061,32,1,1,40.0,20.0,816.0,240.0,12061|32|1|1
2019,12115,32,1,1,58.0,31.0,2221.0,638.0,12115|32|1|1
2019,26125,31,2,1,95.0,50.0,1174.0,354.0,26125|31|2|1
2019,48187,32,1,1,37.0,13.0,400.0,135.0,48187|32|1|1
2019,51041,4,1,1,30.0,15.0,183.0,65.0,51041|4|1|1
2020,37067,31,2,1,34.0,12.0,244.0,49.0,37067|31|2|1
2020,47037,1,2,1,55.0,11.0,201.0,48.0,47037|1|2|1
2020,48085,32,1,1,336.0,92.0,5264.0,623.0,48085|32|1|1
2020,48167,1,1,1,374.0,71.0,4669.0,463.0,48167|1|1|1
2020,12071,2,2,1,51.0,35.0,1016.0,500.0,12071|2|2|1
2020,12095,4,2,1,179.0,118.0,1352.0,707.0,12095|4|2|1
2020,18097,4,1,1,71.0,49.0,418.0,159.0,18097|4|1|1
2020,24005,1,1,1,2654.0,356.0,6061.0,389.0,24005|1|1|1
2020,24510,2,1,1,163.0,136.0,95.0,57.0,24510|2|1|1
2020,34013,1,1,3,80.0,31.0,267.0,62.0,34013|1|1|3
2020,36103,4,2,1,96.0,68.0,1942.0,930.0,36103|4|2|1
2020,47157,2,1,1,313.0,255.0,316.0,117.0,47157|2|1|1
2020,48041,1,1,1,195.0,99.0,2339.0,330.0,48041|1|1|1
2020,55079,4,1,1,57.0,44.0,385.0,122.0,55079|4|1|1
2021,13183,1,1,1,196.0,29.0,410.0,63.0,13183|1|1|1
2021,26099,4,2,1,59.0,35.0,1074.0,399.0,26099|4|2|1
2021,26145,32,1,1,82.0,33.0,1238.0,189.0,26145|32|1|1
2021,29095,1,1,3,60.0,8.0,773.0,35.0,29095|1|1|3
2021,37067,31,1,1,949.0,201.0,4427.0,496.0,37067|31|1|1
2021,37071,32,1,1,241.0,62.0,1914.0,327.0,37071|32|1|1
2021,37129,1,1,1,152.0,25.0,3686.0,200.0,37129|1|1|1
2021,04021,31,1,1,590.0,109.0,8926.0,1213.0,04021|31|1|1
2021,08005,4,2,1,129.0,63.0,1361.0,419.0,08005|4|2|1
2021,12057,2,1,1,130.0,77.0,912.0,362.0,12057|2|1|1
2021,25021,32,1,1,508.0,116.0,6335.0,608.0,25021|32|1|1
2021,34031,32,1,1,158.0,44.0,2063.0,367.0,34031|32|1|1
2021,34013,1,2,1,30.0,14.0,51.0,18.0,34013|1|2|1
2021,39133,1,1,1,98.0,22.0,1804.0,185.0,39133|1|1|1
2021,42133,32,1,1,119.0,50.0,2975.0,505.0,42133|32|1|1
2021,47011,1,1,1,64.0,11.0,1649.0,240.0,47011|1|1|1
2021,51760,32,1,1,423.0,117.0,991.0,109.0,51760|32|1|1
2021,55133,1,1,1,93.0,16.0,5554.0,290.0,55133|1|1|1
2021,55079,1,2,1,54.0,10.0,216.0,39.0,55079|1|2|1
2022,12103,1,1,1,399.0,106.0,9125.0,1198.0,12103|1|1|1
2022,12071,32,1,1,371.0,151.0,4698.0,1197.0,12071|32|1|1
2022,13223,32,1,1,594.0,188.0,1292.0,241.0,13223|32|1|1
2022,18097,1,2,1,203.0,28.0,387.0,55.0,18097|1|2|1
2021,42043,4,1,1,31.0,17.0,196.0,63.0,42043|4|1|1
2021,48085,32,1,1,616.0,135.0,7007.0,830.0,48085|32|1|1
2021,51087,2,1,1,50.0,28.0,121.0,42.0,51087|2|1|1
2022,12001,31,1,1,60.0,32.0,354.0,74.0,12001|31|1|1
2022,28007,1,1,1,77.0,48.0,75.0,26.0,28007|1|1|1
2022,42095,1,1,1,237.0,34.0,2502.0,199.0,42095|1|1|1
2022,42101,2,1,3,126.0,77.0,54.0,25.0,42101|2|1|3
2022,48201,31,2,1,71.0,35.0,392.0,170.0,48201|31|2|1
2022,51059,2,2,1,248.0,106.0,2261.0,611.0,51059|2|2|1
2022,51650,31,1,1,160.0,58.0,148.0,30.0,51650|31|1|1
2022,51033,1,1,1,148.0,38.0,461.0,60.0,51033|1|1|1
2023,01073,32,1,1,625.0,283.0,598.0,187.0,01073|32|1|1
2023,12053,1,1,1,213.0,69.0,2885.0,416.0,12053|1|1|1
2023,12009,31,1,1,54.0,19.0,434.0,150.0,12009|31|1|1
2023,12011,31,1,1,352.0,174.0,699.0,289.0,12011|31|1|1
2023,12001,1,1,1,371.0,150.0,1858.0,266.0,12001|1|1|1
2023,12009,2,1,1,40.0,27.0,484.0,191.0,12009|2|1|1
2023,13189,1,1,1,41.0,21.0,135.0,18.0,13189|1|1|1
2022,39113,1,1,3,66.0,12.0,387.0,36.0,39113|1|1|3
2022,48113,2,2,1,432.0,339.0,1564.0,820.0,48113|2|2|1
2023,12095,31,2,1,62.0,34.0,404.0,165.0,12095|31|2|1
2023,13021,31,1,1,35.0,17.0,52.0,10.0,13021|31|1|1
2023,29095,31,1,1,104.0,52.0,456.0,102.0,29095|31|1|1
2023,39049,32,1,1,597.0,258.0,1798.0,468.0,39049|32|1|1
2023,42003,31,2,1,55.0,25.0,1368.0,295.0,42003|31|2|1
2023,48099,1,1,1,157.0,25.0,652.0,117.0,48099|1|1|1
2023,51013,1,1,1,65.0,8.0,1005.0,32.0,51013|1|1|1
2023,51193,1,1,1,72.0,29.0,239.0,27.0,51193|1|1|1
2024,06039,1,1,1,43.0,7.0,1197.0,131.0,06039|1|1|1
2024,12069,2,2,1,69.0,40.0,735.0,319.0,12069|2|2|1
2024,13285,32,1,1,73.0,38.0,103.0,36.0,13285|32|1|1
2024,13151,31,1,1,441.0,132.0,131.0,26.0,13151|31|1|1
2024,17031,4,1,1,524.0,333.0,1392.0,619.0,17031|4|1|1
2024,17115,1,1,1,130.0,22.0,717.0,79.0,17115|1|1|1
2024,17197,4,1,1,33.0,22.0,341.0,142.0,17197|4|1|1
2023,39049,31,2,1,104.0,37.0,615.0,163.0,39049|31|2|1
2023,51087,2,1,1,45.0,31.0,82.0,26.0,51087|2|1|1
2024,06013,4,2,1,240.0,133.0,1249.0,518.0,06013|4|2|1
2024,12097,1,1,2,38.0,10.0,254.0,42.0,12097|1|1|2
2024,13245,31,1,1,145.0,36.0,120.0,24.0,13245|31|1|1
2024,13153,31,1,1,166.0,31.0,250.0,33.0,13153|31|1|1
2024,13097,4,1,1,35.0,21.0,43.0,19.0,13097|4|1|1
2024,47157,31,1,1,513.0,181.0,511.0,119.0,47157|31|1|1
2024,48485,1,1,1,58.0,16.0,916.0,91.0,48485|1|1|1
2024,48029,4,1,1,51.0,34.0,918.0,468.0,48029|4|1|1
2025,06037,4,1,1,133.0,61.0,1348.0,420.0,06037|4|1|1
2025,06107,1,1,1,42.0,6.0,2220.0,156.0,06107|1|1|1
2025,06059,32,1,1,49.0,11.0,2193.0,540.0,06059|32|1|1
2025,12021,1,1,1,181.0,43.0,3333.0,446.0,12021|1|1|1
2025,13067,32,1,3,65.0,23.0,92.0,19.0,13067|32|1|3
2024,32003,2,2,1,375.0,209.0,2545.0,1105.0,32003|2|2|1
2024,48005,1,1,1,96.0,52.0,748.0,241.0,48005|1|1|1
2024,48441,1,1,1,106.0,16.0,1465.0,258.0,48441|1|1|1
2024,48029,2,1,1,39.0,25.0,570.0,319.0,48029|2|1|1
2025,12011,1,1,2,51.0,17.0,438.0,78.0,12011|1|1|2
2025,12057,1,1,3,176.0,27.0,740.0,139.0,12057|1|1|3
2025,12129,1,1,1,136.0,40.0,516.0,72.0,12129|1|1|1
2025,12086,2,1,1,129.0,89.0,824.0,467.0,12086|2|1|1
2025,37119,1,2,1,304.0,68.0,457.0,70.0,37119|1|2|1
2025,37133,32,1,1,126.0,52.0,653.0,210.0,37133|32|1|1
2025,26075,1,1,1,86.0,18.0,1502.0,171.0,26075|1|1|1
2025,37051,31,1,1,553.0,124.0,747.0,123.0,37051|31|1|1
2025,39017,1,1,1,302.0,50.0,3152.0,251.0,39017|1|1|1
2025,45015,1,1,1,1121.0,328.0,3861.0,400.0,45015|1|1|1
2025,45027,1,1,1,120.0,72.0,231.0,44.0,45027|1|1|1
2025,45079,31,2,1,92.0,52.0,163.0,51.0,45079|31|2|1
2025,48241,1,1,1,75.0,59.0,437.0,198.0,48241|1|1|1
2018,13013,1,1,1,245.0,52.0,1498.0,143.0,13013|1|1|1
2018,17201,1,1,1,259.0,33.0,2972.0,227.0,17201|1|1|1
2018,37179,2,2,1,60.0,45.0,586.0,238.0,37179|2|2|1
2018,37057,31,1,1,38.0,15.0,554.0,127.0,37057|31|1|1
2018,37139,1,1,1,92.0,25.0,382.0,33.0,37139|1|1|1
2018,32003,1,1,2,159.0,25.0,1611.0,178.0,32003|1|1|2
2018,51800,2,2,1,53.0,40.0,100.0,42.0,51800|2|2|1
2019,05035,1,1,1,221.0,50.0,311.0,42.0,05035|1|1|1
2019,08041,4,2,1,108.0,57.0,2509.0,819.0,08041|4|2|1
2019,24510,4,1,1,182.0,139.0,97.0,47.0,24510|4|1|1
2019,24031,1,1,1,1660.0,185.0,6226.0,362.0,24031|1|1|1
2019,24017,32,1,1,560.0,249.0,471.0,125.0,24017|32|1|1
2019,37101,2,2,1,45.0,28.0,437.0,165.0,37101|2|2|1
2019,37025,2,2,1,78.0,49.0,473.0,199.0,37025|2|2|1
2019,37007,1,1,1,63.0,23.0,119.0,22.0,37007|1|1|1
2019,37057,1,1,1,137.0,15.0,1994.0,189.0,37057|1|1|1
2019,32003,1,1,2,150.0,18.0,1486.0,143.0,32003|1|1|2
2020,13217,31,1,1,777.0,204.0,800.0,137.0,13217|31|1|1
2020,17031,31,1,1,7101.0,1944.0,75528.0,7284.0,17031|31|1|1
2020,13021,2,1,1,50.0,44.0,57.0,33.0,13021|2|1|1
2020,17115,1,1,1,124.0,27.0,1131.0,96.0,17115|1|1|1
2021,18097,4,2,1,174.0,93.0,784.0,277.0,18097|4|2|1
2021,18003,1,1,1,437.0,80.0,5275.0,459.0,18003|1|1|1
2020,39061,31,1,1,1323.0,453.0,13236.0,1488.0,39061|31|1|1
2020,41005,1,1,1,71.0,11.0,5705.0,539.0,41005|1|1|1
2020,41051,32,1,1,175.0,44.0,5854.0,633.0,41051|32|1|1
2021,18091,1,1,1,96.0,27.0,1267.0,137.0,18091|1|1|1
2021,24033,31,1,1,13064.0,2914.0,4147.0,694.0,24033|31|1|1
2022,20173,1,1,1,318.0,74.0,5139.0,535.0,20173|1|1|1
2022,37139,1,1,1,173.0,65.0,494.0,55.0,37139|1|1|1
2022,35043,1,1,1,90.0,8.0,1947.0,205.0,35043|1|1|1
2022,47037,31,1,3,69.0,19.0,302.0,35.0,47037|31|1|3
2023,04021,1,2,1,29.0,7.0,310.0,77.0,04021|1|2|1
2023,25027,1,1,1,630.0,88.0,5155.0,409.0,25027|1|1|1
2023,24005,32,2,1,184.0,55.0,430.0,75.0,24005|32|2|1
2023,37093,32,1,1,84.0,33.0,96.0,37.0,37093|32|1|1
2023,37091,1,1,1,78.0,39.0,68.0,16.0,37091|1|1|1
2023,36047,1,1,3,53.0,9.0,338.0,59.0,36047|1|1|3
2023,36047,31,1,1,216.0,80.0,242.0,70.0,36047|31|1|1
2023,36119,2,2,1,184.0,125.0,1069.0,442.0,36119|2|2|1
2023,36047,2,1,1,112.0,79.0,165.0,102.0,36047|2|1|1
2023,36103,2,1,1,54.0,38.0,639.0,328.0,36103|2|1|1
2023,47187,32,1,1,32.0,11.0,362.0,96.0,47187|32|1|1
2024,25009,4,2,1,133.0,83.0,1618.0,653.0,25009|4|2|1
2024,25025,32,1,3,32.0,13.0,79.0,22.0,25025|32|1|3
2024,34017,2,2,1,69.0,50.0,304.0,165.0,34017|2|2|1
2024,34005,4,1,1,46.0,24.0,225.0,105.0,34005|4|1|1
2024,34005,2,2,1,253.0,128.0,1112.0,337.0,34005|2|2|1
2024,45019,31,1,1,83.0,26.0,582.0,101.0,45019|31|1|1
2024,51087,32,1,1,421.0,144.0,346.0,87.0,51087|32|1|1
2025,01117,32,1,1,126.0,53.0,475.0,120.0,01117|32|1|1
2025,01073,32,1,1,671.0,348.0,808.0,230.0,01073|32|1|1
2025,01097,32,1,1,321.0,157.0,598.0,193.0,01097|32|1|1
2025,22001,1,1,1,124.0,71.0,392.0,77.0,22001|1|1|1
2025,28047,32,1,1,123.0,60.0,391.0,152.0,28047|32|1|1
2025,28073,1,1,1,169.0,66.0,603.0,107.0,28073|1|1|1
2025,28049,1,1,3,52.0,17.0,109.0,17.0,28049|1|1|3
2025,01023,1,1,1,48.0,27.0,48.0,20.0,01023|1|1|1
2025,17031,31,2,1,205.0,100.0,1444.0,492.0,17031|31|2|1
2018,01097,31,1,1,288.0,147.0,830.0,262.0,01097|31|1|1
2018,01073,1,2,1,58.0,16.0,139.0,19.0,01073|1|2|1
2018,01101,4,2,1,57.0,45.0,74.0,44.0,01101|4|2|1
2018,01123,1,1,1,53.0,31.0,389.0,83.0,01123|1|1|1
2018,22051,32,1,1,272.0,164.0,1152.0,339.0,22051|32|1|1
2018,12097,2,2,1,74.0,59.0,463.0,304.0,12097|2|2|1
2018,29510,31,1,1,156.0,94.0,525.0,130.0,29510|31|1|1
2018,29510,1,1,3,26.0,12.0,333.0,35.0,29510|1|1|3
2018,39089,1,1,1,89.0,10.0,2362.0,228.0,39089|1|1|1
2018,42101,32,1,1,1637.0,919.0,1965.0,648.0,42101|32|1|1
2018,42089,1,1,1,337.0,82.0,1518.0,242.0,42089|1|1|1
2018,42091,1,1,1,627.0,87.0,7635.0,474.0,42091|1|1|1
2018,42091,4,2,1,104.0,65.0,1692.0,694.0,42091|4|2|1
2018,48121,32,1,1,289.0,96.0,3210.0,664.0,48121|32|1|1
2018,48187,1,1,1,261.0,41.0,2670.0,360.0,48187|1|1|1
2018,48039,31,1,1,169.0,62.0,565.0,158.0,48039|31|1|1
2018,55025,1,1,1,138.0,28.0,6578.0,302.0,55025|1|1|1
2018,04013,1,1,3,82.0,14.0,3393.0,341.0,04013|1|1|3
2019,12099,4,1,1,103.0,66.0,1515.0,862.0,12099|4|1|1
2019,12031,1,2,1,192.0,31.0,454.0,74.0,12031|1|2|1
2019,13151,32,1,1,802.0,371.0,739.0,211.0,13151|32|1|1
2019,21067,1,1,1,296.0,39.0,3464.0,191.0,21067|1|1|1
2019,26125,31,1,1,789.0,191.0,10495.0,1062.0,26125|31|1|1
2019,26163,4,1,1,462.0,340.0,1057.0,464.0,26163|4|1|1
2019,29510,4,1,1,66.0,53.0,85.0,49.0,29510|4|1|1
2019,39057,1,1,1,68.0,10.0,2137.0,124.0,39057|1|1|1
2019,39153,1,1,1,475.0,67.0,5800.0,317.0,39153|1|1|1
2019,39049,31,1,1,791.0,258.0,6131.0,907.0,39049|31|1|1
2019,48181,1,1,1,59.0,15.0,1784.0,261.0,48181|1|1|1
2019,51093,1,1,1,111.0,14.0,531.0,40.0,51093|1|1|1
2019,51031,1,1,1,74.0,22.0,540.0,74.0,51031|1|1|1
2019,12001,1,1,1,333.0,129.0,2659.0,305.0,12001|1|1|1
2019,12069,1,1,1,721.0,154.0,6082.0,685.0,12069|1|1|1
2019,12086,31,1,3,92.0,42.0,607.0,199.0,12086|31|1|3
2019,13285,1,1,1,141.0,25.0,626.0,55.0,13285|1|1|1
2019,17197,2,2,1,103.0,73.0,1075.0,482.0,17197|2|2|1
2019,25013,31,1,1,125.0,44.0,1872.0,385.0,25013|31|1|1
2019,26125,2,1,1,126.0,77.0,864.0,283.0,26125|2|1|1
2019,29095,1,2,1,66.0,16.0,241.0,41.0,29095|1|2|1
2019,36103,2,1,1,44.0,31.0,1000.0,512.0,36103|2|1|1
2019,36091,1,1,1,32.0,9.0,2653.0,287.0,36091|1|1|1
2019,36005,4,2,1,147.0,125.0,132.0,106.0,36005|4|2|1
2019,48439,31,1,3,45.0,17.0,290.0,40.0,48439|31|1|3
2019,51149,32,1,1,53.0,28.0,136.0,39.0,51149|32|1|1
2019,51009,1,1,1,51.0,12.0,263.0,28.0,51009|1|1|1
2020,12086,31,1,1,1962.0,727.0,22140.0,5389.0,12086|31|1|1
2020,12015,1,1,1,121.0,34.0,3873.0,473.0,12015|1|1|1
2020,12061,1,1,1,115.0,18.0,2532.0,247.0,12061|1|1|1
2020,18063,1,1,1,506.0,71.0,2992.0,154.0,18063|1|1|1
2020,22055,1,1,1,965.0,411.0,3333.0,424.0,22055|1|1|1
2020,22103,32,1,1,85.0,25.0,1672.0,251.0,22103|32|1|1
2020,26163,2,1,1,573.0,424.0,816.0,313.0,26163|2|1|1
2020,42069,1,1,1,62.0,12.0,1747.0,190.0,42069|1|1|1
2020,47037,1,1,1,1299.0,198.0,9479.0,708.0,47037|1|1|1
2019,55105,1,1,1,51.0,11.0,2050.0,158.0,55105|1|1|1
2020,06037,4,2,1,320.0,190.0,5058.0,2375.0,06037|4|2|1
2020,12001,32,1,1,88.0,38.0,969.0,183.0,12001|32|1|1
2020,29095,4,1,1,65.0,44.0,304.0,127.0,29095|4|1|1
2020,36103,31,1,1,741.0,177.0,15223.0,2116.0,36103|31|1|1
2020,48199,1,1,1,33.0,27.0,1052.0,368.0,48199|1|1|1
2021,06047,1,1,1,111.0,18.0,2154.0,222.0,06047|1|1|1
2021,08031,31,1,1,842.0,178.0,13166.0,1272.0,08031|31|1|1
2021,12103,31,1,1,540.0,132.0,11587.0,1921.0,12103|31|1|1
2021,12105,32,1,1,598.0,246.0,4553.0,949.0,12105|32|1|1
2021,12071,32,1,1,321.0,100.0,6832.0,1337.0,12071|32|1|1
2021,13089,2,2,1,545.0,365.0,711.0,257.0,13089|2|2|1
2021,19113,1,1,1,210.0,35.0,3768.0,236.0,19113|1|1|1
2021,17111,1,1,1,124.0,19.0,5471.0,342.0,17111|1|1|1
2021,37051,1,2,1,81.0,8.0,67.0,5.0,37051|1|2|1
2021,37119,4,1,1,105.0,59.0,420.0,128.0,37119|4|1|1
2021,37021,32,1,1,65.0,18.0,2280.0,339.0,37021|32|1|1
2020,48067,1,1,1,92.0,68.0,318.0,129.0,48067|1|1|1
2020,48113,31,2,1,42.0,24.0,429.0,139.0,48113|31|2|1
2021,04013,1,1,1,3076.0,444.0,56536.0,4553.0,04013|1|1|1
2021,12097,4,2,1,51.0,33.0,328.0,202.0,12097|4|2|1
2021,12086,1,1,3,138.0,37.0,3038.0,503.0,12086|1|1|3
2021,12011,31,2,1,54.0,30.0,374.0,161.0,12011|31|2|1
2021,13095,32,1,1,110.0,51.0,104.0,23.0,13095|32|1|1
2021,25025,1,2,1,51.0,26.0,180.0,38.0,25025|1|2|1
2021,34015,32,1,1,191.0,56.0,2459.0,387.0,34015|32|1|1
2021,34031,2,2,1,37.0,25.0,459.0,228.0,34031|2|2|1
2021,36059,1,1,1,1530.0,205.0,7902.0,611.0,36059|1|1|1
2021,42043,31,1,1,330.0,75.0,3024.0,425.0,42043|31|1|1
2021,42011,32,1,1,82.0,28.0,2663.0,450.0,42011|32|1|1
2021,48423,1,1,1,481.0,223.0,2980.0,518.0,48423|1|1|1
2021,51041,1,1,1,1861.0,194.0,4732.0,204.0,51041|1|1|1
2022,06037,2,2,1,1317.0,670.0,10958.0,4723.0,06037|2|2|1
2022,06037,31,1,1,1644.0,484.0,13207.0,2640.0,06037|31|1|1
2022,06037,4,1,1,180.0,105.0,1856.0,580.0,06037|4|1|1
2022,12053,1,1,1,234.0,55.0,3373.0,502.0,12053|1|1|1
2022,13073,32,1,1,313.0,108.0,667.0,181.0,13073|32|1|1
2022,18157,1,1,1,63.0,11.0,1834.0,119.0,18157|1|1|1
2022,26045,1,1,1,98.0,38.0,1334.0,199.0,26045|1|1|1
2022,26099,1,1,1,1552.0,381.0,8557.0,1011.0,26099|1|1|1
2021,36081,32,1,3,120.0,41.0,270.0,70.0,36081|32|1|3
2021,39113,4,1,1,84.0,47.0,410.0,135.0,39113|4|1|1
2021,39003,1,1,1,84.0,12.0,1188.0,116.0,39003|1|1|1
2021,42017,2,2,1,66.0,39.0,2133.0,607.0,42017|2|2|1
2022,13081,1,1,1,66.0,45.0,127.0,47.0,13081|1|1|1
2022,13131,1,1,1,79.0,52.0,185.0,75.0,13131|1|1|1
2022,13105,1,1,1,39.0,18.0,144.0,32.0,13105|1|1|1
2022,24027,1,1,1,896.0,150.0,1605.0,95.0,24027|1|1|1
2022,28047,32,1,1,196.0,114.0,686.0,230.0,28047|32|1|1
2022,36047,4,2,1,282.0,198.0,416.0,197.0,36047|4|2|1
2022,48201,31,1,1,1482.0,598.0,6209.0,1741.0,48201|31|1|1
2022,51107,4,2,1,100.0,50.0,874.0,304.0,51107|4|2|1
2023,01097,4,2,1,172.0,98.0,705.0,294.0,01097|4|2|1
2023,12101,1,1,1,1093.0,185.0,8452.0,1129.0,12101|1|1|1
2023,13223,32,1,1,272.0,122.0,550.0,128.0,13223|32|1|1
2023,13067,32,1,1,804.0,332.0,922.0,221.0,13067|32|1|1
2023,21015,1,1,1,81.0,16.0,1489.0,215.0,21015|1|1|1
2022,36119,31,1,1,170.0,47.0,1444.0,237.0,36119|31|1|1
2022,36055,2,1,1,131.0,90.0,629.0,199.0,36055|2|1|1
2022,39113,4,1,1,79.0,39.0,401.0,145.0,39113|4|1|1
2023,12081,32,1,1,81.0,43.0,689.0,240.0,12081|32|1|1
2023,12117,4,2,1,114.0,67.0,1258.0,649.0,12117|4|2|1
2023,12033,32,1,1,195.0,87.0,578.0,210.0,12033|32|1|1
2023,26021,32,1,1,31.0,14.0,348.0,126.0,26021|32|1|1
2023,34005,1,1,1,782.0,123.0,2904.0,204.0,34005|1|1|1
2023,34039,1,1,1,586.0,102.0,2187.0,208.0,34039|1|1|1
2023,34005,4,2,1,196.0,130.0,1006.0,468.0,34005|4|2|1
2023,39155,1,1,1,70.0,16.0,1512.0,197.0,39155|1|1|1
2023,51680,32,1,1,46.0,18.0,78.0,22.0,51680|32|1|1
2024,06071,31,1,1,236.0,66.0,1702.0,446.0,06071|31|1|1
2024,12001,1,1,1,347.0,117.0,1689.0,214.0,12001|1|1|1
2024,12039,1,1,1,246.0,163.0,170.0,40.0,12039|1|1|1
2024,13127,32,1,1,66.0,30.0,154.0,47.0,13127|32|1|1
2024,13121,31,1,1,631.0,238.0,566.0,115.0,13121|31|1|1
2023,48029,2,2,1,149.0,101.0,1325.0,807.0,48029|2|2|1
2024,06067,2,1,1,32.0,17.0,279.0,118.0,06067|2|1|1
2018,12009,2,1,1,44.0,28.0,737.0,365.0,12009|2|1|1
2018,13121,32,1,1,1637.0,809.0,2083.0,516.0,13121|32|1|1
2018,12095,1,1,3,75.0,13.0,793.0,131.0,12095|1|1|3
2018,12031,2,2,1,218.0,145.0,1106.0,495.0,12031|2|2|1
2018,12009,4,2,1,70.0,45.0,1033.0,542.0,12009|4|2|1
2018,21029,1,1,1,33.0,11.0,1688.0,359.0,21029|1|1|1
2018,21093,32,1,1,81.0,40.0,342.0,98.0,21093|32|1|1
2018,24045,1,1,1,194.0,34.0,801.0,78.0,24045|1|1|1
2018,42011,32,1,1,47.0,30.0,1017.0,344.0,42011|32|1|1
2018,42017,2,2,1,38.0,20.0,2208.0,770.0,42017|2|2|1
2018,48329,1,1,1,113.0,38.0,3245.0,619.0,48329|1|1|1
2019,12031,31,1,1,968.0,294.0,3389.0,644.0,12031|31|1|1
2019,13205,1,1,1,76.0,61.0,96.0,47.0,13205|1|1|1
2019,29189,32,1,1,507.0,248.0,4222.0,601.0,29189|32|1|1
2019,36001,2,2,1,49.0,34.0,782.0,269.0,36001|2|2|1
2019,39095,32,1,1,89.0,49.0,940.0,239.0,39095|32|1|1
2019,42091,31,1,1,310.0,89.0,4885.0,763.0,42091|31|1|1
2019,42003,4,1,1,120.0,80.0,1135.0,412.0,42003|4|1|1
2019,51137,1,1,1,97.0,25.0,573.0,52.0,51137|1|1|1
2019,51177,1,1,1,503.0,89.0,1860.0,164.0,51177|1|1|1
2019,51510,1,1,1,117.0,7.0,1408.0,49.0,51510|1|1|1
2019,51041,4,2,1,157.0,104.0,639.0,305.0,51041|4|2|1
2019,06065,1,2,1,192.0,27.0,2016.0,212.0,06065|1|2|1
2019,10003,1,1,1,1671.0,255.0,4600.0,308.0,10003|1|1|1
2019,12111,31,1,1,333.0,123.0,1544.0,373.0,12111|31|1|1
2019,12081,1,1,1,320.0,45.0,6231.0,668.0,12081|1|1|1
2019,12061,1,1,1,86.0,17.0,2345.0,228.0,12061|1|1|1
2019,12111,1,1,3,43.0,9.0,211.0,30.0,12111|1|1|3
2019,17031,2,2,1,1071.0,854.0,4822.0,2373.0,17031|2|2|1
2019,25017,2,2,1,184.0,113.0,3557.0,1183.0,25017|2|2|1
2019,25023,32,1,1,304.0,130.0,3512.0,625.0,25023|32|1|1
2019,25025,32,1,3,99.0,35.0,391.0,68.0,25025|32|1|3
2019,26049,2,1,1,63.0,43.0,268.0,88.0,26049|2|1|1
2019,39153,4,1,1,38.0,26.0,687.0,240.0,39153|4|1|1
2019,39061,2,1,1,129.0,90.0,517.0,217.0,39061|2|1|1
2019,48381,1,1,1,47.0,4.0,2156.0,155.0,48381|1|1|1
2020,12105,32,1,1,230.0,77.0,2627.0,546.0,12105|32|1|1
2020,22011,1,1,1,49.0,27.0,635.0,225.0,22011|1|1|1
2020,22017,32,1,1,122.0,52.0,519.0,95.0,22017|32|1|1
2020,26163,31,1,1,2146.0,557.0,18537.0,1970.0,26163|31|1|1
2020,37021,32,1,1,40.0,11.0,1792.0,260.0,37021|32|1|1
2020,37067,4,2,1,70.0,37.0,514.0,135.0,37067|4|2|1
2020,48157,2,1,1,68.0,48.0,180.0,79.0,48157|2|1|1
2020,48121,32,2,1,29.0,2.0,230.0,51.0,48121|32|2|1
2020,48121,32,1,1,293.0,87.0,4936.0,588.0,48121|32|1|1
2019,53033,1,2,1,96.0,20.0,915.0,149.0,53033|1|2|1
2020,12099,2,2,1,155.0,115.0,2034.0,1079.0,12099|2|2|1
2020,18097,2,2,1,233.0,108.0,1093.0,339.0,18097|2|2|1
2020,24009,32,1,1,40.0,13.0,702.0,107.0,24009|32|1|1
2020,24510,31,1,1,1613.0,533.0,3750.0,455.0,24510|31|1|1
2020,24033,1,1,3,134.0,36.0,91.0,11.0,24033|1|1|3
2020,24003,1,2,1,83.0,17.0,257.0,43.0,24003|1|2|1
2020,24011,1,1,1,43.0,6.0,391.0,50.0,24011|1|1|1
2020,26125,2,1,1,100.0,50.0,826.0,201.0,26125|2|1|1
2020,37133,31,1,1,446.0,94.0,2754.0,481.0,37133|31|1|1
2020,37051,1,2,1,52.0,14.0,64.0,6.0,37051|1|2|1
2020,36059,2,2,1,282.0,216.0,2048.0,1134.0,36059|2|2|1
2021,06075,1,1,1,75.0,10.0,2811.0,120.0,06075|1|1|1
2021,08031,1,1,1,451.0,45.0,9924.0,419.0,08031|1|1|1
2021,12113,1,1,1,230.0,40.0,4138.0,468.0,12113|1|1|1
2021,12099,1,1,1,3072.0,584.0,17614.0,1807.0,12099|1|1|1
2021,26163,32,1,1,1603.0,514.0,8824.0,1133.0,26163|32|1|1
2021,37063,1,1,1,677.0,96.0,3233.0,111.0,37063|1|1|1
2021,37129,32,1,1,141.0,50.0,2065.0,297.0,37129|32|1|1
2021,37153,1,1,1,176.0,83.0,328.0,80.0,37153|1|1|1
2020,51550,4,2,1,51.0,33.0,207.0,90.0,51550|4|2|1
2020,55133,1,1,1,80.0,7.0,5887.0,296.0,55133|1|1|1
2021,12095,32,1,3,98.0,34.0,458.0,87.0,12095|32|1|3
2021,13107,1,1,1,69.0,50.0,123.0,50.0,13107|1|1|1
2021,37063,2,1,1,59.0,25.0,119.0,36.0,37063|2|1|1
2021,37063,31,2,1,46.0,18.0,118.0,26.0,37063|31|2|1
2021,36085,1,1,1,213.0,41.0,2517.0,202.0,36085|1|1|1
2021,39085,1,1,1,246.0,36.0,3542.0,164.0,39085|1|1|1
2021,42091,32,1,1,474.0,135.0,6926.0,840.0,42091|32|1|1
2021,47157,31,2,1,45.0,24.0,151.0,44.0,47157|31|2|1
2021,48361,1,1,1,39.0,6.0,1178.0,284.0,48361|1|1|1
2021,51137,1,1,1,110.0,19.0,674.0,55.0,51137|1|1|1
2022,06059,32,1,1,162.0,51.0,6591.0,1146.0,06059|32|1|1
2022,06019,32,1,1,230.0,74.0,2867.0,642.0,06019|32|1|1
2022,12099,31,1,3,55.0,22.0,159.0,43.0,12099|31|1|3
2022,12015,1,1,1,115.0,33.0,3394.0,499.0,12015|1|1|1
2022,12011,1,1,3,276.0,90.0,1880.0,350.0,12011|1|1|3
2022,12083,1,1,2,37.0,5.0,382.0,56.0,12083|1|1|2
2022,13177,1,1,1,144.0,30.0,288.0,35.0,13177|1|1|1
2022,18097,32,1,3,90.0,32.0,284.0,50.0,18097|32|1|3
2021,39035,31,2,1,63.0,40.0,616.0,214.0,39035|31|2|1
2021,48423,32,1,1,80.0,34.0,854.0,180.0,48423|32|1|1
2021,48187,32,1,1,58.0,21.0,792.0,181.0,48187|32|1|1
2021,48113,1,2,1,183.0,29.0,718.0,93.0,48113|1|2|1
2022,12071,2,2,1,151.0,99.0,2512.0,1170.0,12071|2|2|1
2022,12099,31,2,1,62.0,39.0,742.0,255.0,12099|31|2|1
2022,13027,1,1,1,48.0,29.0,101.0,32.0,13027|1|1|1
2022,13135,4,2,1,720.0,409.0,1053.0,511.0,13135|4|2|1
2022,13247,4,2,1,152.0,89.0,36.0,17.0,13247|4|2|1
2022,18003,31,1,1,85.0,40.0,971.0,186.0,18003|31|1|1
2022,28153,1,1,1,126.0,101.0,148.0,65.0,28153|1|1|1
2022,28079,1,1,1,84.0,63.0,92.0,23.0,28079|1|1|1
2022,36119,32,1,1,298.0,113.0,1494.0,325.0,36119|32|1|1
2022,36071,4,2,1,93.0,62.0,526.0,245.0,36071|4|2|1
2022,36103,1,2,1,56.0,21.0,244.0,82.0,36103|1|2|1
2022,42095,32,1,1,100.0,43.0,1207.0,311.0,42095|32|1|1
2022,42069,1,1,1,104.0,30.0,1526.0,182.0,42069|1|1|1
2022,42017,1,1,1,167.0,25.0,5354.0,365.0,42017|1|1|1
2022,51670,1,1,1,126.0,26.0,135.0,14.0,51670|1|1|1
2022,51760,4,2,1,76.0,49.0,207.0,73.0,51760|4|2|1
2022,51700,4,2,1,110.0,57.0,170.0,54.0,51700|4|2|1
2023,01055,1,1,1,96.0,28.0,937.0,203.0,01055|1|1|1
2023,12031,1,1,1,2648.0,655.0,7398.0,1071.0,12031|1|1|1
2023,12103,31,1,1,60.0,23.0,759.0,261.0,12103|31|1|1
2022,28133,31,1,1,68.0,10.0,45.0,4.0,28133|31|1|1
2022,39153,31,1,1,149.0,54.0,1848.0,333.0,39153|31|1|1
2022,48139,32,1,1,193.0,81.0,983.0,214.0,48139|32|1|1
2022,48121,4,2,1,191.0,132.0,1239.0,703.0,48121|4|2|1
2022,51199,1,1,1,130.0,18.0,700.0,41.0,51199|1|1|1
2023,29189,2,1,1,161.0,119.0,270.0,110.0,29189|2|1|1
2023,39023,1,1,1,96.0,23.0,1058.0,98.0,39023|1|1|1
2023,42101,1,1,1,2562.0,431.0,4910.0,315.0,42101|1|1|1
2023,42095,32,1,1,53.0,26.0,542.0,185.0,42095|32|1|1
2023,48439,4,1,1,139.0,93.0,717.0,336.0,48439|4|1|1
2023,48167,32,1,1,74.0,40.0,438.0,170.0,48167|32|1|1
2023,48157,4,1,1,89.0,62.0,193.0,111.0,48157|4|1|1
2023,48071,1,1,1,97.0,33.0,934.0,158.0,48071|1|1|1
2023,51179,32,1,1,117.0,50.0,219.0,58.0,51179|32|1|1
2023,51760,1,2,1,26.0,6.0,39.0,4.0,51760|1|2|1
2023,51199,1,1,1,98.0,17.0,581.0,31.0,51199|1|1|1
2023,51061,1,1,1,47.0,7.0,602.0,49.0,51061|1|1|1
2024,08001,32,1,1,61.0,24.0,1173.0,463.0,08001|32|1|1
2024,12073,1,1,1,583.0,209.0,1596.0,152.0,12073|1|1|1
2024,12111,1,1,1,1847.0,467.0,3955.0,583.0,12111|1|1|1
2024,13051,32,1,1,353.0,157.0,369.0,102.0,13051|32|1|1
2024,13067,1,1,1,1647.0,275.0,4389.0,319.0,13067|1|1|1
2023,51760,32,1,3,38.0,16.0,32.0,9.0,51760|32|1|3
2023,51041,4,2,1,321.0,194.0,860.0,388.0,51041|4|2|1
2025,55079,31,1,3,59.0,21.0,140.0,34.0,55079|31|1|3
2025,36055,1,2,1,30.0,12.0,137.0,30.0,36055|1|2|1
2018,47157,1,1,1,2542.0,437.0,5468.0,283.0,47157|1|1|1
2018,47047,32,1,1,29.0,20.0,120.0,47.0,47047|32|1|1
2018,53035,1,1,1,91.0,14.0,3450.0,263.0,53035|1|1|1
2019,40143,2,1,1,26.0,22.0,305.0,152.0,40143|2|1|1
2020,28065,1,1,1,161.0,111.0,61.0,26.0,28065|1|1|1
2021,27123,32,1,1,171.0,55.0,3489.0,365.0,27123|32|1|1
2022,17163,32,1,1,224.0,104.0,618.0,155.0,17163|32|1|1
2022,17197,4,2,1,135.0,83.0,1194.0,542.0,17197|4|2|1
2022,23005,1,1,1,115.0,13.0,2899.0,222.0,23005|1|1|1
2022,27053,1,1,1,1242.0,162.0,12092.0,476.0,27053|1|1|1
2022,34029,32,1,1,142.0,60.0,3220.0,702.0,34029|32|1|1
2022,34013,4,2,1,241.0,178.0,582.0,254.0,34013|4|2|1
2023,06065,1,1,1,1339.0,278.0,13227.0,1786.0,06065|1|1|1
2023,06073,1,1,1,594.0,101.0,10720.0,1254.0,06073|1|1|1
2022,45083,4,2,1,89.0,65.0,656.0,252.0,45083|4|2|1
2023,06013,2,2,1,181.0,98.0,1268.0,442.0,06013|2|2|1
2024,19049,1,1,1,103.0,23.0,1516.0,87.0,19049|1|1|1
2024,18089,4,2,1,138.0,73.0,975.0,386.0,18089|4|2|1
2024,28113,1,1,1,241.0,164.0,177.0,52.0,28113|1|1|1
2024,36029,4,2,1,88.0,54.0,1285.0,518.0,36029|4|2|1
2024,36119,31,1,1,57.0,19.0,398.0,88.0,36119|31|1|1
2024,42077,1,1,1,292.0,52.0,2276.0,208.0,42077|1|1|1
2024,42029,4,2,1,74.0,41.0,1549.0,560.0,42029|4|2|1
2025,42089,1,1,1,190.0,40.0,1062.0,124.0,42089|1|1|1
2025,42077,1,1,1,291.0,50.0,2151.0,219.0,42077|1|1|1
2025,24019,1,1,1,68.0,19.0,263.0,34.0,24019|1|1|1
2025,42091,31,2,1,80.0,28.0,1210.0,281.0,42091|31|2|1
2018,22033,31,1,1,300.0,138.0,686.0,143.0,22033|31|1|1
2018,25027,1,1,1,562.0,111.0,8665.0,785.0,25027|1|1|1
2018,34023,4,2,1,96.0,67.0,842.0,522.0,34023|4|2|1
2018,45045,4,2,1,82.0,52.0,844.0,359.0,45045|4|2|1
2018,45045,2,1,1,46.0,36.0,340.0,136.0,45045|2|1|1
2019,22007,1,1,1,43.0,27.0,146.0,45.0,22007|1|1|1
2020,05119,4,2,1,72.0,44.0,266.0,97.0,05119|4|2|1
2021,45091,32,1,1,452.0,128.0,3399.0,350.0,45091|32|1|1
2021,45079,31,2,1,79.0,25.0,159.0,20.0,45079|31|2|1
2022,25023,2,2,1,346.0,213.0,2941.0,885.0,25023|2|2|1
2023,05069,1,1,1,248.0,74.0,251.0,85.0,05069|1|1|1
2023,45079,2,1,1,99.0,57.0,104.0,45.0,45079|2|1|1
2023,53035,1,1,1,85.0,13.0,2169.0,148.0,53035|1|1|1
2025,18097,1,1,1,1940.0,400.0,6780.0,699.0,18097|1|1|1
2025,18089,32,1,1,337.0,161.0,1045.0,287.0,18089|32|1|1
2025,25009,4,2,1,112.0,69.0,1501.0,572.0,25009|4|2|1
2025,25005,31,1,1,113.0,34.0,1102.0,167.0,25005|31|1|1
2024,37179,1,1,1,286.0,64.0,2177.0,195.0,37179|1|1|1
2024,37183,31,1,1,324.0,114.0,1208.0,186.0,37183|31|1|1
2024,37183,4,2,1,657.0,349.0,2361.0,788.0,37183|4|2|1
2024,37127,31,1,1,72.0,18.0,128.0,25.0,37127|31|1|1
2024,37035,1,1,1,121.0,29.0,1664.0,178.0,37035|1|1|1
2024,47037,1,2,1,77.0,8.0,254.0,62.0,47037|1|2|1
2025,06071,1,1,3,40.0,8.0,745.0,108.0,06071|1|1|3
2025,12023,1,1,1,83.0,44.0,613.0,178.0,12023|1|1|1
2025,12109,32,1,1,68.0,34.0,677.0,207.0,12109|32|1|1
2024,47097,1,1,1,49.0,25.0,130.0,27.0,47097|1|1|1
2024,48157,1,1,1,2489.0,501.0,4774.0,601.0,48157|1|1|1
2025,12113,32,1,1,47.0,22.0,585.0,176.0,12113|32|1|1
2025,37125,1,1,1,85.0,32.0,1484.0,110.0,37125|1|1|1
2025,37089,1,1,1,26.0,7.0,1371.0,199.0,37089|1|1|1
2025,37129,31,1,1,29.0,8.0,535.0,82.0,37129|31|1|1
2025,37065,31,1,1,31.0,12.0,52.0,12.0,37065|31|1|1
2025,39151,32,1,1,74.0,33.0,1047.0,288.0,39151|32|1|1
2025,45017,1,1,1,81.0,47.0,102.0,17.0,45017|1|1|1
2025,48209,1,1,1,224.0,48.0,3702.0,457.0,48209|1|1|1
2025,48423,1,1,1,369.0,218.0,2384.0,507.0,48423|1|1|1
2025,51107,4,2,1,120.0,51.0,794.0,264.0,51107|4|2|1
2025,51740,4,2,1,103.0,51.0,98.0,42.0,51740|4|2|1
2018,22033,32,1,1,466.0,250.0,802.0,209.0,22033|32|1|1
2018,27123,32,1,1,97.0,42.0,1404.0,323.0,27123|32|1|1
2018,13115,1,1,1,61.0,19.0,956.0,150.0,13115|1|1|1
2018,13063,31,1,1,513.0,243.0,80.0,27.0,13063|31|1|1
2018,13121,31,2,1,90.0,51.0,549.0,133.0,13121|31|2|1
2018,18089,4,1,1,76.0,63.0,361.0,178.0,18089|4|1|1
2018,17031,4,1,3,73.0,45.0,216.0,90.0,17031|4|1|3
2018,26049,1,1,1,336.0,81.0,4398.0,497.0,26049|1|1|1
2018,37081,1,2,1,77.0,15.0,116.0,20.0,37081|1|2|1
2018,37127,1,1,1,363.0,71.0,640.0,75.0,37127|1|1|1
2018,37133,32,1,1,106.0,57.0,408.0,185.0,37133|32|1|1
2019,08001,4,2,1,44.0,22.0,1865.0,763.0,08001|4|2|1
2019,24009,1,1,1,161.0,22.0,1247.0,66.0,24009|1|1|1
2019,27123,1,1,1,358.0,60.0,4554.0,201.0,27123|1|1|1
2019,37067,4,2,1,104.0,54.0,629.0,226.0,37067|4|2|1
2019,08041,32,1,1,425.0,163.0,6325.0,1249.0,08041|32|1|1
2019,32003,1,2,1,155.0,24.0,1058.0,163.0,32003|1|2|1
2020,17043,32,1,1,80.0,28.0,4942.0,618.0,17043|32|1|1
2020,13013,1,1,1,266.0,58.0,1569.0,113.0,13013|1|1|1
2020,13073,1,1,1,736.0,72.0,2660.0,139.0,13073|1|1|1
2020,13245,1,1,3,54.0,19.0,129.0,19.0,13245|1|1|3
2020,45091,31,1,1,727.0,147.0,6334.0,692.0,45091|31|1|1
2020,45029,1,1,1,264.0,201.0,425.0,157.0,45029|1|1|1
2020,45019,4,2,1,33.0,19.0,661.0,209.0,45019|4|2|1
2021,24003,31,1,1,2569.0,429.0,11933.0,1209.0,24003|31|1|1
2021,24017,1,1,1,2592.0,260.0,998.0,64.0,24017|1|1|1
2022,29183,32,1,1,115.0,45.0,2142.0,386.0,29183|32|1|1
2022,37183,31,1,1,918.0,226.0,2908.0,357.0,37183|31|1|1
2022,47047,1,1,1,220.0,55.0,532.0,44.0,47047|1|1|1
2022,47047,32,1,1,62.0,25.0,184.0,43.0,47047|32|1|1
2022,47125,32,1,1,473.0,164.0,1268.0,320.0,47125|32|1|1
2022,47157,2,1,1,550.0,367.0,282.0,103.0,47157|2|1|1
2023,37047,1,1,1,140.0,94.0,357.0,128.0,37047|1|1|1
2023,36071,2,2,1,200.0,123.0,822.0,384.0,36071|2|2|1
2023,47093,1,1,1,241.0,54.0,5081.0,639.0,47093|1|1|1
2024,29019,1,1,1,113.0,17.0,1410.0,92.0,29019|1|1|1
2024,25027,4,2,1,110.0,72.0,1675.0,643.0,25027|4|2|1
2024,39035,2,2,1,723.0,453.0,2323.0,806.0,39035|2|2|1
2024,39133,1,1,1,52.0,14.0,1269.0,141.0,39133|1|1|1
2024,45083,31,1,1,92.0,26.0,446.0,103.0,45083|31|1|1
2024,45053,1,1,1,199.0,141.0,787.0,85.0,45053|1|1|1
2024,51800,32,1,1,174.0,77.0,138.0,36.0,51800|32|1|1
2024,51061,1,1,1,34.0,4.0,611.0,35.0,51061|1|1|1
2025,01089,1,2,1,110.0,23.0,191.0,15.0,01089|1|2|1
2025,21029,1,1,1,60.0,16.0,1205.0,189.0,21029|1|1|1
2025,28095,1,1,1,150.0,92.0,245.0,61.0,28095|1|1|1
2025,17113,1,1,1,98.0,21.0,1391.0,96.0,17113|1|1|1
2025,28089,4,2,1,97.0,50.0,271.0,91.0,28089|4|2|1
2025,55101,32,1,1,39.0,13.0,593.0,167.0,55101|32|1|1
2025,36047,2,1,1,108.0,72.0,172.0,98.0,36047|2|1|1
2025,36055,31,2,1,74.0,30.0,680.0,127.0,36055|31|2|1
2025,36079,1,1,1,43.0,4.0,689.0,73.0,36079|1|1|1
2025,41005,1,1,1,96.0,20.0,2954.0,269.0,41005|1|1|1
2018,05057,1,1,1,49.0,31.0,133.0,42.0,05057|1|1|1
2018,44007,1,1,1,569.0,102.0,5559.0,555.0,44007|1|1|1
2018,34029,1,1,1,211.0,31.0,7345.0,691.0,34029|1|1|1
2019,40109,32,1,1,298.0,158.0,1605.0,470.0,40109|32|1|1
2020,28111,1,1,1,35.0,26.0,125.0,56.0,28111|1|1|1
2020,28123,1,1,1,154.0,99.0,136.0,44.0,28123|1|1|1
2020,28163,1,1,1,89.0,49.0,82.0,27.0,28163|1|1|1
2020,01097,2,1,1,57.0,43.0,198.0,77.0,01097|2|1|1
2020,25025,32,1,1,641.0,179.0,2619.0,320.0,25025|32|1|1
2020,25009,4,2,1,35.0,22.0,925.0,406.0,25009|4|2|1
2021,27053,1,1,1,1576.0,181.0,15368.0,494.0,27053|1|1|1
2021,28081,1,1,1,386.0,147.0,1003.0,155.0,28081|1|1|1
2021,28037,1,1,1,50.0,33.0,41.0,14.0,28037|1|1|1
2021,28089,4,2,1,29.0,12.0,237.0,38.0,28089|4|2|1
2021,22033,2,1,1,41.0,27.0,85.0,20.0,22033|2|1|1
2022,27003,32,1,1,99.0,44.0,1555.0,305.0,27003|32|1|1
2022,17037,1,1,1,66.0,10.0,1051.0,101.0,17037|1|1|1
2022,17097,32,1,1,146.0,59.0,1791.0,407.0,17097|32|1|1
2022,27123,1,2,1,48.0,6.0,273.0,33.0,27123|1|2|1
2022,34039,1,1,1,843.0,151.0,2878.0,278.0,34039|1|1|1
2022,34005,2,1,1,43.0,24.0,276.0,106.0,34005|2|1|1
2023,06071,32,1,3,36.0,16.0,355.0,87.0,06071|32|1|3
2023,06037,2,2,1,1299.0,698.0,9428.0,4118.0,06037|2|2|1
2022,34013,31,1,3,39.0,20.0,256.0,58.0,34013|31|1|3
2022,45087,1,1,1,56.0,32.0,206.0,75.0,45087|1|1|1
2023,06013,31,1,1,46.0,16.0,391.0,76.0,06013|31|1|1
2023,06067,2,2,1,278.0,121.0,1739.0,599.0,06067|2|2|1
2024,01097,4,2,1,220.0,153.0,652.0,264.0,01097|4|2|1
2024,01097,4,1,1,89.0,63.0,218.0,89.0,01097|4|1|1
2024,01097,31,1,1,198.0,65.0,416.0,89.0,01097|31|1|1
2024,01069,1,1,1,193.0,62.0,969.0,164.0,01069|1|1|1
2024,18003,32,1,1,124.0,52.0,961.0,265.0,18003|32|1|1
2024,28049,1,1,1,894.0,297.0,494.0,50.0,28049|1|1|1
2024,28049,31,1,1,226.0,86.0,156.0,26.0,28049|31|1|1
2024,24003,1,1,1,1136.0,164.0,3975.0,225.0,24003|1|1|1
2024,24025,1,1,1,472.0,65.0,1981.0,136.0,24025|1|1|1
2025,42045,32,1,1,319.0,146.0,763.0,202.0,42045|32|1|1
2025,10005,32,1,1,90.0,43.0,632.0,172.0,10005|32|1|1
2025,10003,2,1,1,62.0,31.0,293.0,82.0,10003|2|1|1
2025,42045,1,1,3,42.0,10.0,176.0,13.0,42045|1|1|3
2025,53053,32,1,1,215.0,92.0,1521.0,392.0,53053|32|1|1
2018,25017,32,1,1,183.0,73.0,5136.0,1019.0,25017|32|1|1
2018,27053,1,2,1,122.0,26.0,810.0,94.0,27053|1|2|1
2018,27123,1,2,1,54.0,9.0,333.0,35.0,27123|1|2|1
2018,34001,1,1,1,224.0,49.0,2277.0,240.0,34001|1|1|1
2018,45079,32,1,1,720.0,451.0,672.0,207.0,45079|32|1|1
2021,21111,4,1,1,57.0,33.0,483.0,146.0,21111|4|1|1
2021,11001,1,1,1,1611.0,217.0,5264.0,138.0,11001|1|1|1
2022,25025,32,1,1,458.0,189.0,861.0,164.0,25025|32|1|1
2023,05045,1,1,1,101.0,22.0,1441.0,313.0,05045|1|1|1
2024,27171,1,1,1,140.0,24.0,1824.0,163.0,27171|1|1|1
2024,27053,4,2,1,204.0,122.0,1958.0,676.0,27053|4|2|1
2023,45041,31,1,1,31.0,11.0,65.0,15.0,45041|31|1|1
2023,45047,32,1,1,45.0,26.0,94.0,29.0,45047|32|1|1
2023,53053,31,1,1,45.0,21.0,413.0,102.0,53053|31|1|1
2024,72025,1,1,1,70.0,6.0,578.0,117.0,72025|1|1|1
2025,18043,1,1,1,44.0,12.0,966.0,78.0,18043|1|1|1
2025,18019,1,1,1,139.0,26.0,1737.0,201.0,18019|1|1|1
2019,20091,32,1,1,88.0,30.0,3746.0,552.0,20091|32|1|1
2019,45013,1,1,1,318.0,147.0,3130.0,297.0,45013|1|1|1
2020,10001,32,1,1,121.0,37.0,642.0,120.0,10001|32|1|1
2024,12081,32,1,1,85.0,36.0,751.0,282.0,12081|32|1|1
2024,13013,1,1,1,226.0,42.0,1058.0,94.0,13013|1|1|1
2024,13039,1,1,1,99.0,24.0,769.0,62.0,13039|1|1|1
2024,26077,31,1,1,44.0,18.0,539.0,95.0,26077|31|1|1
2024,26125,2,1,1,160.0,90.0,590.0,198.0,26125|2|1|1
2024,37063,32,1,1,336.0,138.0,224.0,42.0,37063|32|1|1
2024,40109,4,1,1,45.0,26.0,315.0,136.0,40109|4|1|1
2024,47113,32,1,1,106.0,46.0,155.0,49.0,47113|32|1|1
2024,48373,1,1,1,65.0,48.0,520.0,213.0,48373|1|1|1
2025,06071,31,1,1,318.0,102.0,2565.0,592.0,06071|31|1|1
2025,06077,1,1,1,313.0,45.0,2438.0,258.0,06077|1|1|1
2025,06061,1,1,1,103.0,14.0,2996.0,217.0,06061|1|1|1
2025,06065,32,1,3,30.0,10.0,587.0,136.0,06065|32|1|3
2025,08041,4,2,1,134.0,53.0,1865.0,622.0,08041|4|2|1
2025,13121,31,1,3,122.0,55.0,60.0,20.0,13121|31|1|3
2025,13153,4,2,1,98.0,42.0,213.0,66.0,13153|4|2|1
2025,13067,4,2,1,537.0,277.0,1147.0,390.0,13067|4|2|1
2025,13021,31,1,1,80.0,19.0,118.0,18.0,13021|31|1|1
2025,13105,1,1,1,39.0,27.0,117.0,18.0,13105|1|1|1
2024,44007,31,2,1,106.0,60.0,918.0,284.0,44007|31|2|1
2024,48085,4,2,1,262.0,163.0,1363.0,800.0,48085|4|2|1
2025,12086,4,2,1,385.0,241.0,3660.0,2019.0,12086|4|2|1
2025,12117,32,1,1,105.0,33.0,749.0,211.0,12117|32|1|1
2025,12117,2,2,1,68.0,34.0,842.0,309.0,12117|2|2|1
2025,12011,2,1,1,208.0,125.0,698.0,386.0,12011|2|1|1
2025,37071,32,1,1,177.0,79.0,674.0,209.0,37071|32|1|1
2025,39049,2,2,1,683.0,378.0,2481.0,736.0,39049|2|2|1
2025,48439,2,1,1,133.0,82.0,616.0,250.0,48439|2|1|1
2025,51047,1,1,1,72.0,19.0,525.0,41.0,51047|1|1|1
2018,17163,32,1,1,143.0,78.0,544.0,182.0,17163|32|1|1
2018,17031,32,2,1,104.0,64.0,1247.0,426.0,17031|32|2|1
2018,37089,1,1,1,26.0,7.0,1782.0,207.0,37089|1|1|1
2018,37071,1,1,1,588.0,127.0,2674.0,267.0,37071|1|1|1
2018,37071,32,1,1,124.0,68.0,776.0,275.0,37071|32|1|1
2018,51550,1,1,1,923.0,108.0,2729.0,136.0,51550|1|1|1
2018,51740,2,2,1,67.0,54.0,54.0,25.0,51740|2|2|1
2019,08031,32,1,1,571.0,182.0,4729.0,876.0,08031|32|1|1
2019,08005,2,2,1,178.0,90.0,1759.0,593.0,08005|2|2|1
2019,37101,4,2,1,59.0,35.0,523.0,194.0,37101|4|2|1
2019,18063,1,1,1,282.0,41.0,2823.0,149.0,18063|1|1|1
2019,37127,1,1,1,442.0,91.0,692.0,77.0,37127|1|1|1
2019,47157,1,2,1,46.0,17.0,55.0,16.0,47157|1|2|1
2020,05069,32,1,1,37.0,20.0,65.0,17.0,05069|32|1|1
2020,17031,32,2,1,42.0,20.0,401.0,145.0,17031|32|2|1
2020,17031,31,2,1,122.0,85.0,1154.0,431.0,17031|31|2|1
2020,13097,32,1,1,337.0,104.0,421.0,93.0,13097|32|1|1
2020,13135,4,2,1,280.0,197.0,687.0,345.0,13135|4|2|1
2020,13067,4,2,1,197.0,128.0,835.0,342.0,13067|4|2|1
2020,13027,1,1,1,52.0,34.0,106.0,36.0,13027|1|1|1
2020,39061,1,1,1,1545.0,225.0,8829.0,485.0,39061|1|1|1
2020,39113,4,2,1,65.0,42.0,609.0,250.0,39113|4|2|1
2020,39035,4,2,1,151.0,87.0,1630.0,588.0,39035|4|2|1
2020,39153,4,2,1,44.0,27.0,883.0,311.0,39153|4|2|1
2020,45081,1,1,1,25.0,20.0,154.0,44.0,45081|1|1|1
2021,24031,1,1,1,2081.0,218.0,7311.0,296.0,24031|1|1|1
2022,37097,1,1,1,343.0,74.0,2628.0,272.0,37097|1|1|1
2022,37195,1,1,1,309.0,89.0,570.0,64.0,37195|1|1|1
2022,37127,31,1,1,143.0,58.0,230.0,42.0,37127|31|1|1
2022,47011,1,1,1,58.0,21.0,1404.0,210.0,47011|1|1|1
2023,17111,1,1,1,77.0,14.0,3186.0,203.0,17111|1|1|1
2023,24003,4,2,1,317.0,193.0,1196.0,532.0,24003|4|2|1
2023,37081,4,2,1,477.0,222.0,874.0,323.0,37081|4|2|1
2023,37129,31,1,1,29.0,9.0,249.0,61.0,37129|31|1|1
2023,37107,1,1,1,191.0,85.0,367.0,76.0,37107|1|1|1
2023,36119,32,1,1,87.0,42.0,405.0,100.0,36119|32|1|1
2023,36065,1,1,1,53.0,15.0,1180.0,156.0,36065|1|1|1
2023,37071,1,2,1,34.0,6.0,104.0,15.0,37071|1|2|1
2023,36005,32,1,3,32.0,10.0,50.0,9.0,36005|32|1|3
2023,47075,1,1,1,36.0,15.0,62.0,14.0,47075|1|1|1
2024,39017,1,1,1,318.0,35.0,2931.0,215.0,39017|1|1|1
2024,39095,31,1,1,77.0,27.0,532.0,116.0,39095|31|1|1
2024,51650,31,1,1,172.0,41.0,169.0,20.0,51650|31|1|1
2025,01083,1,1,1,328.0,50.0,1721.0,193.0,01083|1|1|1
2025,22121,1,1,1,164.0,47.0,155.0,27.0,22121|1|1|1
2025,22113,1,1,1,110.0,59.0,418.0,101.0,22113|1|1|1
2025,28093,1,1,1,185.0,76.0,311.0,50.0,28093|1|1|1
2025,28037,1,1,1,60.0,46.0,41.0,11.0,28037|1|1|1
2024,39153,31,1,1,102.0,31.0,959.0,205.0,39153|31|1|1
2024,45037,1,1,1,72.0,35.0,245.0,28.0,45037|1|1|1
2024,13089,32,1,3,148.0,57.0,84.0,27.0,13089|32|1|3
2024,13103,1,1,1,174.0,38.0,811.0,96.0,13103|1|1|1
2024,13205,1,1,1,99.0,75.0,128.0,64.0,13205|1|1|1
2024,13067,4,1,1,87.0,52.0,252.0,91.0,13067|4|1|1
2024,13245,4,1,1,58.0,35.0,46.0,20.0,13245|4|1|1
2024,26125,32,1,1,454.0,197.0,1992.0,495.0,26125|32|1|1
2024,26115,1,1,1,49.0,19.0,1641.0,257.0,26115|1|1|1
2024,37119,31,2,1,336.0,144.0,1070.0,297.0,37119|31|2|1
2024,47113,1,1,1,188.0,56.0,642.0,86.0,47113|1|1|1
2024,47125,1,1,1,588.0,82.0,2591.0,171.0,47125|1|1|1
2024,48423,32,1,1,45.0,23.0,247.0,92.0,48423|32|1|1
2024,48157,2,1,1,78.0,44.0,145.0,74.0,48157|2|1|1
2025,06085,1,1,1,80.0,13.0,1770.0,200.0,06085|1|1|1
2025,06037,32,1,3,395.0,103.0,2055.0,397.0,06037|32|1|3
2025,08031,4,2,1,90.0,56.0,1142.0,456.0,08031|4|2|1
2025,12091,1,1,1,233.0,52.0,2235.0,247.0,12091|1|1|1
2025,12127,32,1,1,172.0,83.0,1449.0,500.0,12127|32|1|1
2025,13299,1,1,1,56.0,30.0,241.0,84.0,13299|1|1|1
2024,37067,1,2,1,84.0,14.0,197.0,16.0,37067|1|2|1
2024,37131,1,1,1,76.0,48.0,55.0,13.0,37131|1|1|1
2025,06001,32,1,1,130.0,56.0,440.0,111.0,06001|32|1|1
2025,12073,31,1,1,62.0,17.0,245.0,48.0,12073|31|1|1
2025,12073,1,1,3,40.0,9.0,147.0,20.0,12073|1|1|3
2025,12101,32,1,1,114.0,45.0,1414.0,534.0,12101|32|1|1
2025,12057,4,2,1,549.0,287.0,2792.0,1194.0,12057|4|2|1
2025,26125,31,1,1,306.0,95.0,3442.0,493.0,26125|31|1|1
2025,37101,2,2,1,125.0,61.0,509.0,148.0,37101|2|2|1
2025,26045,1,1,1,35.0,10.0,1127.0,167.0,26045|1|1|1
2025,29077,1,1,1,55.0,5.0,3248.0,258.0,29077|1|1|1
2025,37079,1,1,1,25.0,12.0,89.0,13.0,37079|1|1|1
2025,32003,31,1,1,530.0,110.0,3344.0,615.0,32003|31|1|1
2025,32003,2,1,1,40.0,23.0,540.0,224.0,32003|2|1|1
2025,39153,31,1,1,125.0,31.0,1380.0,245.0,39153|31|1|1
2025,48185,1,1,1,76.0,60.0,503.0,165.0,48185|1|1|1
2025,48257,31,1,1,146.0,47.0,313.0,101.0,48257|31|1|1
2025,48099,1,1,1,151.0,30.0,633.0,98.0,48099|1|1|1
2025,51093,1,1,1,156.0,44.0,471.0,44.0,51093|1|1|1
2025,51177,1,1,1,491.0,114.0,1201.0,101.0,51177|1|1|1
2025,51760,4,2,1,92.0,44.0,235.0,65.0,51760|4|2|1
2018,04019,32,1,1,131.0,62.0,3950.0,1200.0,04019|32|1|1
2018,04021,31,1,1,64.0,25.0,1440.0,407.0,04021|31|1|1
2018,22055,32,1,1,110.0,65.0,534.0,155.0,22055|32|1|1
2018,13207,1,1,1,41.0,15.0,335.0,51.0,13207|1|1|1
2018,17031,1,2,1,362.0,92.0,982.0,200.0,17031|1|2|1
2018,37133,1,1,1,324.0,46.0,3058.0,255.0,37133|1|1|1
2018,51590,1,1,1,81.0,18.0,124.0,14.0,51590|1|1|1
2018,51760,1,2,1,49.0,11.0,82.0,16.0,51760|1|2|1
2019,24005,2,1,1,74.0,49.0,354.0,159.0,24005|2|1|1
2019,24031,31,1,1,978.0,237.0,5017.0,561.0,24031|31|1|1
2019,37071,2,2,1,46.0,27.0,391.0,184.0,37071|2|2|1
2019,37119,4,1,1,146.0,81.0,549.0,188.0,37119|4|1|1
2019,47113,31,1,1,91.0,34.0,320.0,52.0,47113|31|1|1
2019,37017,1,1,1,61.0,28.0,160.0,35.0,37017|1|1|1
2020,17097,32,1,1,87.0,31.0,3063.0,427.0,17097|32|1|1
2020,13071,1,1,1,78.0,47.0,328.0,116.0,13071|1|1|1
2020,13151,4,2,1,103.0,74.0,116.0,68.0,13151|4|2|1
2020,17031,1,1,2,50.0,12.0,518.0,36.0,17031|1|1|2
2021,18097,2,2,1,368.0,153.0,1238.0,380.0,18097|2|2|1
2020,45035,32,1,1,137.0,49.0,997.0,182.0,45035|32|1|1
2020,45055,1,1,1,274.0,90.0,829.0,127.0,45055|1|1|1
2020,45019,2,2,1,40.0,26.0,674.0,221.0,45019|2|2|1
2021,24033,1,1,1,7488.0,929.0,3134.0,249.0,24033|1|1|1
2022,05125,1,1,1,276.0,66.0,1941.0,330.0,05125|1|1|1
2021,32003,32,1,3,146.0,45.0,1138.0,210.0,32003|32|1|3
2022,37065,31,1,1,41.0,15.0,74.0,19.0,37065|31|1|1
2022,53053,1,2,1,83.0,18.0,470.0,98.0,53053|1|2|1
2022,37001,2,2,1,112.0,45.0,420.0,109.0,37001|2|2|1
2022,47157,31,2,1,124.0,57.0,218.0,45.0,47157|31|2|1
2023,02020,1,1,1,115.0,15.0,1800.0,102.0,02020|1|1|1
2023,04013,2,2,1,681.0,383.0,11373.0,4394.0,04013|2|2|1
2023,17197,4,2,1,203.0,142.0,1479.0,671.0,17197|4|2|1
2023,25025,31,2,1,97.0,51.0,242.0,97.0,25025|31|2|1
2023,24009,1,1,1,138.0,22.0,712.0,42.0,24009|1|1|1
2023,24027,2,2,1,162.0,77.0,435.0,118.0,24027|2|2|1
2023,37069,31,1,1,40.0,18.0,107.0,27.0,37069|31|1|1
2023,41051,4,2,1,62.0,36.0,1139.0,479.0,41051|4|2|1
2023,47165,32,1,1,47.0,14.0,486.0,121.0,47165|32|1|1
2023,47037,31,1,1,137.0,55.0,497.0,109.0,47037|31|1|1
2024,29189,31,1,1,326.0,84.0,1558.0,186.0,29189|31|1|1
2024,29165,1,1,1,55.0,4.0,1017.0,61.0,29165|1|1|1
2024,29183,1,1,1,297.0,44.0,3932.0,240.0,29183|1|1|1
2023,36055,4,2,1,256.0,124.0,2278.0,510.0,36055|4|2|1
2024,39085,1,1,1,115.0,22.0,2247.0,147.0,39085|1|1|1
2024,39095,2,2,1,125.0,71.0,836.0,257.0,39095|2|2|1
2024,51127,1,1,1,94.0,15.0,380.0,37.0,51127|1|1|1
2024,51089,1,1,1,90.0,33.0,309.0,65.0,51089|1|1|1
2024,51550,4,2,1,253.0,126.0,618.0,209.0,51550|4|2|1
2025,01065,1,1,1,111.0,75.0,73.0,22.0,01065|1|1|1
2024,45087,1,1,1,73.0,36.0,184.0,52.0,45087|1|1|1
2024,51025,1,1,1,33.0,20.0,67.0,20.0,51025|1|1|1
2025,17089,32,1,1,55.0,27.0,937.0,213.0,17089|32|1|1
2018,01103,1,1,1,118.0,19.0,1451.0,228.0,01103|1|1|1
2018,01051,1,1,1,222.0,82.0,1007.0,141.0,01051|1|1|1
2018,01013,1,1,1,65.0,37.0,104.0,35.0,01013|1|1|1
2018,06067,2,2,1,217.0,132.0,2475.0,1004.0,06067|2|2|1
2018,12099,32,1,1,722.0,346.0,5222.0,1796.0,12099|32|1|1
2018,12127,32,1,1,212.0,88.0,2781.0,920.0,12127|32|1|1
2018,12109,32,1,1,49.0,27.0,1138.0,348.0,12109|32|1|1
2018,24025,2,2,1,38.0,29.0,411.0,167.0,24025|2|2|1
2018,35013,1,1,1,44.0,4.0,2270.0,330.0,35013|1|1|1
2018,36081,31,1,1,525.0,199.0,880.0,262.0,36081|31|1|1
2018,36093,1,1,1,122.0,32.0,1370.0,123.0,36093|1|1|1
2018,42045,4,2,1,87.0,69.0,875.0,379.0,42045|4|2|1
2018,48139,1,1,1,677.0,111.0,2629.0,251.0,48139|1|1|1
2018,48121,2,2,1,123.0,89.0,1374.0,676.0,48121|2|2|1
2019,12011,4,2,1,547.0,418.0,2461.0,1723.0,12011|4|2|1
2019,12095,2,1,1,119.0,81.0,787.0,386.0,12095|2|1|1
2019,13151,4,2,1,200.0,153.0,216.0,134.0,13151|4|2|1
2019,13089,2,1,1,314.0,238.0,220.0,96.0,13089|2|1|1
2019,13029,1,1,1,110.0,19.0,802.0,60.0,13029|1|1|1
2019,26077,1,1,1,238.0,66.0,3138.0,234.0,26077|1|1|1
2019,26099,31,1,1,401.0,85.0,6637.0,921.0,26099|31|1|1
2019,29099,1,1,1,36.0,12.0,3756.0,351.0,29099|1|1|1
2019,34007,2,1,1,71.0,49.0,377.0,166.0,34007|2|1|1
2019,42011,32,1,1,48.0,23.0,1209.0,332.0,42011|32|1|1
2019,48041,1,1,1,135.0,51.0,1914.0,232.0,48041|1|1|1
2019,06037,2,2,1,1042.0,677.0,10647.0,5354.0,06037|2|2|1
2019,06085,2,2,1,40.0,22.0,1704.0,642.0,06085|2|2|1
2019,12033,32,1,1,209.0,105.0,986.0,284.0,12033|32|1|1
2019,13105,1,1,1,25.0,16.0,97.0,20.0,13105|1|1|1
2019,25023,1,2,1,53.0,12.0,204.0,37.0,25023|1|2|1
2019,48439,1,1,1,3380.0,554.0,19773.0,1620.0,48439|1|1|1
2019,36071,31,1,1,125.0,42.0,1053.0,216.0,36071|31|1|1
2019,36071,32,1,1,88.0,39.0,898.0,219.0,36071|32|1|1
2019,36055,32,1,1,114.0,46.0,1397.0,270.0,36055|32|1|1
2019,36071,2,2,1,71.0,50.0,599.0,343.0,36071|2|2|1
2019,39113,1,1,3,40.0,10.0,413.0,46.0,39113|1|1|3
2019,51153,2,2,1,227.0,135.0,792.0,355.0,51153|2|2|1
2020,06067,32,1,1,891.0,180.0,10676.0,1250.0,06067|32|1|1
2020,06065,1,1,3,27.0,5.0,1009.0,137.0,06065|1|1|3
2020,12099,1,1,1,2795.0,539.0,17369.0,2006.0,12099|1|1|1
2020,22029,1,1,1,72.0,52.0,99.0,46.0,22029|1|1|1
2020,37025,2,2,1,65.0,37.0,358.0,123.0,37025|2|2|1
2020,48439,2,1,1,133.0,78.0,893.0,346.0,48439|2|1|1
2020,48157,32,1,1,439.0,164.0,1954.0,347.0,48157|32|1|1
2020,48453,32,1,1,257.0,80.0,5421.0,812.0,48453|32|1|1
2020,48439,1,1,1,3878.0,687.0,21768.0,2045.0,48439|1|1|1
2020,06095,2,2,1,41.0,28.0,239.0,115.0,06095|2|2|1
2020,12107,1,1,1,86.0,48.0,858.0,250.0,12107|1|1|1
2020,24025,32,1,1,123.0,39.0,1434.0,170.0,24025|32|1|1
2020,29510,32,1,1,119.0,44.0,896.0,122.0,29510|32|1|1
2020,36087,32,1,1,72.0,25.0,1111.0,172.0,36087|32|1|1
2020,36103,1,2,1,29.0,9.0,272.0,62.0,36103|1|2|1
2020,42103,1,1,1,58.0,17.0,885.0,109.0,42103|1|1|1
2020,48201,31,1,3,333.0,116.0,1391.0,321.0,48201|31|1|3
2020,48021,1,1,1,75.0,28.0,1401.0,318.0,48021|1|1|1
2020,51153,32,1,1,572.0,163.0,2363.0,318.0,51153|32|1|1
2020,51059,32,1,1,516.0,123.0,5626.0,622.0,51059|32|1|1
2021,06061,1,1,1,131.0,13.0,5042.0,330.0,06061|1|1|1
2021,12099,31,1,1,2330.0,702.0,15639.0,2842.0,12099|31|1|1
2021,12011,31,1,3,208.0,83.0,776.0,192.0,12011|31|1|3
2021,12021,1,1,1,319.0,52.0,6319.0,654.0,12021|1|1|1
2021,12073,1,1,1,1080.0,320.0,2754.0,225.0,12073|1|1|1
2021,13077,32,1,1,213.0,67.0,1566.0,234.0,13077|32|1|1
2021,13009,1,1,1,106.0,33.0,253.0,33.0,13009|1|1|1
2021,17163,1,1,1,893.0,153.0,2809.0,203.0,17163|1|1|1
2021,26081,2,1,1,34.0,17.0,451.0,85.0,26081|2|1|1
2021,26125,31,1,1,2106.0,405.0,24201.0,2145.0,26125|31|1|1
2021,29095,4,1,1,57.0,40.0,272.0,115.0,29095|4|1|1
2021,29510,4,2,1,30.0,19.0,136.0,67.0,29510|4|2|1
2020,51087,2,1,1,30.0,25.0,114.0,51.0,51087|2|1|1
2020,51179,2,2,1,46.0,30.0,201.0,82.0,51179|2|2|1
2020,55025,4,2,1,32.0,10.0,1772.0,220.0,55025|4|2|1
2021,12079,1,1,1,87.0,59.0,159.0,50.0,12079|1|1|1
2021,12105,4,1,1,48.0,37.0,420.0,181.0,12105|4|1|1
2021,34005,32,1,1,531.0,161.0,3289.0,486.0,34005|32|1|1
2021,34013,31,1,3,148.0,42.0,526.0,97.0,34013|31|1|3
2021,39035,1,1,3,165.0,22.0,1173.0,87.0,39035|1|1|3
2021,42003,2,1,1,159.0,103.0,1480.0,506.0,42003|2|1|1
2021,48439,1,1,1,3429.0,609.0,18186.0,1636.0,48439|1|1|1
2021,51069,1,1,1,93.0,10.0,1538.0,105.0,51069|1|1|1
2022,06037,1,1,1,2652.0,530.0,27845.0,3244.0,06037|1|1|1
2022,13021,32,1,1,228.0,116.0,272.0,83.0,13021|32|1|1
2022,13215,31,1,1,125.0,52.0,182.0,55.0,13215|31|1|1
2022,26163,2,2,1,744.0,424.0,2526.0,802.0,26163|2|2|1
2022,26065,1,1,1,274.0,70.0,2811.0,301.0,26065|1|1|1
2022,26145,1,1,1,165.0,35.0,1667.0,142.0,26145|1|1|1
2021,36091,1,1,1,46.0,6.0,2831.0,371.0,36091|1|1|1
2021,39017,2,2,1,34.0,16.0,597.0,214.0,39017|2|2|1
2021,42091,2,1,1,51.0,33.0,529.0,137.0,42091|2|1|1
2021,48201,1,1,3,353.0,62.0,1761.0,195.0,48201|1|1|3
2021,48029,2,2,1,83.0,50.0,906.0,438.0,48029|2|2|1
2022,06071,1,1,3,62.0,15.0,971.0,116.0,06071|1|1|3
2022,12117,2,2,1,114.0,71.0,1216.0,478.0,12117|2|2|1
2022,24031,1,1,1,1538.0,173.0,5455.0,265.0,24031|1|1|1
2022,24033,32,1,1,4828.0,1720.0,945.0,280.0,24033|32|1|1
2022,24005,2,1,1,84.0,68.0,284.0,127.0,24005|2|1|1
2022,28035,1,1,1,214.0,89.0,633.0,128.0,28035|1|1|1
2022,28139,1,1,1,37.0,25.0,156.0,67.0,28139|1|1|1
2022,39113,2,2,1,254.0,126.0,1382.0,400.0,39113|2|2|1
2022,39113,2,1,1,168.0,91.0,399.0,134.0,39113|2|1|1
2022,42049,1,1,1,95.0,16.0,2124.0,225.0,42049|1|1|1
2022,46099,1,1,1,122.0,24.0,2590.0,158.0,46099|1|1|1
2022,48453,1,1,1,793.0,240.0,10341.0,1260.0,48453|1|1|1
2022,48469,1,1,1,65.0,35.0,980.0,238.0,48469|1|1|1
2022,51087,1,1,1,897.0,122.0,2265.0,97.0,51087|1|1|1
2022,51810,31,1,1,139.0,37.0,903.0,183.0,51810|31|1|1
2022,51153,1,2,1,47.0,11.0,94.0,20.0,51153|1|2|1
2023,01101,1,1,1,1070.0,247.0,699.0,64.0,01101|1|1|1
2023,01097,1,1,1,1077.0,315.0,2968.0,575.0,01097|1|1|1
2023,08031,1,1,1,348.0,51.0,5553.0,357.0,08031|1|1|1
2023,12075,1,1,1,88.0,51.0,627.0,239.0,12075|1|1|1
2023,12017,1,1,1,81.0,29.0,2387.0,385.0,12017|1|1|1
2023,12083,1,1,2,42.0,6.0,280.0,44.0,12083|1|1|2
2023,13179,1,1,1,446.0,102.0,588.0,75.0,13179|1|1|1
2023,21227,1,1,1,77.0,16.0,1107.0,156.0,21227|1|1|1
2023,21067,2,2,1,90.0,27.0,738.0,161.0,21067|2|2|1
2022,39049,32,2,1,157.0,82.0,689.0,181.0,39049|32|2|1
2022,42043,4,2,1,83.0,51.0,670.0,216.0,42043|4|2|1
2023,12127,4,2,1,99.0,69.0,1485.0,811.0,12127|4|2|1
2023,13067,2,1,1,73.0,58.0,229.0,100.0,13067|2|1|1
2023,26099,32,1,1,233.0,96.0,1597.0,401.0,26099|32|1|1
2023,26125,4,1,1,115.0,62.0,626.0,206.0,26125|4|1|1
2023,29510,4,2,1,61.0,46.0,238.0,115.0,29510|4|2|1
2023,34013,1,1,1,1277.0,312.0,2119.0,205.0,34013|1|1|1
2023,39035,1,1,3,224.0,44.0,840.0,94.0,39035|1|1|3
2023,39035,4,2,1,465.0,298.0,2287.0,1008.0,39035|4|2|1
2023,48213,1,1,1,73.0,39.0,1122.0,447.0,48213|1|1|1
2023,48481,1,1,1,30.0,23.0,299.0,114.0,48481|1|1|1
2023,51700,1,1,1,579.0,97.0,983.0,60.0,51700|1|1|1
2023,51650,1,1,1,617.0,83.0,755.0,54.0,51650|1|1|1
2023,51179,1,1,1,540.0,97.0,1195.0,117.0,51179|1|1|1
2024,06067,31,1,1,184.0,59.0,1032.0,200.0,06067|31|1|1
2024,12083,2,2,1,89.0,67.0,746.0,380.0,12083|2|2|1
2024,13139,32,1,1,59.0,28.0,447.0,120.0,13139|32|1|1
2024,17043,32,1,1,46.0,24.0,1136.0,320.0,17043|32|1|1
2024,17037,1,1,1,48.0,12.0,926.0,86.0,17037|1|1|1
2025,36067,31,1,1,38.0,15.0,435.0,84.0,36067|31|1|1
2025,49035,1,1,1,133.0,12.0,8592.0,760.0,49035|1|1|1
2018,40143,32,1,1,111.0,60.0,1260.0,423.0,40143|32|1|1
2018,53033,4,1,1,32.0,24.0,1071.0,329.0,53033|4|1|1
2018,28049,1,1,1,926.0,208.0,750.0,79.0,28049|1|1|1
2019,01015,32,1,1,76.0,37.0,312.0,85.0,01015|32|1|1
2019,01073,2,1,1,238.0,184.0,456.0,184.0,01073|2|1|1
2019,01089,4,1,1,42.0,19.0,238.0,62.0,01089|4|1|1
2019,01073,2,2,1,283.0,213.0,876.0,317.0,01073|2|2|1
2020,01067,1,1,1,48.0,18.0,283.0,53.0,01067|1|1|1
2020,28071,1,1,1,114.0,61.0,617.0,48.0,28071|1|1|1
2020,25023,31,1,1,886.0,213.0,12861.0,1213.0,25023|31|1|1
2020,25023,32,1,1,341.0,109.0,5253.0,645.0,25023|32|1|1
2021,22071,1,1,3,108.0,12.0,241.0,18.0,22071|1|1|3
2021,28033,1,2,1,98.0,11.0,71.0,9.0,28033|1|2|1
2022,01067,1,1,1,55.0,29.0,208.0,59.0,01067|1|1|1
2022,27139,1,1,1,100.0,16.0,1678.0,63.0,27139|1|1|1
2022,01007,1,1,1,85.0,65.0,259.0,100.0,01007|1|1|1
2022,17161,1,1,1,134.0,18.0,1445.0,100.0,17161|1|1|1
2022,17113,1,1,1,140.0,32.0,1704.0,122.0,17113|1|1|1
2022,34001,1,1,1,276.0,57.0,2060.0,197.0,34001|1|1|1
2022,34031,32,1,1,146.0,72.0,1030.0,271.0,34031|32|1|1
2022,34017,2,2,1,67.0,44.0,365.0,186.0,34017|2|2|1
2023,06095,1,1,1,440.0,69.0,1627.0,172.0,06095|1|1|1
2023,18089,4,1,1,73.0,52.0,238.0,106.0,18089|4|1|1
2023,18097,31,1,1,142.0,58.0,520.0,131.0,18097|31|1|1
2023,22055,32,1,1,95.0,59.0,210.0,76.0,22055|32|1|1
2023,22017,1,1,1,834.0,311.0,1210.0,226.0,22017|1|1|1
2023,22039,1,1,1,90.0,48.0,199.0,73.0,22039|1|1|1
2023,22019,31,1,1,39.0,19.0,247.0,51.0,22019|31|1|1
2022,45057,1,1,1,337.0,104.0,1556.0,214.0,45057|1|1|1
2024,01073,2,2,1,442.0,284.0,850.0,266.0,01073|2|2|1
2024,18057,32,1,1,48.0,15.0,790.0,169.0,18057|32|1|1
2024,28059,32,1,1,61.0,33.0,238.0,89.0,28059|32|1|1
2024,28115,1,1,1,62.0,33.0,276.0,108.0,28115|1|1|1
2024,36119,1,1,1,574.0,116.0,3886.0,344.0,36119|1|1|1
2023,44007,1,2,1,63.0,27.0,236.0,77.0,44007|1|2|1
2024,01051,1,1,1,288.0,135.0,899.0,122.0,01051|1|1|1
2024,24027,31,1,1,107.0,33.0,237.0,23.0,24027|31|1|1
2024,24031,1,2,1,48.0,13.0,131.0,29.0,24031|1|2|1
2025,10001,1,1,1,816.0,218.0,1319.0,152.0,10001|1|1|1
2025,24009,32,1,1,62.0,24.0,207.0,62.0,24009|32|1|1
2018,41051,2,2,1,71.0,39.0,2611.0,698.0,41051|2|2|1
2018,45001,1,1,1,31.0,17.0,169.0,43.0,45001|1|1|1
2018,45025,1,1,1,167.0,93.0,296.0,90.0,45025|1|1|1
2019,22027,1,1,1,68.0,43.0,80.0,30.0,22027|1|1|1
2021,21145,1,1,1,58.0,24.0,839.0,159.0,21145|1|1|1
2021,45055,1,1,1,371.0,85.0,935.0,141.0,45055|1|1|1
2021,45047,32,1,1,59.0,26.0,293.0,29.0,45047|32|1|1
2023,05119,1,2,1,81.0,18.0,83.0,15.0,05119|1|2|1
2023,05123,1,1,1,60.0,32.0,52.0,24.0,05123|1|1|1
2023,11001,31,1,1,171.0,78.0,105.0,32.0,11001|31|1|1
2023,45017,1,1,1,79.0,54.0,93.0,18.0,45017|1|1|1
2023,45045,4,2,1,185.0,88.0,1122.0,426.0,45045|4|2|1
2023,53053,1,2,1,78.0,11.0,331.0,67.0,53053|1|2|1
2025,35001,32,1,1,62.0,31.0,1277.0,406.0,35001|32|1|1
2025,47157,4,1,1,255.0,166.0,214.0,63.0,47157|4|1|1
2024,12011,32,2,1,451.0,179.0,1285.0,432.0,12011|32|2|1
2024,13153,1,1,1,725.0,97.0,1246.0,74.0,13153|1|1|1
2024,21145,1,1,1,53.0,35.0,678.0,181.0,21145|1|1|1
2024,26077,32,1,1,52.0,28.0,446.0,113.0,26077|32|1|1
2024,37183,1,1,1,1629.0,339.0,8145.0,417.0,37183|1|1|1
2024,37037,1,1,1,45.0,16.0,691.0,51.0,37037|1|1|1
2025,06037,4,2,1,941.0,446.0,7440.0,2905.0,06037|4|2|1
2025,06065,1,1,3,52.0,11.0,1009.0,144.0,06065|1|1|3
2025,06065,2,2,1,314.0,126.0,3063.0,1160.0,06065|2|2|1
2025,12071,1,1,1,992.0,257.0,10550.0,1412.0,12071|1|1|1
2025,13121,2,1,1,194.0,122.0,248.0,88.0,13121|2|1|1
2025,13207,1,1,1,46.0,14.0,260.0,23.0,13207|1|1|1
2024,48135,1,1,1,92.0,32.0,2824.0,1046.0,48135|1|1|1
2024,48121,1,1,1,1112.0,197.0,8136.0,636.0,48121|1|1|1
2024,48085,2,2,1,192.0,124.0,1097.0,519.0,48085|2|2|1
2025,12011,31,1,1,705.0,338.0,1852.0,663.0,12011|31|1|1
2025,37081,31,1,1,305.0,95.0,725.0,118.0,37081|31|1|1
2025,29189,31,1,1,359.0,84.0,2430.0,234.0,29189|31|1|1
2025,29019,1,1,1,112.0,25.0,1526.0,102.0,29019|1|1|1
2025,37001,32,1,1,126.0,54.0,431.0,127.0,37001|32|1|1
2025,39041,1,1,1,153.0,26.0,2261.0,140.0,39041|1|1|1
2025,39095,31,1,1,112.0,39.0,816.0,164.0,39095|31|1|1
2025,45083,32,1,1,217.0,102.0,848.0,253.0,45083|32|1|1
2025,45051,1,1,2,55.0,12.0,1223.0,134.0,45051|1|1|2
2025,48303,1,1,1,129.0,26.0,3286.0,359.0,48303|1|1|1
2025,48029,1,1,1,1939.0,353.0,17104.0,2815.0,48029|1|1|1
2025,48039,31,1,1,175.0,63.0,487.0,138.0,48039|31|1|1
2025,48085,1,2,1,67.0,19.0,268.0,65.0,48085|1|2|1
2018,47149,31,1,1,137.0,56.0,924.0,263.0,47149|31|1|1
2018,22017,31,1,1,216.0,102.0,388.0,110.0,22017|31|1|1
2018,13067,31,2,1,63.0,38.0,368.0,110.0,13067|31|2|1
2018,13089,1,1,3,141.0,33.0,245.0,27.0,13089|1|1|3
2018,13121,31,1,3,181.0,67.0,123.0,38.0,13121|31|1|3
2018,13051,4,2,1,79.0,56.0,322.0,168.0,13051|4|2|1
2018,13067,4,2,1,307.0,221.0,1027.0,477.0,13067|4|2|1
2018,13135,2,1,1,112.0,65.0,364.0,164.0,13135|2|1|1
2018,13021,4,2,1,43.0,33.0,111.0,53.0,13021|4|2|1
2018,17031,2,2,1,967.0,768.0,5286.0,2504.0,17031|2|2|1
2018,17031,1,1,3,256.0,65.0,2287.0,305.0,17031|1|1|3
2018,37159,1,1,1,232.0,36.0,1526.0,182.0,37159|1|1|1
2018,37179,1,1,1,344.0,62.0,3350.0,261.0,37179|1|1|1
2018,37191,32,1,1,93.0,60.0,170.0,60.0,37191|32|1|1
2018,51760,31,1,1,132.0,57.0,232.0,57.0,51760|31|1|1
2018,51760,2,1,1,78.0,56.0,70.0,30.0,51760|2|1|1
2018,37007,1,1,1,79.0,39.0,99.0,20.0,37007|1|1|1
2019,24005,1,2,1,95.0,24.0,225.0,35.0,24005|1|2|1
2019,24017,1,1,1,1911.0,252.0,964.0,40.0,24017|1|1|1
2019,27053,1,1,1,1183.0,120.0,13927.0,489.0,27053|1|1|1
2019,37119,2,2,1,728.0,489.0,2232.0,839.0,37119|2|2|1
2019,37065,31,1,1,62.0,29.0,95.0,20.0,37065|31|1|1
2019,37119,32,1,1,1496.0,560.0,3924.0,698.0,37119|32|1|1
2019,37159,1,1,1,223.0,50.0,1526.0,178.0,37159|1|1|1
2019,53033,4,1,1,41.0,18.0,1037.0,318.0,53033|4|1|1
2020,13015,32,1,1,39.0,13.0,643.0,80.0,13015|32|1|1
2020,13021,1,1,1,558.0,104.0,903.0,83.0,13021|1|1|1
2020,13217,4,2,1,44.0,36.0,54.0,36.0,13217|4|2|1
2021,05057,1,1,1,63.0,38.0,162.0,50.0,05057|1|1|1
2021,18089,32,1,1,461.0,160.0,3467.0,491.0,18089|32|1|1
2021,18141,32,1,1,120.0,32.0,2289.0,346.0,18141|32|1|1
2020,45079,4,2,1,100.0,69.0,298.0,89.0,45079|4|2|1
2021,24033,4,1,1,269.0,215.0,90.0,46.0,24033|4|1|1
2022,05119,1,1,1,1218.0,264.0,3079.0,281.0,05119|1|1|1
2022,05043,1,1,1,59.0,41.0,106.0,33.0,05043|1|1|1
2021,53011,1,1,1,214.0,17.0,7626.0,505.0,53011|1|1|1
2021,53033,2,2,1,223.0,101.0,4828.0,1254.0,53033|2|2|1
2022,29165,1,1,1,76.0,8.0,1355.0,68.0,29165|1|1|1
2022,37129,32,1,1,116.0,36.0,961.0,199.0,37129|32|1|1
2022,37071,31,1,1,132.0,39.0,673.0,135.0,37071|31|1|1
2022,47037,32,1,3,93.0,32.0,291.0,60.0,47037|32|1|3
2022,53011,1,1,1,166.0,25.0,5412.0,407.0,53011|1|1|1
2023,25017,1,1,1,428.0,82.0,6284.0,336.0,25017|1|1|1
2023,25025,4,2,1,124.0,84.0,418.0,182.0,25025|4|2|1
2023,24033,4,2,1,1666.0,966.0,325.0,201.0,24033|4|2|1
2023,37101,31,1,1,59.0,26.0,278.0,71.0,37101|31|1|1
2023,37147,32,1,1,126.0,67.0,150.0,45.0,37147|32|1|1
2023,37127,32,1,1,101.0,44.0,113.0,36.0,37127|32|1|1
2023,36055,1,1,1,596.0,101.0,4291.0,205.0,36055|1|1|1
2023,36081,4,1,1,67.0,42.0,137.0,60.0,36081|4|1|1
2024,39035,32,1,1,651.0,341.0,1518.0,468.0,39035|32|1|1
2024,39113,2,2,1,252.0,122.0,1036.0,324.0,39113|2|2|1
2024,45057,1,1,1,233.0,78.0,1187.0,136.0,45057|1|1|1
2024,51047,1,1,1,61.0,10.0,481.0,34.0,51047|1|1|1
2024,51680,1,1,1,110.0,34.0,582.0,53.0,51680|1|1|1
2025,01101,1,1,1,1105.0,291.0,713.0,51.0,01101|1|1|1
2025,22007,1,1,1,85.0,65.0,114.0,26.0,22007|1|1|1
2024,39035,2,1,3,34.0,32.0,53.0,36.0,39035|2|1|3
2025,17043,1,1,1,188.0,24.0,5439.0,329.0,17043|1|1|1
2018,12099,31,1,1,459.0,212.0,3185.0,1109.0,12099|31|1|1
2018,12103,2,2,1,115.0,71.0,2835.0,1310.0,12103|2|2|1
2018,12113,32,1,1,48.0,18.0,804.0,261.0,12113|32|1|1
2018,24005,4,1,1,76.0,46.0,369.0,152.0,24005|4|1|1
2018,36083,1,1,1,64.0,13.0,1392.0,127.0,36083|1|1|1
2018,39061,1,1,1,1340.0,211.0,8508.0,552.0,39061|1|1|1
2018,42125,1,1,1,30.0,6.0,2255.0,201.0,42125|1|1|1
2018,42129,1,1,1,52.0,12.0,3567.0,401.0,42129|1|1|1
2018,42043,1,1,1,297.0,41.0,2455.0,230.0,42043|1|1|1
2018,42043,2,2,1,50.0,30.0,664.0,170.0,42043|2|2|1
2018,42003,1,1,3,38.0,9.0,512.0,51.0,42003|1|1|3
2018,48157,31,1,1,538.0,274.0,954.0,262.0,48157|31|1|1
2018,48029,32,1,3,32.0,16.0,479.0,140.0,48029|32|1|3
2018,48029,1,2,1,31.0,7.0,504.0,94.0,48029|1|2|1
2019,06013,1,1,1,684.0,105.0,6384.0,495.0,06013|1|1|1
2019,06077,31,1,1,490.0,97.0,3930.0,625.0,06077|31|1|1
2019,06067,32,1,1,987.0,305.0,8163.0,1358.0,06067|32|1|1
2019,12031,2,1,1,123.0,86.0,492.0,187.0,12031|2|1|1
2019,12111,4,1,1,57.0,41.0,430.0,216.0,12111|4|1|1
2019,12009,31,1,1,278.0,91.0,2996.0,668.0,12009|31|1|1
2019,13067,4,1,1,77.0,54.0,431.0,165.0,13067|4|1|1
2019,13189,1,1,1,48.0,20.0,130.0,23.0,13189|1|1|1
2019,17037,1,1,1,51.0,7.0,1204.0,86.0,17037|1|1|1
2019,17097,31,1,1,184.0,52.0,5157.0,668.0,17097|31|1|1
2019,17097,32,1,1,102.0,37.0,2174.0,528.0,17097|32|1|1
2019,17031,1,2,1,455.0,85.0,951.0,196.0,17031|1|2|1
2019,21067,2,2,1,48.0,20.0,678.0,127.0,21067|2|2|1
2019,34027,1,1,1,142.0,19.0,4272.0,268.0,34027|1|1|1
2019,39035,32,1,1,440.0,228.0,2828.0,716.0,39035|32|1|1
2019,42129,1,1,1,56.0,16.0,3610.0,332.0,42129|1|1|1
2019,48491,31,1,1,212.0,55.0,2942.0,479.0,48491|31|1|1
2019,48135,1,1,1,112.0,36.0,3027.0,945.0,48135|1|1|1
2019,48481,1,1,1,40.0,26.0,289.0,51.0,48481|1|1|1
2019,51800,32,1,1,185.0,92.0,338.0,96.0,51800|32|1|1
2019,51810,1,2,1,80.0,7.0,206.0,18.0,51810|1|2|1
2019,06037,4,2,1,683.0,459.0,8359.0,4106.0,06037|4|2|1
2019,06001,4,2,1,183.0,112.0,1175.0,452.0,06001|4|2|1
2019,12099,1,1,1,2800.0,510.0,15116.0,1675.0,12099|1|1|1
2019,48029,4,1,1,34.0,23.0,680.0,384.0,48029|4|1|1
2020,06067,1,1,1,1367.0,226.0,10799.0,875.0,06067|1|1|1
2020,06013,1,2,1,99.0,11.0,356.0,51.0,06013|1|2|1
2020,06037,32,1,3,805.0,217.0,4632.0,1045.0,06037|32|1|3
2020,22001,1,1,1,84.0,54.0,485.0,160.0,22001|1|1|1
2020,26125,31,1,1,1943.0,373.0,33242.0,2547.0,26125|31|1|1
2020,29189,4,2,1,120.0,85.0,1229.0,476.0,29189|4|2|1
2020,29510,4,2,1,28.0,23.0,144.0,73.0,29510|4|2|1
2020,37119,32,1,1,1329.0,376.0,6039.0,698.0,37119|32|1|1
2020,37119,31,1,3,149.0,47.0,638.0,100.0,37119|31|1|3
2020,37071,31,1,1,443.0,99.0,3235.0,435.0,37071|31|1|1
2020,42089,32,1,1,58.0,28.0,484.0,113.0,42089|32|1|1
2020,42091,31,2,1,37.0,15.0,851.0,223.0,42091|31|2|1
2019,53011,1,1,1,148.0,18.0,6470.0,416.0,53011|1|1|1
2019,55079,1,2,1,43.0,17.0,242.0,43.0,55079|1|2|1
2020,04013,1,1,3,84.0,16.0,3061.0,292.0,04013|1|1|3
2020,04013,1,2,1,202.0,32.0,2986.0,408.0,04013|1|2|1
2020,06013,32,1,1,810.0,166.0,8493.0,1000.0,06013|32|1|1
2020,22051,2,1,1,25.0,20.0,169.0,75.0,22051|2|1|1
2020,29510,2,1,1,94.0,82.0,77.0,29.0,29510|2|1|1
2020,37049,1,1,1,215.0,89.0,1544.0,153.0,37049|1|1|1
2020,34039,31,1,1,1109.0,261.0,6316.0,801.0,34039|31|1|1
2020,34007,2,1,1,56.0,37.0,272.0,111.0,34007|2|1|1
2020,34017,2,2,1,50.0,35.0,247.0,142.0,34017|2|2|1
2020,36029,31,1,1,222.0,79.0,6326.0,918.0,36029|31|1|1
2020,36119,31,1,1,665.0,166.0,7713.0,1122.0,36119|31|1|1
2020,36071,31,1,1,324.0,96.0,3231.0,504.0,36071|31|1|1
2020,36047,32,1,3,181.0,74.0,525.0,131.0,36047|32|1|3
2020,36081,1,2,1,56.0,32.0,79.0,54.0,36081|1|2|1
2020,36081,31,2,1,39.0,29.0,199.0,107.0,36081|31|2|1
2020,42101,32,1,3,231.0,101.0,523.0,114.0,42101|32|1|3
2020,48439,32,1,3,61.0,16.0,583.0,94.0,48439|32|1|3
2020,51700,1,1,1,731.0,102.0,1249.0,64.0,51700|1|1|1
2020,51179,1,1,1,839.0,97.0,2238.0,154.0,51179|1|1|1
2020,51730,1,1,1,170.0,43.0,95.0,11.0,51730|1|1|1
2021,06095,1,2,1,64.0,8.0,138.0,18.0,06095|1|2|1
2021,13297,1,1,1,442.0,67.0,1552.0,104.0,13297|1|1|1
2021,37101,32,1,1,272.0,72.0,1975.0,283.0,37101|32|1|1
2021,37195,1,1,1,338.0,94.0,630.0,65.0,37195|1|1|1
2021,37085,1,1,1,666.0,118.0,2364.0,215.0,37085|1|1|1
2020,48373,1,1,1,73.0,51.0,575.0,234.0,48373|1|1|1
2021,25017,32,1,1,382.0,96.0,12088.0,1108.0,25017|32|1|1
2021,37191,32,1,1,105.0,43.0,323.0,79.0,37191|32|1|1
2021,37183,2,1,1,92.0,43.0,527.0,137.0,37183|2|1|1
2021,34023,32,1,1,441.0,114.0,3311.0,527.0,34023|32|1|1
2021,34013,1,1,3,77.0,14.0,308.0,41.0,34013|1|1|3
2021,36059,2,2,1,352.0,255.0,2289.0,1074.0,36059|2|2|1
2021,36007,1,1,1,97.0,22.0,1594.0,146.0,36007|1|1|1
2021,36005,32,1,1,531.0,153.0,650.0,147.0,36005|32|1|1
2021,39049,1,1,1,2578.0,333.0,12400.0,634.0,39049|1|1|1
2021,39061,1,1,1,1771.0,270.0,8394.0,456.0,39061|1|1|1
2021,39045,32,1,1,125.0,31.0,1659.0,235.0,39045|32|1|1
2021,39035,32,1,1,876.0,341.0,5754.0,838.0,39035|32|1|1
2021,39023,1,1,1,112.0,24.0,1586.0,128.0,39023|1|1|1
2021,47157,4,1,1,231.0,160.0,282.0,94.0,47157|4|1|1
2021,47113,1,1,1,306.0,66.0,892.0,95.0,47113|1|1|1
2021,51093,1,1,1,179.0,34.0,655.0,49.0,51093|1|1|1
2022,12011,31,1,3,82.0,41.0,209.0,67.0,12011|31|1|3
2022,12009,1,1,3,48.0,6.0,477.0,63.0,12009|1|1|3
2022,13097,32,1,1,882.0,319.0,444.0,86.0,13097|32|1|1
2022,13089,31,1,1,823.0,308.0,627.0,106.0,13089|31|1|1
2022,13127,32,1,1,93.0,45.0,316.0,68.0,13127|32|1|1
2022,19049,1,1,1,79.0,15.0,1825.0,104.0,19049|1|1|1
2022,18003,32,1,1,206.0,77.0,1764.0,373.0,18003|32|1|1
2022,26025,1,1,1,98.0,25.0,1439.0,205.0,26025|1|1|1
2021,48201,32,1,1,2175.0,768.0,12047.0,2439.0,48201|32|1|1
2021,48113,32,1,3,157.0,46.0,622.0,93.0,48113|32|1|3
2021,48453,32,2,1,26.0,7.0,493.0,87.0,48453|32|2|1
2021,48085,2,2,1,108.0,67.0,1116.0,478.0,48085|2|2|1
2021,48029,2,1,1,59.0,40.0,896.0,463.0,48029|2|1|1
2022,13121,1,2,1,144.0,47.0,199.0,54.0,13121|1|2|1
2022,13089,31,2,1,53.0,26.0,162.0,51.0,13089|31|2|1
2022,18003,1,1,1,355.0,71.0,4635.0,376.0,18003|1|1|1
2022,24003,4,2,1,250.0,145.0,1225.0,503.0,24003|4|2|1
2022,28099,1,1,1,51.0,25.0,156.0,53.0,28099|1|1|1
2022,28049,1,1,1,1062.0,297.0,677.0,75.0,28049|1|1|1
2022,36027,2,2,1,110.0,64.0,899.0,297.0,36027|2|2|1
2022,39085,1,1,1,212.0,38.0,2756.0,160.0,39085|1|1|1
2022,42101,31,1,1,961.0,453.0,1314.0,316.0,42101|31|1|1
2022,48201,4,2,1,459.0,362.0,2329.0,1507.0,48201|4|2|1
2022,51087,32,1,1,738.0,245.0,976.0,188.0,51087|32|1|1
2023,01089,2,2,1,236.0,131.0,774.0,211.0,01089|2|2|1
2023,12103,32,1,1,248.0,116.0,1745.0,555.0,12103|32|1|1
2023,12101,32,1,1,137.0,72.0,1393.0,497.0,12101|32|1|1
2023,12086,2,2,1,499.0,340.0,4292.0,2586.0,12086|2|2|1
2022,36029,1,1,1,595.0,119.0,6552.0,413.0,36029|1|1|1
2022,36081,2,1,1,89.0,60.0,214.0,126.0,36081|2|1|1
2022,48453,32,2,1,48.0,20.0,608.0,153.0,48453|32|2|1
2022,51570,1,1,1,59.0,6.0,164.0,3.0,51570|1|1|1
2023,12095,4,2,1,528.0,334.0,2537.0,1388.0,12095|4|2|1
2023,39153,2,2,1,159.0,88.0,1334.0,468.0,39153|2|2|1
2023,42071,1,1,1,149.0,30.0,3325.0,343.0,42071|1|1|1
2023,48439,31,1,1,210.0,106.0,886.0,278.0,48439|31|1|1
2023,51059,4,2,1,183.0,99.0,1225.0,512.0,51059|4|2|1
2023,51670,1,1,1,98.0,17.0,130.0,10.0,51670|1|1|1
2024,06071,1,1,1,835.0,175.0,8987.0,1180.0,06071|1|1|1
2024,06059,1,1,1,114.0,25.0,6431.0,761.0,06059|1|1|1
2024,12031,2,2,1,369.0,200.0,1085.0,391.0,12031|2|2|1
2024,12127,32,1,1,182.0,75.0,1491.0,542.0,12127|32|1|1
2024,13157,1,1,1,185.0,40.0,1310.0,119.0,13157|1|1|1
2024,13051,2,1,1,44.0,35.0,90.0,35.0,13051|2|1|1
2023,48339,31,1,1,31.0,11.0,408.0,138.0,48339|31|1|1
2023,51650,4,2,1,153.0,76.0,188.0,75.0,51650|4|2|1
2025,55079,32,2,1,164.0,61.0,729.0,167.0,55079|32|2|1
2018,47149,2,2,1,84.0,56.0,617.0,293.0,47149|2|2|1
2018,47119,1,1,1,101.0,16.0,1840.0,193.0,47119|1|1|1
2018,47147,1,1,1,68.0,12.0,1070.0,112.0,47147|1|1|1
2019,01099,1,1,1,68.0,38.0,111.0,28.0,01099|1|1|1
2020,01115,1,1,1,289.0,67.0,1735.0,281.0,01115|1|1|1
2020,01097,4,1,1,62.0,50.0,196.0,76.0,01097|4|1|1
2020,28023,1,1,1,75.0,54.0,109.0,34.0,28023|1|1|1
2020,01087,1,1,1,136.0,90.0,47.0,16.0,01087|1|1|1
2020,25005,2,2,1,34.0,19.0,958.0,350.0,25005|2|2|1
2021,22017,1,1,1,1257.0,293.0,1980.0,267.0,22017|1|1|1
2021,22071,31,1,1,1001.0,318.0,2021.0,271.0,22071|31|1|1
2021,28083,1,1,1,78.0,27.0,64.0,8.0,28083|1|1|1
2022,01097,31,1,1,285.0,128.0,869.0,207.0,01097|31|1|1
2022,21111,2,1,1,94.0,55.0,443.0,154.0,21111|2|1|1
2022,34007,4,2,1,186.0,110.0,803.0,369.0,34007|4|2|1
2023,06099,1,1,1,93.0,17.0,2124.0,256.0,06099|1|1|1
2023,22119,1,1,1,127.0,76.0,277.0,85.0,22119|1|1|1
2023,06001,31,1,1,59.0,25.0,333.0,69.0,06001|31|1|1
2023,22111,1,1,1,97.0,80.0,179.0,77.0,22111|1|1|1
2024,01073,2,1,1,296.0,203.0,285.0,114.0,01073|2|1|1
2024,18127,1,1,1,112.0,23.0,1805.0,140.0,18127|1|1|1
2024,36105,1,1,1,50.0,12.0,448.0,105.0,36105|1|1|1
2024,36093,1,1,1,113.0,17.0,806.0,50.0,36093|1|1|1
2024,36059,32,2,1,95.0,28.0,444.0,91.0,36059|32|2|1
2024,24025,32,1,1,117.0,45.0,376.0,91.0,24025|32|1|1
2024,42043,1,1,1,293.0,54.0,1762.0,201.0,42043|1|1|1
2025,24033,32,1,1,1773.0,762.0,404.0,150.0,24033|32|1|1
2025,24005,31,1,1,494.0,134.0,1122.0,168.0,24005|31|1|1
2025,24013,1,1,1,86.0,14.0,1367.0,64.0,24013|1|1|1
2025,42045,4,2,1,230.0,130.0,1052.0,352.0,42045|4|2|1
2018,25023,32,1,1,276.0,136.0,2548.0,617.0,25023|32|1|1
2018,34023,31,1,1,178.0,64.0,1494.0,449.0,34023|31|1|1
2018,34031,32,1,1,75.0,38.0,1037.0,365.0,34031|32|1|1
2018,34003,32,1,1,137.0,66.0,2487.0,701.0,34003|32|1|1
2018,34021,32,1,1,110.0,63.0,569.0,175.0,34021|32|1|1
2019,22087,1,1,1,126.0,16.0,334.0,29.0,22087|1|1|1
2019,22019,31,1,1,105.0,26.0,693.0,107.0,22019|31|1|1
2019,22005,31,1,1,146.0,36.0,681.0,67.0,22005|31|1|1
2020,11001,1,2,1,49.0,27.0,108.0,29.0,11001|1|2|1
2022,08031,1,2,1,46.0,6.0,560.0,104.0,08031|1|2|1
2021,45027,1,1,1,176.0,118.0,294.0,68.0,45027|1|1|1
2022,25021,4,2,1,120.0,66.0,1411.0,404.0,25021|4|2|1
2024,27037,1,1,1,463.0,66.0,3745.0,278.0,27037|1|1|1
2023,45035,1,1,1,613.0,240.0,2459.0,303.0,45035|1|1|1
2023,45085,31,1,1,28.0,17.0,48.0,13.0,45085|31|1|1
2025,27003,1,1,1,510.0,63.0,3018.0,211.0,27003|1|1|1
2025,27003,32,1,1,42.0,20.0,617.0,151.0,27003|32|1|1
2025,25017,1,1,1,362.0,51.0,7183.0,367.0,25017|1|1|1
2025,25017,32,1,1,59.0,28.0,1346.0,293.0,25017|32|1|1
2025,47157,31,2,1,136.0,59.0,279.0,79.0,47157|31|2|1
2018,11001,31,2,1,124.0,61.0,254.0,67.0,11001|31|2|1
2018,01089,2,1,1,58.0,32.0,244.0,47.0,01089|2|1|1
2018,01107,1,1,1,61.0,39.0,98.0,33.0,01107|1|1|1
2018,06073,32,1,3,65.0,25.0,1539.0,340.0,06073|32|1|3
2018,47037,31,1,1,479.0,207.0,1656.0,502.0,47037|31|1|1
2018,48113,32,1,1,1415.0,554.0,5010.0,1240.0,48113|32|1|1
2018,12071,31,1,1,103.0,53.0,1807.0,612.0,12071|31|1|1
2018,12097,32,1,1,197.0,110.0,1204.0,431.0,12097|32|1|1
2018,12065,1,1,1,30.0,18.0,115.0,22.0,12065|1|1|1
2018,12073,32,1,1,163.0,94.0,492.0,150.0,12073|32|1|1
2018,12095,4,1,1,110.0,83.0,755.0,407.0,12095|4|1|1
2018,12083,2,2,1,49.0,35.0,596.0,353.0,12083|2|2|1
2018,12031,32,1,3,34.0,17.0,209.0,71.0,12031|32|1|3
2018,24027,4,2,1,108.0,70.0,345.0,142.0,24027|4|2|1
2018,24017,31,1,1,372.0,146.0,290.0,86.0,24017|31|1|1
2018,29189,2,2,1,195.0,135.0,1674.0,541.0,29189|2|2|1
2018,36005,4,1,1,37.0,29.0,60.0,41.0,36005|4|1|1
2018,39035,31,1,1,697.0,374.0,3961.0,1035.0,39035|31|1|1
2018,39035,31,2,1,69.0,33.0,1281.0,292.0,39035|31|2|1
2018,42017,32,1,1,60.0,24.0,2206.0,629.0,42017|32|1|1
2018,48121,31,1,1,195.0,69.0,1904.0,433.0,48121|31|1|1
2018,48397,1,1,1,183.0,24.0,2007.0,198.0,48397|1|1|1
2018,48181,1,1,1,57.0,22.0,1759.0,247.0,48181|1|1|1
2018,48481,1,1,1,36.0,19.0,283.0,61.0,48481|1|1|1
2018,48039,32,1,1,147.0,67.0,734.0,213.0,48039|32|1|1
2018,48113,4,2,1,307.0,238.0,1303.0,823.0,48113|4|2|1
2018,48257,31,1,1,58.0,23.0,347.0,95.0,48257|31|1|1
2018,24039,1,1,1,30.0,12.0,118.0,17.0,24039|1|1|1
2018,48157,1,2,1,77.0,24.0,195.0,45.0,48157|1|2|1
2019,12031,2,2,1,265.0,193.0,1168.0,538.0,12031|2|2|1
2019,13089,2,2,1,647.0,488.0,860.0,369.0,13089|2|2|1
2019,13067,31,2,1,56.0,26.0,373.0,106.0,13067|31|2|1
2019,13247,4,2,1,100.0,75.0,47.0,31.0,13247|4|2|1
2019,13135,31,1,1,1534.0,379.0,2629.0,449.0,13135|31|1|1
2019,13245,4,2,1,95.0,80.0,71.0,42.0,13245|4|2|1
2019,26163,32,1,3,50.0,27.0,215.0,47.0,26163|32|1|3
2019,39061,31,1,1,622.0,253.0,4654.0,702.0,39061|31|1|1
2019,48201,4,2,1,428.0,359.0,2151.0,1458.0,48201|4|2|1
2019,48039,4,2,1,45.0,34.0,154.0,101.0,48039|4|2|1
2019,48201,1,2,1,279.0,48.0,1185.0,209.0,48201|1|2|1
2019,48099,1,1,1,98.0,18.0,716.0,94.0,48099|1|1|1
2019,51059,1,1,1,808.0,68.0,8036.0,332.0,51059|1|1|1
2019,51710,1,1,1,525.0,61.0,2019.0,119.0,51710|1|1|1
2019,01117,1,1,1,605.0,77.0,3660.0,266.0,01117|1|1|1
2019,13215,1,1,1,525.0,67.0,1225.0,64.0,13215|1|1|1
2019,17031,2,1,3,90.0,57.0,146.0,81.0,17031|2|1|3
2019,01097,1,1,1,1027.0,244.0,3608.0,456.0,01097|1|1|1
2019,16001,1,1,1,48.0,6.0,8309.0,397.0,16001|1|1|1
2019,48029,32,2,1,48.0,31.0,503.0,193.0,48029|32|2|1
2020,12105,31,1,1,1035.0,289.0,7911.0,1498.0,12105|31|1|1
2020,12023,1,1,1,142.0,87.0,959.0,295.0,12023|1|1|1
2020,12011,1,1,2,138.0,26.0,1189.0,197.0,12011|1|1|2
2020,22073,1,1,1,399.0,127.0,1491.0,266.0,22073|1|1|1
2020,26163,1,1,1,3345.0,791.0,12170.0,1336.0,26163|1|1|1
2020,26025,1,1,1,91.0,20.0,1447.0,164.0,26025|1|1|1
2020,37063,4,2,1,128.0,54.0,306.0,95.0,37063|4|2|1
2019,53061,1,1,1,369.0,34.0,8345.0,533.0,53061|1|1|1
2019,53061,32,1,1,162.0,54.0,5857.0,841.0,53061|32|1|1
2020,06031,1,1,1,54.0,8.0,1080.0,69.0,06031|1|1|1
2020,24031,2,1,1,39.0,23.0,264.0,94.0,24031|2|1|1
2020,29019,1,1,1,126.0,14.0,2359.0,128.0,29019|1|1|1
2020,34007,1,2,1,32.0,4.0,84.0,19.0,34007|1|2|1
2020,36047,1,1,1,926.0,194.0,3658.0,635.0,36047|1|1|1
2020,51031,1,1,1,96.0,32.0,660.0,98.0,51031|1|1|1
2021,06095,32,1,1,938.0,201.0,3593.0,420.0,06095|32|1|1
2021,06001,32,1,3,206.0,53.0,620.0,79.0,06001|32|1|3
2021,13073,32,1,1,261.0,85.0,1125.0,185.0,13073|32|1|1
2021,13245,31,1,1,823.0,212.0,677.0,125.0,13245|31|1|1
2021,20091,2,2,1,37.0,16.0,1476.0,360.0,20091|2|2|1
2021,26125,2,2,1,257.0,129.0,2202.0,635.0,26125|2|2|1
2021,29510,1,1,3,71.0,16.0,425.0,29.0,29510|1|1|3
2021,37129,31,1,1,236.0,58.0,4234.0,455.0,37129|31|1|1
2021,08031,4,2,1,72.0,37.0,1354.0,417.0,08031|4|2|1
2021,13059,32,1,1,114.0,34.0,514.0,74.0,13059|32|1|1
2021,25009,4,2,1,44.0,30.0,969.0,334.0,25009|4|2|1
2021,34025,32,1,1,230.0,67.0,6103.0,843.0,34025|32|1|1
2021,34003,1,1,1,574.0,104.0,6411.0,491.0,34003|1|1|1
2021,36047,1,1,1,1289.0,234.0,6202.0,654.0,36047|1|1|1
2021,36067,32,1,1,79.0,24.0,1781.0,262.0,36067|32|1|1
2021,39153,4,2,1,56.0,25.0,981.0,294.0,39153|4|2|1
2021,42079,1,1,1,218.0,52.0,2824.0,328.0,42079|1|1|1
2021,51810,1,1,1,1090.0,89.0,5791.0,242.0,51810|1|1|1
2021,51810,32,1,1,646.0,190.0,3471.0,493.0,51810|32|1|1
2022,06073,31,1,1,251.0,54.0,5820.0,1049.0,06073|31|1|1
2022,12086,32,1,1,1540.0,709.0,6890.0,2204.0,12086|32|1|1
2022,12083,32,1,1,317.0,132.0,2320.0,687.0,12083|32|1|1
2022,12119,1,1,1,75.0,24.0,3022.0,203.0,12119|1|1|1
2022,12105,1,1,3,149.0,36.0,914.0,157.0,12105|1|1|3
2022,13089,32,1,1,3114.0,1129.0,1014.0,184.0,13089|32|1|1
2022,13135,32,1,1,2748.0,968.0,2785.0,558.0,13135|32|1|1
2022,13285,32,1,1,97.0,43.0,218.0,61.0,13285|32|1|1
2022,18089,1,1,1,1086.0,180.0,4712.0,268.0,18089|1|1|1
2022,26081,4,2,1,67.0,35.0,1345.0,405.0,26081|4|2|1
2022,26081,32,1,1,218.0,60.0,2596.0,444.0,26081|32|1|1
2021,36059,1,2,1,37.0,15.0,133.0,53.0,36059|1|2|1
2021,42045,2,1,1,94.0,64.0,396.0,147.0,42045|2|1|1
2021,44007,1,1,3,49.0,4.0,387.0,32.0,44007|1|1|3
2021,48201,31,1,1,6615.0,1809.0,32313.0,5777.0,48201|31|1|1
2021,48139,31,1,1,718.0,152.0,2513.0,370.0,48139|31|1|1
2021,48201,4,2,1,232.0,191.0,1210.0,777.0,48201|4|2|1
2022,24005,32,1,1,1301.0,500.0,2019.0,513.0,24005|32|1|1
2022,28031,1,1,1,152.0,116.0,173.0,79.0,28031|1|1|1
2022,36059,31,2,1,49.0,30.0,513.0,157.0,36059|31|2|1
2022,39165,1,1,1,121.0,17.0,2990.0,171.0,39165|1|1|1
2022,39049,31,1,1,519.0,184.0,2756.0,503.0,39049|31|1|1
2022,42003,1,1,1,953.0,152.0,9566.0,541.0,42003|1|1|1
2022,42007,1,1,1,81.0,17.0,1539.0,112.0,42007|1|1|1
2022,51710,32,1,1,415.0,164.0,493.0,148.0,51710|32|1|1
2022,51177,32,1,1,260.0,91.0,788.0,183.0,51177|32|1|1
2022,51680,32,1,1,68.0,22.0,139.0,29.0,51680|32|1|1
2023,08059,1,1,1,41.0,2.0,5292.0,313.0,08059|1|1|1
2023,12105,1,1,3,109.0,24.0,872.0,141.0,12105|1|1|3
2023,12069,1,1,1,900.0,175.0,5901.0,713.0,12069|1|1|1
2023,12021,1,1,1,240.0,63.0,3739.0,589.0,12021|1|1|1
2023,13107,1,1,1,61.0,50.0,88.0,30.0,13107|1|1|1
2022,48039,4,2,1,76.0,59.0,187.0,138.0,48039|4|2|1
2023,01101,2,2,1,118.0,80.0,75.0,33.0,01101|2|2|1
2023,12099,4,2,1,411.0,293.0,3116.0,1721.0,12099|4|2|1
2023,12039,1,1,1,271.0,174.0,176.0,52.0,12039|1|1|1
2023,12097,2,2,1,134.0,82.0,728.0,438.0,12097|2|2|1
2023,26145,32,1,1,62.0,36.0,321.0,103.0,26145|32|1|1
2023,27171,1,1,1,175.0,36.0,1782.0,184.0,27171|1|1|1
2023,27145,1,1,1,51.0,7.0,1228.0,75.0,27145|1|1|1
2023,29510,1,1,3,52.0,10.0,210.0,14.0,29510|1|1|3
2023,39049,1,2,1,128.0,25.0,276.0,31.0,39049|1|2|1
2023,42041,1,1,1,82.0,16.0,1776.0,191.0,42041|1|1|1
2023,42091,2,1,1,54.0,28.0,448.0,133.0,42091|2|1|1
2023,48157,32,1,1,362.0,192.0,502.0,184.0,48157|32|1|1
2023,51059,1,1,1,638.0,58.0,4827.0,229.0,51059|1|1|1
2023,51770,32,1,1,58.0,24.0,134.0,46.0,51770|32|1|1
2023,55079,2,1,1,131.0,87.0,440.0,133.0,55079|2|1|1
2024,06111,1,1,1,56.0,9.0,3078.0,311.0,06111|1|1|1
2024,12111,4,2,1,247.0,171.0,889.0,501.0,12111|4|2|1
2024,17119,1,1,1,232.0,63.0,2584.0,199.0,17119|1|1|1
2024,17143,1,1,1,173.0,27.0,1417.0,86.0,17143|1|1|1
2023,27053,1,2,1,165.0,23.0,575.0,78.0,27053|1|2|1
2023,48439,2,2,1,453.0,333.0,1901.0,992.0,48439|2|2|1
2024,06095,1,2,1,37.0,8.0,104.0,13.0,06095|1|2|1
2024,13279,1,1,1,38.0,21.0,104.0,31.0,13279|1|1|1
2024,13215,31,1,1,133.0,31.0,139.0,26.0,13215|31|1|1
2024,13089,1,2,1,205.0,41.0,134.0,19.0,13089|1|2|1
2024,13021,2,2,1,71.0,42.0,129.0,38.0,13021|2|2|1
2024,37085,31,1,1,119.0,25.0,352.0,67.0,37085|31|1|1
2024,40109,32,1,1,246.0,106.0,944.0,316.0,40109|32|1|1
2024,47125,32,1,1,267.0,114.0,646.0,179.0,47125|32|1|1
2024,48309,32,1,1,54.0,31.0,373.0,120.0,48309|32|1|1
2024,48453,32,1,1,158.0,68.0,1064.0,283.0,48453|32|1|1
2024,48203,1,1,1,134.0,81.0,612.0,180.0,48203|1|1|1
2024,48157,2,2,1,241.0,174.0,533.0,276.0,48157|2|2|1
2024,55079,1,1,3,111.0,15.0,447.0,37.0,55079|1|1|3
2025,06073,32,1,1,251.0,100.0,2644.0,726.0,06073|32|1|1
2025,06073,31,1,1,283.0,64.0,5038.0,825.0,06073|31|1|1
2025,12086,1,1,1,812.0,240.0,13458.0,2634.0,12086|1|1|1
2025,12097,1,1,1,607.0,130.0,4667.0,821.0,12097|1|1|1
2025,13089,1,2,1,321.0,57.0,134.0,20.0,13089|1|2|1
2025,13245,4,1,1,58.0,30.0,54.0,19.0,13245|4|1|1
2024,37051,2,2,1,195.0,105.0,224.0,100.0,37051|2|2|1
2024,32031,1,1,1,62.0,9.0,3299.0,296.0,32031|1|1|1
2025,37179,32,1,1,110.0,48.0,655.0,155.0,37179|32|1|1
2025,37101,31,1,1,149.0,40.0,578.0,103.0,37101|31|1|1
2025,45089,1,1,1,179.0,138.0,104.0,29.0,45089|1|1|1
2025,48351,1,1,1,48.0,42.0,132.0,60.0,48351|1|1|1
2025,48469,1,1,1,52.0,32.0,821.0,231.0,48469|1|1|1
2025,48423,31,1,1,49.0,23.0,460.0,108.0,48423|31|1|1
2025,51810,2,2,1,192.0,78.0,991.0,233.0,51810|2|2|1
2025,51800,4,2,1,159.0,79.0,202.0,73.0,51800|4|2|1
2018,26125,32,1,1,690.0,241.0,5934.0,1225.0,26125|32|1|1
2018,13247,4,2,1,79.0,55.0,33.0,19.0,13247|4|2|1
2018,13089,2,1,1,285.0,208.0,214.0,91.0,13089|2|1|1
2018,13039,32,1,1,59.0,30.0,184.0,46.0,13039|32|1|1
2018,37079,1,1,1,40.0,24.0,109.0,26.0,37079|1|1|1
2018,54039,1,1,1,57.0,14.0,1519.0,225.0,54039|1|1|1
2019,08005,32,1,1,769.0,230.0,6383.0,1098.0,08005|32|1|1
2019,08101,1,1,1,53.0,7.0,2262.0,207.0,08101|1|1|1
2019,37051,4,1,1,43.0,26.0,114.0,47.0,37051|4|1|1
2019,37081,31,2,1,58.0,16.0,352.0,79.0,37081|31|2|1
2019,47189,32,1,1,65.0,24.0,1021.0,199.0,47189|32|1|1
2019,47065,32,1,1,218.0,94.0,1480.0,335.0,47065|32|1|1
2019,47167,1,1,1,119.0,31.0,723.0,83.0,47167|1|1|1
2019,18097,1,1,3,69.0,11.0,792.0,75.0,18097|1|1|3
2019,37037,1,1,1,70.0,12.0,1047.0,78.0,37037|1|1|1
2019,32003,32,1,3,80.0,23.0,742.0,175.0,32003|32|1|3
2020,17019,32,1,1,29.0,8.0,776.0,78.0,17019|32|1|1
2020,17031,2,2,1,530.0,402.0,3023.0,1522.0,17031|2|2|1
2020,13033,1,1,1,89.0,67.0,140.0,51.0,13033|1|1|1
2020,13135,32,1,1,1264.0,409.0,3521.0,515.0,13135|32|1|1
2020,13135,2,2,1,383.0,264.0,819.0,354.0,13135|2|2|1
2020,13299,1,1,1,77.0,44.0,302.0,125.0,13299|1|1|1
2020,17119,32,1,1,34.0,7.0,1428.0,196.0,17119|32|1|1
2020,27053,1,1,1,1299.0,172.0,15294.0,626.0,27053|1|1|1
2021,18063,32,1,1,114.0,25.0,2188.0,280.0,18063|32|1|1
2020,39113,1,1,1,776.0,116.0,5816.0,390.0,39113|1|1|1
2020,39049,31,1,3,79.0,35.0,563.0,126.0,39049|31|1|3
2020,39049,31,2,1,83.0,56.0,697.0,220.0,39049|31|2|1
2020,45079,1,1,1,2917.0,624.0,3354.0,217.0,45079|1|1|1
2021,24005,1,2,1,188.0,30.0,214.0,42.0,24005|1|2|1
2021,24045,1,1,1,333.0,64.0,1101.0,122.0,24045|1|1|1
2021,32003,4,1,1,65.0,43.0,723.0,280.0,32003|4|1|1
2021,53053,4,2,1,99.0,62.0,1494.0,608.0,53053|4|2|1
2023,17161,1,1,1,121.0,12.0,1100.0,80.0,17161|1|1|1
2022,37081,4,2,1,387.0,177.0,858.0,271.0,37081|4|2|1
2023,37151,1,1,1,140.0,41.0,1267.0,266.0,37151|1|1|1
2023,37035,32,1,1,36.0,7.0,368.0,106.0,37035|32|1|1
2023,37185,1,1,1,59.0,36.0,83.0,13.0,37185|1|1|1
2023,37063,31,2,1,108.0,38.0,153.0,40.0,37063|31|2|1
2024,20177,1,1,1,89.0,15.0,1538.0,123.0,20177|1|1|1
2024,29169,1,1,1,39.0,3.0,564.0,84.0,29169|1|1|1
2023,36059,2,1,1,55.0,38.0,412.0,220.0,36059|2|1|1
2023,36047,1,2,1,41.0,22.0,102.0,52.0,36047|1|2|1
2024,25025,31,2,1,110.0,63.0,261.0,100.0,25025|31|2|1
2024,39061,1,1,3,90.0,14.0,428.0,40.0,39061|1|1|3
2025,01097,4,2,1,156.0,89.0,650.0,243.0,01097|4|2|1
2025,22073,32,1,1,56.0,35.0,160.0,49.0,22073|32|1|1
2025,22033,1,1,3,82.0,21.0,192.0,32.0,22033|1|1|3
2025,28127,1,1,1,138.0,91.0,210.0,62.0,28127|1|1|1
2025,28091,1,1,1,154.0,118.0,194.0,60.0,28091|1|1|1
2025,28033,4,2,1,184.0,110.0,405.0,123.0,28033|4|2|1
2025,28049,4,1,1,172.0,113.0,74.0,18.0,28049|4|1|1
2024,39061,31,1,1,230.0,68.0,932.0,160.0,39061|31|1|1
2024,45061,1,1,1,84.0,64.0,45.0,11.0,45061|1|1|1
2024,51760,32,1,3,33.0,7.0,29.0,4.0,51760|32|1|3
2024,51153,1,2,1,36.0,8.0,76.0,21.0,51153|1|2|1
2025,01041,1,1,1,32.0,22.0,93.0,28.0,01041|1|1|1
2025,17119,1,1,1,232.0,57.0,2719.0,230.0,17119|1|1|1
2025,22051,4,2,1,83.0,40.0,434.0,171.0,22051|4|2|1
2025,55101,1,1,1,103.0,19.0,1655.0,119.0,55101|1|1|1
2025,36087,2,2,1,53.0,27.0,464.0,201.0,36087|2|2|1
2025,36029,31,1,1,78.0,29.0,1284.0,253.0,36029|31|1|1
2025,36059,2,1,1,56.0,28.0,446.0,184.0,36059|2|1|1
2025,36081,4,1,1,74.0,49.0,184.0,76.0,36081|4|1|1
2025,36005,32,1,3,46.0,19.0,166.0,38.0,36005|32|1|3
2025,41051,32,1,1,56.0,30.0,681.0,214.0,41051|32|1|1
2018,53033,2,2,1,304.0,161.0,6471.0,1829.0,53033|2|2|1
2019,72127,1,1,1,135.0,45.0,1617.0,349.0,72127|1|1|1
2019,01073,31,2,1,76.0,49.0,386.0,101.0,01073|31|2|1
2019,44007,1,1,1,594.0,98.0,5709.0,474.0,44007|1|1|1
2020,01113,31,1,1,277.0,66.0,347.0,55.0,01113|31|1|1
2020,28091,1,1,1,74.0,50.0,173.0,53.0,28091|1|1|1
2020,25023,2,2,1,98.0,75.0,1344.0,464.0,25023|2|2|1
2021,27003,1,1,1,609.0,65.0,5154.0,370.0,27003|1|1|1
2021,28085,1,1,1,137.0,81.0,344.0,110.0,28085|1|1|1
2021,28049,32,1,1,331.0,177.0,301.0,54.0,28049|32|1|1
2021,28059,32,1,1,92.0,39.0,702.0,155.0,28059|32|1|1
2020,49049,1,1,1,99.0,14.0,12417.0,774.0,49049|1|1|1
2020,49035,2,2,1,32.0,16.0,3563.0,913.0,49035|2|2|1
2021,22079,32,1,1,66.0,29.0,365.0,71.0,22079|32|1|1
2022,01013,1,1,1,119.0,93.0,116.0,51.0,01013|1|1|1
2022,01051,32,1,1,81.0,45.0,368.0,98.0,01051|32|1|1
2022,21111,4,2,1,197.0,89.0,1564.0,436.0,21111|4|2|1
2022,27053,4,2,1,167.0,100.0,2093.0,652.0,27053|4|2|1
2021,41051,4,2,1,43.0,26.0,882.0,277.0,41051|4|2|1
2022,01025,1,1,1,125.0,78.0,108.0,28.0,01025|1|1|1
2022,34033,1,1,1,123.0,30.0,638.0,79.0,34033|1|1|1
2022,34005,4,1,1,36.0,24.0,257.0,118.0,34005|4|1|1
2023,06037,1,1,1,1928.0,435.0,19753.0,2484.0,06037|1|1|1
2023,06067,4,2,1,276.0,160.0,1587.0,722.0,06067|4|2|1
2023,18141,1,1,1,239.0,57.0,2203.0,232.0,18141|1|1|1
2023,18063,32,1,1,66.0,25.0,508.0,122.0,18063|32|1|1
2023,18039,1,1,1,80.0,42.0,1964.0,263.0,18039|1|1|1
2023,22071,4,1,1,86.0,60.0,73.0,20.0,22071|4|1|1
2023,18089,4,2,1,109.0,81.0,829.0,371.0,18089|4|2|1
2024,01101,2,2,1,179.0,107.0,128.0,36.0,01101|2|2|1
2024,18097,1,2,1,161.0,36.0,426.0,53.0,18097|1|2|1
2024,18091,1,1,1,44.0,6.0,919.0,125.0,18091|1|1|1
2024,28043,1,1,1,52.0,22.0,83.0,15.0,28043|1|1|1
2024,28025,1,1,1,117.0,72.0,77.0,17.0,28025|1|1|1
2024,36059,4,2,1,363.0,246.0,1881.0,931.0,36059|4|2|1
2024,01125,32,1,1,165.0,72.0,238.0,73.0,01125|32|1|1
2024,24033,2,2,1,1689.0,880.0,356.0,174.0,24033|2|2|1
2024,36047,4,1,1,111.0,64.0,172.0,83.0,36047|4|1|1
2024,42043,2,2,1,107.0,51.0,827.0,243.0,42043|2|2|1
2025,24005,32,2,1,366.0,119.0,687.0,119.0,24005|32|2|1
2025,24025,2,2,1,93.0,43.0,488.0,129.0,24025|2|2|1
2025,24005,31,2,1,87.0,41.0,303.0,69.0,24005|31|2|1
2025,53033,4,2,1,229.0,133.0,2441.0,867.0,53033|4|2|1
2018,45037,1,1,1,38.0,14.0,222.0,41.0,45037|1|1|1
2019,22001,1,1,1,57.0,31.0,471.0,117.0,22001|1|1|1
2020,11001,1,1,3,105.0,21.0,153.0,13.0,11001|1|1|3
2021,21111,1,1,1,1814.0,253.0,9191.0,698.0,21111|1|1|1
2021,45085,31,1,1,346.0,88.0,725.0,103.0,45085|31|1|1
2023,05107,1,1,1,47.0,18.0,34.0,11.0,05107|1|1|1
2023,11001,32,1,1,387.0,160.0,130.0,42.0,11001|32|1|1
2023,45079,4,1,1,103.0,66.0,97.0,39.0,45079|4|1|1
2025,04013,31,1,1,584.0,160.0,9902.0,1705.0,04013|31|1|1
2025,47157,1,1,3,101.0,21.0,498.0,49.0,47157|1|1|3
2019,31153,1,1,1,89.0,10.0,3059.0,119.0,31153|1|1|1
2019,31055,4,2,1,57.0,31.0,1049.0,340.0,31055|4|2|1
2019,45083,31,1,1,231.0,82.0,1171.0,265.0,45083|31|1|1
2019,45091,2,2,1,50.0,28.0,453.0,168.0,45091|2|2|1
2025,36103,2,2,1,298.0,207.0,3302.0,1416.0,36103|2|2|1
2025,36059,31,1,1,158.0,46.0,1101.0,264.0,36059|31|1|1
2025,36083,1,1,1,65.0,15.0,997.0,81.0,36083|1|1|1
2025,36059,32,1,1,309.0,115.0,1155.0,273.0,36059|32|1|1
2025,36085,32,1,1,56.0,22.0,345.0,89.0,36085|32|1|1
2018,47189,1,1,1,146.0,31.0,2431.0,210.0,47189|1|1|1
2018,53067,32,1,1,66.0,24.0,1583.0,359.0,53067|32|1|1
2019,01015,1,1,1,188.0,43.0,1121.0,207.0,01015|1|1|1
2019,01125,32,1,1,185.0,88.0,570.0,118.0,01125|32|1|1
2019,40143,32,1,1,107.0,59.0,1363.0,400.0,40143|32|1|1
2020,01023,1,1,1,66.0,45.0,72.0,28.0,01023|1|1|1
2020,35001,1,1,1,206.0,19.0,7881.0,710.0,35001|1|1|1
2021,22103,1,1,1,1230.0,308.0,4088.0,363.0,22103|1|1|1
2021,28007,1,1,1,68.0,42.0,94.0,28.0,28007|1|1|1
2022,01101,4,1,1,47.0,33.0,52.0,19.0,01101|4|1|1
2022,17031,32,2,1,80.0,35.0,618.0,150.0,17031|32|2|1
2023,06029,32,1,1,104.0,44.0,1072.0,413.0,06029|32|1|1
2023,06077,32,1,1,127.0,64.0,546.0,176.0,06077|32|1|1
2023,06071,1,1,3,41.0,12.0,629.0,98.0,06071|1|1|3
2023,22033,31,1,1,107.0,30.0,171.0,31.0,22033|31|1|1
2023,22079,1,1,1,333.0,135.0,870.0,247.0,22079|1|1|1
2022,45045,1,1,1,781.0,212.0,6813.0,631.0,45045|1|1|1
2022,45083,1,1,1,1026.0,311.0,4866.0,745.0,45083|1|1|1
2024,18163,1,1,1,107.0,33.0,1768.0,168.0,18163|1|1|1
2024,01035,1,1,1,44.0,29.0,47.0,15.0,01035|1|1|1
2024,24033,4,1,1,197.0,127.0,71.0,39.0,24033|4|1|1
2024,42017,32,1,1,53.0,22.0,993.0,292.0,42017|32|1|1
2024,42089,1,1,1,206.0,29.0,1145.0,157.0,42089|1|1|1
2024,36067,2,2,1,105.0,49.0,1184.0,268.0,36067|2|2|1
2024,36055,1,2,1,27.0,8.0,166.0,36.0,36055|1|2|1
2025,24025,32,1,1,138.0,58.0,425.0,120.0,24025|32|1|1
2025,24021,31,1,1,106.0,29.0,621.0,91.0,24021|31|1|1
2025,42043,2,1,1,37.0,28.0,237.0,82.0,42043|2|1|1
2018,27003,1,1,1,398.0,56.0,4625.0,339.0,27003|1|1|1
2018,34021,1,1,1,380.0,88.0,1995.0,147.0,34021|1|1|1
2018,45083,31,1,1,159.0,78.0,863.0,263.0,45083|31|1|1
2019,22057,1,1,1,161.0,68.0,992.0,168.0,22057|1|1|1
2021,21227,1,1,1,105.0,16.0,1741.0,188.0,21227|1|1|1
2022,13245,2,2,1,86.0,60.0,77.0,27.0,13245|2|2|1
2021,45041,1,1,1,959.0,362.0,1158.0,173.0,45041|1|1|1
2021,45083,4,2,1,41.0,25.0,386.0,156.0,45083|4|2|1
2022,25009,4,2,1,98.0,50.0,1671.0,594.0,25009|4|2|1
2023,05051,1,1,1,71.0,43.0,1045.0,300.0,05051|1|1|1
2025,18059,1,1,1,162.0,30.0,1535.0,97.0,18059|1|1|1
2018,01089,31,1,1,260.0,118.0,781.0,218.0,01089|31|1|1
2018,01109,1,1,1,59.0,30.0,227.0,35.0,01109|1|1|1
2018,06071,1,1,1,1198.0,193.0,15256.0,1855.0,06071|1|1|1
2018,06073,31,1,1,341.0,102.0,7704.0,1907.0,06073|31|1|1
2018,04013,31,1,1,625.0,212.0,14832.0,3661.0,04013|31|1|1
2018,17097,32,1,1,94.0,53.0,1983.0,527.0,17097|32|1|1
2018,12057,31,1,1,428.0,213.0,2505.0,851.0,12057|31|1|1
2018,12117,32,1,1,198.0,85.0,1836.0,531.0,12117|32|1|1
2018,12097,1,1,2,85.0,8.0,800.0,123.0,12097|1|1|2
2018,12079,1,1,1,53.0,42.0,102.0,47.0,12079|1|1|1
2018,12073,1,1,3,35.0,7.0,177.0,23.0,12073|1|1|3
2018,12083,2,1,1,35.0,28.0,509.0,246.0,12083|2|1|1
2018,24033,4,2,1,1097.0,762.0,278.0,183.0,24033|4|2|1
2018,35001,32,1,1,82.0,38.0,1994.0,691.0,35001|32|1|1
2018,36029,4,1,1,52.0,34.0,774.0,254.0,36029|4|1|1
2018,36071,31,1,1,82.0,33.0,749.0,224.0,36071|31|1|1
2018,39017,32,1,1,78.0,45.0,1279.0,330.0,39017|32|1|1
2018,39035,4,1,1,413.0,314.0,1459.0,728.0,39035|4|1|1
2018,55101,32,1,1,26.0,14.0,727.0,198.0,55101|32|1|1
2019,04013,2,1,1,109.0,74.0,3292.0,1358.0,04013|2|1|1
2019,12009,2,1,1,63.0,48.0,702.0,356.0,12009|2|1|1
2019,13217,4,2,1,85.0,72.0,91.0,45.0,13217|4|2|1
2019,21093,1,1,1,127.0,16.0,1392.0,210.0,21093|1|1|1
2019,34007,2,2,1,121.0,83.0,852.0,419.0,34007|2|2|1
2019,34025,32,1,1,143.0,52.0,3140.0,667.0,34025|32|1|1
2019,39017,32,1,1,91.0,29.0,1517.0,322.0,39017|32|1|1
2019,39093,32,1,1,42.0,20.0,1261.0,297.0,39093|32|1|1
2019,42101,1,1,1,3008.0,536.0,6965.0,483.0,42101|1|1|1
2019,42125,1,1,1,45.0,9.0,2319.0,202.0,42125|1|1|1
2019,42101,31,1,3,137.0,65.0,345.0,85.0,42101|31|1|3
2019,48251,1,1,1,153.0,35.0,2701.0,410.0,48251|1|1|1
2019,51810,32,1,1,369.0,159.0,1641.0,385.0,51810|32|1|1
2019,51149,1,1,1,106.0,28.0,287.0,37.0,51149|1|1|1
2019,51085,1,1,1,95.0,9.0,1467.0,49.0,51085|1|1|1
2019,06073,4,2,1,173.0,106.0,4931.0,2009.0,06073|4|2|1
2019,12015,1,1,1,100.0,14.0,3182.0,339.0,12015|1|1|1
2019,12047,1,1,1,29.0,22.0,114.0,54.0,12047|1|1|1
2019,26099,4,1,1,40.0,22.0,755.0,281.0,26099|4|1|1
2019,26065,4,2,1,26.0,4.0,527.0,116.0,26065|4|2|1
2019,36059,32,1,1,572.0,172.0,4859.0,928.0,36059|32|1|1
2019,39153,4,2,1,91.0,52.0,1348.0,470.0,39153|4|2|1
2019,48309,32,1,1,60.0,36.0,579.0,157.0,48309|32|1|1
2020,06065,31,1,1,3957.0,717.0,47249.0,6026.0,06065|31|1|1
2020,12035,32,1,1,47.0,12.0,851.0,181.0,12035|32|1|1
2020,12033,32,1,1,134.0,51.0,1219.0,283.0,12033|32|1|1
2020,18163,1,1,1,105.0,15.0,2475.0,170.0,18163|1|1|1
2020,22017,4,1,1,32.0,21.0,77.0,29.0,22017|4|1|1
2020,26163,4,2,1,140.0,93.0,1026.0,452.0,26163|4|2|1
2020,42045,31,1,1,743.0,231.0,7669.0,952.0,42045|31|1|1
2020,48085,4,2,1,70.0,45.0,671.0,379.0,48085|4|2|1
2020,08031,1,2,1,77.0,17.0,749.0,95.0,08031|1|2|1
2020,12105,2,1,1,47.0,33.0,506.0,182.0,12105|2|1|1
2020,12065,1,1,1,62.0,44.0,131.0,25.0,12065|1|1|1
2020,12011,2,2,1,405.0,292.0,2011.0,1116.0,12011|2|2|1
2020,24021,2,2,1,28.0,24.0,414.0,167.0,24021|2|2|1
2020,26125,31,2,1,49.0,26.0,698.0,205.0,26125|31|2|1
2020,29189,32,1,1,424.0,155.0,6346.0,600.0,29189|32|1|1
2020,37161,1,1,1,43.0,16.0,757.0,134.0,37161|1|1|1
2020,37155,1,1,1,663.0,442.0,479.0,190.0,37155|1|1|1
2020,36005,32,1,1,410.0,147.0,559.0,134.0,36005|32|1|1
2020,47149,4,2,1,42.0,31.0,470.0,220.0,47149|4|2|1
2020,48257,31,1,1,496.0,131.0,2111.0,337.0,48257|31|1|1
2020,48029,32,1,3,49.0,8.0,541.0,119.0,48029|32|1|3
2021,06029,32,1,1,281.0,74.0,5768.0,924.0,06029|32|1|1
2021,06065,1,2,1,149.0,31.0,987.0,159.0,06065|1|2|1
2021,08005,1,2,1,121.0,15.0,732.0,72.0,08005|1|2|1
2021,12086,32,1,1,1649.0,592.0,11748.0,2809.0,12086|32|1|1
2021,13121,31,1,3,304.0,92.0,425.0,79.0,13121|31|1|3
2021,13297,32,1,1,143.0,47.0,1039.0,152.0,13297|32|1|1
2021,13051,2,2,1,93.0,70.0,249.0,102.0,13051|2|2|1
2021,17031,32,1,1,4347.0,1554.0,17499.0,2636.0,17031|32|1|1
2020,51710,2,2,1,35.0,26.0,125.0,61.0,51710|2|2|1
2020,51087,1,2,1,193.0,32.0,184.0,24.0,51087|1|2|1
2020,55079,1,2,1,54.0,13.0,222.0,46.0,55079|1|2|1
2021,06073,32,1,3,142.0,36.0,2953.0,407.0,06073|32|1|3
2021,06037,31,2,1,100.0,50.0,1312.0,501.0,06037|31|2|1
2021,10003,2,2,1,271.0,179.0,910.0,300.0,10003|2|2|1
2021,10005,2,2,1,29.0,24.0,535.0,201.0,10005|2|2|1
2021,12011,1,1,3,276.0,63.0,1987.0,297.0,12011|1|1|3
2021,12099,2,2,1,226.0,161.0,2312.0,1181.0,12099|2|2|1
2021,12095,31,2,1,28.0,18.0,192.0,82.0,12095|31|2|1
2021,13215,32,1,1,278.0,123.0,487.0,86.0,13215|32|1|1
2021,25023,4,2,1,74.0,43.0,1039.0,350.0,25023|4|2|1
2021,25021,2,2,1,157.0,93.0,1673.0,469.0,25021|2|2|1
2021,37155,1,1,1,411.0,250.0,403.0,108.0,37155|1|1|1
2021,37067,2,1,1,36.0,22.0,213.0,63.0,37067|2|1|1
2021,34033,1,1,1,124.0,28.0,672.0,59.0,34033|1|1|1
2021,34003,2,2,1,87.0,52.0,1254.0,555.0,34003|2|2|1
2021,39165,1,1,1,154.0,14.0,3725.0,169.0,39165|1|1|1
2021,39095,31,1,1,399.0,132.0,5157.0,761.0,39095|31|1|1
2021,48469,1,1,1,52.0,21.0,1107.0,190.0,48469|1|1|1
2022,06067,1,1,1,1186.0,216.0,7602.0,681.0,06067|1|1|1
2022,12086,1,2,1,95.0,44.0,1129.0,389.0,12086|1|2|1
2022,13013,32,1,1,121.0,46.0,688.0,151.0,13013|32|1|1
2022,13135,31,1,1,740.0,245.0,989.0,223.0,13135|31|1|1
2022,13117,1,1,1,124.0,21.0,2051.0,150.0,13117|1|1|1
2022,26077,1,1,1,275.0,95.0,2606.0,205.0,26077|1|1|1
2022,26145,31,1,1,38.0,17.0,343.0,80.0,26145|31|1|1
2021,42045,1,1,3,62.0,11.0,209.0,10.0,42045|1|1|3
2021,51740,2,2,1,51.0,35.0,60.0,27.0,51740|2|2|1
2022,04003,1,1,1,62.0,6.0,1412.0,137.0,04003|1|1|1
2022,12095,4,1,1,111.0,77.0,551.0,250.0,12095|4|1|1
2022,12063,1,1,1,107.0,73.0,407.0,140.0,12063|1|1|1
2022,24025,1,1,1,505.0,63.0,2381.0,150.0,24025|1|1|1
2022,28083,1,1,1,64.0,29.0,52.0,8.0,28083|1|1|1
2022,28025,1,1,1,131.0,83.0,92.0,23.0,28025|1|1|1
2022,36067,32,1,1,82.0,41.0,1103.0,225.0,36067|32|1|1
2022,48139,1,1,1,1439.0,273.0,2812.0,362.0,48139|1|1|1
2022,48029,2,1,1,65.0,36.0,924.0,457.0,48029|2|1|1
2022,48183,1,1,1,195.0,69.0,1150.0,194.0,48183|1|1|1
2022,51149,1,1,1,149.0,42.0,298.0,60.0,51149|1|1|1
2023,01045,1,1,1,71.0,24.0,390.0,101.0,01045|1|1|1
2023,01083,32,1,1,58.0,22.0,255.0,66.0,01083|32|1|1
2023,21111,31,2,1,73.0,22.0,522.0,107.0,21111|31|2|1
2022,28135,1,1,1,87.0,59.0,34.0,12.0,28135|1|1|1
2023,26021,1,1,1,100.0,35.0,1201.0,157.0,26021|1|1|1
2023,29095,1,1,3,50.0,4.0,426.0,37.0,29095|1|1|3
2023,29189,1,2,1,127.0,26.0,164.0,32.0,29189|1|2|1
2023,39061,4,2,1,308.0,174.0,1728.0,577.0,39061|4|2|1
2023,48245,1,1,1,382.0,98.0,1170.0,175.0,48245|1|1|1
2023,48439,1,1,3,95.0,11.0,606.0,79.0,48439|1|1|3
2023,51107,1,1,1,271.0,27.0,2191.0,157.0,51107|1|1|1
2024,06071,32,1,3,44.0,17.0,427.0,113.0,06071|32|1|3
2024,08031,1,2,1,38.0,4.0,309.0,33.0,08031|1|2|1
2024,12071,1,1,1,1045.0,272.0,10629.0,1610.0,12071|1|1|1
2024,12095,31,1,1,280.0,109.0,912.0,279.0,12095|31|1|1
2024,12086,31,1,1,303.0,139.0,1713.0,652.0,12086|31|1|1
2024,12033,1,1,1,547.0,163.0,2997.0,382.0,12033|1|1|1
2024,17089,1,1,1,210.0,38.0,4238.0,326.0,17089|1|1|1
2024,17197,31,1,1,149.0,38.0,877.0,161.0,17197|31|1|1
2023,51800,2,2,1,119.0,54.0,140.0,37.0,51800|2|2|1
2024,06013,1,2,1,49.0,11.0,180.0,40.0,06013|1|2|1
2024,13247,1,1,1,720.0,121.0,191.0,19.0,13247|1|1|1
2024,13199,1,1,1,41.0,22.0,203.0,36.0,13199|1|1|1
2024,13135,4,2,1,897.0,496.0,1084.0,489.0,13135|4|2|1
2024,26163,1,1,1,3874.0,1122.0,8679.0,1159.0,26163|1|1|1
2024,26125,1,1,1,1084.0,295.0,9574.0,954.0,26125|1|1|1
2024,26163,2,2,1,679.0,384.0,2104.0,671.0,26163|2|2|1
2024,37119,4,2,1,1011.0,536.0,1906.0,705.0,37119|4|2|1
2024,37133,1,1,1,333.0,60.0,2807.0,220.0,37133|1|1|1
2024,37139,1,1,1,184.0,71.0,467.0,67.0,37139|1|1|1
2024,47165,1,1,1,174.0,29.0,2477.0,190.0,47165|1|1|1
2024,48157,4,1,1,93.0,57.0,202.0,91.0,48157|4|1|1
2025,12035,1,1,1,172.0,36.0,1955.0,237.0,12035|1|1|1
2025,13117,32,1,1,44.0,23.0,492.0,111.0,13117|32|1|1
2025,13255,1,1,1,242.0,45.0,485.0,50.0,13255|1|1|1
2025,13223,1,1,1,669.0,131.0,1660.0,119.0,13223|1|1|1
2025,13087,1,1,1,87.0,42.0,130.0,31.0,13087|1|1|1
2024,37155,1,1,1,378.0,236.0,369.0,127.0,37155|1|1|1
2024,32003,2,1,1,58.0,37.0,503.0,226.0,32003|2|1|1
2024,48309,1,1,1,174.0,62.0,2036.0,313.0,48309|1|1|1
2024,48201,1,1,3,533.0,122.0,1435.0,221.0,48201|1|1|3
2025,06077,2,2,1,77.0,33.0,499.0,183.0,06077|2|2|1
2025,12031,1,1,3,192.0,13.0,531.0,78.0,12031|1|1|3
2025,12103,2,2,1,119.0,76.0,1920.0,714.0,12103|2|2|1
2025,12057,4,1,1,121.0,77.0,721.0,302.0,12057|4|1|1
2025,12095,31,2,1,62.0,29.0,560.0,237.0,12095|31|2|1
2025,37063,4,1,1,40.0,18.0,102.0,31.0,37063|4|1|1
2025,26163,32,1,3,389.0,104.0,435.0,97.0,26163|32|1|3
2025,29189,1,1,1,1515.0,241.0,6640.0,352.0,29189|1|1|1
2025,29037,1,1,1,50.0,9.0,1391.0,128.0,29037|1|1|1
2025,39153,1,1,1,437.0,68.0,4412.0,234.0,39153|1|1|1
2025,45047,32,1,1,61.0,30.0,124.0,29.0,45047|32|1|1
2025,45041,1,1,1,739.0,357.0,882.0,184.0,45041|1|1|1
2025,48355,1,1,1,116.0,27.0,3012.0,588.0,48355|1|1|1
2018,13177,1,1,1,86.0,23.0,343.0,46.0,13177|1|1|1
2018,13009,1,1,1,62.0,18.0,220.0,27.0,13009|1|1|1
2018,13135,4,2,1,459.0,345.0,1013.0,554.0,13135|4|2|1
2018,17031,2,1,1,815.0,616.0,2081.0,944.0,17031|2|1|1
2018,17119,1,1,1,157.0,36.0,3373.0,273.0,17119|1|1|1
2018,37067,4,2,1,87.0,55.0,617.0,233.0,37067|4|2|1
2018,37051,2,2,1,77.0,53.0,149.0,77.0,37051|2|2|1
2018,37023,1,1,1,30.0,10.0,891.0,106.0,37023|1|1|1
2018,37195,32,1,1,65.0,35.0,115.0,36.0,37195|32|1|1
2018,32003,2,1,1,96.0,48.0,1041.0,443.0,32003|2|1|1
2018,10005,1,1,1,250.0,85.0,3171.0,460.0,10005|1|1|1
2019,08031,1,1,1,454.0,53.0,8988.0,494.0,08031|1|1|1
2019,18097,32,2,1,46.0,21.0,304.0,73.0,18097|32|2|1
2019,24005,2,2,1,375.0,289.0,1076.0,493.0,24005|2|2|1
2019,27053,4,2,1,138.0,80.0,2534.0,788.0,27053|4|2|1
2019,37081,2,2,1,193.0,121.0,746.0,260.0,37081|2|2|1
2019,37063,4,1,1,62.0,33.0,173.0,48.0,37063|4|1|1
2019,47045,1,1,1,27.0,11.0,383.0,52.0,47045|1|1|1
2019,18097,32,1,1,776.0,343.0,3315.0,716.0,18097|32|1|1
2019,41051,1,1,1,241.0,27.0,6996.0,376.0,41051|1|1|1
2019,47157,31,2,1,62.0,38.0,223.0,57.0,47157|31|2|1
2020,13121,1,2,1,260.0,47.0,365.0,67.0,13121|1|2|1
2020,13139,1,1,1,268.0,67.0,3334.0,322.0,13139|1|1|1
2020,13089,2,1,1,192.0,131.0,215.0,90.0,13089|2|1|1
2020,27053,31,2,1,29.0,12.0,917.0,227.0,27053|31|2|1
2021,05119,2,2,1,144.0,101.0,264.0,96.0,05119|2|2|1
2021,18057,32,1,1,136.0,23.0,4292.0,421.0,18057|32|1|1
2020,45063,31,1,1,452.0,94.0,4962.0,579.0,45063|31|1|1
2020,45079,2,2,1,107.0,53.0,322.0,80.0,45079|2|2|1
2021,24005,1,1,1,3309.0,391.0,5966.0,337.0,24005|1|1|1
2021,40031,1,1,1,210.0,23.0,1167.0,103.0,40031|1|1|1
2021,49035,1,1,1,215.0,26.0,14112.0,1102.0,49035|1|1|1
2021,32003,4,2,1,178.0,106.0,1693.0,855.0,32003|4|2|1
2022,37119,32,1,1,2462.0,730.0,3453.0,595.0,37119|32|1|1
2022,37035,1,1,1,129.0,22.0,1862.0,192.0,37035|1|1|1
2022,47165,32,1,1,115.0,44.0,1479.0,280.0,47165|32|1|1
2023,17031,2,1,3,71.0,47.0,59.0,36.0,17031|2|1|3
2023,26161,2,2,1,57.0,27.0,608.0,165.0,26161|2|2|1
2023,25021,31,2,1,53.0,17.0,743.0,188.0,25021|31|2|1
2023,24005,4,2,1,598.0,372.0,865.0,432.0,24005|4|2|1
2023,37141,1,1,1,126.0,87.0,1081.0,196.0,37141|1|1|1
2023,37067,2,1,1,67.0,36.0,218.0,89.0,37067|2|1|1
2023,37183,4,1,1,75.0,52.0,448.0,132.0,37183|4|1|1
2023,36087,1,1,1,186.0,31.0,1550.0,183.0,36087|1|1|1
2023,47147,1,1,1,71.0,13.0,945.0,91.0,47147|1|1|1
2023,47157,32,1,3,94.0,39.0,121.0,27.0,47157|32|1|3
2024,29095,32,1,1,372.0,168.0,1257.0,355.0,29095|32|1|1
2024,25017,32,1,1,76.0,42.0,1255.0,335.0,25017|32|1|1
2024,25013,31,1,1,53.0,14.0,576.0,120.0,25013|31|1|1
2024,25027,2,2,1,176.0,98.0,2341.0,625.0,25027|2|2|1
2024,39043,1,1,1,34.0,7.0,530.0,61.0,39043|1|1|1
2024,45083,1,1,1,918.0,298.0,4745.0,725.0,45083|1|1|1
2024,51041,2,2,1,278.0,132.0,739.0,208.0,51041|2|2|1
2025,01005,1,1,1,64.0,35.0,95.0,23.0,01005|1|1|1
2025,01101,32,1,1,384.0,198.0,166.0,54.0,01101|32|1|1
2025,21093,1,1,1,118.0,25.0,1205.0,189.0,21093|1|1|1
2025,36081,2,2,1,402.0,285.0,475.0,264.0,36081|2|2|1
2025,36001,2,2,1,103.0,59.0,984.0,231.0,36001|2|2|1
2024,12009,32,1,1,218.0,108.0,1527.0,526.0,12009|32|1|1
2024,12057,2,1,1,83.0,55.0,587.0,307.0,12057|2|1|1
2024,13251,1,1,1,28.0,19.0,76.0,17.0,13251|1|1|1
2024,13151,2,1,1,54.0,35.0,46.0,24.0,13151|2|1|1
2024,13121,2,1,1,239.0,175.0,200.0,102.0,13121|2|1|1
2024,13245,1,1,3,47.0,13.0,72.0,7.0,13245|1|1|3
2024,17197,2,2,1,219.0,128.0,1230.0,451.0,17197|2|2|1
2024,37081,31,1,1,249.0,72.0,525.0,127.0,37081|31|1|1
2024,47037,4,2,1,307.0,166.0,1142.0,463.0,47037|4|2|1
2024,47069,1,1,1,54.0,31.0,139.0,30.0,47069|1|1|1
2024,48113,32,2,1,273.0,84.0,487.0,137.0,48113|32|2|1
2025,06071,4,2,1,307.0,149.0,2437.0,1017.0,06071|4|2|1
2025,06095,1,1,1,336.0,46.0,1756.0,145.0,06095|1|1|1
2025,06039,1,1,1,45.0,8.0,1248.0,156.0,06039|1|1|1
2025,13151,2,1,1,47.0,27.0,50.0,20.0,13151|2|1|1
2025,13247,4,2,1,170.0,96.0,53.0,31.0,13247|4|2|1
2025,13113,4,2,1,138.0,66.0,189.0,56.0,13113|4|2|1
2025,20091,1,1,1,200.0,13.0,5882.0,210.0,20091|1|1|1
2024,47053,1,1,1,54.0,24.0,445.0,53.0,47053|1|1|1
2024,48355,1,1,1,109.0,31.0,2813.0,488.0,48355|1|1|1
2025,26125,4,1,1,110.0,48.0,719.0,218.0,26125|4|1|1
2025,39049,31,1,3,44.0,14.0,120.0,28.0,39049|31|1|3
2025,39061,2,1,1,167.0,94.0,420.0,142.0,39061|2|1|1
2025,45037,1,1,1,85.0,37.0,281.0,28.0,45037|1|1|1
2025,45003,32,1,1,109.0,49.0,432.0,131.0,45003|32|1|1
2025,48157,2,2,1,209.0,134.0,459.0,218.0,48157|2|2|1
2025,48485,1,1,1,77.0,18.0,888.0,140.0,48485|1|1|1
2025,51033,1,1,1,163.0,37.0,386.0,36.0,51033|1|1|1
2025,51740,32,1,1,200.0,84.0,126.0,43.0,51740|32|1|1
2025,51710,2,2,1,102.0,67.0,244.0,67.0,51710|2|2|1
2025,51179,2,2,1,120.0,63.0,288.0,80.0,51179|2|2|1
2018,13223,31,1,1,110.0,49.0,513.0,160.0,13223|31|1|1
2018,13245,32,1,1,381.0,222.0,261.0,111.0,13245|32|1|1
2018,13039,1,1,1,119.0,33.0,849.0,103.0,13039|1|1|1
2018,13255,32,1,1,34.0,20.0,195.0,75.0,13255|32|1|1
2018,13217,4,2,1,50.0,39.0,77.0,45.0,13217|4|2|1
2018,13121,4,2,1,442.0,328.0,1277.0,563.0,13121|4|2|1
2018,13245,2,1,1,72.0,54.0,50.0,30.0,13245|2|1|1
2018,17143,1,1,1,178.0,24.0,1755.0,102.0,17143|1|1|1
2018,26125,1,1,1,1425.0,309.0,14937.0,1497.0,26125|1|1|1
2018,26125,2,1,1,143.0,86.0,907.0,299.0,26125|2|1|1
2018,37119,4,1,1,137.0,84.0,568.0,185.0,37119|4|1|1
2018,37069,1,1,1,232.0,67.0,1029.0,100.0,37069|1|1|1
2018,37047,1,1,1,109.0,70.0,297.0,93.0,37047|1|1|1
2018,37015,1,1,1,39.0,21.0,48.0,13.0,37015|1|1|1
2018,51670,1,1,1,107.0,19.0,131.0,15.0,51670|1|1|1
2019,05093,1,1,1,63.0,20.0,244.0,45.0,05093|1|1|1
2019,08123,1,1,1,53.0,9.0,6898.0,749.0,08123|1|1|1
2019,24033,32,1,1,3917.0,1660.0,946.0,274.0,24033|32|1|1
2019,27171,1,1,1,92.0,15.0,2462.0,185.0,27171|1|1|1
2019,37071,31,1,1,199.0,43.0,1174.0,218.0,37071|31|1|1
2019,37067,1,1,1,791.0,113.0,4139.0,311.0,37067|1|1|1
2019,37183,1,1,1,2245.0,355.0,13610.0,678.0,37183|1|1|1
2019,47157,1,1,1,2614.0,418.0,5358.0,274.0,47157|1|1|1
2019,47119,1,1,1,124.0,23.0,1815.0,162.0,47119|1|1|1
2019,47113,32,1,1,64.0,28.0,176.0,56.0,47113|32|1|1
2019,47037,31,1,3,55.0,19.0,306.0,37.0,47037|31|1|3
2019,37049,32,1,1,41.0,24.0,269.0,91.0,37049|32|1|1
2020,05019,1,1,1,47.0,30.0,177.0,56.0,05019|1|1|1
2020,13135,1,2,1,79.0,19.0,113.0,25.0,13135|1|2|1
2020,19113,1,2,1,42.0,2.0,784.0,6.0,19113|1|2|1
2020,17093,1,1,1,313.0,64.0,2453.0,171.0,17093|1|1|1
2019,53033,4,2,1,183.0,106.0,3463.0,1163.0,53033|4|2|1
2020,13185,1,1,1,393.0,117.0,1366.0,165.0,13185|1|1|1
2020,13185,31,1,1,179.0,38.0,956.0,104.0,13185|31|1|1
2020,13015,1,1,1,155.0,31.0,1688.0,169.0,13015|1|1|1
2020,13021,4,2,1,26.0,17.0,73.0,28.0,13021|4|2|1
2020,13135,31,2,1,53.0,29.0,171.0,61.0,13135|31|2|1
2020,27163,1,1,1,251.0,25.0,4237.0,200.0,27163|1|1|1
2020,45085,31,1,1,313.0,62.0,813.0,124.0,45085|31|1|1
2021,24005,32,1,1,1513.0,442.0,4039.0,619.0,24005|32|1|1
2021,24027,32,1,1,428.0,84.0,1580.0,163.0,24027|32|1|1
2022,20209,1,1,1,191.0,36.0,1265.0,132.0,20209|1|1|1
2022,37051,1,1,3,120.0,18.0,198.0,18.0,37051|1|1|3
2022,47065,4,1,1,55.0,32.0,382.0,124.0,47065|4|1|1
2022,47093,31,1,1,64.0,27.0,1276.0,230.0,47093|31|1|1
2022,53067,32,1,1,100.0,24.0,1491.0,260.0,53067|32|1|1
2023,17119,1,1,1,241.0,55.0,2687.0,217.0,17119|1|1|1
2023,24033,1,1,1,4905.0,844.0,2220.0,231.0,24033|1|1|1
2023,24033,1,2,1,146.0,45.0,66.0,15.0,24033|1|2|1
2023,24017,4,2,1,358.0,200.0,147.0,67.0,24017|4|2|1
2023,37067,1,1,1,688.0,109.0,2745.0,217.0,37067|1|1|1
2023,37159,32,1,1,66.0,29.0,348.0,116.0,37159|32|1|1
2023,37025,2,2,1,191.0,91.0,522.0,144.0,37025|2|2|1
2023,36071,4,2,1,116.0,81.0,552.0,282.0,36071|4|2|1
2023,36103,1,2,1,34.0,18.0,190.0,84.0,36103|1|2|1
2024,34021,1,1,1,341.0,52.0,1318.0,103.0,34021|1|1|1
2024,39153,1,1,1,475.0,84.0,4288.0,246.0,39153|1|1|1
2024,39049,4,2,1,645.0,370.0,2584.0,988.0,39049|4|2|1
2024,39049,31,1,3,27.0,11.0,68.0,21.0,39049|31|1|3
2024,51107,1,1,1,262.0,22.0,2254.0,109.0,51107|1|1|1
2024,51069,1,1,1,83.0,15.0,1121.0,96.0,51069|1|1|1
2024,51740,1,1,1,602.0,101.0,685.0,33.0,51740|1|1|1
2025,21111,2,2,1,242.0,123.0,1232.0,345.0,21111|2|2|1
2025,22019,31,1,1,36.0,8.0,307.0,62.0,22019|31|1|1
2025,36059,1,2,1,25.0,11.0,128.0,39.0,36059|1|2|1
2025,36007,1,1,1,60.0,15.0,926.0,87.0,36007|1|1|1
2018,01005,1,1,1,64.0,39.0,110.0,22.0,01005|1|1|1
2018,06095,1,2,1,90.0,16.0,268.0,30.0,06095|1|2|1
2018,06111,1,1,1,103.0,11.0,5583.0,568.0,06111|1|1|1
2018,08041,2,2,1,76.0,45.0,1524.0,537.0,08041|2|2|1
2018,12131,1,1,1,30.0,10.0,1515.0,332.0,12131|1|1|1
2018,24510,2,2,1,306.0,257.0,297.0,147.0,24510|2|2|1
2018,24033,2,1,1,338.0,220.0,128.0,67.0,24033|2|1|1
2018,36119,1,1,1,777.0,158.0,6121.0,594.0,36119|1|1|1
2018,39061,32,1,3,45.0,23.0,167.0,52.0,39061|32|1|3
2018,42091,2,2,1,173.0,101.0,2388.0,804.0,42091|2|2|1
2018,48139,32,1,1,60.0,25.0,739.0,181.0,48139|32|1|1
2018,48439,2,1,1,165.0,104.0,1095.0,488.0,48439|2|1|1
2018,55079,2,1,1,98.0,64.0,508.0,155.0,55079|2|1|1
2019,06013,31,1,1,912.0,170.0,8614.0,955.0,06013|31|1|1
2019,06099,32,1,1,122.0,37.0,3252.0,561.0,06099|32|1|1
2019,13117,1,1,1,216.0,26.0,3436.0,234.0,13117|1|1|1
2019,34015,32,1,1,92.0,54.0,918.0,248.0,34015|32|1|1
2019,42003,2,2,1,231.0,135.0,3596.0,1027.0,42003|2|2|1
2019,48113,1,1,1,3100.0,592.0,15308.0,1561.0,48113|1|1|1
2019,48183,1,1,1,132.0,54.0,1212.0,138.0,48183|1|1|1
2019,51550,31,1,1,565.0,113.0,1437.0,182.0,51550|31|1|1
2019,51740,32,1,1,168.0,105.0,165.0,62.0,51740|32|1|1
2019,51680,32,1,1,31.0,10.0,119.0,18.0,51680|32|1|1
2019,51710,4,2,1,58.0,44.0,147.0,81.0,51710|4|2|1
2019,51059,31,2,1,62.0,36.0,700.0,215.0,51059|31|2|1
2019,12011,1,1,3,218.0,57.0,1165.0,199.0,12011|1|1|3
2019,12113,1,1,1,190.0,29.0,3710.0,398.0,12113|1|1|1
2019,12011,32,2,1,86.0,41.0,382.0,133.0,12011|32|2|1
2019,25021,2,2,1,185.0,125.0,1752.0,620.0,25021|2|2|1
2019,26161,2,2,1,36.0,20.0,657.0,195.0,26161|2|2|1
2019,26163,1,2,1,108.0,37.0,327.0,53.0,26163|1|2|1
2019,36081,31,1,1,715.0,200.0,1411.0,334.0,36081|31|1|1
2019,36005,31,1,1,275.0,84.0,413.0,89.0,36005|31|1|1
2019,36029,2,1,1,195.0,125.0,872.0,361.0,36029|2|1|1
2020,22003,1,1,1,51.0,30.0,203.0,92.0,22003|1|1|1
2020,37119,4,2,1,342.0,191.0,1586.0,512.0,37119|4|2|1
2020,42095,1,1,1,217.0,35.0,2994.0,249.0,42095|1|1|1
2020,48201,32,1,1,1141.0,421.0,9472.0,1890.0,48201|32|1|1
2019,53067,1,1,1,149.0,19.0,3834.0,223.0,53067|1|1|1
2020,04013,4,1,1,59.0,33.0,2261.0,884.0,04013|4|1|1
2020,08041,32,1,1,310.0,66.0,7885.0,926.0,08041|32|1|1
2020,12095,4,1,1,115.0,79.0,687.0,309.0,12095|4|1|1
2020,12127,2,2,1,42.0,31.0,836.0,416.0,12127|2|2|1
2020,18003,2,2,1,40.0,14.0,492.0,116.0,18003|2|2|1
2020,24003,4,2,1,93.0,56.0,706.0,306.0,24003|4|2|1
2020,24033,4,2,1,475.0,318.0,155.0,104.0,24033|4|2|1
2020,34013,31,1,1,1489.0,413.0,6598.0,833.0,34013|31|1|1
2020,34023,1,1,1,747.0,113.0,4406.0,428.0,34023|1|1|1
2020,36055,31,1,1,236.0,96.0,5792.0,630.0,36055|31|1|1
2020,36027,32,1,1,43.0,13.0,1213.0,224.0,36027|32|1|1
2020,36071,4,2,1,44.0,35.0,337.0,210.0,36071|4|2|1
2020,42045,2,2,1,127.0,91.0,846.0,300.0,42045|2|2|1
2020,47157,32,1,3,38.0,14.0,229.0,28.0,47157|32|1|3
2020,47157,31,1,3,96.0,44.0,361.0,34.0,47157|31|1|3
2020,48091,1,1,1,116.0,21.0,3767.0,496.0,48091|1|1|1
2020,48183,1,1,1,174.0,57.0,1282.0,178.0,48183|1|1|1
2020,51033,32,1,1,31.0,11.0,173.0,32.0,51033|32|1|1
2020,51029,1,1,1,49.0,23.0,114.0,25.0,51029|1|1|1
2020,51770,1,1,1,155.0,25.0,876.0,70.0,51770|1|1|1
2021,06107,1,1,1,63.0,4.0,3429.0,231.0,06107|1|1|1
2021,06073,1,1,1,1114.0,132.0,21539.0,1884.0,06073|1|1|1
2021,06013,32,1,1,1259.0,242.0,9734.0,998.0,06013|32|1|1
2021,12057,4,1,1,107.0,70.0,786.0,376.0,12057|4|1|1
2021,12095,31,1,1,2548.0,621.0,13340.0,2192.0,12095|31|1|1
2021,12097,1,1,3,73.0,17.0,1140.0,161.0,12097|1|1|3
2021,13135,31,1,1,4651.0,1015.0,7526.0,1052.0,13135|31|1|1
2021,13135,32,1,3,92.0,24.0,182.0,28.0,13135|32|1|3
2021,13063,1,1,1,2193.0,425.0,361.0,49.0,13063|1|1|1
2021,13121,1,1,3,293.0,55.0,552.0,39.0,13121|1|1|3
2021,13153,4,2,1,32.0,21.0,100.0,49.0,13153|4|2|1
2021,17037,1,1,1,79.0,13.0,1356.0,112.0,17037|1|1|1
2021,37085,32,1,1,110.0,41.0,649.0,110.0,37085|32|1|1
2020,48113,31,1,3,179.0,70.0,770.0,139.0,48113|31|1|3
2020,51710,4,2,1,33.0,19.0,119.0,54.0,51710|4|2|1
2020,51059,4,2,1,104.0,62.0,1018.0,409.0,51059|4|2|1
2020,53053,32,1,1,512.0,138.0,9625.0,1048.0,53053|32|1|1
2020,55079,1,1,3,88.0,23.0,536.0,41.0,55079|1|1|3
2021,04019,32,1,1,276.0,75.0,11245.0,1581.0,04019|32|1|1
2021,12083,2,2,1,66.0,43.0,568.0,293.0,12083|2|2|1
2021,37069,32,1,1,89.0,32.0,526.0,100.0,37069|32|1|1
2021,37179,2,2,1,79.0,36.0,673.0,228.0,37179|2|2|1
2021,34005,2,1,1,40.0,22.0,278.0,91.0,34005|2|1|1
2021,42133,31,1,1,315.0,86.0,6921.0,968.0,42133|31|1|1
2021,42003,1,1,1,1169.0,176.0,12005.0,663.0,42003|1|1|1
2021,42091,4,1,1,29.0,19.0,438.0,140.0,42091|4|1|1
2021,47037,32,1,3,146.0,36.0,448.0,61.0,47037|32|1|3
2021,48135,1,1,1,110.0,34.0,2627.0,795.0,48135|1|1|1
2021,48037,1,1,1,211.0,96.0,933.0,226.0,48037|1|1|1
2021,48029,31,1,1,2464.0,508.0,19593.0,3503.0,48029|31|1|1
2021,48157,1,1,3,105.0,16.0,273.0,35.0,48157|1|1|3
2021,51550,31,1,1,1445.0,290.0,4013.0,473.0,51550|31|1|1
2021,51710,1,1,1,794.0,83.0,2492.0,102.0,51710|1|1|1
2022,12103,32,1,1,483.0,162.0,5180.0,1167.0,12103|32|1|1
2022,12031,1,1,1,3172.0,796.0,8628.0,1230.0,12031|1|1|1
2022,12109,1,1,1,282.0,71.0,5797.0,651.0,12109|1|1|1
2022,13039,1,1,1,130.0,30.0,948.0,78.0,13039|1|1|1
2022,18095,1,1,1,109.0,22.0,1833.0,231.0,18095|1|1|1
2022,26163,31,2,1,87.0,42.0,445.0,118.0,26163|31|2|1
2021,36047,4,2,1,133.0,104.0,264.0,139.0,36047|4|2|1
2021,36081,4,2,1,138.0,106.0,180.0,115.0,36081|4|2|1
2021,44007,32,1,1,434.0,113.0,4987.0,686.0,44007|32|1|1
2021,48141,31,1,1,368.0,76.0,6338.0,1671.0,48141|31|1|1
2022,12057,4,2,1,513.0,317.0,3103.0,1530.0,12057|4|2|1
2022,12009,2,2,1,184.0,120.0,2115.0,740.0,12009|2|2|1
2022,13145,1,1,1,99.0,19.0,436.0,48.0,13145|1|1|1
2022,13121,2,1,1,319.0,230.0,259.0,94.0,13121|2|1|1
2022,13121,4,1,1,251.0,168.0,366.0,126.0,13121|4|1|1
2022,18141,32,1,1,140.0,49.0,1229.0,277.0,18141|32|1|1
2022,24017,1,1,1,2025.0,241.0,755.0,52.0,24017|1|1|1
2022,24031,2,2,1,416.0,222.0,1652.0,483.0,24031|2|2|1
2022,24017,4,2,1,282.0,170.0,181.0,86.0,24017|4|2|1
2022,28091,1,1,1,86.0,57.0,186.0,52.0,28091|1|1|1
2022,28059,32,1,1,109.0,65.0,535.0,190.0,28059|32|1|1
2022,36029,2,2,1,210.0,108.0,2753.0,711.0,36029|2|2|1
2022,39153,1,1,1,653.0,95.0,5147.0,284.0,39153|1|1|1
2022,39017,32,1,1,168.0,61.0,1899.0,421.0,39017|32|1|1
2023,01051,32,1,1,61.0,34.0,152.0,49.0,01051|32|1|1
2023,01051,1,1,1,239.0,108.0,889.0,148.0,01051|1|1|1
2023,01073,1,2,1,229.0,44.0,132.0,10.0,01073|1|2|1
2023,12011,1,1,3,263.0,76.0,1314.0,317.0,12011|1|1|3
2023,12097,1,1,3,92.0,31.0,943.0,185.0,12097|1|1|3
2023,13047,1,1,1,51.0,11.0,736.0,134.0,13047|1|1|1
2023,13051,31,1,1,61.0,29.0,146.0,39.0,13051|31|1|1
2023,13067,32,2,1,199.0,53.0,323.0,56.0,13067|32|2|1
2023,21111,1,2,1,119.0,25.0,446.0,55.0,21111|1|2|1
2022,36091,1,1,1,46.0,7.0,2451.0,326.0,36091|1|1|1
2022,36047,4,1,1,90.0,49.0,295.0,94.0,36047|4|1|1
2023,13151,4,2,1,491.0,307.0,234.0,106.0,13151|4|2|1
2023,13153,4,2,1,114.0,73.0,231.0,95.0,13153|4|2|1
2023,13279,1,1,1,44.0,33.0,99.0,21.0,13279|1|1|1
2023,26163,31,1,1,368.0,175.0,911.0,269.0,26163|31|1|1
2023,26077,1,1,1,203.0,56.0,2116.0,203.0,26077|1|1|1
2023,27037,1,1,1,420.0,64.0,3547.0,250.0,27037|1|1|1
2023,34007,2,1,1,60.0,43.0,275.0,126.0,34007|2|1|1
2023,34013,31,1,3,27.0,10.0,194.0,36.0,34013|31|1|3
2023,34013,4,2,1,332.0,238.0,632.0,285.0,34013|4|2|1
2023,42101,2,1,1,808.0,527.0,430.0,223.0,42101|2|1|1
2023,42045,4,1,1,90.0,62.0,262.0,114.0,42045|4|1|1
2023,48181,1,1,1,120.0,31.0,1922.0,416.0,48181|1|1|1
2023,48167,31,1,1,49.0,23.0,218.0,61.0,48167|31|1|1
2023,51059,32,1,1,111.0,40.0,506.0,138.0,51059|32|1|1
2024,06073,32,1,1,230.0,83.0,2262.0,657.0,06073|32|1|1
2024,06065,31,1,1,334.0,89.0,2428.0,558.0,06065|31|1|1
2024,12101,2,2,1,102.0,45.0,1282.0,572.0,12101|2|2|1
2024,12047,1,1,1,29.0,20.0,100.0,37.0,12047|1|1|1
2024,12057,1,2,1,136.0,45.0,698.0,152.0,12057|1|2|1
2023,39035,32,1,3,47.0,16.0,142.0,40.0,39035|32|1|3
2023,42089,31,1,1,28.0,12.0,146.0,48.0,42089|31|1|1
2023,48351,1,1,1,74.0,67.0,144.0,81.0,48351|1|1|1
2023,48257,31,1,1,29.0,16.0,97.0,35.0,48257|31|1|1
2018,05037,1,1,1,30.0,18.0,141.0,54.0,05037|1|1|1
2018,05017,1,1,1,49.0,31.0,29.0,7.0,05017|1|1|1
2018,10001,32,1,1,195.0,115.0,492.0,177.0,10001|32|1|1
2018,44007,32,1,1,128.0,58.0,1841.0,502.0,44007|32|1|1
2018,46099,1,1,1,77.0,5.0,2875.0,162.0,46099|1|1|1
2019,01089,32,1,1,302.0,125.0,1026.0,211.0,01089|32|1|1
2020,01007,1,1,1,77.0,53.0,219.0,77.0,01007|1|1|1
2020,28115,1,1,1,66.0,42.0,313.0,99.0,28115|1|1|1
2020,28139,1,1,1,39.0,20.0,146.0,63.0,28139|1|1|1
2020,28033,1,1,1,1490.0,172.0,2395.0,156.0,28033|1|1|1
2020,28043,1,1,1,65.0,27.0,117.0,19.0,28043|1|1|1
2020,01101,1,1,3,54.0,19.0,143.0,8.0,01101|1|1|3
2020,01101,2,2,1,26.0,20.0,51.0,22.0,01101|2|2|1
2020,21067,32,1,1,86.0,27.0,1584.0,166.0,21067|32|1|1
2020,25025,4,2,1,99.0,65.0,420.0,168.0,25025|4|2|1
2021,22055,31,1,1,445.0,124.0,2675.0,340.0,22055|31|1|1
2022,01099,1,1,1,62.0,40.0,115.0,32.0,01099|1|1|1
2022,11001,31,1,1,471.0,169.0,708.0,92.0,11001|31|1|1
2022,17031,1,2,1,632.0,164.0,782.0,177.0,17031|1|2|1
2023,06107,1,1,1,46.0,2.0,1620.0,167.0,06107|1|1|1
2023,06097,1,1,1,28.0,3.0,1938.0,161.0,06097|1|1|1
2023,19113,1,1,1,154.0,26.0,2542.0,175.0,19113|1|1|1
2023,18127,1,1,1,89.0,15.0,1609.0,140.0,18127|1|1|1
2023,18089,31,1,1,83.0,30.0,351.0,73.0,18089|31|1|1
2023,18035,1,1,1,41.0,8.0,953.0,106.0,18035|1|1|1
2023,22073,1,1,1,357.0,161.0,983.0,217.0,22073|1|1|1
2023,22117,1,1,1,114.0,81.0,354.0,153.0,22117|1|1|1
2022,45079,1,2,1,143.0,18.0,55.0,7.0,45079|1|2|1
2023,46099,1,1,1,93.0,17.0,1950.0,135.0,46099|1|1|1
2024,19013,1,1,1,82.0,22.0,1127.0,79.0,19013|1|1|1
2024,28137,1,1,1,48.0,17.0,248.0,39.0,28137|1|1|1
2024,36103,32,1,1,220.0,93.0,1893.0,413.0,36103|32|1|1
2024,24011,1,1,1,39.0,11.0,247.0,28.0,24011|1|1|1
2024,28133,31,1,1,50.0,3.0,31.0,2.0,28133|31|1|1
2024,42043,4,2,1,99.0,63.0,649.0,231.0,42043|4|2|1
2025,42003,4,1,1,95.0,53.0,1065.0,355.0,42003|4|1|1
2025,42091,2,2,1,263.0,120.0,2356.0,513.0,42091|2|2|1
2025,42003,2,1,1,192.0,126.0,1294.0,388.0,42003|2|1|1
2018,25009,32,1,1,150.0,50.0,3376.0,759.0,25009|32|1|1
2018,41051,1,1,1,234.0,38.0,6772.0,441.0,41051|1|1|1
2018,45045,4,1,1,30.0,21.0,398.0,144.0,45045|4|1|1
2018,45035,1,1,1,600.0,160.0,2748.0,312.0,45035|1|1|1
2018,45085,1,1,1,505.0,198.0,955.0,105.0,45085|1|1|1
2018,45087,1,1,1,47.0,28.0,129.0,40.0,45087|1|1|1
2019,22079,1,1,1,269.0,72.0,997.0,173.0,22079|1|1|1
2019,22019,32,1,1,117.0,48.0,530.0,111.0,22019|32|1|1
2020,05119,1,2,1,55.0,11.0,66.0,9.0,05119|1|2|1
2021,45051,1,1,1,689.0,325.0,8363.0,1281.0,45051|1|1|1
2021,45091,31,1,1,761.0,161.0,5018.0,547.0,45091|31|1|1
2021,45091,1,1,1,982.0,180.0,4746.0,417.0,45091|1|1|1
2021,45045,32,1,1,485.0,150.0,4175.0,522.0,45045|32|1|1
2021,45009,1,1,1,75.0,53.0,47.0,14.0,45009|1|1|1
2022,25023,32,1,1,388.0,147.0,2372.0,439.0,25023|32|1|1
2024,27053,1,1,3,68.0,10.0,342.0,31.0,27053|1|1|3
2023,45089,1,1,1,198.0,160.0,129.0,44.0,45089|1|1|1
2023,45091,2,2,1,133.0,54.0,665.0,194.0,45091|2|2|1
2023,53011,1,1,1,125.0,12.0,3564.0,285.0,53011|1|1|1
2023,53061,32,1,1,30.0,14.0,747.0,226.0,53061|32|1|1
2024,11001,1,1,3,83.0,20.0,116.0,26.0,11001|1|1|3
2025,25021,1,1,1,378.0,56.0,3510.0,167.0,25021|1|1|1
2025,25021,2,2,1,183.0,104.0,1428.0,374.0,25021|2|2|1
2019,19153,1,1,1,242.0,40.0,7196.0,508.0,19153|1|1|1
2018,01101,32,1,1,325.0,199.0,234.0,81.0,01101|32|1|1
2018,08031,1,2,1,36.0,7.0,576.0,63.0,08031|1|2|1
2018,12095,31,1,1,464.0,212.0,2137.0,703.0,12095|31|1|1
2018,12113,1,1,1,193.0,29.0,3651.0,464.0,12113|1|1|1
2018,12111,2,2,1,123.0,94.0,761.0,383.0,12111|2|2|1
2018,21111,31,2,1,56.0,25.0,559.0,105.0,21111|31|2|1
2018,24033,1,1,1,6615.0,1056.0,3185.0,364.0,24033|1|1|1
2018,29077,1,1,1,63.0,9.0,3718.0,254.0,29077|1|1|1
2018,29169,1,1,1,42.0,7.0,494.0,67.0,29169|1|1|1
2018,31055,4,2,1,39.0,27.0,897.0,323.0,31055|4|2|1
2018,39153,2,1,1,61.0,42.0,593.0,241.0,39153|2|1|1
2018,42071,1,1,1,146.0,29.0,5332.0,537.0,42071|1|1|1
2018,48113,4,1,1,197.0,141.0,847.0,486.0,48113|4|1|1
2018,48453,2,2,1,77.0,56.0,1301.0,596.0,48453|2|2|1
2018,48113,32,2,1,75.0,31.0,379.0,146.0,48113|32|2|1
2019,12117,2,2,1,72.0,44.0,1064.0,526.0,12117|2|2|1
2019,13097,4,2,1,99.0,75.0,122.0,75.0,13097|4|2|1
2019,13113,1,1,1,595.0,157.0,1264.0,148.0,13113|1|1|1
2019,21111,31,1,1,591.0,185.0,4584.0,636.0,21111|31|1|1
2019,26121,1,1,1,83.0,13.0,2190.0,203.0,26121|1|1|1
2019,34023,32,1,1,231.0,106.0,1800.0,430.0,34023|32|1|1
2019,42091,2,2,1,182.0,89.0,2207.0,747.0,42091|2|2|1
2019,48141,1,1,1,359.0,49.0,7799.0,827.0,48141|1|1|1
2019,48329,1,1,1,150.0,29.0,3476.0,586.0,48329|1|1|1
2019,48021,1,1,1,66.0,28.0,1202.0,249.0,48021|1|1|1
2019,51041,1,2,1,158.0,21.0,275.0,21.0,51041|1|2|1
2019,24033,31,1,1,4961.0,1343.0,1691.0,302.0,24033|31|1|1
2019,12031,32,1,3,54.0,24.0,236.0,59.0,12031|32|1|3
2019,13169,1,1,1,44.0,11.0,251.0,33.0,13169|1|1|1
2019,25027,2,2,1,76.0,51.0,1721.0,646.0,25027|2|2|1
2019,25013,4,2,1,40.0,31.0,583.0,288.0,25013|4|2|1
2019,36087,2,2,1,38.0,26.0,406.0,220.0,36087|2|2|1
2020,12033,1,1,1,699.0,282.0,4068.0,644.0,12033|1|1|1
2020,12009,1,1,2,50.0,12.0,842.0,75.0,12009|1|1|2
2020,22061,1,1,1,175.0,121.0,406.0,74.0,22061|1|1|1
2020,22089,1,1,1,141.0,74.0,495.0,33.0,22089|1|1|1
2020,37063,31,1,1,1349.0,284.0,4338.0,330.0,37063|31|1|1
2020,37167,1,1,1,91.0,21.0,913.0,110.0,37167|1|1|1
2020,37001,32,1,1,70.0,26.0,540.0,89.0,37001|32|1|1
2020,37179,1,1,1,476.0,109.0,3694.0,300.0,37179|1|1|1
2020,37025,4,2,1,55.0,26.0,351.0,134.0,37025|4|2|1
2020,37183,1,2,1,52.0,17.0,325.0,55.0,37183|1|2|1
2020,40109,31,1,1,704.0,181.0,6924.0,899.0,40109|31|1|1
2020,42011,31,1,1,141.0,37.0,4854.0,686.0,42011|31|1|1
2020,42043,31,1,1,275.0,88.0,2931.0,419.0,42043|31|1|1
2020,47093,32,1,1,101.0,27.0,2969.0,447.0,47093|32|1|1
2019,55079,2,1,1,156.0,120.0,496.0,168.0,55079|2|1|1
2020,06065,2,2,1,119.0,91.0,1722.0,900.0,06065|2|2|1
2020,12097,4,2,1,43.0,31.0,393.0,249.0,12097|4|2|1
2020,26145,31,1,1,78.0,28.0,1985.0,218.0,26145|31|1|1
2020,34025,1,1,1,225.0,44.0,7487.0,623.0,34025|1|1|1
2020,34013,32,1,1,513.0,192.0,1775.0,295.0,34013|32|1|1
2020,36059,31,1,1,1321.0,277.0,12504.0,1676.0,36059|31|1|1
2020,36047,31,1,3,158.0,57.0,776.0,179.0,36047|31|1|3
2020,47047,1,1,1,182.0,47.0,745.0,55.0,47047|1|1|1
2021,13047,1,1,1,86.0,17.0,1073.0,142.0,13047|1|1|1
2021,17031,1,2,1,567.0,118.0,1021.0,158.0,17031|1|2|1
2021,37119,1,1,1,3647.0,505.0,11664.0,617.0,37119|1|1|1
2021,37135,1,1,1,154.0,35.0,1329.0,69.0,37135|1|1|1
2020,51770,32,1,1,40.0,16.0,278.0,52.0,51770|32|1|1
2020,53033,32,1,1,689.0,143.0,16193.0,1641.0,53033|32|1|1
2020,53061,2,2,1,41.0,19.0,1800.0,657.0,53061|2|2|1
2021,12111,2,2,1,113.0,85.0,689.0,381.0,12111|2|2|1
2021,13215,4,1,1,25.0,19.0,68.0,27.0,13215|4|1|1
2021,26049,32,1,1,214.0,72.0,2972.0,416.0,26049|32|1|1
2021,37183,4,1,1,64.0,32.0,541.0,163.0,37183|4|1|1
2021,34027,1,1,1,253.0,43.0,5041.0,315.0,34027|1|1|1
2021,34013,4,1,1,43.0,24.0,139.0,49.0,34013|4|1|1
2021,36119,31,1,1,739.0,165.0,8111.0,914.0,36119|31|1|1
2021,36103,31,1,1,894.0,210.0,13561.0,1842.0,36103|31|1|1
2021,36065,1,1,1,90.0,18.0,2028.0,236.0,36065|1|1|1
2021,39099,1,1,1,175.0,39.0,2348.0,165.0,39099|1|1|1
2021,42095,32,1,1,113.0,41.0,2251.0,359.0,42095|32|1|1
2021,47065,4,1,1,49.0,34.0,391.0,150.0,47065|4|1|1
2021,48241,1,1,1,68.0,57.0,436.0,171.0,48241|1|1|1
2021,51107,32,1,1,309.0,55.0,3327.0,355.0,51107|32|1|1
2021,51087,1,2,1,216.0,27.0,161.0,22.0,51087|1|2|1
2021,51127,1,1,1,115.0,15.0,508.0,21.0,51127|1|1|1
2022,12057,32,1,1,1916.0,667.0,6896.0,1625.0,12057|32|1|1
2022,13223,31,1,1,138.0,46.0,396.0,88.0,13223|31|1|1
2022,13073,31,1,1,73.0,20.0,297.0,53.0,13073|31|1|1
2022,26161,32,1,1,173.0,63.0,927.0,158.0,26161|32|1|1
2021,48439,32,1,1,1443.0,449.0,10165.0,1599.0,48439|32|1|1
2021,48113,4,1,1,128.0,101.0,680.0,311.0,48113|4|1|1
2022,04013,1,2,1,222.0,98.0,4101.0,1337.0,04013|1|2|1
2022,12105,4,1,1,40.0,29.0,483.0,266.0,12105|4|1|1
2022,13121,1,1,2,108.0,22.0,147.0,9.0,13121|1|1|2
2022,13067,31,2,1,55.0,24.0,268.0,66.0,13067|31|2|1
2022,24510,1,1,3,346.0,56.0,297.0,35.0,24510|1|1|3
2022,28107,1,1,1,303.0,235.0,246.0,84.0,28107|1|1|1
2022,36103,2,2,1,369.0,241.0,4348.0,1858.0,36103|2|2|1
2022,48209,1,1,1,224.0,66.0,4318.0,655.0,48209|1|1|1
2022,48029,1,1,3,80.0,17.0,1158.0,138.0,48029|1|1|3
2022,48339,31,1,1,110.0,38.0,1567.0,400.0,48339|31|1|1
2022,51025,1,1,1,57.0,32.0,64.0,11.0,51025|1|1|1
2023,01109,1,1,1,135.0,85.0,227.0,60.0,01109|1|1|1
2023,01031,1,1,1,87.0,22.0,659.0,108.0,01031|1|1|1
2023,01005,1,1,1,67.0,47.0,100.0,28.0,01005|1|1|1
2023,12086,4,1,1,137.0,106.0,911.0,515.0,12086|4|1|1
2023,12081,1,1,1,386.0,61.0,6095.0,702.0,12081|1|1|1
2023,13157,1,1,1,206.0,38.0,1391.0,152.0,13157|1|1|1
2023,13035,1,1,1,85.0,22.0,184.0,20.0,13035|1|1|1
2023,13205,1,1,1,123.0,107.0,123.0,62.0,13205|1|1|1
2023,13089,2,1,1,230.0,160.0,117.0,51.0,13089|2|1|1
2023,13045,32,1,1,99.0,56.0,289.0,93.0,13045|32|1|1
2022,39049,31,2,1,65.0,33.0,681.0,175.0,39049|31|2|1
2022,48419,1,1,1,51.0,37.0,227.0,98.0,48419|1|1|1
2023,12023,1,1,1,110.0,57.0,654.0,185.0,12023|1|1|1
2023,13097,2,2,1,263.0,171.0,117.0,54.0,13097|2|2|1
2023,13261,1,1,1,69.0,42.0,89.0,21.0,13261|1|1|1
2023,13033,1,1,1,87.0,49.0,130.0,28.0,13033|1|1|1
2023,29095,4,2,1,167.0,88.0,1151.0,479.0,29095|4|2|1
2023,34015,1,1,1,406.0,67.0,2276.0,160.0,34015|1|1|1
2023,39151,1,1,1,177.0,41.0,3020.0,222.0,39151|1|1|1
2023,48029,32,1,3,30.0,11.0,368.0,119.0,48029|32|1|3
2023,48257,32,1,1,47.0,31.0,262.0,105.0,48257|32|1|1
2023,51127,1,1,1,83.0,13.0,398.0,19.0,51127|1|1|1
2024,12105,2,2,1,218.0,150.0,1318.0,683.0,12105|2|2|1
2024,12095,32,1,1,601.0,265.0,1656.0,580.0,12095|32|1|1
2024,12105,1,1,1,2252.0,536.0,9506.0,1743.0,12105|1|1|1
2024,12009,1,1,1,964.0,208.0,6891.0,725.0,12009|1|1|1
2024,12083,1,1,2,34.0,6.0,266.0,27.0,12083|1|1|2
2024,12121,1,1,1,58.0,34.0,491.0,208.0,12121|1|1|1
2024,12095,1,1,3,109.0,31.0,959.0,190.0,12095|1|1|3
2024,13113,32,1,1,165.0,71.0,197.0,47.0,13113|32|1|1
2023,48245,2,1,1,42.0,33.0,88.0,36.0,48245|2|1|1
2023,51700,2,2,1,141.0,69.0,184.0,47.0,51700|2|2|1
2018,01073,32,1,3,36.0,22.0,78.0,27.0,01073|32|1|3
2018,01047,1,1,1,101.0,47.0,70.0,18.0,01047|1|1|1
2018,06099,32,1,1,112.0,44.0,2806.0,647.0,06099|32|1|1
2018,06029,32,1,1,147.0,69.0,2652.0,819.0,06029|32|1|1
2018,12105,31,1,1,197.0,97.0,1264.0,440.0,12105|31|1|1
2018,12011,31,1,1,1013.0,495.0,3485.0,1369.0,12011|31|1|1
2018,12111,31,1,1,177.0,89.0,800.0,286.0,12111|31|1|1
2018,12001,1,1,1,384.0,152.0,2556.0,285.0,12001|1|1|1
2018,12011,4,2,1,620.0,498.0,2687.0,1811.0,12011|4|2|1
2018,12105,2,2,1,94.0,66.0,900.0,433.0,12105|2|2|1
2018,21111,1,1,1,1327.0,219.0,8842.0,720.0,21111|1|1|1
2018,21067,2,2,1,62.0,26.0,740.0,135.0,21067|2|2|1
2018,24003,1,2,1,34.0,10.0,207.0,42.0,24003|1|2|1
2018,36067,32,1,1,58.0,29.0,927.0,241.0,36067|32|1|1
2018,39003,1,1,1,66.0,13.0,1067.0,116.0,39003|1|1|1
2018,48085,31,1,1,229.0,84.0,2002.0,462.0,48085|31|1|1
2018,48029,4,1,1,36.0,26.0,729.0,398.0,48029|4|1|1
2018,48401,1,1,1,45.0,23.0,495.0,105.0,48401|1|1|1
2018,48439,31,1,3,42.0,16.0,314.0,55.0,48439|31|1|3
2018,55079,31,1,3,40.0,27.0,216.0,52.0,55079|31|1|3
2018,29095,1,1,1,965.0,169.0,7661.0,511.0,29095|1|1|1
2018,53063,1,1,1,106.0,15.0,7169.0,523.0,53063|1|1|1
2018,48085,1,2,1,58.0,21.0,499.0,126.0,48085|1|2|1
2018,48201,32,1,3,128.0,49.0,623.0,134.0,48201|32|1|3
2019,04013,4,2,1,281.0,192.0,7423.0,3823.0,04013|4|2|1
2019,06095,1,1,1,602.0,72.0,2865.0,220.0,06095|1|1|1
2019,06001,31,1,1,812.0,196.0,6186.0,745.0,06001|31|1|1
2019,06067,1,1,3,49.0,5.0,643.0,66.0,06067|1|1|3
2019,12103,1,1,1,511.0,93.0,12016.0,1198.0,12103|1|1|1
2019,21029,1,1,1,36.0,7.0,1530.0,241.0,21029|1|1|1
2019,34025,2,2,1,79.0,51.0,1742.0,795.0,34025|2|2|1
2019,34015,1,1,1,458.0,62.0,3316.0,211.0,34015|1|1|1
2019,06001,2,2,1,246.0,137.0,1620.0,679.0,06001|2|2|1
2019,11001,1,1,3,94.0,18.0,175.0,16.0,11001|1|1|3
2019,12031,1,1,3,83.0,20.0,631.0,61.0,12031|1|1|3
2019,12095,1,1,3,82.0,20.0,869.0,120.0,12095|1|1|3
2019,13095,32,1,1,109.0,70.0,50.0,13.0,13095|32|1|1
2019,29510,2,1,1,114.0,98.0,104.0,41.0,29510|2|1|1
2019,29510,4,2,1,50.0,35.0,219.0,97.0,29510|4|2|1
2019,39049,32,1,3,70.0,31.0,327.0,77.0,39049|32|1|3
2020,06061,1,1,1,113.0,9.0,5080.0,322.0,06061|1|1|1
2020,06071,32,1,3,62.0,21.0,951.0,164.0,06071|32|1|3
2020,06097,1,1,1,50.0,7.0,3472.0,292.0,06097|1|1|1
2020,22033,31,1,1,1130.0,270.0,5214.0,418.0,22033|31|1|1
2020,26145,32,1,1,44.0,24.0,920.0,116.0,26145|32|1|1
2020,48113,1,2,1,216.0,43.0,945.0,140.0,48113|1|2|1
2019,55079,32,1,3,62.0,25.0,211.0,48.0,55079|32|1|3
2020,06095,4,2,1,32.0,24.0,225.0,113.0,06095|4|2|1
2020,08123,1,1,1,90.0,17.0,7326.0,787.0,08123|1|1|1
2020,12111,1,1,3,42.0,11.0,203.0,35.0,12111|1|1|3
2020,12117,4,2,1,42.0,24.0,609.0,328.0,12117|4|2|1
2020,12105,2,2,1,58.0,46.0,701.0,340.0,12105|2|2|1
2020,24510,4,2,1,151.0,110.0,120.0,72.0,24510|4|2|1
2020,24025,2,2,1,28.0,24.0,312.0,111.0,24025|2|2|1
2020,29077,1,1,1,73.0,7.0,4483.0,322.0,29077|1|1|1
2020,37051,1,1,3,79.0,18.0,138.0,22.0,37051|1|1|3
2020,36081,32,1,1,970.0,291.0,1987.0,473.0,36081|32|1|1
2020,36059,2,1,1,55.0,40.0,625.0,334.0,36059|2|1|1
2020,48291,1,1,1,176.0,128.0,1775.0,763.0,48291|1|1|1
2020,48135,1,1,1,124.0,45.0,2815.0,1064.0,48135|1|1|1
2020,51087,1,1,1,1024.0,141.0,2836.0,146.0,51087|1|1|1
2021,12101,31,1,1,716.0,164.0,8062.0,1378.0,12101|31|1|1
2021,12086,4,1,1,107.0,64.0,1223.0,515.0,12086|4|1|1
2021,12053,1,1,1,226.0,57.0,3967.0,532.0,12053|1|1|1
2021,12083,32,1,1,226.0,100.0,2996.0,748.0,12083|32|1|1
2021,13135,1,1,1,3839.0,601.0,6000.0,444.0,13135|1|1|1
2021,13215,1,1,1,719.0,108.0,1290.0,71.0,13215|1|1|1
2021,13121,2,1,1,317.0,220.0,345.0,129.0,13121|2|1|1
2021,37179,31,1,1,520.0,98.0,5015.0,540.0,37179|31|1|1
2021,37063,31,1,1,1451.0,253.0,3987.0,298.0,37063|31|1|1
2020,53033,1,1,1,1032.0,148.0,16197.0,936.0,53033|1|1|1
2021,04021,1,1,1,823.0,156.0,9311.0,841.0,04021|1|1|1
2021,12105,2,2,1,99.0,69.0,937.0,497.0,12105|2|2|1
2021,37185,1,1,1,88.0,38.0,121.0,20.0,37185|1|1|1
2021,34039,1,1,1,1192.0,186.0,3799.0,285.0,34039|1|1|1
2021,34021,2,2,1,53.0,32.0,340.0,136.0,34021|2|2|1
2021,36103,1,1,1,1644.0,228.0,13380.0,1051.0,36103|1|1|1
2021,39035,2,2,1,368.0,253.0,1988.0,753.0,39035|2|2|1
2021,48085,31,1,1,1797.0,370.0,13491.0,1520.0,48085|31|1|1
2022,06001,2,2,1,260.0,115.0,1645.0,454.0,06001|2|2|1
2022,12101,32,1,1,386.0,105.0,4262.0,1029.0,12101|32|1|1
2022,12073,32,1,1,250.0,81.0,685.0,147.0,12073|32|1|1
2022,12105,2,1,1,81.0,53.0,548.0,245.0,12105|2|1|1
2022,13063,32,1,1,1880.0,711.0,208.0,73.0,13063|32|1|1
2022,13021,1,1,1,723.0,193.0,662.0,63.0,13021|1|1|1
2022,26049,32,1,1,189.0,72.0,1587.0,388.0,26049|32|1|1
2021,39049,31,1,3,86.0,28.0,566.0,104.0,39049|31|1|3
2021,48113,31,2,1,27.0,17.0,222.0,79.0,48113|31|2|1
2021,48085,4,2,1,40.0,27.0,456.0,301.0,48085|4|2|1
2022,12111,4,1,1,44.0,34.0,314.0,158.0,12111|4|1|1
2022,36081,32,1,3,80.0,34.0,179.0,55.0,36081|32|1|3
2022,39035,32,1,3,82.0,33.0,301.0,71.0,39035|32|1|3
2022,51153,1,1,1,1220.0,142.0,3449.0,201.0,51153|1|1|1
2022,51085,1,1,1,119.0,29.0,1217.0,71.0,51085|1|1|1
2022,51087,2,2,1,240.0,154.0,597.0,206.0,51087|2|2|1
2023,01101,31,1,1,128.0,44.0,98.0,20.0,01101|31|1|1
2023,01099,1,1,1,70.0,49.0,85.0,27.0,01099|1|1|1
2023,13059,32,1,1,75.0,27.0,89.0,25.0,13059|32|1|1
2023,13247,2,2,1,198.0,122.0,53.0,27.0,13247|2|2|1
2023,13299,1,1,1,76.0,34.0,221.0,79.0,13299|1|1|1
2023,13207,1,1,1,78.0,25.0,278.0,42.0,13207|1|1|1
2022,36005,4,1,1,40.0,27.0,59.0,32.0,36005|4|1|1
2022,39113,4,2,1,154.0,80.0,1077.0,337.0,39113|4|2|1
2022,42101,4,2,1,541.0,352.0,932.0,452.0,42101|4|2|1
2022,48085,4,2,1,183.0,127.0,1356.0,775.0,48085|4|2|1
2022,51083,1,1,1,69.0,24.0,194.0,28.0,51083|1|1|1
2023,13255,31,1,1,30.0,16.0,46.0,11.0,13255|31|1|1
2023,26049,31,1,1,46.0,23.0,263.0,61.0,26049|31|1|1
2023,34005,31,1,1,67.0,29.0,333.0,71.0,34005|31|1|1
2023,34005,1,2,1,57.0,15.0,108.0,21.0,34005|1|2|1
2023,48085,32,1,1,179.0,70.0,1216.0,343.0,48085|32|1|1
2023,48139,32,1,1,75.0,45.0,354.0,129.0,48139|32|1|1
2023,48453,32,2,1,59.0,23.0,635.0,187.0,48453|32|2|1
2023,51107,2,2,1,102.0,61.0,949.0,296.0,51107|2|2|1
2024,06013,32,1,1,174.0,84.0,659.0,197.0,06013|32|1|1
2024,08031,1,1,1,303.0,32.0,5445.0,320.0,08031|1|1|1
2024,12101,31,1,1,112.0,38.0,874.0,266.0,12101|31|1|1
2024,12057,4,1,1,94.0,58.0,649.0,324.0,12057|4|1|1
2024,13063,31,1,1,345.0,157.0,42.0,16.0,13063|31|1|1
2023,39049,31,1,1,143.0,55.0,728.0,172.0,39049|31|1|1
2023,42043,2,1,1,47.0,34.0,226.0,85.0,42043|2|1|1
2023,51740,1,2,1,56.0,10.0,34.0,5.0,51740|1|2|1
2018,01097,32,1,1,311.0,187.0,863.0,310.0,01097|32|1|1
2018,06013,2,2,1,216.0,153.0,2475.0,1008.0,06013|2|2|1
2018,06061,1,1,1,105.0,19.0,4546.0,395.0,06061|1|1|1
2018,24003,32,1,1,363.0,160.0,1983.0,534.0,24003|32|1|1
2018,12057,4,1,1,82.0,55.0,879.0,400.0,12057|4|1|1
2018,12127,4,2,1,50.0,36.0,1095.0,611.0,12127|4|2|1
2018,12023,1,1,1,119.0,62.0,775.0,241.0,12023|1|1|1
2018,12099,31,2,1,46.0,28.0,801.0,302.0,12099|31|2|1
2018,21111,2,1,1,79.0,53.0,527.0,175.0,21111|2|1|1
2018,24017,4,2,1,170.0,126.0,121.0,67.0,24017|4|2|1
2018,36059,31,1,1,287.0,108.0,2349.0,650.0,36059|31|1|1
2018,36055,4,1,1,142.0,86.0,937.0,246.0,36055|4|1|1
2018,39049,31,1,1,541.0,219.0,3193.0,832.0,39049|31|1|1
2018,48423,32,1,1,58.0,31.0,398.0,134.0,48423|32|1|1
2019,06077,1,1,1,593.0,98.0,4621.0,438.0,06077|1|1|1
2019,12099,2,1,1,132.0,91.0,1412.0,769.0,12099|2|1|1
2019,12011,2,1,1,279.0,220.0,1242.0,810.0,12011|2|1|1
2019,12086,1,2,1,67.0,34.0,1103.0,284.0,12086|1|2|1
2019,13151,2,1,1,65.0,44.0,95.0,49.0,13151|2|1|1
2019,17163,1,1,1,557.0,127.0,2472.0,264.0,17163|1|1|1
2019,34005,2,2,1,113.0,75.0,867.0,410.0,34005|2|2|1
2019,39095,1,1,1,446.0,84.0,4373.0,352.0,39095|1|1|1
2019,39113,31,1,1,249.0,94.0,2258.0,454.0,39113|31|1|1
2019,39153,31,1,1,203.0,74.0,3013.0,606.0,39153|31|1|1
2019,42043,31,1,1,120.0,41.0,1232.0,290.0,42043|31|1|1
2019,48157,2,2,1,179.0,143.0,499.0,275.0,48157|2|2|1
2019,48167,31,1,1,136.0,48.0,1259.0,293.0,48167|31|1|1
2019,48157,31,1,1,804.0,280.0,1932.0,386.0,48157|31|1|1
2019,48407,1,1,1,39.0,28.0,351.0,133.0,48407|1|1|1
2019,51107,1,1,1,438.0,43.0,4399.0,190.0,51107|1|1|1
2019,51760,31,1,1,155.0,64.0,632.0,61.0,51760|31|1|1
2019,51087,31,1,1,546.0,135.0,1387.0,180.0,51087|31|1|1
2019,51710,31,1,1,299.0,77.0,740.0,147.0,51710|31|1|1
2019,51650,32,1,1,256.0,121.0,206.0,64.0,51650|32|1|1
2019,06039,1,1,1,34.0,2.0,1320.0,129.0,06039|1|1|1
2019,10003,4,1,1,31.0,23.0,218.0,85.0,10003|4|1|1
2019,10001,4,2,1,49.0,35.0,198.0,111.0,10001|4|2|1
2019,12099,31,1,1,709.0,265.0,5644.0,1366.0,12099|31|1|1
2019,36067,31,1,1,55.0,26.0,1248.0,269.0,36067|31|1|1
2019,36081,4,2,1,280.0,227.0,572.0,393.0,36081|4|2|1
2019,36081,32,1,3,75.0,22.0,228.0,51.0,36081|32|1|3
2019,42043,4,1,1,34.0,22.0,230.0,78.0,42043|4|1|1
2019,48423,31,1,1,71.0,28.0,669.0,149.0,48423|31|1|1
2019,48453,32,2,1,52.0,30.0,696.0,208.0,48453|32|2|1
2019,01127,1,1,1,33.0,13.0,744.0,226.0,01127|1|1|1
2020,12085,1,1,1,48.0,13.0,2462.0,267.0,12085|1|1|1
2020,12119,1,1,1,63.0,27.0,2842.0,206.0,12119|1|1|1
2020,12113,32,1,1,42.0,8.0,1158.0,215.0,12113|32|1|1
2020,22115,1,1,1,44.0,12.0,521.0,138.0,22115|1|1|1
2020,12057,1,2,1,66.0,9.0,366.0,83.0,12057|1|2|1
2020,12011,4,2,1,271.0,209.0,1537.0,978.0,12011|4|2|1
2020,22033,2,2,1,56.0,39.0,202.0,78.0,22033|2|2|1
2020,24510,4,1,1,135.0,103.0,91.0,44.0,24510|4|1|1
2020,36063,1,1,1,104.0,23.0,1878.0,211.0,36063|1|1|1
2020,36001,2,2,1,32.0,23.0,574.0,167.0,36001|2|2|1
2020,36047,31,2,1,85.0,54.0,283.0,116.0,36047|31|2|1
2020,36047,4,2,1,160.0,130.0,412.0,233.0,36047|4|2|1
2020,47065,2,1,1,39.0,30.0,305.0,126.0,47065|2|1|1
2020,47157,2,2,1,316.0,225.0,572.0,227.0,47157|2|2|1
2020,51059,1,1,1,845.0,81.0,8888.0,342.0,51059|1|1|1
2020,51550,1,1,1,1222.0,110.0,3317.0,138.0,51550|1|1|1
2021,06065,1,1,1,2713.0,465.0,23924.0,2646.0,06065|1|1|1
2021,06067,31,1,1,2304.0,412.0,19799.0,2144.0,06067|31|1|1
2021,06031,1,1,1,62.0,8.0,1011.0,70.0,06031|1|1|1
2021,12009,32,1,1,470.0,164.0,6211.0,1272.0,12009|32|1|1
2021,13021,1,1,1,762.0,167.0,906.0,88.0,13021|1|1|1
2021,13255,31,1,1,194.0,54.0,449.0,69.0,13255|31|1|1
2021,20091,32,1,1,151.0,26.0,6016.0,590.0,20091|32|1|1
2021,29095,1,2,1,98.0,14.0,293.0,41.0,29095|1|2|1
2021,37179,32,1,1,315.0,80.0,3115.0,401.0,37179|32|1|1
2021,37119,32,1,1,2746.0,689.0,7975.0,831.0,37119|32|1|1
2021,37163,1,1,1,171.0,95.0,416.0,96.0,37163|1|1|1
2021,37135,32,1,1,56.0,8.0,754.0,81.0,37135|32|1|1
2021,06065,4,1,1,50.0,35.0,708.0,293.0,06065|4|1|1
2021,17163,4,2,1,37.0,26.0,152.0,64.0,17163|4|2|1
2021,25025,1,1,1,551.0,89.0,4937.0,232.0,25025|1|1|1
2021,25021,4,2,1,65.0,36.0,891.0,248.0,25021|4|2|1
2021,34007,2,1,1,67.0,48.0,293.0,133.0,34007|2|1|1
2021,42101,1,1,3,353.0,43.0,849.0,68.0,42101|1|1|3
2021,47125,32,1,1,338.0,114.0,1438.0,311.0,47125|32|1|1
2021,48303,1,1,1,155.0,29.0,4238.0,381.0,48303|1|1|1
2021,51161,1,1,1,80.0,9.0,1290.0,70.0,51161|1|1|1
2022,12101,31,1,1,99.0,31.0,1519.0,435.0,12101|31|1|1
2022,12073,1,1,1,828.0,286.0,2079.0,196.0,12073|1|1|1
2022,13217,1,1,1,891.0,161.0,598.0,67.0,13217|1|1|1
2022,19013,1,1,1,103.0,18.0,1428.0,75.0,19013|1|1|1
2021,36081,1,2,1,49.0,21.0,57.0,26.0,36081|1|2|1
2021,42043,2,2,1,76.0,39.0,673.0,170.0,42043|2|2|1
2021,42091,2,2,1,184.0,82.0,2353.0,619.0,42091|2|2|1
2021,48167,32,1,1,142.0,50.0,1924.0,349.0,48167|32|1|1
2021,48439,1,2,1,202.0,30.0,606.0,90.0,48439|1|2|1
2021,51153,2,2,1,192.0,103.0,653.0,264.0,51153|2|2|1
2021,51760,4,1,1,26.0,19.0,85.0,21.0,51760|4|1|1
2022,04021,32,1,1,438.0,146.0,4492.0,839.0,04021|32|1|1
2022,06071,32,1,3,78.0,17.0,921.0,226.0,06071|32|1|3
2022,12099,2,1,1,117.0,84.0,1199.0,623.0,12099|2|1|1
2022,12097,2,2,1,138.0,92.0,761.0,456.0,12097|2|2|1
2022,13031,1,1,1,172.0,71.0,669.0,124.0,13031|1|1|1
2022,24027,4,2,1,159.0,75.0,362.0,128.0,24027|4|2|1
2022,28087,1,1,1,245.0,96.0,408.0,60.0,28087|1|1|1
2022,28067,31,1,1,41.0,10.0,256.0,18.0,28067|31|1|1
2022,48113,1,1,1,3057.0,640.0,12625.0,1277.0,48113|1|1|1
2022,48027,1,1,1,1224.0,189.0,4218.0,431.0,48027|1|1|1
2022,48099,1,1,1,160.0,35.0,767.0,112.0,48099|1|1|1
2022,48039,2,2,1,75.0,51.0,177.0,82.0,48039|2|2|1
2022,48113,32,1,1,2239.0,794.0,4658.0,1126.0,48113|32|1|1
2022,51153,31,1,1,288.0,79.0,719.0,152.0,51153|31|1|1
2022,51700,2,2,1,131.0,71.0,213.0,39.0,51700|2|2|1
2023,01117,1,1,1,455.0,124.0,2452.0,285.0,01117|1|1|1
2023,01067,1,1,1,48.0,31.0,199.0,57.0,01067|1|1|1
2023,12105,31,1,1,94.0,41.0,475.0,177.0,12105|31|1|1
2023,12099,32,1,1,532.0,276.0,1946.0,709.0,12099|32|1|1
2023,12101,31,1,1,26.0,11.0,411.0,155.0,12101|31|1|1
2023,13135,1,1,3,64.0,13.0,212.0,24.0,13135|1|1|3
2022,28049,2,2,1,121.0,75.0,76.0,27.0,28049|2|2|1
2022,42003,2,1,1,215.0,134.0,1482.0,479.0,42003|2|1|1
2022,42045,1,2,1,70.0,22.0,162.0,30.0,42045|1|2|1
2022,51053,1,1,1,89.0,21.0,260.0,36.0,51053|1|1|1
2023,12073,1,1,1,696.0,265.0,1623.0,192.0,12073|1|1|1
2023,26099,4,2,1,213.0,114.0,2148.0,829.0,26099|4|2|1
2023,29165,1,1,1,57.0,5.0,1047.0,42.0,29165|1|1|1
2023,34023,31,1,1,50.0,17.0,417.0,122.0,34023|31|1|1
2023,42091,32,1,1,184.0,74.0,931.0,232.0,42091|32|1|1
2023,42007,1,1,1,59.0,8.0,1327.0,101.0,42007|1|1|1
2023,42029,32,1,1,53.0,19.0,631.0,168.0,42029|32|1|1
2023,48471,1,1,1,147.0,87.0,546.0,123.0,48471|1|1|1
2023,48469,1,1,1,55.0,27.0,807.0,263.0,48469|1|1|1
2023,48039,32,1,1,92.0,43.0,374.0,133.0,48039|32|1|1
2023,51590,1,1,1,92.0,26.0,150.0,21.0,51590|1|1|1
2024,08005,32,1,1,171.0,93.0,1029.0,345.0,08005|32|1|1
2024,12011,4,2,1,1030.0,669.0,3152.0,1835.0,12011|4|2|1
2024,13045,32,1,1,86.0,42.0,316.0,92.0,13045|32|1|1
2024,13121,31,2,1,148.0,69.0,460.0,140.0,13121|31|2|1
2024,17167,1,1,1,184.0,47.0,1754.0,163.0,17167|1|1|1
2023,42101,31,1,3,109.0,48.0,90.0,23.0,42101|31|1|3
2023,48201,4,2,1,900.0,706.0,3191.0,2079.0,48201|4|2|1
2024,13115,1,1,1,76.0,19.0,882.0,176.0,13115|1|1|1
2024,26065,4,2,1,60.0,32.0,484.0,206.0,26065|4|2|1
2024,37179,32,1,1,112.0,43.0,572.0,136.0,37179|32|1|1
2024,47065,1,1,1,271.0,62.0,3726.0,393.0,47065|1|1|1
2024,47189,32,1,1,35.0,9.0,379.0,97.0,47189|32|1|1
2024,47037,2,1,1,87.0,58.0,227.0,100.0,47037|2|1|1
2025,06001,1,1,1,323.0,53.0,2356.0,184.0,06001|1|1|1
2025,08005,2,2,1,156.0,83.0,1113.0,346.0,08005|2|2|1
2025,12017,1,1,1,82.0,27.0,2419.0,338.0,12017|1|1|1
2025,13139,1,1,1,89.0,18.0,1908.0,185.0,13139|1|1|1
2024,32003,32,1,3,44.0,12.0,335.0,75.0,32003|32|1|3
2024,48029,1,1,1,2163.0,442.0,17166.0,2803.0,48029|1|1|1
2024,48029,32,1,3,47.0,17.0,395.0,120.0,48029|32|1|3
2024,48001,1,1,1,88.0,64.0,437.0,170.0,48001|1|1|1
2025,06001,31,2,1,41.0,15.0,315.0,82.0,06001|31|2|1
2025,26163,31,2,1,121.0,44.0,783.0,253.0,26163|31|2|1
2025,37097,31,1,1,63.0,25.0,571.0,122.0,37097|31|1|1
2025,26025,1,1,1,114.0,31.0,1197.0,175.0,26025|1|1|1
2025,26161,32,1,1,78.0,29.0,457.0,114.0,26161|32|1|1
2025,37191,1,1,1,354.0,109.0,942.0,125.0,37191|1|1|1
2025,45057,1,1,1,237.0,60.0,1407.0,148.0,45057|1|1|1
2025,48245,1,1,1,370.0,117.0,1191.0,158.0,48245|1|1|1
2025,48157,1,2,1,72.0,18.0,138.0,30.0,48157|1|2|1
2025,48339,1,1,1,1594.0,460.0,11025.0,1950.0,48339|1|1|1
2025,48091,1,1,1,94.0,11.0,2665.0,311.0,48091|1|1|1
2025,48027,1,1,1,1258.0,193.0,3480.0,429.0,48027|1|1|1
2025,48181,1,1,1,101.0,30.0,2066.0,396.0,48181|1|1|1
2025,51680,32,1,1,37.0,15.0,75.0,18.0,51680|32|1|1
2025,51700,4,2,1,177.0,78.0,225.0,81.0,51700|4|2|1
2018,13223,1,1,1,899.0,128.0,2604.0,231.0,13223|1|1|1
2018,13031,1,1,1,142.0,58.0,604.0,109.0,13031|1|1|1
2018,13157,1,1,1,115.0,35.0,1470.0,132.0,13157|1|1|1
2018,13275,1,1,1,77.0,29.0,375.0,43.0,13275|1|1|1
2018,13067,2,2,1,416.0,264.0,1600.0,690.0,13067|2|2|1
2018,26081,2,1,1,41.0,29.0,523.0,161.0,26081|2|1|1
2018,26099,2,2,1,100.0,76.0,1995.0,745.0,26099|2|2|1
2018,26125,4,2,1,205.0,122.0,2430.0,969.0,26125|4|2|1
2018,26099,4,1,1,26.0,16.0,821.0,333.0,26099|4|1|1
2018,37119,32,1,3,134.0,48.0,261.0,56.0,37119|32|1|3
2018,37097,1,1,1,204.0,54.0,2725.0,271.0,37097|1|1|1
2018,37045,1,1,1,140.0,47.0,917.0,176.0,37045|1|1|1
2018,37191,31,1,1,80.0,36.0,192.0,40.0,37191|31|1|1
2018,37069,31,1,1,50.0,14.0,164.0,44.0,37069|31|1|1
2018,37101,1,1,1,760.0,124.0,3373.0,236.0,37101|1|1|1
2018,53033,31,1,1,281.0,93.0,5071.0,1097.0,53033|31|1|1
2019,05119,1,2,1,53.0,10.0,91.0,14.0,05119|1|2|1
2019,24047,1,1,1,43.0,6.0,707.0,65.0,24047|1|1|1
2019,24031,1,2,1,63.0,10.0,189.0,37.0,24031|1|2|1
2019,27109,1,1,1,104.0,18.0,2181.0,103.0,27109|1|1|1
2019,37051,31,1,1,620.0,150.0,898.0,156.0,37051|31|1|1
2019,47003,1,1,1,35.0,4.0,654.0,85.0,47003|1|1|1
2019,47149,1,1,1,764.0,108.0,4884.0,367.0,47149|1|1|1
2019,37101,1,1,1,792.0,118.0,3547.0,266.0,37101|1|1|1
2019,37141,1,1,1,84.0,33.0,1063.0,104.0,37141|1|1|1
2019,37155,1,1,1,431.0,245.0,365.0,104.0,37155|1|1|1
2019,47065,4,2,1,68.0,46.0,709.0,356.0,47065|4|2|1
2020,17089,1,1,1,272.0,40.0,7087.0,531.0,17089|1|1|1
2020,17031,32,1,3,248.0,80.0,1024.0,201.0,17031|32|1|3
2020,13121,32,1,3,245.0,96.0,272.0,48.0,13121|32|1|3
2020,13097,2,2,1,86.0,69.0,89.0,48.0,13097|2|2|1
2020,32003,1,2,1,214.0,28.0,1427.0,195.0,32003|1|2|1
2020,39049,4,1,1,97.0,55.0,655.0,222.0,39049|4|1|1
2021,18089,2,1,1,107.0,85.0,320.0,117.0,18089|2|1|1
2020,39049,1,1,1,2346.0,321.0,13011.0,713.0,39049|1|1|1
2020,45045,32,1,1,224.0,67.0,3093.0,386.0,45045|32|1|1
2020,45057,32,1,1,50.0,17.0,575.0,88.0,45057|32|1|1
2020,45033,1,1,1,245.0,174.0,172.0,54.0,45033|1|1|1
2022,05119,4,1,1,59.0,41.0,143.0,52.0,05119|4|1|1
2021,53053,1,1,1,1124.0,119.0,10584.0,658.0,53053|1|1|1
2022,15003,1,1,1,253.0,28.0,1730.0,102.0,15003|1|1|1
2022,37071,32,1,1,282.0,102.0,1210.0,278.0,37071|32|1|1
2022,37097,31,1,1,77.0,26.0,668.0,128.0,37097|31|1|1
2022,37125,1,1,1,95.0,30.0,1650.0,110.0,37125|1|1|1
2022,37161,1,1,1,51.0,16.0,796.0,146.0,37161|1|1|1
2022,47157,1,2,1,138.0,26.0,64.0,10.0,47157|1|2|1
2022,53067,1,1,1,161.0,32.0,2983.0,211.0,53067|1|1|1
2023,26065,4,2,1,51.0,22.0,536.0,136.0,26065|4|2|1
2023,24025,31,1,1,29.0,10.0,169.0,36.0,24025|31|1|1
2023,24031,1,1,1,1166.0,143.0,3789.0,222.0,24031|1|1|1
2023,37081,1,1,3,75.0,15.0,169.0,16.0,37081|1|1|3
2023,36081,31,1,1,136.0,41.0,181.0,53.0,36081|31|1|1
2023,36103,2,2,1,385.0,289.0,3387.0,1663.0,36103|2|2|1
2023,36081,2,2,1,489.0,344.0,464.0,302.0,36081|2|2|1
2024,29095,31,1,1,210.0,73.0,937.0,165.0,29095|31|1|1
2024,29037,1,1,1,57.0,14.0,1357.0,115.0,29037|1|1|1
2024,25023,31,1,1,91.0,39.0,894.0,166.0,25023|31|1|1
2024,25017,31,1,1,72.0,23.0,1711.0,284.0,25017|31|1|1
2024,34003,32,1,1,65.0,29.0,742.0,219.0,34003|32|1|1
2024,39023,1,1,1,146.0,38.0,1153.0,85.0,39023|1|1|1
2024,39113,4,2,1,179.0,94.0,1002.0,356.0,39113|4|2|1
2024,51085,1,1,1,48.0,10.0,937.0,44.0,51085|1|1|1
2024,51107,2,2,1,122.0,47.0,890.0,220.0,51107|2|2|1
2025,21111,31,2,1,59.0,27.0,577.0,103.0,21111|31|2|1
2025,22017,31,1,1,140.0,41.0,251.0,50.0,22017|31|1|1
2025,22097,31,1,1,50.0,16.0,124.0,17.0,22097|31|1|1
2025,28001,1,1,1,150.0,80.0,101.0,20.0,28001|1|1|1
2025,28007,1,1,1,59.0,34.0,97.0,20.0,28007|1|1|1
2024,34035,2,2,1,95.0,49.0,488.0,150.0,34035|2|2|1
2024,39061,31,2,1,77.0,36.0,555.0,141.0,39061|31|2|1
2025,17197,1,2,1,55.0,13.0,287.0,51.0,17197|1|2|1
2025,22071,2,1,1,95.0,62.0,61.0,26.0,22071|2|1|1
2025,36029,2,2,1,154.0,90.0,1886.0,539.0,36029|2|2|1
2025,36071,1,1,1,363.0,62.0,1939.0,204.0,36071|1|1|1
2025,36047,31,1,1,163.0,64.0,542.0,149.0,36047|31|1|1
2025,36081,1,2,1,30.0,19.0,58.0,29.0,36081|1|2|1
2018,18089,4,2,1,70.0,52.0,742.0,354.0,18089|4|2|1
2018,40143,1,1,1,349.0,55.0,6385.0,593.0,40143|1|1|1
2018,25023,1,1,1,895.0,149.0,5853.0,460.0,25023|1|1|1
2019,01017,1,1,1,99.0,37.0,190.0,41.0,01017|1|1|1
2019,01113,1,1,1,213.0,36.0,455.0,44.0,01113|1|1|1
2019,44007,4,2,1,110.0,81.0,1394.0,659.0,44007|4|2|1
2020,01073,2,2,1,195.0,139.0,700.0,231.0,01073|2|2|1
2021,22083,1,1,1,49.0,30.0,179.0,63.0,22083|1|1|1
2021,22091,1,1,1,178.0,143.0,74.0,29.0,22091|1|1|1
2021,22115,1,1,1,47.0,9.0,531.0,127.0,22115|1|1|1
2021,27141,1,1,1,83.0,18.0,1745.0,90.0,27141|1|1|1
2021,27123,1,1,1,539.0,58.0,5095.0,223.0,27123|1|1|1
2021,28151,31,1,1,98.0,22.0,142.0,22.0,28151|31|1|1
2022,01081,1,1,1,684.0,276.0,2047.0,249.0,01081|1|1|1
2022,01101,31,1,1,255.0,107.0,216.0,36.0,01101|31|1|1
2022,01015,1,1,1,241.0,75.0,1250.0,309.0,01015|1|1|1
2022,01125,32,1,1,303.0,151.0,526.0,107.0,01125|32|1|1
2022,27053,2,2,1,228.0,126.0,3195.0,710.0,27053|2|2|1
2023,18097,4,2,1,396.0,259.0,1354.0,566.0,18097|4|2|1
2023,22103,32,1,1,97.0,52.0,374.0,139.0,22103|32|1|1
2023,22105,32,1,1,53.0,28.0,148.0,48.0,22105|32|1|1
2023,22071,31,1,1,105.0,43.0,90.0,17.0,22071|31|1|1
2023,22073,31,1,1,32.0,14.0,143.0,36.0,22073|31|1|1
2022,45063,1,1,1,748.0,301.0,3588.0,472.0,45063|1|1|1
2022,45089,1,1,1,203.0,139.0,115.0,53.0,45089|1|1|1
2024,01101,1,1,1,1159.0,304.0,715.0,62.0,01101|1|1|1
2024,28067,31,1,1,37.0,13.0,176.0,22.0,28067|31|1|1
2024,28101,1,1,1,95.0,57.0,96.0,28.0,28101|1|1|1
2024,28049,4,1,1,161.0,107.0,61.0,26.0,28049|4|1|1
2024,24003,31,1,1,240.0,52.0,738.0,104.0,24003|31|1|1
2024,42003,2,2,1,325.0,171.0,2977.0,886.0,42003|2|2|1
2025,42101,1,1,1,2545.0,391.0,4968.0,278.0,42101|1|1|1
2025,42069,1,1,1,66.0,11.0,1196.0,110.0,42069|1|1|1
2025,24047,1,1,1,44.0,19.0,510.0,65.0,24047|1|1|1
2025,24033,4,1,1,195.0,126.0,74.0,37.0,24033|4|1|1
2018,25009,2,2,1,123.0,82.0,2583.0,1008.0,25009|2|2|1
2018,34039,4,2,1,107.0,83.0,694.0,401.0,34039|4|2|1
2018,34005,1,1,1,855.0,129.0,4246.0,330.0,34005|1|1|1
2018,45027,1,1,1,88.0,58.0,207.0,47.0,45027|1|1|1
2019,22051,4,2,1,64.0,47.0,391.0,216.0,22051|4|2|1
2021,45045,31,1,1,873.0,213.0,7642.0,724.0,45045|31|1|1
2023,11001,4,2,1,298.0,186.0,288.0,134.0,11001|4|2|1
2023,45079,31,2,1,125.0,39.0,177.0,35.0,45079|31|2|1
2024,11001,4,2,1,287.0,178.0,248.0,114.0,11001|4|2|1
2024,72021,1,1,1,111.0,9.0,1017.0,180.0,72021|1|1|1
2024,53033,4,1,1,31.0,18.0,617.0,202.0,53033|4|1|1
2025,18063,32,1,1,61.0,31.0,547.0,132.0,18063|32|1|1
2025,25001,1,1,1,57.0,6.0,1340.0,107.0,25001|1|1|1
2025,47037,32,1,1,495.0,174.0,938.0,225.0,47037|32|1|1
2025,47069,1,1,1,75.0,39.0,132.0,27.0,47069|1|1|1
2023,51710,1,2,1,35.0,8.0,30.0,6.0,51710|1|2|1
2023,51700,1,2,1,62.0,8.0,48.0,4.0,51700|1|2|1
2024,06073,2,2,1,226.0,90.0,5104.0,1730.0,06073|2|2|1
2024,13285,1,1,1,158.0,36.0,499.0,42.0,13285|1|1|1
2024,13089,2,1,1,230.0,152.0,109.0,52.0,13089|2|1|1
2024,13121,4,1,1,189.0,120.0,253.0,109.0,13121|4|1|1
2024,17163,4,2,1,121.0,63.0,461.0,203.0,17163|4|2|1
2024,47037,1,1,1,835.0,138.0,5941.0,442.0,47037|1|1|1
2024,48113,31,2,1,44.0,32.0,273.0,121.0,48113|31|2|1
2025,06099,1,1,1,96.0,17.0,2306.0,230.0,06099|1|1|1
2025,12097,31,1,1,116.0,40.0,589.0,235.0,12097|31|1|1
2025,12053,1,1,1,186.0,41.0,3288.0,416.0,12053|1|1|1
2025,12047,1,1,1,38.0,26.0,105.0,32.0,12047|1|1|1
2025,12099,2,1,1,104.0,68.0,851.0,375.0,12099|2|1|1
2025,13097,32,1,1,383.0,175.0,185.0,69.0,13097|32|1|1
2025,13097,31,1,1,257.0,93.0,131.0,35.0,13097|31|1|1
2024,37017,1,1,1,82.0,61.0,171.0,56.0,37017|1|1|1
2024,37063,4,1,1,38.0,25.0,84.0,27.0,37063|4|1|1
2024,48091,1,1,1,124.0,18.0,2887.0,312.0,48091|1|1|1
2024,48181,1,1,1,120.0,36.0,2047.0,427.0,48181|1|1|1
2024,48085,32,1,1,223.0,98.0,1363.0,360.0,48085|32|1|1
2024,48201,31,1,3,131.0,64.0,344.0,93.0,48201|31|1|3
2025,12105,4,2,1,198.0,111.0,1347.0,711.0,12105|4|2|1
2025,12083,2,2,1,71.0,47.0,660.0,316.0,12083|2|2|1
2025,37019,1,1,1,257.0,102.0,3431.0,433.0,37019|1|1|1
2025,37025,1,1,1,428.0,83.0,1729.0,140.0,37025|1|1|1
2025,37133,31,1,1,158.0,24.0,933.0,151.0,37133|31|1|1
2025,39049,32,2,1,183.0,59.0,942.0,188.0,39049|32|2|1
2025,48085,2,2,1,144.0,87.0,904.0,401.0,48085|2|2|1
2025,51087,31,1,1,209.0,42.0,464.0,68.0,51087|31|1|1
2025,51025,1,1,1,52.0,25.0,67.0,13.0,51025|1|1|1
2025,51087,4,1,1,47.0,18.0,110.0,35.0,51087|4|1|1
2018,04013,1,2,1,147.0,26.0,2592.0,384.0,04013|1|2|1
2018,34013,32,1,1,508.0,273.0,1098.0,353.0,34013|32|1|1
2018,13097,32,1,1,398.0,196.0,400.0,137.0,13097|32|1|1
2018,13097,4,1,1,26.0,19.0,71.0,41.0,13097|4|1|1
2018,26121,1,1,1,71.0,16.0,2221.0,221.0,26121|1|1|1
2018,37067,2,2,1,75.0,46.0,513.0,176.0,37067|2|2|1
2018,54003,1,1,1,182.0,29.0,2210.0,314.0,54003|1|1|1
2018,13051,4,1,1,63.0,40.0,189.0,90.0,13051|4|1|1
2019,08005,4,2,1,238.0,115.0,2317.0,900.0,08005|4|2|1
2019,24037,1,1,1,246.0,40.0,1369.0,76.0,24037|1|1|1
2019,18057,32,1,1,75.0,27.0,2244.0,346.0,18057|32|1|1
2019,18011,1,1,1,40.0,7.0,1284.0,72.0,18011|1|1|1
2019,18091,1,1,1,54.0,6.0,1194.0,111.0,18091|1|1|1
2019,18089,31,1,1,379.0,131.0,2305.0,396.0,18089|31|1|1
2019,37135,1,1,1,97.0,17.0,1315.0,73.0,37135|1|1|1
2019,37001,1,1,1,428.0,94.0,1740.0,170.0,37001|1|1|1
2019,32003,2,1,1,68.0,44.0,924.0,415.0,32003|2|1|1
2020,13045,32,1,1,40.0,12.0,594.0,101.0,13045|32|1|1
2020,13223,4,2,1,40.0,34.0,208.0,102.0,13223|4|2|1
2020,51760,4,1,1,34.0,24.0,71.0,16.0,51760|4|1|1
2020,39045,32,1,1,62.0,18.0,1229.0,198.0,39045|32|1|1
2020,41051,1,1,1,366.0,42.0,7882.0,459.0,41051|1|1|1
2020,45045,1,1,1,1125.0,344.0,8326.0,787.0,45045|1|1|1
2021,40143,31,1,1,342.0,86.0,5221.0,686.0,40143|31|1|1
2022,05119,2,2,1,237.0,165.0,479.0,174.0,05119|2|2|1
2022,37035,32,1,1,80.0,27.0,733.0,160.0,37035|32|1|1
2022,53053,31,1,1,145.0,36.0,1895.0,343.0,53053|31|1|1
2023,26049,2,1,1,75.0,51.0,236.0,100.0,26049|2|1|1
2022,47037,2,1,1,133.0,86.0,391.0,140.0,47037|2|1|1
2023,24017,1,1,1,1664.0,223.0,643.0,50.0,24017|1|1|1
2023,24003,2,2,1,246.0,143.0,1346.0,473.0,24003|2|2|1
2023,37051,2,2,1,193.0,106.0,250.0,105.0,37051|2|2|1
2023,37063,32,1,1,278.0,98.0,220.0,59.0,37063|32|1|1
2023,54003,1,1,1,275.0,56.0,1873.0,275.0,54003|1|1|1
2023,37165,1,1,1,124.0,76.0,171.0,39.0,37165|1|1|1
2023,47157,31,1,3,53.0,21.0,74.0,19.0,47157|31|1|3
2024,25001,1,1,1,67.0,13.0,1341.0,106.0,25001|1|1|1
2024,39095,4,2,1,133.0,80.0,843.0,289.0,39095|4|2|1
2025,22079,1,1,1,334.0,147.0,787.0,167.0,22079|1|1|1
2025,22071,31,1,3,56.0,18.0,74.0,24.0,22071|31|1|3
2025,28043,1,1,1,60.0,30.0,109.0,28.0,28043|1|1|1
2025,28059,32,1,1,58.0,36.0,294.0,99.0,28059|32|1|1
2025,28099,1,1,1,58.0,38.0,129.0,38.0,28099|1|1|1
2025,28077,1,1,1,61.0,48.0,96.0,39.0,28077|1|1|1
2018,47157,32,1,1,1044.0,593.0,1380.0,398.0,47157|32|1|1
2018,22111,1,1,1,43.0,28.0,192.0,66.0,22111|1|1|1
2018,18163,1,1,1,85.0,22.0,2232.0,195.0,18163|1|1|1
2019,40109,1,1,1,734.0,136.0,7580.0,676.0,40109|1|1|1
2019,02090,1,1,1,28.0,1.0,918.0,51.0,02090|1|1|1
2019,01065,1,1,1,100.0,66.0,59.0,10.0,01065|1|1|1
2020,28121,31,1,1,296.0,76.0,2334.0,255.0,28121|31|1|1
2020,28137,1,1,1,105.0,49.0,350.0,82.0,28137|1|1|1
2020,01045,1,1,1,104.0,29.0,500.0,92.0,01045|1|1|1
2020,01113,1,1,1,312.0,86.0,513.0,56.0,01113|1|1|1
2021,22113,1,1,1,92.0,51.0,657.0,148.0,22113|1|1|1
2021,28035,1,1,1,253.0,100.0,757.0,118.0,28035|1|1|1
2021,24027,2,2,1,87.0,55.0,364.0,105.0,24027|2|2|1
2022,01073,31,2,1,54.0,26.0,277.0,58.0,01073|31|2|1
2022,01073,2,2,1,381.0,212.0,1139.0,310.0,01073|2|2|1
2022,27003,1,2,1,48.0,4.0,215.0,26.0,27003|1|2|1
2022,01125,1,2,1,59.0,10.0,41.0,5.0,01125|1|2|1
2022,34023,1,1,1,701.0,121.0,3509.0,351.0,34023|1|1|1
2022,34013,2,2,1,439.0,283.0,958.0,373.0,34013|2|2|1
2023,22121,1,1,1,146.0,38.0,149.0,38.0,22121|1|1|1
2022,45083,2,2,1,87.0,53.0,472.0,169.0,45083|2|2|1
2022,45091,31,1,1,135.0,45.0,675.0,117.0,45091|31|1|1
2023,06037,2,1,1,175.0,91.0,1072.0,467.0,06037|2|1|1
2024,01097,1,1,1,977.0,223.0,2862.0,433.0,01097|1|1|1
2024,01015,1,1,1,254.0,104.0,995.0,244.0,01015|1|1|1
2024,28033,1,1,1,988.0,121.0,1271.0,86.0,28033|1|1|1
2024,36081,31,2,1,84.0,53.0,194.0,92.0,36081|31|2|1
2024,24033,1,1,3,152.0,33.0,145.0,32.0,24033|1|1|3
2024,24017,2,2,1,306.0,151.0,156.0,50.0,24017|2|2|1
2025,42101,4,2,1,649.0,376.0,893.0,358.0,42101|4|2|1
2025,42091,4,2,1,216.0,110.0,1990.0,617.0,42091|4|2|1
2025,42043,1,1,1,299.0,40.0,1769.0,166.0,42043|1|1|1
2025,42133,32,1,1,75.0,36.0,837.0,241.0,42133|32|1|1
2018,34037,1,1,1,76.0,20.0,1943.0,225.0,34037|1|1|1
2018,72021,1,1,1,39.0,8.0,797.0,174.0,72021|1|1|1
2018,45019,4,2,1,67.0,45.0,775.0,277.0,45019|4|2|1
2018,45079,1,1,3,36.0,10.0,134.0,16.0,45079|1|1|3
2019,22033,32,1,1,391.0,170.0,776.0,154.0,22033|32|1|1
2019,22071,2,1,1,144.0,108.0,111.0,47.0,22071|2|1|1
2019,22017,4,1,1,57.0,42.0,104.0,42.0,22017|4|1|1
2021,45079,4,2,1,100.0,63.0,276.0,69.0,45079|4|2|1
2022,25013,31,1,1,90.0,29.0,1065.0,197.0,25013|31|1|1
2023,45083,1,2,1,56.0,16.0,105.0,12.0,45083|1|2|1
2025,27145,1,1,1,82.0,14.0,1351.0,109.0,27145|1|1|1
2025,04013,1,2,1,102.0,18.0,1683.0,315.0,04013|1|2|1
2025,35013,1,1,1,43.0,9.0,1948.0,415.0,35013|1|1|1
2025,47037,1,1,1,807.0,148.0,5767.0,404.0,47037|1|1|1
2025,47045,1,1,1,37.0,21.0,278.0,59.0,47045|1|1|1
2025,47065,4,1,1,37.0,17.0,279.0,103.0,47065|4|1|1
2019,45079,2,2,1,117.0,89.0,284.0,100.0,45079|2|2|1
2020,10005,1,1,2,49.0,7.0,2549.0,162.0,10005|1|1|2
2020,10001,4,2,1,32.0,24.0,155.0,80.0,10001|4|2|1
2024,06037,2,1,1,160.0,95.0,1032.0,448.0,06037|2|1|1
2024,12097,31,1,1,95.0,32.0,403.0,125.0,12097|31|1|1
2024,13075,1,1,1,57.0,42.0,112.0,41.0,13075|1|1|1
2024,13063,1,1,3,54.0,15.0,52.0,9.0,13063|1|1|3
2024,17163,2,2,1,121.0,81.0,377.0,122.0,17163|2|2|1
2024,21111,32,1,1,337.0,153.0,1051.0,285.0,21111|32|1|1
2024,37141,1,1,1,93.0,58.0,1078.0,146.0,37141|1|1|1
2024,40109,1,1,1,644.0,132.0,5430.0,555.0,40109|1|1|1
2024,47003,1,1,1,35.0,3.0,491.0,58.0,47003|1|1|1
2025,06001,4,2,1,146.0,76.0,709.0,268.0,06001|4|2|1
2025,12001,1,1,1,377.0,151.0,1835.0,270.0,12001|1|1|1
2025,12009,1,1,1,817.0,176.0,7104.0,695.0,12009|1|1|1
2025,12101,31,1,1,147.0,42.0,1285.0,347.0,12101|31|1|1
2025,13031,1,1,1,126.0,57.0,577.0,72.0,13031|1|1|1
2024,48141,31,1,1,98.0,20.0,835.0,279.0,48141|31|1|1
2024,48419,1,1,1,38.0,27.0,189.0,95.0,48419|1|1|1
2024,55079,1,2,1,69.0,18.0,239.0,50.0,55079|1|2|1
2025,12103,4,2,1,110.0,54.0,1991.0,832.0,12103|4|2|1
2025,12099,31,2,1,97.0,53.0,993.0,394.0,12099|31|2|1
2025,13185,31,1,1,91.0,15.0,238.0,34.0,13185|31|1|1
2025,26125,4,2,1,375.0,193.0,2591.0,838.0,26125|4|2|1
2025,26115,1,1,1,50.0,21.0,1705.0,242.0,26115|1|1|1
2025,26125,1,1,1,1076.0,332.0,10168.0,1059.0,26125|1|1|1
2025,37081,1,1,1,1310.0,361.0,3069.0,285.0,37081|1|1|1
2025,26145,32,1,1,58.0,27.0,422.0,133.0,26145|32|1|1
2025,29189,2,1,1,151.0,107.0,364.0,122.0,29189|2|1|1
2025,29510,2,2,1,93.0,73.0,315.0,83.0,29510|2|2|1
2025,37147,32,1,1,149.0,61.0,228.0,60.0,37147|32|1|1
2025,32003,1,1,2,35.0,7.0,347.0,35.0,32003|1|1|2
2025,39017,2,2,1,93.0,39.0,916.0,258.0,39017|2|2|1
2025,45059,1,1,1,260.0,108.0,1051.0,248.0,45059|1|1|1
2025,45063,1,2,1,69.0,11.0,146.0,14.0,45063|1|2|1
2025,48215,1,1,1,80.0,16.0,5225.0,1295.0,48215|1|1|1
2025,48113,4,1,1,201.0,123.0,642.0,250.0,48113|4|1|1
2025,48339,32,1,1,70.0,26.0,960.0,311.0,48339|32|1|1
2025,48039,32,1,1,94.0,28.0,412.0,128.0,48039|32|1|1
2025,51087,4,2,1,293.0,116.0,507.0,164.0,51087|4|2|1
2025,51800,1,1,1,585.0,94.0,821.0,41.0,51800|1|1|1
2018,13127,32,1,1,52.0,35.0,270.0,87.0,13127|32|1|1
2018,13255,31,1,1,30.0,14.0,115.0,30.0,13255|31|1|1
2018,13121,2,2,1,691.0,504.0,1814.0,688.0,13121|2|2|1
2018,13153,4,2,1,46.0,28.0,135.0,58.0,13153|4|2|1
2018,26081,1,1,1,475.0,122.0,8482.0,847.0,26081|1|1|1
2018,37167,1,1,1,44.0,7.0,748.0,87.0,37167|1|1|1
2018,37181,1,1,1,122.0,32.0,160.0,27.0,37181|1|1|1
2018,51053,1,1,1,69.0,19.0,225.0,35.0,51053|1|1|1
2019,05119,4,1,1,73.0,52.0,167.0,63.0,05119|4|1|1
2019,24027,2,2,1,94.0,55.0,459.0,161.0,24027|2|2|1
2019,37183,2,2,1,437.0,251.0,2630.0,789.0,37183|2|2|1
2019,37067,31,1,1,360.0,104.0,1569.0,271.0,37067|31|1|1
2020,13217,1,1,1,1178.0,216.0,832.0,83.0,13217|1|1|1
2020,13077,1,1,1,441.0,69.0,2616.0,155.0,13077|1|1|1
2020,19193,1,1,1,35.0,8.0,1155.0,135.0,19193|1|1|1
2020,27003,1,1,1,529.0,53.0,5299.0,376.0,27003|1|1|1
2020,27003,32,1,1,66.0,23.0,3602.0,452.0,27003|32|1|1
2020,27037,4,2,1,29.0,19.0,839.0,208.0,27037|4|2|1
2020,32003,31,2,1,31.0,17.0,485.0,207.0,32003|31|2|1
2020,32003,2,2,1,137.0,98.0,1668.0,891.0,32003|2|2|1
2020,39035,1,1,1,2449.0,364.0,11060.0,609.0,39035|1|1|1
2021,18059,1,1,1,146.0,12.0,1660.0,122.0,18059|1|1|1
2020,39035,4,1,1,180.0,128.0,1039.0,422.0,39035|4|1|1
2020,45083,32,1,1,125.0,53.0,1357.0,262.0,45083|32|1|1
2020,45011,1,1,1,142.0,108.0,163.0,47.0,45011|1|1|1
2020,45049,1,1,1,182.0,142.0,129.0,48.0,45049|1|1|1
2021,40109,4,2,1,45.0,25.0,324.0,146.0,40109|4|2|1
2022,29047,1,1,1,206.0,26.0,3113.0,168.0,29047|1|1|1
2022,37057,1,1,1,319.0,49.0,2095.0,283.0,37057|1|1|1
2022,37191,32,1,1,127.0,46.0,246.0,71.0,37191|32|1|1
2022,47157,4,2,1,844.0,462.0,709.0,256.0,47157|4|2|1
2023,17043,1,1,1,223.0,37.0,5607.0,340.0,17043|1|1|1
2023,17163,4,1,1,41.0,36.0,142.0,55.0,17163|4|1|1
2022,37101,4,2,1,191.0,89.0,843.0,262.0,37101|4|2|1
2023,24510,4,2,1,411.0,296.0,228.0,115.0,24510|4|2|1
2023,37195,32,1,1,65.0,29.0,80.0,24.0,37195|32|1|1
2023,36055,32,1,1,118.0,52.0,810.0,152.0,36055|32|1|1
2023,47125,32,1,1,280.0,108.0,571.0,160.0,47125|32|1|1
2023,47037,4,1,1,93.0,62.0,355.0,125.0,47037|4|1|1
2024,29510,2,2,1,113.0,77.0,277.0,94.0,29510|2|2|1
2023,47065,31,1,1,60.0,15.0,372.0,80.0,47065|31|1|1
2024,04013,1,1,3,72.0,12.0,1785.0,208.0,04013|1|1|3
2024,25013,1,1,1,414.0,55.0,2647.0,198.0,25013|1|1|1
2024,25013,32,1,1,102.0,52.0,568.0,167.0,25013|32|1|1
2024,34007,31,1,1,159.0,49.0,503.0,112.0,34007|31|1|1
2024,34011,1,1,1,189.0,45.0,843.0,102.0,34011|1|1|1
2024,39035,31,2,1,113.0,43.0,945.0,255.0,39035|31|2|1
2024,45081,1,1,1,38.0,27.0,107.0,27.0,45081|1|1|1
2024,45025,1,1,1,141.0,77.0,312.0,102.0,45025|1|1|1
2024,45075,32,1,1,85.0,38.0,72.0,20.0,45075|32|1|1
2024,51153,4,2,1,359.0,165.0,835.0,340.0,51153|4|2|1
2025,21067,1,1,1,192.0,27.0,2026.0,118.0,21067|1|1|1
2025,22015,32,1,1,47.0,23.0,171.0,52.0,22015|32|1|1
2025,22069,1,1,1,178.0,120.0,196.0,63.0,22069|1|1|1
2025,28083,1,1,1,93.0,35.0,45.0,11.0,28083|1|1|1
2025,01097,2,1,1,93.0,63.0,202.0,69.0,01097|2|1|1
2025,17031,4,2,1,1335.0,804.0,4826.0,2096.0,17031|4|2|1
2025,17031,32,1,1,2279.0,1120.0,4347.0,1241.0,17031|32|1|1
2025,17091,1,1,1,76.0,13.0,876.0,110.0,17091|1|1|1
2025,22017,2,1,1,57.0,41.0,66.0,27.0,22017|2|1|1
2025,55059,1,1,1,43.0,11.0,1226.0,91.0,55059|1|1|1
2025,36047,1,1,3,73.0,24.0,447.0,85.0,36047|1|1|3
2024,06071,4,2,1,425.0,231.0,2739.0,1232.0,06071|4|2|1
2024,12099,31,1,3,29.0,13.0,94.0,28.0,12099|31|1|3
2024,13021,1,1,1,509.0,102.0,605.0,61.0,13021|1|1|1
2024,13113,1,1,1,422.0,137.0,714.0,55.0,13113|1|1|1
2024,13131,1,1,1,103.0,73.0,183.0,72.0,13131|1|1|1
2024,26163,32,1,3,320.0,111.0,307.0,82.0,26163|32|1|3
2024,37081,1,1,1,1407.0,388.0,3151.0,338.0,37081|1|1|1
2024,37001,1,1,1,485.0,126.0,1475.0,173.0,37001|1|1|1
2024,37069,31,1,1,51.0,19.0,158.0,34.0,37069|31|1|1
2024,37081,31,2,1,166.0,67.0,417.0,115.0,37081|31|2|1
2024,48469,1,1,1,45.0,24.0,812.0,243.0,48469|1|1|1
2024,55101,1,1,1,93.0,13.0,1605.0,111.0,55101|1|1|1
2025,06013,1,2,1,41.0,3.0,190.0,36.0,06013|1|2|1
2025,08035,1,1,1,72.0,5.0,4690.0,230.0,08035|1|1|1
2025,12009,31,1,1,164.0,58.0,1387.0,337.0,12009|31|1|1
2025,13135,31,1,1,594.0,210.0,802.0,147.0,13135|31|1|1
2025,13127,32,1,1,47.0,20.0,163.0,39.0,13127|32|1|1
2025,13051,2,1,1,47.0,30.0,114.0,46.0,13051|2|1|1
2025,06013,2,2,1,123.0,66.0,1044.0,340.0,06013|2|2|1
2025,37119,4,2,1,845.0,446.0,1771.0,592.0,37119|4|2|1
2025,37081,31,2,1,140.0,68.0,389.0,107.0,37081|31|2|1
2025,37063,32,1,1,359.0,159.0,264.0,63.0,37063|32|1|1
2025,37093,32,1,1,125.0,50.0,128.0,41.0,37093|32|1|1
2025,26077,32,1,1,46.0,20.0,473.0,121.0,26077|32|1|1
2025,29189,31,2,1,48.0,13.0,639.0,102.0,29189|31|2|1
2025,37191,31,1,1,92.0,31.0,221.0,60.0,37191|31|1|1
2025,39113,32,1,1,227.0,97.0,993.0,272.0,39113|32|1|1
2025,45063,31,1,1,136.0,34.0,825.0,169.0,45063|31|1|1
2025,45003,31,1,1,60.0,14.0,357.0,60.0,45003|31|1|1
2025,45079,4,2,1,309.0,143.0,380.0,95.0,45079|4|2|1
2025,48029,1,2,1,63.0,15.0,650.0,110.0,48029|1|2|1
2025,51059,1,1,1,601.0,74.0,5124.0,225.0,51059|1|1|1
2025,51683,1,1,1,37.0,3.0,207.0,18.0,51683|1|1|1
2025,51107,32,1,1,69.0,29.0,388.0,106.0,51107|32|1|1
2025,51041,31,1,1,290.0,46.0,709.0,106.0,51041|31|1|1
2025,51087,32,1,1,370.0,131.0,414.0,116.0,51087|32|1|1
2018,13135,1,1,1,3448.0,623.0,6442.0,614.0,13135|1|1|1
2018,13059,1,1,1,121.0,30.0,842.0,87.0,13059|1|1|1
2018,13223,4,2,1,71.0,58.0,298.0,169.0,13223|4|2|1
2018,37063,1,1,1,746.0,87.0,3107.0,165.0,37063|1|1|1
2018,32003,31,1,1,643.0,215.0,6027.0,1672.0,32003|31|1|1
2018,51700,1,2,1,43.0,7.0,60.0,9.0,51700|1|2|1
2019,05107,1,1,1,33.0,17.0,39.0,16.0,05107|1|1|1
2019,24025,2,2,1,37.0,31.0,453.0,168.0,24025|2|2|1
2019,24019,1,1,1,51.0,12.0,273.0,35.0,24019|1|1|1
2019,24017,2,2,1,190.0,136.0,164.0,68.0,24017|2|2|1
2019,37119,2,1,1,181.0,122.0,397.0,137.0,37119|2|1|1
2019,49011,1,1,1,52.0,7.0,5622.0,413.0,49011|1|1|1
2020,13009,1,1,1,114.0,54.0,258.0,42.0,13009|1|1|1
2020,13063,31,1,1,1795.0,503.0,267.0,59.0,13063|31|1|1
2020,13067,2,2,1,277.0,193.0,1072.0,457.0,13067|2|2|1
2020,13097,4,2,1,58.0,48.0,75.0,41.0,13097|4|2|1
2020,32023,1,1,1,38.0,2.0,798.0,78.0,32023|1|1|1
2020,39109,1,1,1,37.0,3.0,1632.0,123.0,39109|1|1|1
2021,40145,1,1,1,68.0,12.0,1473.0,147.0,40145|1|1|1
2021,53053,32,1,1,894.0,227.0,11671.0,1340.0,53053|32|1|1
2022,29047,32,1,1,66.0,13.0,1259.0,236.0,29047|32|1|1
2022,37191,1,1,1,408.0,97.0,1110.0,123.0,37191|1|1|1
2022,37069,1,1,1,392.0,94.0,1138.0,91.0,37069|1|1|1
2022,47167,1,1,1,100.0,38.0,732.0,84.0,47167|1|1|1
2022,37181,1,1,1,163.0,52.0,214.0,41.0,37181|1|1|1
2023,25009,1,1,1,287.0,50.0,4171.0,247.0,25009|1|1|1
2023,37001,1,1,1,503.0,114.0,1431.0,183.0,37001|1|1|1
2023,36029,32,1,1,149.0,66.0,1322.0,301.0,36029|32|1|1
2023,36067,32,1,1,52.0,21.0,570.0,121.0,36067|32|1|1
2024,20091,1,1,1,192.0,13.0,5166.0,197.0,20091|1|1|1
2023,37119,31,1,3,35.0,13.0,45.0,12.0,37119|31|1|3
2024,04013,32,1,1,588.0,237.0,7540.0,2003.0,04013|32|1|1
2024,25023,32,1,1,166.0,83.0,858.0,255.0,25023|32|1|1
2024,25021,4,2,1,140.0,92.0,1208.0,417.0,25021|4|2|1
2024,41051,1,1,1,343.0,43.0,4576.0,265.0,41051|1|1|1
2024,45045,2,2,1,133.0,73.0,977.0,291.0,45045|2|2|1
2024,45045,4,2,1,189.0,107.0,1234.0,463.0,45045|4|2|1
2024,45003,31,1,1,60.0,16.0,213.0,42.0,45003|31|1|1
2024,51810,4,2,1,214.0,93.0,1144.0,381.0,51810|4|2|1
2025,01117,1,1,1,422.0,88.0,2726.0,234.0,01117|1|1|1
2025,01089,1,1,1,992.0,194.0,4236.0,347.0,01089|1|1|1
2025,22079,32,1,1,63.0,40.0,164.0,54.0,22079|32|1|1
2025,28065,1,1,1,144.0,98.0,40.0,23.0,28065|1|1|1
2025,28151,31,1,1,53.0,10.0,46.0,2.0,28151|31|1|1
2025,17161,1,1,1,145.0,21.0,1139.0,107.0,17161|1|1|1
2025,17031,2,2,1,1347.0,850.0,4773.0,1959.0,17031|2|2|1
2025,36081,4,2,1,325.0,213.0,327.0,174.0,36081|4|2|1
2025,17031,31,1,3,120.0,47.0,424.0,77.0,17031|31|1|3
2025,22073,31,1,1,51.0,14.0,199.0,31.0,22073|31|1|1
2025,36119,2,2,1,184.0,105.0,1150.0,421.0,36119|2|2|1
2018,10001,2,2,1,63.0,46.0,365.0,176.0,10001|2|2|1
2018,10001,1,1,1,705.0,156.0,1786.0,219.0,10001|1|1|1
2019,01073,32,1,3,32.0,16.0,58.0,9.0,01073|32|1|3
2019,40109,2,2,1,71.0,46.0,657.0,294.0,40109|2|2|1
2020,01125,32,1,1,128.0,46.0,830.0,106.0,01125|32|1|1
2020,01025,1,1,1,158.0,104.0,160.0,39.0,01025|1|1|1
2020,28101,1,1,1,91.0,64.0,119.0,30.0,28101|1|1|1
2020,25021,4,2,1,62.0,34.0,932.0,332.0,25021|4|2|1
2021,28033,1,1,1,1572.0,201.0,2097.0,140.0,28033|1|1|1
2021,28121,32,1,1,119.0,43.0,753.0,162.0,28121|32|1|1
2021,28049,4,1,1,121.0,74.0,65.0,24.0,28049|4|1|1
2022,21111,2,2,1,205.0,87.0,1380.0,382.0,21111|2|2|1
2022,21227,1,1,1,123.0,26.0,1422.0,146.0,21227|1|1|1
2022,17201,1,1,1,266.0,42.0,2408.0,154.0,17201|1|1|1
2022,45085,31,1,1,57.0,21.0,110.0,25.0,45085|31|1|1
2024,19163,1,1,1,110.0,18.0,1718.0,114.0,19163|1|1|1
2024,28121,31,1,1,77.0,18.0,336.0,48.0,28121|31|1|1
2024,28109,1,1,1,56.0,20.0,605.0,160.0,28109|1|1|1
2024,28089,32,1,1,87.0,44.0,94.0,24.0,28089|32|1|1
2024,36103,4,2,1,332.0,222.0,2947.0,1451.0,36103|4|2|1
2024,01017,1,1,1,111.0,60.0,211.0,46.0,01017|1|1|1
2024,24037,1,1,1,180.0,21.0,905.0,40.0,24037|1|1|1
2024,24021,1,1,1,412.0,50.0,2152.0,102.0,24021|1|1|1
2024,35043,1,1,1,83.0,13.0,1841.0,197.0,35043|1|1|1
2024,36059,4,1,1,65.0,42.0,410.0,176.0,36059|4|1|1
2024,36085,32,1,1,52.0,26.0,322.0,102.0,36085|32|1|1
2024,42003,32,1,1,248.0,118.0,1457.0,467.0,42003|32|1|1
2024,42045,1,1,3,40.0,5.0,151.0,13.0,42045|1|1|3
2025,42011,1,1,1,237.0,49.0,2943.0,282.0,42011|1|1|1
2025,42041,1,1,1,99.0,18.0,2041.0,185.0,42041|1|1|1
2025,42017,32,1,1,59.0,18.0,1178.0,320.0,42017|32|1|1
2025,24510,31,1,1,432.0,153.0,361.0,69.0,24510|31|1|1
2018,34035,1,1,1,287.0,27.0,2288.0,202.0,34035|1|1|1
2018,34013,1,1,1,1728.0,419.0,3511.0,342.0,34013|1|1|1
2018,45081,1,1,1,27.0,18.0,102.0,22.0,45081|1|1|1
2019,22063,1,1,1,380.0,90.0,2251.0,355.0,22063|1|1|1
2021,45007,1,1,1,488.0,133.0,3198.0,429.0,45007|1|1|1
2021,45019,2,2,1,45.0,24.0,806.0,226.0,45019|2|2|1
2025,04013,1,1,3,113.0,17.0,2143.0,243.0,04013|1|1|3
2025,04013,4,2,1,563.0,244.0,10853.0,3761.0,04013|4|2|1
2025,25023,2,2,1,268.0,173.0,1702.0,500.0,25023|2|2|1
2025,47125,32,1,1,262.0,109.0,690.0,208.0,47125|32|1|1
2025,47157,32,1,1,1078.0,519.0,660.0,180.0,47157|32|1|1
2025,47149,2,2,1,102.0,57.0,611.0,215.0,47149|2|2|1
2025,47037,2,2,1,273.0,155.0,1020.0,370.0,47037|2|2|1
2018,19163,1,1,1,79.0,10.0,2429.0,226.0,19163|1|1|1
2018,01117,31,1,1,75.0,32.0,710.0,195.0,01117|31|1|1
2018,01125,31,1,1,182.0,90.0,400.0,101.0,01125|31|1|1
2018,06065,2,2,1,269.0,183.0,3791.0,2107.0,06065|2|2|1
2018,08001,4,2,1,63.0,37.0,1917.0,810.0,08001|4|2|1
2018,12127,1,1,1,522.0,87.0,7815.0,1085.0,12127|1|1|1
2018,12086,1,1,3,91.0,29.0,1867.0,470.0,12086|1|1|3
2018,12091,1,1,1,275.0,52.0,3618.0,506.0,12091|1|1|1
2018,12011,2,2,1,732.0,585.0,3372.0,2070.0,12011|2|2|1
2018,12069,32,1,1,177.0,100.0,1613.0,500.0,12069|32|1|1
2018,12019,32,1,1,136.0,80.0,938.0,305.0,12019|32|1|1
2018,21067,32,1,1,114.0,56.0,821.0,188.0,21067|32|1|1
2018,24031,31,1,1,498.0,201.0,2009.0,482.0,24031|31|1|1
2018,24021,31,1,1,85.0,26.0,902.0,212.0,24021|31|1|1
2018,24043,1,1,1,193.0,30.0,1406.0,136.0,24043|1|1|1
2018,36085,1,1,1,102.0,29.0,2246.0,205.0,36085|1|1|1
2018,36059,2,2,1,459.0,326.0,3542.0,1614.0,36059|2|2|1
2018,39061,31,2,1,41.0,19.0,636.0,151.0,39061|31|2|1
2018,39035,2,1,3,66.0,49.0,122.0,63.0,39035|2|1|3
2018,42029,32,1,1,99.0,61.0,1727.0,480.0,42029|32|1|1
2018,48439,1,1,1,3099.0,499.0,19083.0,1639.0,48439|1|1|1
2018,48185,1,1,1,40.0,20.0,343.0,101.0,48185|1|1|1
2018,55079,32,2,1,52.0,15.0,388.0,52.0,55079|32|2|1
2018,06031,1,1,1,37.0,4.0,1115.0,90.0,06031|1|1|1
2019,06067,31,1,1,1242.0,245.0,10121.0,1258.0,06067|31|1|1
2019,13121,1,1,1,5369.0,985.0,8255.0,645.0,13121|1|1|1
2019,13063,1,1,1,2397.0,475.0,366.0,47.0,13063|1|1|1
2019,17031,32,1,3,297.0,132.0,1066.0,270.0,17031|32|1|3
2019,21067,32,1,1,107.0,37.0,1062.0,220.0,21067|32|1|1
2019,21111,2,1,1,90.0,63.0,538.0,195.0,21111|2|1|1
2019,26163,1,1,3,115.0,36.0,573.0,65.0,26163|1|1|3
2019,29095,32,1,1,416.0,172.0,2735.0,539.0,29095|32|1|1
2019,42011,31,1,1,61.0,21.0,1999.0,420.0,42011|31|1|1
2019,48121,1,1,1,1330.0,221.0,12562.0,997.0,48121|1|1|1
2019,51740,31,1,1,175.0,51.0,243.0,35.0,51740|31|1|1
2019,51800,4,2,1,86.0,62.0,122.0,56.0,51800|4|2|1
2019,10001,1,1,1,721.0,124.0,1754.0,173.0,10001|1|1|1
2019,12039,1,1,1,261.0,139.0,190.0,37.0,12039|1|1|1
2019,13135,32,1,3,56.0,20.0,112.0,20.0,13135|32|1|3
2019,25017,32,1,1,218.0,69.0,6709.0,936.0,25017|32|1|1
2019,36059,2,1,1,102.0,64.0,841.0,350.0,36059|2|1|1
2019,36119,32,1,1,232.0,68.0,2094.0,467.0,36119|32|1|1
2019,36119,1,1,1,828.0,136.0,5861.0,539.0,36119|1|1|1
2019,36047,1,1,3,66.0,12.0,474.0,79.0,36047|1|1|3
2019,36055,2,1,1,99.0,70.0,585.0,176.0,36055|2|1|1
2019,36029,2,2,1,129.0,80.0,2212.0,779.0,36029|2|2|1
2019,42101,2,2,3,104.0,84.0,107.0,63.0,42101|2|2|3
2019,48113,2,2,1,468.0,387.0,1669.0,1008.0,48113|2|2|1
2019,51700,1,2,1,68.0,5.0,88.0,5.0,51700|1|2|1
2020,22013,1,1,1,72.0,49.0,91.0,35.0,22013|1|1|1
2020,37081,32,1,1,302.0,112.0,1733.0,286.0,37081|32|1|1
2020,37063,2,1,1,39.0,23.0,110.0,42.0,37063|2|1|1
2020,12105,1,1,2,104.0,21.0,768.0,122.0,12105|1|1|2
2020,12057,2,2,1,218.0,141.0,2029.0,945.0,12057|2|2|1
2020,18089,4,1,1,42.0,33.0,260.0,111.0,18089|4|1|1
2020,24009,1,1,1,221.0,25.0,1410.0,53.0,24009|1|1|1
2020,24027,1,1,1,812.0,123.0,2131.0,121.0,24027|1|1|1
2020,37191,1,1,1,372.0,118.0,1122.0,105.0,37191|1|1|1
2020,34005,1,1,1,1121.0,149.0,4704.0,345.0,34005|1|1|1
2020,34013,2,1,1,78.0,55.0,200.0,77.0,34013|2|1|1
2020,36081,4,1,1,48.0,30.0,214.0,117.0,36081|4|1|1
2021,06095,1,1,1,715.0,101.0,2970.0,205.0,06095|1|1|1
2021,06071,32,1,3,135.0,33.0,1614.0,238.0,06071|32|1|3
2021,08001,1,1,1,404.0,59.0,8511.0,871.0,08001|1|1|1
2021,12103,32,1,1,494.0,156.0,9435.0,1598.0,12103|32|1|1
2021,12115,1,1,1,179.0,37.0,7549.0,704.0,12115|1|1|1
2021,13063,31,1,1,2045.0,600.0,312.0,79.0,13063|31|1|1
2021,13189,1,1,1,54.0,24.0,183.0,32.0,13189|1|1|1
2021,13135,2,2,1,517.0,344.0,946.0,434.0,13135|2|2|1
2021,13021,4,2,1,34.0,24.0,94.0,42.0,13021|4|2|1
2021,17089,32,1,1,107.0,36.0,3344.0,445.0,17089|32|1|1
2021,37097,1,1,1,363.0,65.0,3049.0,253.0,37097|1|1|1
2021,37125,1,1,1,93.0,26.0,1901.0,126.0,37125|1|1|1
2021,04013,1,2,1,186.0,34.0,2487.0,430.0,04013|1|2|1
2021,13185,31,1,1,230.0,45.0,950.0,139.0,13185|31|1|1
2021,13075,1,1,1,63.0,38.0,152.0,40.0,13075|1|1|1
2021,25027,4,2,1,35.0,22.0,783.0,311.0,25027|4|2|1
2021,34005,4,1,1,27.0,15.0,249.0,114.0,34005|4|1|1
2021,36081,2,1,1,90.0,54.0,213.0,116.0,36081|2|1|1
2021,39049,4,2,1,240.0,119.0,1871.0,574.0,39049|4|2|1
2021,42003,32,1,1,418.0,152.0,6482.0,965.0,42003|32|1|1
2021,48113,1,1,1,3151.0,580.0,16204.0,1549.0,48113|1|1|1
2021,51770,1,1,1,172.0,20.0,962.0,84.0,51770|1|1|1
2021,51149,1,1,1,162.0,70.0,323.0,55.0,51149|1|1|1
2022,06031,1,1,1,68.0,9.0,953.0,79.0,06031|1|1|1
2022,12111,1,1,2,79.0,17.0,404.0,40.0,12111|1|1|2
2022,12021,1,1,1,181.0,42.0,4518.0,576.0,12021|1|1|1
2022,13153,31,1,1,107.0,27.0,265.0,61.0,13153|31|1|1
2021,44003,1,1,1,128.0,21.0,2437.0,137.0,44003|1|1|1
2021,44007,4,2,1,83.0,53.0,1100.0,430.0,44007|4|2|1
2021,48027,31,1,1,1216.0,255.0,3372.0,600.0,48027|31|1|1
2022,04013,32,1,1,2027.0,517.0,28295.0,4555.0,04013|32|1|1
2022,12057,31,2,1,59.0,22.0,588.0,190.0,12057|31|2|1
2022,13047,1,1,1,63.0,17.0,852.0,140.0,13047|1|1|1
2022,13075,1,1,1,40.0,26.0,131.0,38.0,13075|1|1|1
2022,13135,2,1,1,97.0,62.0,244.0,116.0,13135|2|1|1
2022,13245,4,1,1,49.0,29.0,39.0,16.0,13245|4|1|1
2022,24033,1,1,3,185.0,47.0,124.0,21.0,24033|1|1|3
2022,24005,1,2,1,112.0,24.0,133.0,32.0,24005|1|2|1
2022,24021,2,2,1,96.0,55.0,835.0,295.0,24021|2|2|1
2022,28129,1,1,1,84.0,68.0,133.0,50.0,28129|1|1|1
2022,28123,1,1,1,142.0,98.0,147.0,47.0,28123|1|1|1
2022,36029,4,2,1,88.0,54.0,1566.0,529.0,36029|4|2|1
2022,39035,4,1,1,285.0,192.0,1074.0,383.0,39035|4|1|1
2022,39035,1,1,3,177.0,25.0,941.0,73.0,39035|1|1|3
2022,48113,31,1,1,1031.0,410.0,3294.0,862.0,48113|31|1|1
2022,48121,31,1,1,252.0,74.0,1853.0,372.0,48121|31|1|1
2022,51087,31,1,1,228.0,67.0,560.0,99.0,51087|31|1|1
2023,12113,1,1,1,166.0,40.0,2795.0,394.0,12113|1|1|1
2023,13179,32,1,1,139.0,55.0,113.0,37.0,13179|32|1|1
2023,13151,31,1,1,141.0,75.0,65.0,24.0,13151|31|1|1
2023,13151,2,2,1,510.0,310.0,243.0,98.0,13151|2|2|1
2022,42003,31,2,1,63.0,26.0,1495.0,290.0,42003|31|2|1
2022,48113,31,2,1,38.0,22.0,212.0,87.0,48113|31|2|1
2022,51099,1,1,1,81.0,14.0,333.0,17.0,51099|1|1|1
2022,51117,1,1,1,73.0,34.0,224.0,37.0,51117|1|1|1
2023,12083,31,1,1,36.0,21.0,347.0,122.0,12083|31|1|1
2023,12127,2,2,1,101.0,69.0,1334.0,622.0,12127|2|2|1
2023,13113,4,2,1,129.0,73.0,221.0,106.0,13113|4|2|1
2023,13021,4,2,1,51.0,29.0,93.0,38.0,13021|4|2|1
2023,27123,1,2,1,61.0,8.0,243.0,23.0,27123|1|2|1
2023,34013,2,2,1,468.0,307.0,810.0,315.0,34013|2|2|1
2023,39113,4,2,1,130.0,83.0,1020.0,407.0,39113|4|2|1
2023,48073,1,1,1,85.0,64.0,608.0,241.0,48073|1|1|1
2023,48027,32,1,1,162.0,78.0,370.0,135.0,48027|32|1|1
2024,06085,1,1,1,72.0,12.0,1841.0,229.0,06085|1|1|1
2024,17031,32,1,1,2141.0,1136.0,3674.0,1163.0,17031|32|1|1
2023,42029,4,2,1,93.0,53.0,1699.0,600.0,42029|4|2|1
2023,42101,32,2,1,452.0,236.0,857.0,300.0,42101|32|2|1
2019,45091,32,1,1,201.0,75.0,1386.0,289.0,45091|32|1|1
2019,45023,1,1,1,62.0,22.0,266.0,65.0,45023|1|1|1
2019,45007,32,1,1,91.0,42.0,737.0,194.0,45007|32|1|1
2021,01005,1,1,1,96.0,63.0,134.0,16.0,01005|1|1|1
2021,01101,2,2,1,35.0,26.0,35.0,18.0,01101|2|2|1
2022,10003,31,2,1,76.0,30.0,358.0,68.0,10003|31|2|1
2022,40109,4,1,1,35.0,25.0,259.0,111.0,40109|4|1|1
2023,35001,1,1,1,181.0,43.0,4488.0,505.0,35001|1|1|1
2024,22001,1,1,1,148.0,95.0,425.0,113.0,22001|1|1|1
2025,34033,1,1,1,98.0,20.0,540.0,55.0,34033|1|1|1
2025,34017,2,2,1,66.0,42.0,317.0,160.0,34017|2|2|1
2025,40109,31,1,1,154.0,43.0,1019.0,205.0,40109|31|1|1
2025,40145,1,1,1,62.0,9.0,1146.0,112.0,40145|1|1|1
2018,22053,1,1,1,43.0,17.0,318.0,91.0,22053|1|1|1
2018,28047,31,1,1,73.0,40.0,470.0,127.0,28047|31|1|1
2018,28077,1,1,1,31.0,18.0,65.0,34.0,28077|1|1|1
2018,28151,31,1,1,66.0,18.0,80.0,9.0,28151|31|1|1
2024,05119,1,1,1,936.0,284.0,2424.0,259.0,05119|1|1|1
2023,32003,32,1,1,597.0,233.0,2396.0,825.0,32003|32|1|1
2023,32003,4,2,1,561.0,344.0,3921.0,2002.0,32003|4|2|1
2025,36047,4,1,1,81.0,42.0,197.0,76.0,36047|4|1|1
2025,36081,2,1,1,82.0,52.0,166.0,106.0,36081|2|1|1
2018,40109,4,2,1,81.0,63.0,640.0,343.0,40109|4|2|1
2019,01107,1,1,1,70.0,45.0,70.0,17.0,01107|1|1|1
2019,01125,1,1,1,765.0,166.0,1941.0,235.0,01125|1|1|1
2020,01003,32,1,1,31.0,15.0,1398.0,222.0,01003|32|1|1
2020,01091,1,1,1,115.0,83.0,86.0,21.0,01091|1|1|1
2020,28049,4,2,1,75.0,49.0,122.0,34.0,28049|4|2|1
2021,22033,31,1,1,1253.0,356.0,3402.0,400.0,22033|31|1|1
2021,28033,32,1,1,443.0,145.0,1419.0,213.0,28033|32|1|1
2021,22017,2,2,1,47.0,27.0,62.0,19.0,22017|2|2|1
2021,22093,1,1,1,169.0,122.0,115.0,10.0,22093|1|1|1
2021,24033,31,2,1,121.0,54.0,41.0,11.0,24033|31|2|1
2021,24510,2,2,1,225.0,183.0,205.0,103.0,24510|2|2|1
2022,01051,1,1,1,308.0,133.0,1195.0,228.0,01051|1|1|1
2022,01083,32,1,1,127.0,47.0,546.0,119.0,01083|32|1|1
2022,27053,2,1,1,41.0,25.0,496.0,137.0,27053|2|1|1
2022,27053,1,2,1,161.0,21.0,664.0,77.0,27053|1|2|1
2022,34003,1,1,1,401.0,64.0,4942.0,432.0,34003|1|1|1
2023,06077,1,1,1,408.0,83.0,2279.0,305.0,06077|1|1|1
2023,22099,1,1,1,214.0,140.0,351.0,113.0,22099|1|1|1
2023,22007,1,1,1,110.0,97.0,123.0,36.0,22007|1|1|1
2022,45085,1,1,1,669.0,285.0,917.0,114.0,45085|1|1|1
2024,28047,31,1,1,90.0,30.0,352.0,76.0,28047|31|1|1
2024,31153,1,1,1,108.0,17.0,2269.0,90.0,31153|1|1|1
2024,24033,32,1,1,1883.0,847.0,312.0,125.0,24033|32|1|1
2024,24027,1,1,1,505.0,92.0,1201.0,72.0,24027|1|1|1
2024,36059,1,2,1,37.0,21.0,137.0,69.0,36059|1|2|1
2025,10003,31,1,1,279.0,72.0,887.0,137.0,10003|31|1|1
2025,24005,4,1,1,97.0,59.0,252.0,106.0,24005|4|1|1
2025,53053,2,2,1,173.0,93.0,1877.0,571.0,53053|2|2|1
2018,18003,31,1,1,78.0,38.0,1050.0,232.0,18003|31|1|1
2018,25027,4,2,1,40.0,24.0,1351.0,542.0,25027|4|2|1
2018,27171,1,1,1,77.0,9.0,2410.0,210.0,27171|1|1|1
2018,45085,31,1,1,80.0,30.0,158.0,47.0,45085|31|1|1
2018,45055,1,1,1,205.0,56.0,777.0,103.0,45055|1|1|1
2019,22033,4,2,1,78.0,65.0,348.0,142.0,22033|4|2|1
2019,22071,32,1,3,86.0,30.0,109.0,26.0,22071|32|1|3
2021,11001,4,2,1,153.0,89.0,260.0,82.0,11001|4|2|1
2022,54037,1,1,1,48.0,3.0,860.0,64.0,54037|1|1|1
2023,45019,1,1,1,490.0,275.0,4119.0,356.0,45019|1|1|1
2023,45003,1,1,1,590.0,273.0,1793.0,286.0,45003|1|1|1
2023,45013,32,1,1,67.0,33.0,307.0,103.0,45013|32|1|1
2023,45019,32,1,1,204.0,94.0,559.0,157.0,45019|32|1|1
2023,53033,31,1,1,63.0,25.0,856.0,196.0,53033|31|1|1
2025,04019,1,1,1,355.0,55.0,8543.0,783.0,04019|1|1|1
2019,20209,32,1,1,99.0,45.0,393.0,111.0,20209|32|1|1
2021,01073,1,1,3,68.0,9.0,537.0,42.0,01073|1|1|3
2021,01115,1,1,1,347.0,107.0,1780.0,276.0,01115|1|1|1
2021,01073,32,1,1,1202.0,442.0,3381.0,413.0,01073|32|1|1
2021,01125,31,1,1,575.0,157.0,1628.0,232.0,01125|31|1|1
2022,22071,1,1,3,119.0,24.0,212.0,22.0,22071|1|1|3
2022,22113,1,1,1,116.0,70.0,571.0,180.0,22113|1|1|1
2022,40109,2,2,1,112.0,64.0,934.0,313.0,40109|2|2|1
2024,22051,32,1,1,208.0,114.0,386.0,143.0,22051|32|1|1
2025,34025,1,1,1,116.0,29.0,4396.0,379.0,34025|1|1|1
2025,34001,32,1,1,91.0,38.0,556.0,146.0,34001|32|1|1
2025,34015,31,1,1,83.0,22.0,611.0,95.0,34015|31|1|1
2018,22039,1,1,1,37.0,14.0,181.0,38.0,22039|1|1|1
2018,22097,32,1,1,41.0,25.0,108.0,35.0,22097|32|1|1
2018,22051,2,1,1,40.0,30.0,186.0,88.0,22051|2|1|1
2018,28033,2,2,1,53.0,39.0,198.0,97.0,28033|2|2|1
2019,28149,1,1,1,147.0,38.0,252.0,35.0,28149|1|1|1
2020,72025,1,1,1,37.0,9.0,573.0,99.0,72025|1|1|1
2022,31055,1,2,1,43.0,2.0,358.0,28.0,31055|1|2|1
2024,54039,1,1,1,65.0,15.0,1528.0,377.0,54039|1|1|1
2024,10003,32,1,1,427.0,194.0,684.0,177.0,10003|32|1|1
2025,11001,1,2,1,47.0,21.0,44.0,13.0,11001|1|2|1
2019,45029,1,1,1,171.0,130.0,416.0,183.0,45029|1|1|1
2022,10003,2,2,1,410.0,226.0,1232.0,361.0,10003|2|2|1
2022,55079,4,2,1,447.0,233.0,1744.0,541.0,55079|4|2|1
2023,28017,1,1,1,116.0,90.0,61.0,19.0,28017|1|1|1
2023,28133,1,1,1,75.0,52.0,32.0,4.0,28133|1|1|1
2024,22071,31,1,1,132.0,61.0,140.0,34.0,22071|31|1|1
2024,22121,1,1,1,160.0,48.0,170.0,26.0,22121|1|1|1
2025,40109,32,1,1,301.0,164.0,1017.0,367.0,40109|32|1|1
2025,46099,1,1,1,72.0,11.0,2189.0,134.0,46099|1|1|1
2018,22071,4,2,1,88.0,59.0,255.0,100.0,22071|4|2|1
2018,22057,1,1,1,130.0,63.0,902.0,166.0,22057|1|1|1
2018,28011,1,1,1,76.0,45.0,84.0,10.0,28011|1|1|1
2019,28035,1,1,1,141.0,48.0,649.0,105.0,28035|1|1|1
2019,28011,1,1,1,65.0,28.0,111.0,17.0,28011|1|1|1
2024,05069,1,1,1,208.0,75.0,211.0,75.0,05069|1|1|1
2025,54003,32,1,1,67.0,23.0,369.0,96.0,54003|32|1|1
2021,01047,1,1,1,199.0,101.0,101.0,21.0,01047|1|1|1
2022,40143,2,1,1,55.0,31.0,342.0,130.0,40143|2|1|1
2022,55025,4,2,1,72.0,17.0,2160.0,222.0,55025|4|2|1
2022,32003,32,1,1,1881.0,580.0,8996.0,1966.0,32003|32|1|1
2023,28067,1,1,1,129.0,74.0,500.0,179.0,28067|1|1|1
2024,22079,1,1,1,319.0,140.0,798.0,179.0,22079|1|1|1
2024,22071,2,1,1,91.0,60.0,60.0,33.0,22071|2|1|1
2024,22033,1,1,3,79.0,17.0,168.0,12.0,22033|1|1|3
2019,28159,1,1,1,71.0,40.0,84.0,13.0,28159|1|1|1
2021,72021,1,1,1,71.0,16.0,1266.0,213.0,72021|1|1|1
2024,05123,1,1,1,58.0,34.0,30.0,6.0,05123|1|1|1
2024,10003,4,2,1,385.0,219.0,949.0,399.0,10003|4|2|1
2024,10001,32,1,1,211.0,86.0,309.0,89.0,10001|32|1|1
2018,11001,32,2,1,93.0,43.0,160.0,34.0,11001|32|2|1
2019,45049,1,1,1,117.0,84.0,115.0,54.0,45049|1|1|1
2021,01007,1,1,1,83.0,56.0,222.0,67.0,01007|1|1|1
2021,01073,2,2,1,240.0,154.0,810.0,218.0,01073|2|2|1
2022,22087,1,1,1,182.0,27.0,288.0,32.0,22087|1|1|1
2022,22033,4,1,1,103.0,55.0,142.0,44.0,22033|4|1|1
2023,28081,1,1,1,275.0,122.0,656.0,144.0,28081|1|1|1
2023,28145,1,1,1,42.0,24.0,216.0,72.0,28145|1|1|1
2024,22041,1,1,1,57.0,40.0,120.0,64.0,22041|1|1|1
2025,34017,32,1,1,66.0,26.0,252.0,94.0,34017|32|1|1
2025,40027,1,1,1,161.0,36.0,2315.0,355.0,40027|1|1|1
2018,22117,1,1,1,80.0,48.0,300.0,102.0,22117|1|1|1
2018,28009,1,1,1,37.0,23.0,59.0,22.0,28009|1|1|1
2019,28091,1,1,1,72.0,44.0,200.0,70.0,28091|1|1|1
2021,38017,1,1,1,85.0,8.0,2943.0,117.0,38017|1|1|1
2021,72025,1,1,1,62.0,16.0,750.0,134.0,72025|1|1|1
2022,22033,2,1,1,50.0,39.0,96.0,27.0,22033|2|1|1
2022,22051,2,1,1,33.0,22.0,155.0,67.0,22051|2|1|1
2023,10005,1,1,2,35.0,4.0,963.0,69.0,10005|1|1|2
2023,32003,31,1,1,120.0,40.0,745.0,216.0,32003|31|1|1
2024,05103,1,1,1,107.0,77.0,114.0,49.0,05103|1|1|1
2021,01101,4,2,1,31.0,24.0,44.0,23.0,01101|4|2|1
2021,31055,1,1,1,444.0,39.0,6877.0,307.0,31055|1|1|1
2022,32003,4,2,1,582.0,333.0,4254.0,1984.0,32003|4|2|1
2023,28049,1,1,1,928.0,297.0,515.0,80.0,28049|1|1|1
2023,28089,4,2,1,99.0,57.0,332.0,118.0,28089|4|2|1
2023,28005,1,1,1,59.0,44.0,59.0,25.0,28005|1|1|1
2025,05119,1,2,1,126.0,25.0,124.0,17.0,05119|1|2|1
2025,34039,1,1,1,441.0,62.0,1926.0,168.0,34039|1|1|1
2025,34013,32,1,1,462.0,217.0,473.0,116.0,34013|32|1|1
2025,40143,32,1,1,122.0,69.0,909.0,309.0,40143|32|1|1
2018,28049,4,2,1,134.0,90.0,151.0,48.0,28049|4|2|1
2018,28025,1,1,1,104.0,61.0,89.0,15.0,28025|1|1|1
2018,28093,1,1,1,145.0,82.0,244.0,55.0,28093|1|1|1
2019,28129,1,1,1,66.0,49.0,126.0,46.0,28129|1|1|1
2019,28033,31,1,1,302.0,83.0,731.0,100.0,28033|31|1|1
2024,05027,1,1,1,106.0,75.0,129.0,55.0,05027|1|1|1
2025,31055,1,2,1,56.0,7.0,502.0,43.0,31055|1|2|1
2020,20209,32,1,1,72.0,29.0,412.0,61.0,20209|32|1|1
2022,22051,4,2,1,66.0,40.0,264.0,113.0,22051|4|2|1
2022,22019,32,1,1,130.0,64.0,420.0,137.0,22019|32|1|1
2022,22033,2,2,1,81.0,57.0,254.0,76.0,22033|2|2|1
2022,72031,1,1,1,86.0,18.0,831.0,171.0,72031|1|1|1
2023,28033,4,2,1,237.0,153.0,427.0,165.0,28033|4|2|1
2024,22017,1,1,1,747.0,258.0,1120.0,173.0,22017|1|1|1
2024,22083,1,1,1,82.0,66.0,148.0,66.0,22083|1|1|1
2024,22079,32,1,1,51.0,31.0,134.0,53.0,22079|32|1|1
2025,02020,1,1,1,99.0,9.0,1779.0,89.0,02020|1|1|1
2018,22015,1,1,1,287.0,84.0,1573.0,166.0,22015|1|1|1
2018,22001,1,1,1,50.0,26.0,406.0,101.0,22001|1|1|1
2018,28049,4,1,1,125.0,81.0,90.0,32.0,28049|4|1|1
2019,28107,1,1,1,170.0,108.0,193.0,40.0,28107|1|1|1
2019,28153,1,1,1,84.0,59.0,96.0,29.0,28153|1|1|1
2019,28033,2,2,1,92.0,78.0,154.0,71.0,28033|2|2|1
2022,22033,4,2,1,154.0,85.0,379.0,104.0,22033|4|2|1
2023,10001,1,1,1,911.0,247.0,1362.0,218.0,10001|1|1|1
2024,54037,1,1,1,75.0,10.0,930.0,67.0,54037|1|1|1
2020,20061,1,1,1,60.0,7.0,398.0,49.0,20061|1|1|1
2020,20091,2,2,1,35.0,20.0,1460.0,417.0,20091|2|2|1
2021,01073,1,1,1,2719.0,446.0,6370.0,429.0,01073|1|1|1
2021,01051,32,1,1,63.0,31.0,544.0,90.0,01051|32|1|1
2021,01073,32,1,3,55.0,24.0,146.0,26.0,01073|32|1|3
2021,01097,2,1,1,84.0,66.0,202.0,70.0,01097|2|1|1
2022,22071,1,1,1,1150.0,236.0,1821.0,127.0,22071|1|1|1
2022,40109,31,1,1,182.0,64.0,1112.0,229.0,40109|31|1|1
2022,40017,1,1,1,235.0,36.0,2408.0,204.0,40017|1|1|1
2024,22019,1,1,1,274.0,83.0,1534.0,332.0,22019|1|1|1
2024,22119,1,1,1,106.0,51.0,240.0,61.0,22119|1|1|1
2024,22071,4,2,1,111.0,77.0,158.0,84.0,22071|4|2|1
2025,34041,1,1,1,94.0,19.0,811.0,67.0,34041|1|1|1
2025,34001,1,1,1,173.0,34.0,1603.0,163.0,34001|1|1|1
2018,02020,1,1,1,119.0,13.0,2703.0,113.0,02020|1|1|1
2018,28111,1,1,1,42.0,28.0,76.0,26.0,28111|1|1|1
2019,28061,1,1,1,142.0,99.0,84.0,26.0,28061|1|1|1
2019,28089,32,1,1,78.0,39.0,287.0,73.0,28089|32|1|1
2019,28049,2,2,1,89.0,67.0,71.0,33.0,28049|2|2|1
2019,28089,4,2,1,68.0,40.0,264.0,76.0,28089|4|2|1
2023,32031,1,1,1,67.0,7.0,3247.0,314.0,32031|1|1|1
2019,45041,1,1,1,652.0,280.0,1033.0,159.0,45041|1|1|1
2019,45075,1,1,1,611.0,389.0,390.0,108.0,45075|1|1|1
2019,45011,1,1,1,97.0,74.0,124.0,35.0,45011|1|1|1
2021,35001,32,1,1,128.0,37.0,4477.0,814.0,35001|32|1|1
2022,10003,4,1,1,57.0,37.0,211.0,85.0,10003|4|1|1
2023,28093,1,1,1,213.0,107.0,314.0,80.0,28093|1|1|1
2023,28153,1,1,1,108.0,68.0,100.0,50.0,28153|1|1|1
2024,22017,31,1,1,144.0,61.0,184.0,43.0,22017|31|1|1
2025,44007,4,2,1,214.0,122.0,1475.0,574.0,44007|4|2|1
2018,22033,4,1,1,75.0,54.0,162.0,55.0,22033|4|1|1
2018,22079,32,1,1,95.0,60.0,311.0,116.0,22079|32|1|1
2018,22041,1,1,1,26.0,13.0,77.0,24.0,22041|1|1|1
2018,22077,1,1,1,46.0,27.0,192.0,37.0,22077|1|1|1
2019,23005,1,1,1,74.0,16.0,3539.0,310.0,23005|1|1|1
2020,72031,1,1,1,66.0,20.0,604.0,113.0,72031|1|1|1
2018,01089,4,2,1,103.0,70.0,558.0,233.0,01089|4|2|1
2018,13117,32,1,1,78.0,35.0,1192.0,277.0,13117|32|1|1
2018,12115,1,1,1,160.0,31.0,6308.0,752.0,12115|1|1|1
2018,12057,1,1,3,69.0,23.0,630.0,101.0,12057|1|1|3
2018,12086,31,1,1,635.0,358.0,4119.0,1661.0,12086|31|1|1
2018,12101,31,1,1,83.0,40.0,1323.0,475.0,12101|31|1|1
2018,12009,31,1,1,153.0,73.0,1498.0,490.0,12009|31|1|1
2018,12057,4,2,1,228.0,145.0,2187.0,1169.0,12057|4|2|1
2018,48441,1,1,1,71.0,8.0,1674.0,168.0,48441|1|1|1
2018,55059,1,1,1,56.0,11.0,2068.0,175.0,55059|1|1|1
2019,04003,1,1,1,48.0,4.0,1499.0,157.0,04003|1|1|1
2019,06037,1,1,3,182.0,32.0,3297.0,416.0,06037|1|1|3
2019,12103,2,2,1,122.0,86.0,2839.0,1364.0,12103|2|2|1
2019,12103,2,1,1,79.0,50.0,1401.0,658.0,12103|2|1|1
2019,13045,1,1,1,216.0,41.0,1403.0,167.0,13045|1|1|1
2019,13067,1,1,1,2555.0,418.0,7050.0,520.0,13067|1|1|1
2019,13021,32,1,1,110.0,67.0,190.0,56.0,13021|32|1|1
2019,17031,4,1,1,607.0,447.0,2250.0,1102.0,17031|4|1|1
2019,34039,4,2,1,118.0,92.0,588.0,354.0,34039|4|2|1
2019,34031,32,1,1,92.0,39.0,1052.0,276.0,34031|32|1|1
2019,34005,32,1,1,230.0,115.0,1363.0,350.0,34005|32|1|1
2019,39061,1,1,1,1394.0,239.0,8137.0,470.0,39061|1|1|1
2019,48257,1,1,1,725.0,153.0,2355.0,339.0,48257|1|1|1
2019,48113,31,1,1,1629.0,516.0,6335.0,1250.0,48113|31|1|1
2019,06037,31,2,1,219.0,96.0,3601.0,1468.0,06037|31|2|1
2019,12091,32,1,1,76.0,32.0,780.0,218.0,12091|32|1|1
2019,13039,32,1,1,32.0,16.0,246.0,83.0,13039|32|1|1
2019,25021,31,1,1,312.0,91.0,5264.0,598.0,25021|31|1|1
2019,25027,4,2,1,52.0,34.0,1288.0,542.0,25027|4|2|1
2019,39049,2,1,1,169.0,106.0,682.0,250.0,39049|2|1|1
2019,48453,31,1,1,304.0,83.0,4670.0,702.0,48453|31|1|1
2020,06037,31,1,3,759.0,200.0,8033.0,1415.0,06037|31|1|3
2020,12101,31,1,1,666.0,139.0,8549.0,1501.0,12101|31|1|1
2020,12101,32,1,1,106.0,36.0,3157.0,672.0,12101|32|1|1
2020,12103,32,1,1,261.0,84.0,6496.0,1156.0,12103|32|1|1
2020,12073,1,1,3,45.0,14.0,171.0,17.0,12073|1|1|3
2020,12131,1,1,1,75.0,33.0,2034.0,401.0,12131|1|1|1
2020,12083,1,1,1,622.0,183.0,6079.0,914.0,12083|1|1|1
2020,22031,1,1,1,250.0,178.0,320.0,88.0,22031|1|1|1
2020,26081,31,1,1,381.0,82.0,12683.0,1049.0,26081|31|1|1
2020,29095,2,2,1,106.0,72.0,733.0,309.0,29095|2|2|1
2020,37183,1,1,1,2610.0,485.0,15200.0,805.0,37183|1|1|1
2020,37081,2,2,1,176.0,88.0,633.0,186.0,37081|2|2|1
2020,47125,32,1,1,113.0,38.0,721.0,138.0,47125|32|1|1
2020,04013,32,1,3,80.0,13.0,2250.0,396.0,04013|32|1|3
2020,08005,2,2,1,89.0,42.0,1347.0,447.0,08005|2|2|1
2020,12111,2,2,1,57.0,39.0,500.0,266.0,12111|2|2|1
2020,26049,2,1,1,35.0,22.0,300.0,71.0,26049|2|1|1
2020,37051,32,1,1,235.0,93.0,463.0,124.0,37051|32|1|1
2020,37093,32,1,1,56.0,18.0,86.0,28.0,37093|32|1|1
2020,37081,1,2,1,67.0,15.0,103.0,17.0,37081|1|2|1
2020,42045,32,2,1,30.0,21.0,141.0,41.0,42045|32|2|1
2020,47037,2,2,1,178.0,120.0,989.0,421.0,47037|2|2|1
2020,51810,31,1,1,1260.0,234.0,9659.0,1055.0,51810|31|1|1
2021,12001,1,1,1,527.0,182.0,2937.0,299.0,12001|1|1|1
2021,12021,32,1,1,86.0,32.0,3048.0,577.0,12021|32|1|1
2021,13113,1,1,1,656.0,131.0,1277.0,78.0,13113|1|1|1
2021,17091,1,1,1,146.0,40.0,1313.0,159.0,17091|1|1|1
2021,37057,31,1,1,143.0,24.0,2425.0,352.0,37057|31|1|1
2021,37001,4,2,1,58.0,31.0,276.0,78.0,37001|4|2|1
2020,48419,1,1,1,54.0,42.0,183.0,77.0,48419|1|1|1
2021,04027,1,1,1,61.0,6.0,2993.0,238.0,04027|1|1|1
2021,23001,1,1,1,94.0,19.0,1367.0,144.0,23001|1|1|1
2021,37195,32,1,1,95.0,45.0,209.0,38.0,37195|32|1|1
2021,34031,1,1,1,441.0,74.0,3432.0,322.0,34031|1|1|1
2021,34013,2,2,1,256.0,182.0,694.0,280.0,34013|2|2|1
2021,36029,31,1,1,259.0,85.0,6456.0,867.0,36029|31|1|1
2021,36029,2,2,1,153.0,88.0,1899.0,640.0,36029|2|2|1
2021,47165,1,1,1,169.0,20.0,3380.0,235.0,47165|1|1|1
2021,47189,32,1,1,94.0,30.0,1894.0,231.0,47189|32|1|1
2021,47065,2,1,1,50.0,35.0,308.0,117.0,47065|2|1|1
2021,51047,1,1,1,65.0,11.0,676.0,49.0,51047|1|1|1
2022,06029,1,1,1,409.0,78.0,6552.0,725.0,06029|1|1|1
2022,12095,32,1,1,1350.0,539.0,4345.0,1131.0,12095|32|1|1
2022,12086,31,1,1,686.0,319.0,4462.0,1387.0,12086|31|1|1
2022,12011,1,2,1,182.0,78.0,692.0,270.0,12011|1|2|1
2022,13247,1,1,1,828.0,157.0,208.0,24.0,13247|1|1|1
2022,13035,1,1,1,143.0,39.0,252.0,31.0,13035|1|1|1
2022,26161,2,2,1,94.0,27.0,786.0,168.0,26161|2|2|1
2022,26125,4,1,1,94.0,46.0,788.0,238.0,26125|4|1|1
2021,48121,1,2,1,66.0,8.0,399.0,57.0,48121|1|2|1
2021,48201,2,2,1,304.0,228.0,1704.0,922.0,48201|2|2|1
2022,12057,4,1,1,108.0,68.0,758.0,358.0,12057|4|1|1
2022,12095,1,2,1,61.0,24.0,312.0,128.0,12095|1|2|1
2022,13121,2,2,1,1001.0,622.0,1751.0,572.0,13121|2|2|1
2022,13135,31,2,1,54.0,32.0,143.0,44.0,13135|31|2|1
2022,28151,31,1,1,67.0,15.0,71.0,7.0,28151|31|1|1
2022,36071,32,1,1,217.0,79.0,1036.0,255.0,36071|32|1|1
2022,42101,1,1,1,3094.0,520.0,6422.0,365.0,42101|1|1|1
2022,48453,31,1,1,237.0,74.0,2349.0,419.0,48453|31|1|1
2022,48215,1,1,1,72.0,17.0,5238.0,1229.0,48215|1|1|1
2022,48485,1,1,1,61.0,13.0,1184.0,103.0,48485|1|1|1
2022,51107,32,1,1,187.0,58.0,1108.0,201.0,51107|32|1|1
2022,51061,1,1,1,38.0,3.0,724.0,33.0,51061|1|1|1
2023,12086,32,1,1,776.0,372.0,2500.0,1061.0,12086|32|1|1
2023,12009,1,1,3,49.0,10.0,351.0,67.0,12009|1|1|3
2023,13127,1,1,1,102.0,26.0,645.0,68.0,13127|1|1|1
2023,13077,32,1,1,140.0,55.0,357.0,90.0,13077|32|1|1
2023,13285,32,1,1,59.0,35.0,132.0,41.0,13285|32|1|1
2023,13121,32,1,3,215.0,97.0,79.0,23.0,13121|32|1|3
2023,21067,32,1,1,90.0,30.0,381.0,106.0,21067|32|1|1
2022,48203,1,1,1,185.0,125.0,792.0,216.0,48203|1|1|1
2023,01129,1,1,1,32.0,25.0,103.0,55.0,01129|1|1|1
2023,12083,2,1,1,42.0,31.0,359.0,187.0,12083|2|1|1
2023,13277,1,1,1,74.0,48.0,214.0,56.0,13277|1|1|1
2023,26049,1,1,1,480.0,154.0,3546.0,539.0,26049|1|1|1
2023,26099,31,1,1,76.0,27.0,742.0,190.0,26099|31|1|1
2023,34027,1,1,1,125.0,21.0,2622.0,160.0,34027|1|1|1
2023,42011,1,1,1,215.0,39.0,2931.0,276.0,42011|1|1|1
2023,48453,1,1,1,807.0,218.0,8396.0,1113.0,48453|1|1|1
2023,48423,1,1,1,306.0,145.0,2257.0,489.0,48423|1|1|1
2024,06067,1,1,1,741.0,134.0,5572.0,486.0,06067|1|1|1
2024,06097,1,1,1,56.0,8.0,2057.0,150.0,06097|1|1|1
2024,12057,1,1,1,1880.0,360.0,11393.0,1564.0,12057|1|1|1
2024,12099,31,2,1,82.0,43.0,947.0,434.0,12099|31|2|1
2024,13121,2,2,1,893.0,497.0,1207.0,439.0,13121|2|2|1
2024,13089,4,2,1,697.0,415.0,582.0,244.0,13089|4|2|1
2023,39113,1,1,3,50.0,9.0,258.0,24.0,39113|1|1|3
2023,51650,2,2,1,152.0,57.0,138.0,39.0,51650|2|2|1
2018,06067,1,1,1,1321.0,226.0,10920.0,1116.0,06067|1|1|1
2018,12095,32,1,1,868.0,438.0,3670.0,1110.0,12095|32|1|1
2018,12035,1,1,1,136.0,25.0,2008.0,281.0,12035|1|1|1
2018,12117,2,2,1,69.0,48.0,1009.0,485.0,12117|2|2|1
2018,24033,2,2,1,1449.0,994.0,425.0,246.0,24033|2|2|1
2018,39061,31,1,1,480.0,253.0,2294.0,613.0,39061|31|1|1
2018,39023,1,1,1,67.0,10.0,1485.0,173.0,39023|1|1|1
2018,39057,1,1,1,70.0,8.0,2076.0,129.0,39057|1|1|1
2018,42101,1,2,1,110.0,31.0,269.0,83.0,42101|1|2|1
2018,48021,1,1,1,44.0,14.0,1098.0,219.0,48021|1|1|1
2018,48099,1,1,1,110.0,15.0,716.0,102.0,48099|1|1|1
2018,48071,1,1,1,58.0,20.0,810.0,130.0,48071|1|1|1
2018,48473,1,1,1,99.0,31.0,708.0,118.0,48473|1|1|1
2018,49035,2,2,1,34.0,16.0,4319.0,1159.0,49035|2|2|1
2018,12073,31,1,1,122.0,62.0,416.0,101.0,12073|31|1|1
2018,51153,1,1,1,1302.0,146.0,4341.0,308.0,51153|1|1|1
2018,34015,1,1,1,299.0,41.0,3088.0,232.0,34015|1|1|1
2019,06059,1,1,1,222.0,40.0,14131.0,1478.0,06059|1|1|1
2019,06077,32,1,1,402.0,129.0,3751.0,726.0,06077|32|1|1
2019,12083,31,1,1,123.0,47.0,1277.0,330.0,12083|31|1|1
2019,17163,32,1,1,133.0,59.0,599.0,147.0,17163|32|1|1
2019,17113,1,1,1,88.0,17.0,1910.0,131.0,17113|1|1|1
2019,17019,1,1,1,154.0,35.0,1694.0,124.0,17019|1|1|1
2019,26163,2,1,1,880.0,664.0,1129.0,499.0,26163|2|1|1
2019,29183,32,1,1,85.0,35.0,2797.0,374.0,29183|32|1|1
2019,34023,2,2,1,120.0,92.0,947.0,485.0,34023|2|2|1
2019,34005,1,1,1,941.0,137.0,4418.0,334.0,34005|1|1|1
2019,34023,31,1,1,310.0,91.0,2629.0,508.0,34023|31|1|1
2019,39035,31,1,1,845.0,372.0,5361.0,1096.0,39035|31|1|1
2019,39155,1,1,1,64.0,11.0,1764.0,194.0,39155|1|1|1
2019,42089,1,1,1,295.0,54.0,1442.0,189.0,42089|1|1|1
2019,48039,32,1,1,130.0,56.0,720.0,145.0,48039|32|1|1
2019,51700,1,1,1,616.0,72.0,1155.0,72.0,51700|1|1|1
2019,51143,1,1,1,68.0,20.0,349.0,34.0,51143|1|1|1
2019,06067,2,1,1,40.0,16.0,553.0,196.0,06067|2|1|1
2019,10005,1,1,1,335.0,102.0,3447.0,386.0,10005|1|1|1
2019,10005,2,2,1,26.0,19.0,494.0,188.0,10005|2|2|1
2019,12097,1,1,1,793.0,151.0,5920.0,1029.0,12097|1|1|1
2019,13245,1,1,1,863.0,169.0,1016.0,98.0,13245|1|1|1
2019,13089,32,1,3,141.0,61.0,129.0,37.0,13089|32|1|3
2019,13285,32,1,1,49.0,28.0,178.0,46.0,13285|32|1|1
2019,13217,2,2,1,97.0,75.0,82.0,50.0,13217|2|2|1
2019,34013,31,1,3,46.0,17.0,218.0,35.0,34013|31|1|3
2019,36047,4,1,1,91.0,56.0,368.0,182.0,36047|4|1|1
2019,36055,1,2,1,38.0,10.0,257.0,28.0,36055|1|2|1
2019,39061,4,1,1,98.0,67.0,550.0,193.0,39061|4|1|1
2019,51153,4,2,1,188.0,122.0,575.0,286.0,51153|4|2|1
2020,06071,1,2,1,147.0,22.0,1660.0,166.0,06071|1|2|1
2020,06067,31,1,1,2671.0,451.0,27871.0,2597.0,06067|31|1|1
2020,12081,32,1,1,80.0,27.0,2321.0,413.0,12081|32|1|1
2020,22105,1,1,1,887.0,546.0,1860.0,330.0,22105|1|1|1
2020,22037,1,1,1,92.0,64.0,146.0,33.0,22037|1|1|1
2020,22071,1,1,1,1063.0,182.0,2110.0,111.0,22071|1|1|1
2020,26163,4,1,1,233.0,159.0,698.0,258.0,26163|4|1|1
2020,29189,31,2,1,30.0,16.0,486.0,117.0,29189|31|2|1
2020,37101,1,1,1,1027.0,149.0,3985.0,287.0,37101|1|1|1
2020,40101,1,1,1,46.0,13.0,479.0,101.0,40101|1|1|1
2020,42003,2,2,1,110.0,67.0,2765.0,829.0,42003|2|2|1
2020,47065,31,1,1,421.0,110.0,5434.0,655.0,47065|31|1|1
2020,48245,32,1,1,60.0,19.0,420.0,76.0,48245|32|1|1
2020,48085,1,1,1,1814.0,299.0,13810.0,1059.0,48085|1|1|1
2020,06099,32,1,1,93.0,26.0,3937.0,483.0,06099|32|1|1
2020,24027,32,1,1,224.0,51.0,1358.0,137.0,24027|32|1|1
2020,37085,31,1,1,379.0,77.0,1843.0,245.0,37085|31|1|1
2020,37061,1,1,1,120.0,76.0,357.0,116.0,37061|1|1|1
2020,37077,1,1,1,262.0,60.0,640.0,62.0,37077|1|1|1
2020,37065,1,1,1,188.0,89.0,200.0,36.0,37065|1|1|1
2020,37091,1,1,1,95.0,50.0,75.0,7.0,37091|1|1|1
2020,36119,1,1,1,807.0,171.0,6332.0,608.0,36119|1|1|1
2020,36055,2,2,1,112.0,74.0,1204.0,331.0,36055|2|2|1
2020,36081,4,2,1,154.0,124.0,323.0,204.0,36081|4|2|1
2020,42091,32,2,1,31.0,15.0,292.0,95.0,42091|32|2|1
2020,48209,1,1,1,144.0,30.0,4538.0,560.0,48209|1|1|1
2020,51810,1,1,1,867.0,89.0,5684.0,243.0,51810|1|1|1
2020,51041,4,1,1,37.0,18.0,184.0,69.0,51041|4|1|1
2021,12009,1,1,1,842.0,163.0,9711.0,1021.0,12009|1|1|1
2021,12111,32,1,1,578.0,199.0,3024.0,624.0,12111|32|1|1
2021,13151,1,1,1,3042.0,554.0,1229.0,122.0,13151|1|1|1
2021,17143,1,1,1,284.0,45.0,2255.0,113.0,17143|1|1|1
2021,17031,31,1,3,496.0,207.0,3749.0,575.0,17031|31|1|3
2021,17031,1,1,3,345.0,81.0,2299.0,233.0,17031|1|1|3
2021,17115,1,1,1,201.0,55.0,1151.0,103.0,17115|1|1|1
2021,29189,2,1,1,121.0,83.0,482.0,137.0,29189|2|1|1
2021,37021,1,1,1,101.0,36.0,3739.0,511.0,37021|1|1|1
2020,48245,31,1,1,289.0,101.0,990.0,184.0,48245|31|1|1
2020,51740,32,1,1,118.0,42.0,199.0,26.0,51740|32|1|1
2021,04013,31,1,1,3623.0,577.0,83514.0,8535.0,04013|31|1|1
2021,06037,2,2,1,610.0,353.0,6394.0,2786.0,06037|2|2|1
2021,10003,32,1,1,845.0,243.0,3410.0,503.0,10003|32|1|1
2021,12095,1,2,1,55.0,17.0,244.0,75.0,12095|1|2|1
2021,17197,4,2,1,37.0,24.0,664.0,281.0,17197|4|2|1
2021,25027,1,1,1,848.0,102.0,8346.0,594.0,25027|1|1|1
2021,25021,31,2,1,43.0,21.0,668.0,143.0,25021|31|2|1
2021,34037,1,1,1,120.0,26.0,2185.0,208.0,34037|1|1|1
2021,36047,31,1,3,199.0,64.0,1041.0,210.0,36047|31|1|3
2021,36055,4,2,1,143.0,68.0,1547.0,344.0,36055|4|2|1
2021,42003,2,2,1,197.0,119.0,2812.0,856.0,42003|2|2|1
2021,48395,1,1,1,48.0,35.0,156.0,59.0,48395|1|1|1
2021,51099,1,1,1,113.0,23.0,416.0,22.0,51099|1|1|1
2021,51550,1,1,1,1320.0,136.0,3334.0,156.0,51550|1|1|1
2021,51053,1,1,1,92.0,17.0,303.0,32.0,51053|1|1|1
2022,06073,32,1,1,788.0,219.0,9388.0,1831.0,06073|32|1|1
2022,12083,31,1,1,98.0,45.0,957.0,294.0,12083|31|1|1
2022,12099,4,1,1,109.0,77.0,1451.0,601.0,12099|4|1|1
2022,13151,32,1,1,1847.0,671.0,888.0,242.0,13151|32|1|1
2022,18097,4,1,1,113.0,65.0,489.0,177.0,18097|4|1|1
2022,18097,4,2,1,339.0,196.0,1429.0,539.0,18097|4|2|1
2022,18067,1,1,1,85.0,16.0,1141.0,164.0,18067|1|1|1
2022,26163,31,1,1,892.0,373.0,2802.0,691.0,26163|31|1|1
2022,26163,1,1,3,214.0,51.0,579.0,67.0,26163|1|1|3
2021,36093,1,1,1,204.0,38.0,1518.0,98.0,36093|1|1|1
2021,42029,4,2,1,29.0,14.0,1054.0,313.0,42029|4|2|1
2021,42043,2,1,1,42.0,30.0,264.0,87.0,42043|2|1|1
2021,42045,4,2,1,82.0,44.0,685.0,269.0,42045|4|2|1
2021,48439,31,1,1,3757.0,919.0,20272.0,3036.0,48439|31|1|1
2021,48183,1,1,1,173.0,50.0,1288.0,167.0,48183|1|1|1
2021,51153,4,2,1,131.0,70.0,429.0,191.0,51153|4|2|1
2022,13151,2,1,1,70.0,45.0,57.0,30.0,13151|2|1|1
2022,13097,4,2,1,174.0,110.0,99.0,47.0,13097|4|2|1
2022,24015,1,1,1,263.0,56.0,1055.0,88.0,24015|1|1|1
2022,24031,32,1,1,616.0,226.0,1662.0,318.0,24031|32|1|1
2022,28121,31,1,1,77.0,26.0,506.0,85.0,28121|31|1|1
2022,28081,32,1,1,83.0,36.0,181.0,47.0,28081|32|1|1
2022,36119,4,2,1,105.0,76.0,744.0,331.0,36119|4|2|1
2022,36081,1,2,1,44.0,32.0,81.0,47.0,36081|1|2|1
2022,39035,2,1,1,440.0,313.0,979.0,367.0,39035|2|1|1
2022,39153,2,2,1,146.0,92.0,1648.0,531.0,39153|2|2|1
2022,51683,1,1,1,42.0,4.0,319.0,28.0,51683|1|1|1
2022,51087,2,1,1,45.0,32.0,111.0,52.0,51087|2|1|1
2023,01089,32,1,1,366.0,139.0,646.0,161.0,01089|32|1|1
2023,13067,4,2,1,582.0,326.0,1273.0,511.0,13067|4|2|1
2022,48439,1,2,1,117.0,31.0,404.0,107.0,48439|1|2|1
2023,12121,1,1,1,60.0,49.0,492.0,201.0,12121|1|1|1
2023,29169,1,1,1,41.0,9.0,532.0,52.0,29169|1|1|1
2023,34025,32,1,1,85.0,31.0,798.0,265.0,34025|32|1|1
2023,34007,32,1,1,278.0,117.0,721.0,220.0,34007|32|1|1
2023,34017,2,2,1,71.0,49.0,286.0,160.0,34017|2|2|1
2023,39017,1,1,1,300.0,55.0,2841.0,195.0,39017|1|1|1
2023,48453,31,1,1,56.0,28.0,466.0,166.0,48453|31|1|1
2023,48439,32,1,1,614.0,307.0,2194.0,706.0,48439|32|1|1
2023,51137,1,1,1,90.0,29.0,463.0,42.0,51137|1|1|1
2023,55079,4,1,1,191.0,128.0,448.0,165.0,55079|4|1|1
2024,06061,1,1,1,97.0,14.0,2998.0,215.0,06061|1|1|1
2024,12009,2,2,1,113.0,60.0,1470.0,553.0,12009|2|2|1
2024,12031,1,2,1,228.0,40.0,376.0,73.0,12031|1|2|1
2024,12011,4,1,1,218.0,165.0,897.0,530.0,12011|4|1|1
2024,13151,32,1,1,866.0,402.0,360.0,95.0,13151|32|1|1
2018,10003,1,2,1,50.0,14.0,115.0,28.0,10003|1|2|1
2018,44007,1,2,1,135.0,40.0,470.0,95.0,44007|1|2|1
2018,53061,1,1,1,297.0,40.0,8142.0,550.0,53061|1|1|1
2020,21067,31,1,1,332.0,73.0,4878.0,496.0,21067|31|1|1
2020,28145,1,1,1,54.0,30.0,239.0,68.0,28145|1|1|1
2020,21145,1,1,1,55.0,27.0,763.0,162.0,21145|1|1|1
2020,21111,4,1,1,31.0,26.0,433.0,158.0,21111|4|1|1
2021,22089,1,1,1,177.0,104.0,514.0,84.0,22089|1|1|1
2021,22027,1,1,1,80.0,60.0,81.0,25.0,22027|1|1|1
2021,28059,1,1,1,296.0,71.0,2056.0,299.0,28059|1|1|1
2021,28099,1,1,1,59.0,40.0,142.0,37.0,28099|1|1|1
2021,24033,4,2,1,557.0,346.0,131.0,65.0,24033|4|2|1
2022,34005,31,1,1,205.0,79.0,1012.0,205.0,34005|31|1|1
2022,34003,2,2,1,145.0,89.0,1840.0,705.0,34003|2|2|1
2022,34007,2,2,1,238.0,138.0,1206.0,415.0,34007|2|2|1
2023,06073,32,1,3,25.0,11.0,402.0,110.0,06073|32|1|3
2023,06013,1,2,1,40.0,5.0,218.0,48.0,06013|1|2|1
2022,45035,1,1,1,652.0,260.0,2533.0,277.0,45035|1|1|1
2022,45047,1,1,1,213.0,71.0,594.0,92.0,45047|1|1|1
2022,45039,1,1,1,98.0,51.0,114.0,14.0,45039|1|1|1
2023,22097,31,1,1,33.0,15.0,83.0,11.0,22097|31|1|1
2024,18039,1,1,1,38.0,8.0,1801.0,138.0,18039|1|1|1
2024,28049,32,1,1,219.0,128.0,102.0,30.0,28049|32|1|1
2024,28149,1,1,1,172.0,88.0,221.0,52.0,28149|1|1|1
2024,28091,1,1,1,137.0,103.0,191.0,80.0,28091|1|1|1
2023,44007,1,1,1,558.0,83.0,3224.0,241.0,44007|1|1|1
2023,44007,31,1,1,42.0,23.0,681.0,165.0,44007|31|1|1
2024,01003,32,1,1,41.0,17.0,605.0,181.0,01003|32|1|1
2024,01065,1,1,1,93.0,51.0,70.0,18.0,01065|1|1|1
2024,01041,1,1,1,42.0,30.0,87.0,25.0,01041|1|1|1
2024,18089,2,2,1,185.0,99.0,949.0,332.0,18089|2|2|1
2024,42029,1,1,1,144.0,25.0,3488.0,257.0,42029|1|1|1
2024,42101,2,1,3,121.0,86.0,65.0,52.0,42101|2|1|3
2025,42029,4,2,1,68.0,31.0,1557.0,490.0,42029|4|2|1
2025,53033,4,1,1,25.0,16.0,629.0,160.0,53033|4|1|1
2018,18081,1,1,1,68.0,14.0,2754.0,232.0,18081|1|1|1
2018,25013,1,1,1,401.0,78.0,4098.0,353.0,25013|1|1|1
2018,45091,2,2,1,41.0,24.0,459.0,195.0,45091|2|2|1
2018,34013,31,2,1,46.0,23.0,353.0,105.0,34013|31|2|1
2019,22039,1,1,1,39.0,18.0,210.0,48.0,22039|1|1|1
2021,11001,32,1,1,2152.0,536.0,1845.0,227.0,11001|32|1|1
2022,08031,31,1,1,155.0,52.0,1719.0,294.0,08031|31|1|1
2022,13153,2,2,1,86.0,37.0,226.0,63.0,13153|2|2|1
2021,45083,1,1,1,1243.0,331.0,5472.0,761.0,45083|1|1|1
2021,45007,32,1,1,106.0,39.0,1499.0,271.0,45007|32|1|1
2023,05093,1,1,1,57.0,19.0,224.0,57.0,05093|1|1|1
2023,45001,1,1,1,43.0,30.0,180.0,34.0,45001|1|1|1
2024,53067,32,1,1,31.0,9.0,487.0,120.0,53067|32|1|1
2019,45085,1,1,1,533.0,194.0,935.0,90.0,45085|1|1|1
2024,12031,31,1,1,346.0,109.0,761.0,202.0,12031|31|1|1
2024,13151,1,1,1,2398.0,560.0,723.0,121.0,13151|1|1|1
2024,13135,1,1,1,1889.0,311.0,3486.0,302.0,13135|1|1|1
2024,13217,2,2,1,136.0,93.0,87.0,33.0,13217|2|2|1
2024,17031,31,2,1,168.0,90.0,1145.0,456.0,17031|31|2|1
2024,21117,1,1,1,56.0,7.0,1981.0,175.0,21117|1|1|1
2024,21111,4,2,1,224.0,106.0,1417.0,538.0,21111|4|2|1
2024,26021,32,1,1,41.0,18.0,395.0,113.0,26021|32|1|1
2024,40109,31,1,1,123.0,43.0,676.0,172.0,40109|31|1|1
2024,47187,32,1,1,42.0,17.0,413.0,80.0,47187|32|1|1
2025,06075,1,1,1,63.0,7.0,1462.0,107.0,06075|1|1|1
2025,08041,31,1,1,179.0,34.0,2635.0,436.0,08041|31|1|1
2025,12127,1,1,1,495.0,94.0,5669.0,732.0,12127|1|1|1
2025,13089,32,1,1,1349.0,665.0,400.0,119.0,13089|32|1|1
2025,13089,1,1,1,2460.0,504.0,3099.0,231.0,13089|1|1|1
2025,13113,1,1,1,386.0,134.0,761.0,87.0,13113|1|1|1
2024,32003,4,1,1,79.0,54.0,771.0,339.0,32003|4|1|1
2024,48439,32,1,3,64.0,28.0,274.0,76.0,48439|32|1|3
2024,48183,1,1,1,189.0,84.0,885.0,157.0,48183|1|1|1
2024,48113,4,2,1,453.0,340.0,1313.0,822.0,48113|4|2|1
2025,12103,2,1,1,48.0,29.0,784.0,341.0,12103|2|1|1
2025,37119,2,1,1,132.0,86.0,335.0,117.0,37119|2|1|1
2025,37025,31,1,1,132.0,22.0,424.0,65.0,37025|31|1|1
2025,37183,2,1,1,84.0,51.0,476.0,143.0,37183|2|1|1
2025,37081,2,1,1,83.0,44.0,274.0,104.0,37081|2|1|1
2025,37051,4,1,1,58.0,34.0,127.0,48.0,37051|4|1|1
2025,26081,32,1,1,165.0,70.0,1332.0,303.0,26081|32|1|1
2025,37015,1,1,1,54.0,34.0,55.0,11.0,37015|1|1|1
2025,32003,32,1,3,59.0,16.0,464.0,118.0,32003|32|1|3
2025,39043,1,1,1,27.0,3.0,581.0,46.0,39043|1|1|1
2025,45079,1,2,1,259.0,40.0,126.0,16.0,45079|1|2|1
2025,48201,1,1,1,5986.0,1355.0,24657.0,3743.0,48201|1|1|1
2025,48085,1,1,1,1791.0,321.0,8923.0,766.0,48085|1|1|1
2025,48005,1,1,1,68.0,33.0,714.0,196.0,48005|1|1|1
2018,13135,31,1,1,747.0,304.0,1462.0,419.0,13135|31|1|1
2018,13121,1,1,3,182.0,49.0,500.0,70.0,13121|1|1|3
2018,13135,1,2,1,91.0,26.0,208.0,50.0,13135|1|2|1
2018,13121,1,2,1,183.0,47.0,326.0,66.0,13121|1|2|1
2018,13071,1,1,1,25.0,12.0,250.0,76.0,13071|1|1|1
2018,37093,32,1,1,96.0,64.0,99.0,37.0,37093|32|1|1
2018,51650,1,1,1,654.0,83.0,829.0,59.0,51650|1|1|1
2018,51650,32,1,1,268.0,144.0,222.0,94.0,51650|32|1|1
2018,45057,1,1,1,247.0,63.0,1628.0,145.0,45057|1|1|1
2019,05011,1,1,1,26.0,16.0,55.0,21.0,05011|1|1|1
2019,08031,4,2,1,157.0,86.0,1824.0,731.0,08031|4|2|1
2019,24005,31,1,1,1264.0,372.0,3693.0,579.0,24005|31|1|1
2019,24027,32,1,1,185.0,77.0,765.0,150.0,24027|32|1|1
2019,37063,4,2,1,284.0,175.0,470.0,168.0,37063|4|2|1
2019,37001,4,2,1,62.0,37.0,348.0,134.0,37001|4|2|1
2019,37025,4,2,1,84.0,51.0,489.0,213.0,37025|4|2|1
2019,47189,1,1,1,156.0,21.0,2650.0,192.0,47189|1|1|1
2019,47157,31,1,1,1246.0,495.0,1995.0,332.0,47157|31|1|1
2019,47037,32,1,3,83.0,24.0,220.0,43.0,47037|32|1|3
2019,24017,4,2,1,169.0,124.0,104.0,46.0,24017|4|2|1
2019,24005,32,2,1,77.0,34.0,217.0,57.0,24005|32|2|1
2020,17197,32,1,1,217.0,75.0,3964.0,563.0,17197|32|1|1
2020,17031,4,2,1,416.0,303.0,2762.0,1391.0,17031|4|2|1
2020,13089,1,1,1,3668.0,710.0,4940.0,265.0,13089|1|1|1
2020,13247,2,2,1,83.0,57.0,41.0,21.0,13247|2|2|1
2020,13245,4,2,1,39.0,33.0,60.0,37.0,13245|4|2|1
2020,39151,31,1,1,127.0,35.0,5101.0,661.0,39151|31|1|1
2021,05093,1,1,1,84.0,22.0,290.0,48.0,05093|1|1|1
2021,18097,1,1,3,124.0,19.0,812.0,50.0,18097|1|1|3
2020,39113,32,1,1,119.0,51.0,1764.0,282.0,39113|32|1|1
2020,39049,32,2,1,42.0,18.0,483.0,89.0,39049|32|2|1
2020,45041,1,1,1,864.0,398.0,1138.0,200.0,45041|1|1|1
2020,45043,1,1,1,171.0,116.0,822.0,127.0,45043|1|1|1
2021,24011,1,1,1,41.0,8.0,434.0,47.0,24011|1|1|1
2022,37159,31,1,1,65.0,22.0,490.0,82.0,37159|31|1|1
2022,37077,1,1,1,154.0,34.0,516.0,39.0,37077|1|1|1
2022,37051,4,1,1,41.0,23.0,164.0,70.0,37051|4|1|1
2022,37063,2,1,1,90.0,37.0,132.0,36.0,37063|2|1|1
2023,25021,4,2,1,138.0,82.0,1328.0,471.0,25021|4|2|1
2023,24021,1,1,1,514.0,92.0,2070.0,111.0,24021|1|1|1
2023,37067,31,1,1,132.0,47.0,370.0,117.0,37067|31|1|1
2023,37179,2,2,1,120.0,59.0,740.0,240.0,37179|2|2|1
2023,37001,4,2,1,132.0,66.0,420.0,155.0,37001|4|2|1
2023,37139,1,1,1,188.0,83.0,393.0,72.0,37139|1|1|1
2023,36061,1,1,1,149.0,32.0,2666.0,324.0,36061|1|1|1
2023,36093,1,1,1,125.0,20.0,928.0,73.0,36093|1|1|1
2023,47011,1,1,1,60.0,18.0,1148.0,224.0,47011|1|1|1
2024,34021,31,1,1,46.0,8.0,246.0,60.0,34021|31|1|1
2024,39017,2,2,1,96.0,43.0,904.0,290.0,39017|2|2|1
2024,45083,1,2,1,66.0,14.0,151.0,24.0,45083|1|2|1
2024,51179,1,1,1,444.0,68.0,1154.0,92.0,51179|1|1|1
2025,21111,4,2,1,296.0,117.0,1547.0,477.0,21111|4|2|1
2025,28081,1,1,1,185.0,81.0,637.0,110.0,28081|1|1|1
2025,22051,4,1,1,43.0,27.0,144.0,61.0,22051|4|1|1
2019,45055,1,1,1,198.0,61.0,720.0,122.0,45055|1|1|1
2021,01089,32,1,1,717.0,171.0,2952.0,328.0,01089|32|1|1
2022,22097,32,1,1,55.0,28.0,95.0,35.0,22097|32|1|1
2022,40031,1,1,1,198.0,26.0,1032.0,105.0,40031|1|1|1
2023,28077,1,1,1,81.0,56.0,98.0,44.0,28077|1|1|1
2023,28033,32,1,1,227.0,107.0,368.0,100.0,28033|32|1|1
2025,34027,1,1,1,117.0,23.0,2826.0,161.0,34027|1|1|1
2018,28017,1,1,1,84.0,50.0,56.0,27.0,28017|1|1|1
2018,28113,1,1,1,197.0,99.0,191.0,42.0,28113|1|1|1
2019,45039,1,1,1,72.0,39.0,122.0,22.0,45039|1|1|1
2019,45079,31,1,1,932.0,248.0,1208.0,194.0,45079|31|1|1
2021,01091,1,1,1,148.0,96.0,110.0,35.0,01091|1|1|1
2021,01113,1,1,1,357.0,90.0,544.0,66.0,01113|1|1|1
2021,01021,1,1,1,91.0,60.0,741.0,236.0,01021|1|1|1
2021,01073,2,1,1,227.0,160.0,357.0,115.0,01073|2|1|1
2022,22037,1,1,1,94.0,66.0,148.0,23.0,22037|1|1|1
2024,22087,1,1,1,105.0,21.0,155.0,24.0,22087|1|1|1
2024,22113,1,1,1,81.0,49.0,466.0,142.0,22113|1|1|1
2024,22111,1,1,1,87.0,67.0,186.0,72.0,22111|1|1|1
2025,05031,1,1,1,129.0,23.0,1062.0,142.0,05031|1|1|1
2025,34039,32,1,1,267.0,103.0,496.0,137.0,34039|32|1|1
2018,22019,32,1,1,133.0,54.0,632.0,162.0,22019|32|1|1
2018,22085,1,1,1,44.0,27.0,187.0,65.0,22085|1|1|1
2018,22003,1,1,1,36.0,23.0,142.0,50.0,22003|1|1|1
2018,28001,1,1,1,108.0,55.0,92.0,24.0,28001|1|1|1
2019,28135,1,1,1,55.0,38.0,31.0,15.0,28135|1|1|1
2022,31055,32,1,1,214.0,75.0,1784.0,359.0,31055|32|1|1
2024,23001,1,1,1,130.0,19.0,963.0,81.0,23001|1|1|1
2025,15003,1,1,1,152.0,21.0,1227.0,131.0,15003|1|1|1
2019,45069,1,1,1,114.0,67.0,101.0,43.0,45069|1|1|1
2019,45083,4,2,1,69.0,51.0,500.0,230.0,45083|4|2|1
2020,20173,32,1,1,72.0,25.0,2326.0,329.0,20173|32|1|1
2021,01041,1,1,1,47.0,39.0,158.0,57.0,01041|1|1|1
2021,01003,1,1,1,311.0,147.0,5759.0,742.0,01003|1|1|1
2022,22103,1,1,1,919.0,226.0,3272.0,327.0,22103|1|1|1
2022,22055,1,1,1,1219.0,576.0,2985.0,491.0,22055|1|1|1
2022,22017,1,1,1,1013.0,300.0,1552.0,226.0,22017|1|1|1
2022,22027,1,1,1,106.0,75.0,62.0,22.0,22027|1|1|1
2022,55079,31,1,3,40.0,20.0,140.0,38.0,55079|31|1|3
2022,32003,2,1,1,90.0,63.0,718.0,307.0,32003|2|1|1
2025,34001,31,1,1,46.0,11.0,389.0,84.0,34001|31|1|1
2025,34031,2,2,1,80.0,42.0,680.0,296.0,34031|2|2|1
2025,34013,1,1,3,97.0,18.0,222.0,31.0,34013|1|1|3
2018,28049,31,1,1,326.0,168.0,243.0,50.0,28049|31|1|1
2018,28133,1,1,1,64.0,29.0,62.0,15.0,28133|1|1|1
2018,28007,1,1,1,50.0,30.0,75.0,17.0,28007|1|1|1
2018,28133,31,1,1,90.0,12.0,64.0,3.0,28133|31|1|1
2019,28043,1,1,1,59.0,25.0,136.0,19.0,28043|1|1|1
2022,22071,4,2,1,93.0,56.0,174.0,73.0,22071|4|2|1
2019,45051,1,1,1,389.0,143.0,6184.0,856.0,45051|1|1|1
2019,45081,1,1,1,27.0,20.0,130.0,32.0,45081|1|1|1
2019,45017,1,1,1,61.0,35.0,85.0,23.0,45017|1|1|1
2020,10003,31,2,1,48.0,26.0,328.0,84.0,10003|31|2|1
2021,02090,1,1,1,41.0,5.0,1087.0,47.0,02090|1|1|1
2021,01125,1,2,1,57.0,5.0,57.0,4.0,01125|1|2|1
2022,10003,1,1,1,1748.0,243.0,3782.0,308.0,10003|1|1|1
2022,22121,1,1,1,270.0,100.0,225.0,25.0,22121|1|1|1
2022,22105,32,1,1,85.0,51.0,316.0,93.0,22105|32|1|1
2022,72021,1,1,1,73.0,17.0,1125.0,202.0,72021|1|1|1
2022,72025,1,1,1,69.0,16.0,799.0,179.0,72025|1|1|1
2023,20173,32,1,1,65.0,22.0,675.0,206.0,20173|32|1|1
2024,22057,1,1,1,207.0,140.0,695.0,165.0,22057|1|1|1
2024,22067,1,1,1,90.0,46.0,91.0,31.0,22067|1|1|1
2024,22115,1,1,1,32.0,5.0,390.0,116.0,22115|1|1|1
2025,05035,1,1,1,228.0,43.0,192.0,24.0,05035|1|1|1
2025,34025,32,1,1,106.0,43.0,1213.0,293.0,34025|32|1|1
2025,34029,32,1,1,72.0,32.0,1749.0,425.0,34029|32|1|1
2025,34007,2,1,1,82.0,48.0,274.0,99.0,34007|2|1|1
2018,28049,1,1,3,31.0,11.0,85.0,11.0,28049|1|1|3
2019,28105,1,1,1,162.0,91.0,319.0,23.0,28105|1|1|1
2019,28049,4,2,1,166.0,111.0,139.0,53.0,28049|4|2|1
2024,05119,31,1,1,169.0,58.0,354.0,56.0,05119|31|1|1
2024,10001,1,1,1,865.0,211.0,1292.0,189.0,10001|1|1|1
2025,11001,4,2,1,314.0,177.0,284.0,131.0,11001|4|2|1
2025,11001,31,1,1,272.0,94.0,576.0,66.0,11001|31|1|1
2025,11001,31,2,1,122.0,61.0,142.0,42.0,11001|31|2|1
2019,45079,1,1,1,2435.0,473.0,3011.0,244.0,45079|1|1|1
2019,45075,32,1,1,67.0,41.0,96.0,28.0,45075|32|1|1
2019,45019,4,2,1,59.0,36.0,899.0,323.0,45019|4|2|1
2021,01101,1,1,3,65.0,13.0,203.0,9.0,01101|1|1|3
2021,01073,1,2,1,184.0,23.0,105.0,11.0,01073|1|2|1
2022,22055,31,1,1,90.0,34.0,511.0,92.0,22055|31|1|1
2022,22003,1,1,1,59.0,43.0,205.0,77.0,22003|1|1|1
2025,40109,2,2,1,104.0,53.0,676.0,195.0,40109|2|2|1
2018,28099,1,1,1,37.0,14.0,158.0,39.0,28099|1|1|1
2019,28075,1,1,1,179.0,59.0,341.0,63.0,28075|1|1|1
2019,28161,1,1,1,55.0,41.0,82.0,21.0,28161|1|1|1
2025,19049,1,1,1,85.0,24.0,1687.0,93.0,19049|1|1|1
2024,10003,4,1,1,65.0,43.0,209.0,95.0,10003|4|1|1
2018,11001,2,1,1,266.0,166.0,118.0,50.0,11001|2|1|1
2019,45045,1,1,1,950.0,203.0,7665.0,591.0,45045|1|1|1
2019,45063,31,1,1,169.0,45.0,1473.0,234.0,45063|31|1|1
2019,45003,32,1,1,104.0,50.0,529.0,109.0,45003|32|1|1
2022,22051,32,1,1,429.0,221.0,915.0,225.0,22051|32|1|1
2022,22079,1,1,1,394.0,144.0,1112.0,241.0,22079|1|1|1
2022,22079,32,1,1,81.0,45.0,248.0,87.0,22079|32|1|1
2022,22097,31,1,1,39.0,16.0,141.0,19.0,22097|31|1|1
2022,55079,4,1,1,130.0,82.0,443.0,167.0,55079|4|1|1
2023,28129,1,1,1,61.0,51.0,142.0,58.0,28129|1|1|1
2023,28033,1,2,1,80.0,10.0,57.0,6.0,28033|1|2|1
2024,22033,4,2,1,232.0,141.0,434.0,154.0,22033|4|2|1
2025,34011,1,1,1,166.0,43.0,832.0,86.0,34011|1|1|1
2018,22017,4,2,1,60.0,50.0,164.0,71.0,22017|4|2|1
2022,22017,2,1,1,54.0,38.0,69.0,19.0,22017|2|1|1
2022,31153,1,1,1,84.0,13.0,2669.0,122.0,31153|1|1|1
2023,38017,1,1,1,118.0,24.0,1724.0,90.0,38017|1|1|1
2024,05011,1,1,1,37.0,24.0,57.0,30.0,05011|1|1|1
2021,01089,2,1,1,49.0,20.0,227.0,50.0,01089|2|1|1
2021,31109,1,1,1,108.0,9.0,4152.0,173.0,31109|1|1|1
2022,22073,1,1,1,452.0,165.0,1211.0,245.0,22073|1|1|1
2022,55079,1,1,3,153.0,25.0,633.0,62.0,55079|1|1|3
2023,28001,1,1,1,140.0,82.0,91.0,17.0,28001|1|1|1
2024,22071,1,1,1,766.0,158.0,1116.0,74.0,22071|1|1|1
2024,22017,2,2,1,72.0,48.0,98.0,38.0,22017|2|2|1
2024,22071,4,1,1,98.0,70.0,57.0,30.0,22071|4|1|1
2024,22005,31,1,1,49.0,13.0,178.0,37.0,22005|31|1|1
2024,22071,32,1,3,108.0,35.0,58.0,28.0,22071|32|1|3
2024,22069,1,1,1,153.0,87.0,188.0,58.0,22069|1|1|1
2018,22051,4,2,1,57.0,52.0,453.0,241.0,22051|4|2|1
2018,22087,1,1,1,131.0,28.0,317.0,43.0,22087|1|1|1
2018,28031,1,1,1,76.0,53.0,120.0,38.0,28031|1|1|1
2019,28073,1,1,1,171.0,36.0,814.0,125.0,28073|1|1|1
2023,10003,31,2,1,75.0,31.0,332.0,78.0,10003|31|2|1
2024,54003,1,1,1,259.0,59.0,1968.0,298.0,54003|1|1|1
2025,19163,1,1,1,100.0,16.0,1838.0,107.0,19163|1|1|1
2021,01115,32,1,1,79.0,23.0,704.0,116.0,01115|32|1|1
2022,10001,32,1,1,387.0,147.0,706.0,188.0,10001|32|1|1
2023,28047,31,1,1,47.0,22.0,171.0,49.0,28047|31|1|1
2023,28049,31,1,1,160.0,59.0,140.0,22.0,28049|31|1|1
2024,22055,32,1,1,81.0,50.0,243.0,103.0,22055|32|1|1
2024,22103,32,1,1,108.0,52.0,469.0,179.0,22103|32|1|1
2025,05143,1,1,1,46.0,7.0,2533.0,248.0,05143|1|1|1
2025,05093,1,1,1,67.0,28.0,236.0,44.0,05093|1|1|1
2025,34013,31,2,1,86.0,31.0,360.0,102.0,34013|31|2|1
2018,22051,4,1,1,42.0,30.0,256.0,98.0,22051|4|1|1
2018,22071,2,2,1,135.0,102.0,290.0,122.0,22071|2|2|1
2018,22017,2,1,1,68.0,50.0,63.0,34.0,22017|2|1|1
2019,28029,1,1,1,117.0,71.0,112.0,32.0,28029|1|1|1
2019,28127,1,1,1,72.0,43.0,166.0,53.0,28127|1|1|1
2019,28033,32,1,1,209.0,119.0,550.0,120.0,28033|32|1|1
2020,44007,32,1,1,215.0,62.0,3265.0,489.0,44007|32|1|1
2023,10001,4,2,1,144.0,89.0,347.0,167.0,10001|4|2|1
2023,32023,1,1,1,37.0,11.0,603.0,80.0,32023|1|1|1
2023,28121,4,2,1,89.0,49.0,429.0,131.0,28121|4|2|1
2025,05007,1,1,1,79.0,9.0,3856.0,279.0,05007|1|1|1
2025,34039,31,1,1,164.0,42.0,571.0,81.0,34039|31|1|1
2023,10003,4,1,1,73.0,47.0,193.0,88.0,10003|4|1|1
2024,10003,1,1,1,1169.0,165.0,2722.0,220.0,10003|1|1|1
2018,19103,1,1,1,75.0,11.0,1888.0,81.0,19103|1|1|1
2019,45091,31,1,1,307.0,86.0,1956.0,351.0,45091|31|1|1
2019,45013,32,1,1,102.0,56.0,853.0,204.0,45013|32|1|1
2019,45027,1,1,1,113.0,80.0,212.0,48.0,45027|1|1|1
2019,45055,32,1,1,56.0,31.0,243.0,74.0,45055|32|1|1
2019,45063,1,2,1,46.0,5.0,125.0,11.0,45063|1|2|1
2020,10003,4,2,1,86.0,59.0,417.0,177.0,10003|4|2|1
2021,01101,32,1,1,403.0,190.0,509.0,109.0,01101|32|1|1
2021,31055,4,2,1,26.0,14.0,522.0,166.0,31055|4|2|1
2022,40145,1,1,1,69.0,11.0,1144.0,127.0,40145|1|1|1
2022,32003,4,1,1,79.0,56.0,908.0,413.0,32003|4|1|1
2023,20177,1,1,1,81.0,12.0,1427.0,120.0,20177|1|1|1
2023,28101,1,1,1,64.0,43.0,126.0,47.0,28101|1|1|1
2024,22033,32,1,1,304.0,155.0,248.0,78.0,22033|32|1|1
2024,22063,1,1,1,391.0,119.0,1655.0,374.0,22063|1|1|1
2025,40143,31,1,1,77.0,37.0,788.0,167.0,40143|31|1|1
2025,44007,1,1,1,583.0,65.0,3449.0,232.0,44007|1|1|1
2018,28033,1,2,1,85.0,5.0,113.0,7.0,28033|1|2|1
2019,28047,1,1,1,396.0,94.0,2194.0,311.0,28047|1|1|1
2022,22071,31,1,3,45.0,14.0,67.0,8.0,22071|31|1|3
2022,22017,4,2,1,38.0,32.0,71.0,37.0,22017|4|2|1
2023,10003,31,1,1,139.0,40.0,369.0,88.0,10003|31|1|1
2021,01083,1,1,1,378.0,72.0,2082.0,207.0,01083|1|1|1
2021,01113,32,1,1,113.0,47.0,140.0,36.0,01113|32|1|1
2022,10005,1,1,1,434.0,183.0,3872.0,472.0,10005|1|1|1
2022,22071,32,1,3,126.0,49.0,79.0,10.0,22071|32|1|3
2023,28007,1,1,1,70.0,51.0,96.0,30.0,28007|1|1|1
2023,28079,1,1,1,66.0,39.0,87.0,35.0,28079|1|1|1
2025,34003,32,1,1,96.0,31.0,978.0,244.0,34003|32|1|1
2025,34005,4,2,1,250.0,131.0,1104.0,371.0,34005|4|2|1
2018,22051,1,1,1,772.0,150.0,2680.0,224.0,22051|1|1|1
2018,22081,1,1,1,31.0,19.0,59.0,28.0,22081|1|1|1
2018,28137,1,1,1,75.0,33.0,312.0,55.0,28137|1|1|1
2019,28147,1,1,1,73.0,49.0,108.0,43.0,28147|1|1|1
2024,05007,1,1,1,71.0,6.0,3799.0,294.0,05007|1|1|1
2023,10003,2,1,1,64.0,40.0,201.0,80.0,10003|2|1|1
2023,32003,1,1,2,58.0,15.0,396.0,47.0,32003|1|1|2
2018,05103,1,1,1,74.0,34.0,163.0,51.0,05103|1|1|1
2018,47037,1,1,1,1110.0,211.0,7872.0,585.0,47037|1|1|1
2018,47187,32,1,1,56.0,20.0,1242.0,277.0,47187|32|1|1
2018,53033,1,2,1,67.0,12.0,1012.0,219.0,53033|1|2|1
2018,22073,1,1,1,309.0,142.0,1242.0,211.0,22073|1|1|1
2019,01089,1,2,1,29.0,5.0,81.0,11.0,01089|1|2|1
2019,01051,32,1,1,51.0,23.0,305.0,65.0,01051|32|1|1
2019,72031,1,1,1,100.0,31.0,702.0,144.0,72031|1|1|1
2019,01081,1,1,1,414.0,142.0,1914.0,203.0,01081|1|1|1
2020,01015,32,1,1,29.0,9.0,314.0,53.0,01015|32|1|1
2020,21111,4,2,1,76.0,40.0,833.0,238.0,21111|4|2|1
2020,21111,31,2,1,31.0,6.0,484.0,112.0,21111|31|2|1
2020,28121,32,1,1,55.0,16.0,547.0,99.0,28121|32|1|1
2020,28049,32,1,1,170.0,86.0,277.0,53.0,28049|32|1|1
2020,01073,31,2,1,54.0,34.0,283.0,68.0,01073|31|2|1
2021,22051,32,1,1,374.0,171.0,1872.0,365.0,22051|32|1|1
2021,27053,31,1,1,1136.0,278.0,20147.0,1673.0,27053|31|1|1
2022,01055,1,1,1,116.0,30.0,1115.0,239.0,01055|1|1|1
2022,21111,31,2,1,44.0,17.0,443.0,91.0,21111|31|2|1
2022,27123,2,2,1,70.0,34.0,970.0,252.0,27123|2|2|1
2022,01107,1,1,1,61.0,29.0,114.0,31.0,01107|1|1|1
2022,49035,1,1,1,175.0,18.0,10210.0,973.0,49035|1|1|1
2023,22051,1,1,1,535.0,131.0,1647.0,150.0,22051|1|1|1
2023,22091,1,1,1,166.0,148.0,75.0,36.0,22091|1|1|1
2023,22071,2,1,1,94.0,65.0,66.0,34.0,22071|2|1|1
2023,22017,31,1,1,62.0,32.0,153.0,34.0,22017|31|1|1
2023,22027,1,1,1,88.0,74.0,61.0,27.0,22027|1|1|1
2022,45079,31,2,1,124.0,31.0,176.0,25.0,45079|31|2|1
2023,22017,4,1,1,52.0,45.0,66.0,26.0,22017|4|1|1
2024,01115,1,1,1,292.0,76.0,1290.0,296.0,01115|1|1|1
2024,19103,1,1,1,108.0,27.0,1314.0,56.0,19103|1|1|1
2024,18019,1,1,1,120.0,19.0,1661.0,209.0,18019|1|1|1
2024,28081,32,1,1,34.0,15.0,93.0,36.0,28081|32|1|1
2024,36081,4,2,1,338.0,231.0,348.0,217.0,36081|4|2|1
2024,24510,1,1,1,2085.0,306.0,2047.0,128.0,24510|1|1|1
2024,35001,1,1,1,149.0,23.0,4679.0,506.0,35001|1|1|1
2024,42101,31,1,1,511.0,198.0,581.0,156.0,42101|31|1|1
2024,42055,1,1,1,75.0,25.0,1303.0,153.0,42055|1|1|1
2024,42101,1,1,3,191.0,37.0,487.0,47.0,42101|1|1|3
2024,42101,32,1,3,332.0,130.0,281.0,90.0,42101|32|1|3
2024,36005,32,1,3,25.0,9.0,75.0,17.0,36005|32|1|3
2024,36055,4,1,1,112.0,62.0,647.0,197.0,36055|4|1|1
2025,24037,1,1,1,144.0,24.0,944.0,46.0,24037|1|1|1
2025,24039,1,1,1,46.0,21.0,144.0,24.0,24039|1|1|1
2025,24031,4,1,1,51.0,31.0,218.0,79.0,24031|4|1|1
2025,53063,1,1,1,169.0,11.0,4651.0,328.0,53063|1|1|1
2018,25005,1,1,1,516.0,84.0,5199.0,440.0,25005|1|1|1
2018,45045,2,2,1,93.0,72.0,813.0,341.0,45045|2|2|1
2018,45079,2,2,1,122.0,93.0,243.0,100.0,45079|2|2|1
2018,45075,1,1,1,423.0,242.0,326.0,73.0,45075|1|1|1
2019,22005,32,1,1,82.0,39.0,387.0,88.0,22005|32|1|1
2019,22017,1,1,1,915.0,221.0,1540.0,199.0,22017|1|1|1
2019,22071,4,2,1,103.0,78.0,213.0,92.0,22071|4|2|1
2021,21111,4,2,1,90.0,50.0,904.0,273.0,21111|4|2|1
2022,08005,4,2,1,235.0,98.0,2122.0,691.0,08005|4|2|1
2022,25023,31,1,1,153.0,64.0,1458.0,283.0,25023|31|1|1
2022,25025,31,1,1,196.0,74.0,811.0,138.0,25025|31|1|1
2023,45077,1,1,1,91.0,43.0,1393.0,287.0,45077|1|1|1
2023,45045,31,1,1,58.0,20.0,372.0,85.0,45045|31|1|1
2023,45079,2,2,1,378.0,203.0,404.0,112.0,45079|2|2|1
2023,45055,32,1,1,57.0,22.0,142.0,53.0,45055|32|1|1
2025,18097,31,2,1,98.0,43.0,397.0,96.0,18097|31|2|1
2025,25017,31,2,1,55.0,24.0,1840.0,429.0,25017|31|2|1
2025,25025,2,1,1,58.0,37.0,139.0,63.0,25025|2|1|1
2024,12031,32,1,3,94.0,39.0,189.0,62.0,12031|32|1|3
2024,12011,31,1,3,57.0,28.0,145.0,51.0,12011|31|1|3
2024,13135,2,1,1,90.0,71.0,188.0,97.0,13135|2|1|1
2024,13245,4,2,1,128.0,67.0,75.0,39.0,13245|4|2|1
2024,17031,4,2,1,1252.0,844.0,4602.0,2318.0,17031|4|2|1
2024,26125,31,2,1,88.0,40.0,930.0,269.0,26125|31|2|1
2024,26163,1,2,1,207.0,36.0,306.0,48.0,26163|1|2|1
2024,37101,31,1,1,123.0,32.0,416.0,80.0,37101|31|1|1
2024,40101,1,1,1,53.0,31.0,421.0,106.0,40101|1|1|1
2024,47157,32,1,3,91.0,41.0,145.0,21.0,47157|32|1|3
2024,48453,31,1,1,94.0,41.0,781.0,182.0,48453|31|1|1
2025,06037,1,1,1,1711.0,349.0,19416.0,2396.0,06037|1|1|1
2025,06029,32,1,1,105.0,48.0,1183.0,394.0,06029|32|1|1
2025,12035,32,1,1,52.0,25.0,372.0,122.0,12035|32|1|1
2025,12011,32,1,1,1136.0,552.0,2329.0,885.0,12011|32|1|1
2025,13015,32,1,1,46.0,23.0,363.0,101.0,13015|32|1|1
2024,47037,4,1,1,70.0,42.0,348.0,106.0,47037|4|1|1
2024,48257,31,1,1,101.0,33.0,189.0,56.0,48257|31|1|1
2024,48439,1,2,1,126.0,29.0,484.0,117.0,48439|1|2|1
2025,13189,1,1,1,56.0,17.0,116.0,17.0,13189|1|1|1
2025,37119,32,1,3,107.0,42.0,177.0,44.0,37119|32|1|3
2025,26099,32,1,1,319.0,141.0,1935.0,502.0,26099|32|1|1
2025,29051,1,1,1,41.0,4.0,746.0,57.0,29051|1|1|1
2025,29510,31,1,1,83.0,32.0,452.0,44.0,29510|31|1|1
2025,29095,32,1,1,372.0,159.0,1194.0,332.0,29095|32|1|1
2025,37091,1,1,1,58.0,36.0,60.0,9.0,37091|1|1|1
2025,39035,4,1,1,307.0,200.0,988.0,351.0,39035|4|1|1
2025,45067,1,1,1,183.0,113.0,151.0,54.0,45067|1|1|1
2025,48029,4,2,1,176.0,112.0,1697.0,876.0,48029|4|2|1
2025,48245,2,1,1,45.0,32.0,72.0,24.0,48245|2|1|1
2025,51650,32,1,1,263.0,117.0,177.0,53.0,51650|32|1|1
2025,51800,2,2,1,115.0,47.0,140.0,34.0,51800|2|2|1
2018,13097,31,1,1,227.0,98.0,230.0,75.0,13097|31|1|1
2018,13021,1,1,1,359.0,93.0,712.0,60.0,13021|1|1|1
2018,13021,2,2,1,34.0,25.0,88.0,35.0,13021|2|2|1
2018,37101,2,2,1,39.0,23.0,319.0,122.0,37101|2|2|1
2018,37183,4,2,1,454.0,235.0,2776.0,819.0,37183|4|2|1
2018,37183,1,1,3,60.0,12.0,698.0,43.0,37183|1|1|3
2018,51107,4,2,1,66.0,40.0,722.0,299.0,51107|4|2|1
2018,37063,31,1,1,351.0,104.0,581.0,109.0,37063|31|1|1
2019,05037,1,1,1,31.0,16.0,161.0,32.0,05037|1|1|1
2019,24021,1,1,1,590.0,69.0,3635.0,189.0,24021|1|1|1
2019,24510,32,1,3,125.0,52.0,140.0,46.0,24510|32|1|3
2019,37105,1,1,1,87.0,18.0,623.0,64.0,37105|1|1|1
2019,47065,31,1,1,205.0,83.0,1684.0,298.0,47065|31|1|1
2019,18063,32,1,1,72.0,35.0,1139.0,199.0,18063|32|1|1
2019,37133,1,1,1,349.0,57.0,3300.0,284.0,37133|1|1|1
2020,02090,1,1,1,32.0,3.0,1069.0,68.0,02090|1|1|1
2020,13097,31,1,1,1220.0,255.0,895.0,164.0,13097|31|1|1
2020,13087,1,1,1,97.0,60.0,165.0,55.0,13087|1|1|1
2021,24033,1,2,1,247.0,37.0,57.0,11.0,24033|1|2|1
2021,40101,1,1,1,28.0,10.0,507.0,120.0,40101|1|1|1
2022,29169,1,1,1,70.0,8.0,777.0,70.0,29169|1|1|1
2022,29095,1,2,1,74.0,17.0,246.0,41.0,29095|1|2|1
2022,37133,32,1,1,227.0,91.0,936.0,311.0,37133|32|1|1
2022,37069,32,1,1,108.0,42.0,379.0,90.0,37069|32|1|1
2022,41067,1,1,1,170.0,17.0,4273.0,326.0,41067|1|1|1
2022,47189,1,1,1,200.0,30.0,2480.0,182.0,47189|1|1|1
2022,37179,4,2,1,110.0,59.0,939.0,340.0,37179|4|2|1
2023,04013,4,1,1,73.0,45.0,1787.0,724.0,04013|4|1|1
2023,04013,31,2,1,83.0,48.0,1984.0,767.0,04013|31|2|1
2023,24021,2,2,1,99.0,57.0,642.0,196.0,24021|2|2|1
2023,24039,1,1,1,46.0,15.0,137.0,34.0,24039|1|1|1
2023,37145,1,1,1,124.0,59.0,332.0,47.0,37145|1|1|1
2023,37093,1,1,1,319.0,87.0,554.0,42.0,37093|1|1|1
2023,37067,32,1,1,291.0,111.0,499.0,163.0,37067|32|1|1
2023,37159,31,1,1,32.0,11.0,186.0,52.0,37159|31|1|1
2023,37063,4,2,1,297.0,144.0,399.0,145.0,37063|4|2|1
2023,37081,1,2,1,112.0,21.0,168.0,25.0,37081|1|2|1
2024,34005,31,1,1,156.0,39.0,570.0,105.0,34005|31|1|1
2024,39003,1,1,1,94.0,23.0,817.0,108.0,39003|1|1|1
2024,51710,4,2,1,143.0,78.0,297.0,136.0,51710|4|2|1
2025,01089,4,2,1,241.0,123.0,867.0,261.0,01089|4|2|1
2025,21067,31,1,1,60.0,17.0,613.0,92.0,21067|31|1|1
2025,22055,1,1,1,907.0,451.0,2326.0,335.0,22055|1|1|1
2025,22103,32,1,1,112.0,68.0,486.0,164.0,22103|32|1|1
2025,22033,2,2,1,148.0,91.0,234.0,81.0,22033|2|2|1
2025,28133,31,1,1,50.0,11.0,32.0,1.0,28133|31|1|1
2025,28085,1,1,1,137.0,92.0,264.0,97.0,28085|1|1|1
2025,28151,1,1,1,112.0,49.0,70.0,13.0,28151|1|1|1
2025,01081,32,1,1,132.0,65.0,307.0,77.0,01081|32|1|1
2025,01083,32,1,1,64.0,25.0,337.0,101.0,01083|32|1|1
2025,17163,4,2,1,114.0,65.0,431.0,172.0,17163|4|2|1
2025,17163,4,1,1,49.0,35.0,129.0,45.0,17163|4|1|1
2025,55079,1,1,1,1156.0,245.0,4981.0,325.0,55079|1|1|1
2018,40101,1,1,1,33.0,14.0,402.0,67.0,40101|1|1|1
2019,01117,31,1,1,157.0,34.0,1343.0,197.0,01117|31|1|1
2019,40143,1,1,1,361.0,56.0,6601.0,492.0,40143|1|1|1
2020,28085,1,1,1,157.0,102.0,298.0,104.0,28085|1|1|1
2020,01089,2,2,1,112.0,54.0,617.0,166.0,01089|2|2|1
2020,35043,1,1,1,77.0,9.0,2458.0,230.0,35043|1|1|1
2021,22097,1,1,1,499.0,276.0,571.0,162.0,22097|1|1|1
2021,22045,1,1,1,232.0,111.0,470.0,103.0,22045|1|1|1
2021,22019,31,1,1,222.0,71.0,1584.0,233.0,22019|31|1|1
2021,22033,4,1,1,47.0,39.0,111.0,34.0,22033|4|1|1
2022,01077,1,1,1,53.0,11.0,1159.0,172.0,01077|1|1|1
2022,21111,1,1,1,1550.0,260.0,7553.0,644.0,21111|1|1|1
2022,21111,1,2,1,111.0,12.0,371.0,53.0,21111|1|2|1
2022,34013,32,1,3,124.0,45.0,234.0,62.0,34013|32|1|3
2023,18097,1,1,1,1982.0,384.0,6839.0,571.0,18097|1|1|1
2022,45079,31,1,1,442.0,150.0,560.0,104.0,45079|31|1|1
2024,01109,1,1,1,148.0,82.0,226.0,55.0,01109|1|1|1
2024,19193,1,1,1,61.0,11.0,846.0,100.0,19193|1|1|1
2024,42133,32,1,1,84.0,42.0,727.0,242.0,42133|32|1|1
2024,42003,1,1,3,56.0,5.0,477.0,44.0,42003|1|1|3
2024,42045,4,2,1,243.0,127.0,1046.0,403.0,42045|4|2|1
2024,36081,32,1,1,353.0,137.0,361.0,118.0,36081|32|1|1
2024,36081,1,2,1,53.0,32.0,60.0,30.0,36081|1|2|1
2024,42101,32,2,1,530.0,291.0,846.0,307.0,42101|32|2|1
2025,10001,31,1,1,186.0,48.0,404.0,68.0,10001|31|1|1
2018,45019,2,1,1,57.0,38.0,231.0,84.0,45019|2|1|1
2018,25003,1,1,1,30.0,2.0,1224.0,121.0,25003|1|1|1
2021,45043,1,1,1,208.0,144.0,985.0,153.0,45043|1|1|1
2021,45057,32,1,1,145.0,36.0,996.0,135.0,45057|32|1|1
2021,45019,4,2,1,31.0,19.0,590.0,143.0,45019|4|2|1
2023,40101,1,1,1,38.0,12.0,390.0,77.0,40101|1|1|1
2023,45067,1,1,1,151.0,112.0,175.0,61.0,45067|1|1|1
2023,45079,32,1,1,699.0,302.0,308.0,91.0,45079|32|1|1
2025,27053,31,1,1,159.0,61.0,1904.0,219.0,27053|31|1|1
2025,18097,1,2,1,147.0,31.0,346.0,54.0,18097|1|2|1
2025,18089,4,2,1,169.0,96.0,1005.0,339.0,18089|4|2|1
2025,25013,4,2,1,104.0,52.0,753.0,236.0,25013|4|2|1
2018,19153,32,1,1,64.0,32.0,1684.0,438.0,19153|32|1|1
2020,20091,1,1,1,276.0,24.0,8816.0,324.0,20091|1|1|1
2022,22045,1,1,1,193.0,117.0,451.0,156.0,22045|1|1|1
2022,22091,1,1,1,155.0,126.0,112.0,57.0,22091|1|1|1
2024,22097,1,1,1,422.0,249.0,416.0,136.0,22097|1|1|1
2024,22091,1,1,1,164.0,122.0,63.0,22.0,22091|1|1|1
2024,22029,1,1,1,77.0,58.0,60.0,23.0,22029|1|1|1
2025,34013,2,2,1,389.0,240.0,732.0,265.0,34013|2|2|1
2018,22097,31,1,1,44.0,20.0,144.0,33.0,22097|31|1|1
2019,23001,1,1,1,40.0,7.0,1279.0,149.0,23001|1|1|1
2019,28009,1,1,1,31.0,21.0,56.0,23.0,28009|1|1|1
2019,28109,1,1,1,44.0,17.0,674.0,197.0,28109|1|1|1
2020,31055,1,2,1,38.0,4.0,339.0,32.0,31055|1|2|1
2022,22051,4,1,1,41.0,26.0,195.0,68.0,22051|4|1|1
2023,10003,32,1,1,366.0,158.0,642.0,188.0,10003|32|1|1
2023,10005,2,2,1,48.0,31.0,692.0,245.0,10005|2|2|1
2024,23005,1,1,1,100.0,17.0,2369.0,166.0,23005|1|1|1
2024,10005,1,1,1,431.0,161.0,3160.0,344.0,10005|1|1|1
2021,01121,1,1,1,394.0,197.0,870.0,221.0,01121|1|1|1
2021,01065,1,1,1,157.0,87.0,89.0,20.0,01065|1|1|1
2021,01077,1,1,1,88.0,17.0,1251.0,141.0,01077|1|1|1
2023,20209,32,1,1,67.0,27.0,224.0,77.0,20209|32|1|1
2023,20061,1,1,1,57.0,5.0,318.0,18.0,20061|1|1|1
2023,28083,1,1,1,51.0,20.0,40.0,3.0,28083|1|1|1
2024,22101,1,1,1,133.0,92.0,186.0,46.0,22101|1|1|1
2025,05027,1,1,1,128.0,90.0,153.0,37.0,05027|1|1|1
2024,22081,1,1,1,60.0,51.0,32.0,9.0,22081|1|1|1
2025,40109,1,1,1,674.0,169.0,5705.0,617.0,40109|1|1|1
2018,22033,1,1,1,1490.0,302.0,3139.0,207.0,22033|1|1|1
2018,22055,31,1,1,90.0,26.0,522.0,102.0,22055|31|1|1
2018,22071,4,1,1,105.0,81.0,115.0,41.0,22071|4|1|1
2018,28073,1,1,1,185.0,59.0,760.0,112.0,28073|1|1|1
2018,28115,1,1,1,54.0,33.0,267.0,71.0,28115|1|1|1
2019,28067,31,1,1,50.0,15.0,290.0,28.0,28067|31|1|1
2022,22015,32,1,1,78.0,37.0,249.0,80.0,22015|32|1|1
2022,40109,4,2,1,86.0,56.0,635.0,276.0,40109|4|2|1
2022,55105,1,1,1,59.0,15.0,1832.0,139.0,55105|1|1|1
2023,28049,32,1,1,219.0,120.0,67.0,26.0,28049|32|1|1
2024,22015,32,1,1,53.0,31.0,166.0,64.0,22015|32|1|1
2024,22051,4,2,1,88.0,59.0,322.0,163.0,22051|4|2|1
2025,05119,2,1,1,142.0,100.0,162.0,61.0,05119|2|1|1
2025,44007,2,2,1,277.0,173.0,1733.0,638.0,44007|2|2|1
2018,22093,1,1,1,101.0,62.0,111.0,15.0,22093|1|1|1
2018,28059,32,1,1,77.0,42.0,302.0,116.0,28059|32|1|1
2018,28067,31,1,1,35.0,10.0,218.0,28.0,28067|31|1|1
2019,28059,32,1,1,75.0,46.0,380.0,104.0,28059|32|1|1
2022,22071,4,1,1,95.0,59.0,108.0,28.0,22071|4|1|1
2023,16027,1,1,1,34.0,5.0,3101.0,232.0,16027|1|1|1
2019,20091,1,1,1,229.0,15.0,8048.0,311.0,20091|1|1|1
2021,01089,4,2,1,139.0,83.0,503.0,178.0,01089|4|2|1
2022,10001,31,1,1,142.0,57.0,469.0,93.0,10001|31|1|1
2022,22047,1,1,1,225.0,108.0,221.0,44.0,22047|1|1|1
2022,22083,1,1,1,60.0,42.0,170.0,59.0,22083|1|1|1
2022,22053,1,1,1,66.0,28.0,327.0,81.0,22053|1|1|1
2022,22093,1,1,1,148.0,104.0,96.0,13.0,22093|1|1|1
2023,28033,31,1,1,76.0,26.0,197.0,26.0,28033|31|1|1
2024,22017,4,1,1,42.0,26.0,61.0,22.0,22017|4|1|1
2025,05119,31,1,1,235.0,73.0,541.0,79.0,05119|31|1|1
2019,28111,1,1,1,32.0,22.0,107.0,48.0,28111|1|1|1
2024,05119,2,2,1,258.0,138.0,435.0,155.0,05119|2|2|1
2024,05057,1,1,1,61.0,44.0,105.0,39.0,05057|1|1|1
2025,11001,32,1,3,133.0,40.0,68.0,26.0,11001|32|1|3
2021,01097,2,2,1,75.0,51.0,293.0,97.0,01097|2|2|1
2021,01097,31,1,1,936.0,274.0,3359.0,519.0,01097|31|1|1
2021,01067,1,1,1,51.0,19.0,248.0,44.0,01067|1|1|1
2021,35001,1,1,1,255.0,38.0,7678.0,697.0,35001|1|1|1
2022,40109,32,1,1,439.0,192.0,1837.0,548.0,40109|32|1|1
2023,28133,31,1,1,64.0,5.0,36.0,7.0,28133|31|1|1
2025,05051,1,1,1,52.0,23.0,1111.0,294.0,05051|1|1|1
2025,05069,1,1,1,201.0,50.0,232.0,65.0,05069|1|1|1
2018,22011,1,1,1,34.0,10.0,519.0,129.0,22011|1|1|1
2018,22029,1,1,1,77.0,59.0,92.0,32.0,22029|1|1|1
2018,28035,1,1,1,150.0,60.0,618.0,116.0,28035|1|1|1
2018,28061,1,1,1,107.0,80.0,72.0,31.0,28061|1|1|1
2022,31055,1,1,1,387.0,47.0,5555.0,262.0,31055|1|1|1
2024,10001,4,2,1,172.0,107.0,384.0,164.0,10001|4|2|1
2025,11001,2,1,1,116.0,67.0,53.0,21.0,11001|2|1|1
2025,31055,4,2,1,105.0,51.0,1189.0,391.0,31055|4|2|1
2021,01081,32,1,1,170.0,62.0,819.0,119.0,01081|32|1|1
2022,22071,32,1,1,591.0,309.0,407.0,108.0,22071|32|1|1
2022,22117,1,1,1,128.0,95.0,359.0,157.0,22117|1|1|1
2022,55101,1,1,1,159.0,20.0,2174.0,168.0,55101|1|1|1
2024,22045,1,1,1,213.0,111.0,317.0,119.0,22045|1|1|1
2025,34003,2,2,1,119.0,58.0,1500.0,505.0,34003|2|2|1
2025,34007,31,1,1,210.0,53.0,843.0,130.0,34007|31|1|1
2018,22083,1,1,1,36.0,23.0,140.0,38.0,22083|1|1|1
2018,22121,1,1,1,167.0,43.0,241.0,29.0,22121|1|1|1
2018,28139,1,1,1,37.0,21.0,106.0,41.0,28139|1|1|1
2018,28149,1,1,1,141.0,41.0,273.0,34.0,28149|1|1|1
2019,28121,1,1,1,444.0,101.0,2109.0,197.0,28121|1|1|1
2019,28113,1,1,1,158.0,77.0,181.0,63.0,28113|1|1|1
2019,28047,31,1,1,131.0,51.0,573.0,120.0,28047|31|1|1
2020,31055,1,1,1,388.0,49.0,7327.0,332.0,31055|1|1|1
2021,72031,1,1,1,89.0,24.0,851.0,135.0,72031|1|1|1
2024,05051,1,1,1,62.0,32.0,1005.0,316.0,05051|1|1|1
2023,10005,32,1,1,67.0,40.0,458.0,154.0,10005|32|1|1
2023,10003,1,2,1,50.0,23.0,102.0,32.0,10003|1|2|1
2024,10001,2,2,1,173.0,103.0,411.0,155.0,10001|2|2|1
2021,01089,1,1,1,1343.0,169.0,5733.0,320.0,01089|1|1|1
2021,01001,1,1,1,252.0,69.0,1029.0,162.0,01001|1|1|1
2021,01089,1,2,1,51.0,6.0,118.0,24.0,01089|1|2|1
2022,02020,1,1,1,165.0,18.0,3001.0,172.0,02020|1|1|1
2022,22099,1,1,1,260.0,171.0,504.0,171.0,22099|1|1|1
2023,35001,32,1,1,48.0,15.0,968.0,303.0,35001|32|1|1
2023,35043,1,1,1,60.0,8.0,1684.0,184.0,35043|1|1|1
2023,49011,1,1,1,36.0,8.0,2990.0,272.0,49011|1|1|1
2024,22051,31,1,1,98.0,39.0,259.0,54.0,22051|31|1|1
2024,22033,2,2,1,139.0,93.0,215.0,70.0,22033|2|2|1
2018,28043,1,1,1,43.0,10.0,134.0,20.0,28043|1|1|1
2019,28101,1,1,1,69.0,42.0,122.0,37.0,28101|1|1|1
2019,54003,1,1,1,238.0,40.0,2405.0,290.0,54003|1|1|1
2019,28133,31,1,1,48.0,11.0,45.0,3.0,28133|31|1|1
2023,10003,1,1,3,41.0,7.0,154.0,18.0,10003|1|1|3
2023,32003,1,1,3,113.0,27.0,962.0,142.0,32003|1|1|3
2022,22015,1,1,1,540.0,166.0,1609.0,192.0,22015|1|1|1
2022,22061,1,1,1,105.0,67.0,322.0,70.0,22061|1|1|1
2022,22041,1,1,1,69.0,53.0,117.0,63.0,22041|1|1|1
2023,20209,1,1,1,161.0,28.0,1097.0,122.0,20209|1|1|1
2023,28075,1,1,1,206.0,91.0,365.0,93.0,28075|1|1|1
2024,22015,1,1,1,325.0,105.0,1152.0,163.0,22015|1|1|1
2024,22103,1,1,1,506.0,142.0,2131.0,239.0,22103|1|1|1
2024,22017,4,2,1,84.0,64.0,139.0,60.0,22017|4|2|1
2024,22051,4,1,1,39.0,25.0,147.0,61.0,22051|4|1|1
2024,22073,31,1,1,44.0,6.0,175.0,17.0,22073|31|1|1
2025,05045,1,1,1,127.0,37.0,1480.0,209.0,05045|1|1|1
2025,34007,1,1,1,715.0,125.0,2816.0,140.0,34007|1|1|1
2025,34013,4,1,1,82.0,61.0,132.0,54.0,34013|4|1|1
2025,44007,31,2,1,122.0,47.0,1156.0,307.0,44007|31|2|1
2018,22105,32,1,1,48.0,26.0,320.0,110.0,22105|32|1|1
2018,22017,1,1,1,798.0,197.0,1474.0,199.0,22017|1|1|1
2018,22037,1,1,1,73.0,57.0,140.0,35.0,22037|1|1|1
2019,28115,1,1,1,80.0,52.0,321.0,136.0,28115|1|1|1
2019,28033,1,1,1,1219.0,124.0,2255.0,175.0,28033|1|1|1
2020,44007,4,2,1,68.0,49.0,908.0,402.0,44007|4|2|1
2021,72127,1,1,1,119.0,29.0,1744.0,351.0,72127|1|1|1
2022,22071,2,1,1,80.0,56.0,69.0,25.0,22071|2|1|1
2024,02090,1,1,1,28.0,2.0,692.0,41.0,02090|1|1|1
2018,05119,2,1,1,146.0,102.0,180.0,75.0,05119|2|1|1
2018,10001,31,1,1,152.0,77.0,460.0,137.0,10001|31|1|1
2018,40143,2,1,1,36.0,26.0,295.0,136.0,40143|2|1|1
2019,01087,1,1,1,116.0,63.0,34.0,9.0,01087|1|1|1
2020,28049,1,1,1,1004.0,275.0,817.0,71.0,28049|1|1|1
2020,28107,1,1,1,263.0,162.0,217.0,63.0,28107|1|1|1
2021,22063,1,1,1,716.0,205.0,2707.0,518.0,22063|1|1|1
2021,27123,2,2,1,40.0,25.0,639.0,155.0,27123|2|2|1
2022,34025,32,1,1,184.0,69.0,2513.0,559.0,34025|32|1|1
2022,34031,1,1,1,244.0,50.0,2604.0,284.0,34031|1|1|1
2023,06037,32,1,1,1255.0,553.0,4988.0,1485.0,06037|32|1|1
2023,18157,1,1,1,47.0,4.0,1413.0,84.0,18157|1|1|1
2022,45051,1,1,2,110.0,25.0,1732.0,232.0,45051|1|1|2
2022,45079,2,1,1,91.0,44.0,125.0,43.0,45079|2|1|1
2024,18095,1,1,1,74.0,14.0,1388.0,129.0,18095|1|1|1
2024,18089,31,1,1,190.0,58.0,631.0,124.0,18089|31|1|1
2024,36047,31,1,3,31.0,14.0,189.0,59.0,36047|31|1|3
2024,24009,32,1,1,39.0,17.0,185.0,46.0,24009|32|1|1
2024,24015,1,1,1,104.0,15.0,784.0,71.0,24015|1|1|1
2024,24005,4,2,1,666.0,403.0,988.0,457.0,24005|4|2|1
2024,24033,31,2,1,282.0,126.0,56.0,16.0,24033|31|2|1
2025,42011,31,1,1,55.0,28.0,892.0,163.0,42011|31|1|1
2024,36087,32,1,1,46.0,22.0,243.0,60.0,36087|32|1|1
2025,24031,2,2,1,356.0,186.0,1119.0,363.0,24031|2|2|1
2025,42101,31,2,1,146.0,69.0,301.0,99.0,42101|31|2|1
2025,53033,31,1,1,177.0,56.0,3311.0,403.0,53033|31|1|1
2018,45003,1,1,1,496.0,186.0,1982.0,282.0,45003|1|1|1
2018,45043,1,1,1,154.0,103.0,678.0,122.0,45043|1|1|1
2021,45081,1,1,1,25.0,19.0,182.0,31.0,45081|1|1|1
2024,27053,1,2,1,298.0,41.0,686.0,62.0,27053|1|2|1
2023,45085,1,1,1,590.0,271.0,796.0,113.0,45085|1|1|1
2023,45083,4,1,1,39.0,22.0,266.0,117.0,45083|4|1|1
2024,11001,2,2,1,331.0,191.0,390.0,144.0,11001|2|2|1
2025,25021,4,2,1,130.0,77.0,1110.0,360.0,25021|4|2|1
2025,25021,31,2,1,73.0,28.0,1192.0,281.0,25021|31|2|1
2019,45037,1,1,1,68.0,28.0,283.0,41.0,45037|1|1|1
2021,01097,4,1,1,71.0,50.0,234.0,102.0,01097|4|1|1
2022,22019,1,1,1,399.0,112.0,1973.0,379.0,22019|1|1|1
2023,28011,1,1,1,64.0,44.0,120.0,22.0,28011|1|1|1
2023,35013,1,1,1,56.0,12.0,1997.0,464.0,35013|1|1|1
2025,34013,31,1,1,291.0,114.0,650.0,98.0,34013|31|1|1
2025,44003,1,1,1,71.0,6.0,1503.0,93.0,44003|1|1|1
2018,28121,31,1,1,70.0,32.0,469.0,102.0,28121|31|1|1
2018,28129,1,1,1,56.0,41.0,107.0,37.0,28129|1|1|1
2018,33011,1,1,1,94.0,15.0,5065.0,494.0,33011|1|1|1
2019,28049,1,1,1,1037.0,281.0,738.0,73.0,28049|1|1|1
2019,28047,32,1,1,97.0,55.0,454.0,159.0,28047|32|1|1
2019,28121,4,2,1,45.0,33.0,428.0,151.0,28121|4|2|1
2024,05119,4,1,1,70.0,42.0,151.0,67.0,05119|4|1|1
2025,19113,1,2,1,42.0,2.0,417.0,13.0,19113|1|2|1
2024,10003,31,1,1,246.0,76.0,562.0,100.0,10003|31|1|1
2025,11001,1,1,3,114.0,24.0,123.0,21.0,11001|1|1|3
2021,01089,2,2,1,167.0,75.0,729.0,198.0,01089|2|2|1
2022,22009,1,1,1,101.0,45.0,265.0,89.0,22009|1|1|1
2023,20173,1,1,1,289.0,68.0,4411.0,535.0,20173|1|1|1
2023,28091,1,1,1,101.0,76.0,169.0,64.0,28091|1|1|1
2024,22071,2,2,1,149.0,103.0,211.0,86.0,22071|2|2|1
2025,34031,1,1,1,153.0,26.0,1819.0,169.0,34031|1|1|1
2018,28047,1,1,1,355.0,89.0,1960.0,270.0,28047|1|1|1
2024,10003,2,1,1,80.0,45.0,243.0,96.0,10003|2|1|1
2022,10003,31,1,1,386.0,123.0,1293.0,242.0,10003|31|1|1
2022,22109,1,1,1,313.0,201.0,923.0,244.0,22109|1|1|1
2022,55025,2,2,1,58.0,15.0,2186.0,184.0,55025|2|2|1
2022,55079,1,2,1,48.0,11.0,175.0,21.0,55079|1|2|1
2024,22013,1,1,1,76.0,52.0,64.0,18.0,22013|1|1|1
2025,05125,1,1,1,210.0,46.0,1798.0,309.0,05125|1|1|1
2018,22071,1,1,1,964.0,195.0,1973.0,146.0,22071|1|1|1
2019,28079,1,1,1,73.0,35.0,82.0,28.0,28079|1|1|1
2019,28033,1,2,1,133.0,9.0,136.0,8.0,28033|1|2|1
2022,22067,1,1,1,84.0,40.0,140.0,45.0,22067|1|1|1
2024,05035,1,1,1,142.0,45.0,155.0,18.0,05035|1|1|1
2024,10005,1,1,2,28.0,7.0,924.0,44.0,10005|1|1|2
2019,45057,32,1,1,56.0,20.0,355.0,79.0,45057|32|1|1
2019,45043,1,1,1,170.0,101.0,687.0,106.0,45043|1|1|1
2019,45003,31,1,1,100.0,24.0,492.0,105.0,45003|31|1|1
2019,45079,32,1,1,735.0,402.0,852.0,209.0,45079|32|1|1
2021,01083,32,1,1,150.0,49.0,784.0,115.0,01083|32|1|1
2021,01121,32,1,1,66.0,30.0,312.0,70.0,01121|32|1|1
2022,10001,4,2,1,99.0,62.0,323.0,148.0,10001|4|2|1
2022,22089,1,1,1,208.0,96.0,439.0,64.0,22089|1|1|1
2022,40109,1,1,1,716.0,136.0,6509.0,630.0,40109|1|1|1
2022,55133,1,1,1,81.0,16.0,4441.0,246.0,55133|1|1|1
2023,28107,1,1,1,225.0,154.0,194.0,60.0,28107|1|1|1
2023,28159,1,1,1,74.0,45.0,76.0,28.0,28159|1|1|1
2024,22105,32,1,1,47.0,35.0,185.0,78.0,22105|32|1|1
2024,22117,1,1,1,105.0,70.0,331.0,144.0,22117|1|1|1
2025,05069,32,1,1,64.0,30.0,49.0,16.0,05069|32|1|1
2018,22033,2,1,1,63.0,43.0,87.0,26.0,22033|2|1|1
2018,22119,1,1,1,89.0,60.0,252.0,67.0,22119|1|1|1
2019,28031,1,1,1,109.0,75.0,129.0,47.0,28031|1|1|1
2024,10005,2,2,1,68.0,37.0,635.0,208.0,10005|2|2|1
2019,45085,32,1,1,149.0,87.0,245.0,87.0,45085|32|1|1
2020,20173,1,1,1,294.0,64.0,6782.0,653.0,20173|1|1|1
2021,01125,1,1,1,1002.0,231.0,2342.0,294.0,01125|1|1|1
2022,22055,32,1,1,142.0,71.0,433.0,122.0,22055|32|1|1
2023,28033,1,1,1,1065.0,144.0,1342.0,117.0,28033|1|1|1
2023,28127,1,1,1,167.0,114.0,200.0,85.0,28127|1|1|1
2023,28049,2,2,1,144.0,98.0,68.0,20.0,28049|2|2|1
2024,22053,1,1,1,43.0,21.0,202.0,59.0,22053|1|1|1
2024,22007,1,1,1,125.0,105.0,90.0,27.0,22007|1|1|1
2025,34023,1,1,1,351.0,51.0,2374.0,253.0,34023|1|1|1
2025,34021,31,1,1,97.0,26.0,383.0,65.0,34021|31|1|1
2025,40017,1,1,1,249.0,60.0,2214.0,241.0,40017|1|1|1
2025,40031,1,1,1,152.0,24.0,832.0,118.0,40031|1|1|1
2018,02090,1,1,1,25.0,2.0,788.0,54.0,02090|1|1|1
2018,22099,1,1,1,130.0,87.0,377.0,86.0,22099|1|1|1
2018,22095,1,1,1,264.0,61.0,158.0,15.0,22095|1|1|1
2018,28047,32,1,1,108.0,69.0,450.0,199.0,28047|32|1|1
2023,10001,31,1,1,47.0,22.0,141.0,32.0,10001|31|1|1
2021,01089,4,1,1,43.0,26.0,176.0,64.0,01089|4|1|1
2022,22017,32,1,1,290.0,159.0,315.0,110.0,22017|32|1|1
2022,32003,1,2,1,116.0,23.0,564.0,206.0,32003|1|2|1
2023,28115,1,1,1,81.0,59.0,235.0,88.0,28115|1|1|1
2024,22031,1,1,1,142.0,82.0,205.0,50.0,22031|1|1|1
2025,34015,4,2,1,104.0,54.0,814.0,297.0,34015|4|2|1
2025,34013,31,1,3,32.0,10.0,146.0,35.0,34013|31|1|3
2025,34037,1,1,1,60.0,15.0,1286.0,75.0,34037|1|1|1
2018,28089,4,2,1,58.0,33.0,249.0,52.0,28089|4|2|1
2018,28161,1,1,1,44.0,22.0,65.0,15.0,28161|1|1|1
2019,28139,1,1,1,34.0,19.0,129.0,41.0,28139|1|1|1
2019,28137,1,1,1,99.0,40.0,340.0,74.0,28137|1|1|1
2019,28075,31,1,1,40.0,20.0,163.0,33.0,28075|31|1|1
2019,28049,1,1,3,34.0,7.0,93.0,5.0,28049|1|1|3
2020,72021,1,1,1,41.0,14.0,970.0,206.0,72021|1|1|1
2020,31055,32,1,1,118.0,36.0,3902.0,373.0,31055|32|1|1
2024,16027,1,1,1,40.0,1.0,3239.0,202.0,16027|1|1|1
2025,11001,1,1,1,945.0,141.0,2643.0,140.0,11001|1|1|1
2019,20103,1,1,1,32.0,3.0,1078.0,80.0,20103|1|1|1
2019,45007,31,1,1,83.0,29.0,821.0,139.0,45007|31|1|1
2019,45019,2,2,1,67.0,50.0,798.0,287.0,45019|2|2|1
2020,10003,2,1,1,62.0,43.0,278.0,85.0,10003|2|1|1
2020,10003,2,2,1,157.0,99.0,748.0,270.0,10003|2|2|1
2021,01099,1,1,1,68.0,35.0,121.0,35.0,01099|1|1|1
2021,01123,1,1,1,98.0,51.0,463.0,95.0,01123|1|1|1
2022,10001,1,1,1,1133.0,239.0,1680.0,236.0,10001|1|1|1
2022,22081,1,1,1,69.0,47.0,59.0,29.0,22081|1|1|1
2022,40027,1,1,1,146.0,30.0,2659.0,307.0,40027|1|1|1
2023,49035,1,1,1,174.0,43.0,8125.0,896.0,49035|1|1|1
2024,22109,1,1,1,316.0,214.0,623.0,155.0,22109|1|1|1
2024,22005,32,1,1,76.0,35.0,149.0,47.0,22005|32|1|1
2025,34023,2,2,1,184.0,96.0,762.0,252.0,34023|2|2|1
2025,34035,2,2,1,83.0,44.0,517.0,157.0,34035|2|2|1
2025,34007,4,1,1,48.0,28.0,206.0,89.0,34007|4|1|1
2018,28059,1,1,1,196.0,49.0,1485.0,240.0,28059|1|1|1
2019,28099,1,1,1,44.0,21.0,143.0,32.0,28099|1|1|1
2022,22071,2,2,1,125.0,91.0,286.0,86.0,22071|2|2|1
2024,05091,1,1,1,44.0,16.0,331.0,111.0,05091|1|1|1
2024,15003,1,1,1,156.0,20.0,1193.0,139.0,15003|1|1|1
2025,54039,1,1,1,58.0,13.0,1512.0,342.0,54039|1|1|1
2025,54003,1,1,1,213.0,47.0,1872.0,249.0,54003|1|1|1
2020,10003,4,1,1,40.0,25.0,158.0,57.0,10003|4|1|1
2020,10003,1,2,1,51.0,10.0,84.0,18.0,10003|1|2|1
2021,01073,4,1,1,189.0,137.0,324.0,102.0,01073|4|1|1
2021,01097,4,2,1,58.0,41.0,328.0,131.0,01097|4|2|1
2021,01097,32,1,1,432.0,198.0,1812.0,377.0,01097|32|1|1
2021,35013,1,1,1,97.0,27.0,2905.0,605.0,35013|1|1|1
2022,22019,31,1,1,71.0,24.0,487.0,94.0,22019|31|1|1
2022,22097,1,1,1,571.0,409.0,573.0,181.0,22097|1|1|1
2022,22101,1,1,1,181.0,136.0,282.0,66.0,22101|1|1|1
2022,40143,31,1,1,74.0,34.0,1011.0,211.0,40143|31|1|1
2022,40143,32,1,1,165.0,74.0,1689.0,478.0,40143|32|1|1
2022,55079,32,2,1,69.0,29.0,443.0,99.0,55079|32|2|1
2023,28049,4,2,1,205.0,117.0,160.0,66.0,28049|4|2|1
2024,22019,31,1,1,38.0,10.0,244.0,55.0,22019|31|1|1
2025,05103,1,1,1,78.0,46.0,149.0,46.0,05103|1|1|1
2024,22003,1,1,1,30.0,17.0,143.0,61.0,22003|1|1|1
2025,34015,1,1,1,341.0,64.0,2442.0,162.0,34015|1|1|1
2025,34031,32,1,1,80.0,37.0,597.0,160.0,34031|32|1|1
2018,22097,1,1,1,270.0,138.0,432.0,114.0,22097|1|1|1
2018,22009,1,1,1,53.0,20.0,238.0,57.0,22009|1|1|1
2018,22069,1,1,1,122.0,70.0,212.0,67.0,22069|1|1|1
2018,28121,4,2,1,45.0,32.0,363.0,109.0,28121|4|2|1
2023,31055,32,1,1,100.0,48.0,684.0,205.0,31055|32|1|1
2024,05125,1,1,1,261.0,64.0,1620.0,346.0,05125|1|1|1
2024,10003,1,1,3,36.0,6.0,156.0,14.0,10003|1|1|3
2025,31153,1,1,1,86.0,15.0,2471.0,109.0,31153|1|1|1
2019,20173,1,1,1,282.0,56.0,5919.0,553.0,20173|1|1|1
2020,10003,1,1,1,1858.0,253.0,5261.0,422.0,10003|1|1|1
2022,22105,1,1,1,980.0,660.0,1647.0,410.0,22105|1|1|1
2022,22013,1,1,1,86.0,63.0,93.0,38.0,22013|1|1|1
2023,20091,2,2,1,72.0,30.0,1672.0,467.0,20091|2|2|1
2025,05139,1,1,1,191.0,128.0,319.0,99.0,05139|1|1|1
2025,05119,2,2,1,200.0,115.0,423.0,144.0,05119|2|2|1
2018,22033,2,2,1,89.0,76.0,221.0,95.0,22033|2|2|1
2018,22017,4,1,1,68.0,48.0,109.0,48.0,22017|4|1|1
2018,28033,31,1,1,140.0,52.0,456.0,91.0,28033|31|1|1
2018,28071,1,1,1,96.0,48.0,524.0,52.0,28071|1|1|1
2018,28151,1,1,1,107.0,46.0,101.0,22.0,28151|1|1|1
2018,28163,1,1,1,59.0,34.0,73.0,18.0,28163|1|1|1
2019,28151,1,1,1,135.0,57.0,94.0,16.0,28151|1|1|1
2020,31055,4,2,1,26.0,18.0,670.0,219.0,31055|4|2|1
2023,23001,1,1,1,128.0,20.0,901.0,95.0,23001|1|1|1
2019,45079,4,1,1,85.0,62.0,200.0,47.0,45079|4|1|1
2020,20209,1,1,1,169.0,34.0,1402.0,178.0,20209|1|1|1
2023,20103,1,1,1,52.0,10.0,761.0,42.0,20103|1|1|1
2023,28123,1,1,1,107.0,71.0,154.0,77.0,28123|1|1|1
2024,22017,32,1,1,169.0,109.0,177.0,75.0,22017|32|1|1
2025,05017,1,1,1,46.0,39.0,32.0,11.0,05017|1|1|1
2018,22005,1,1,1,555.0,149.0,1772.0,220.0,22005|1|1|1
2018,22019,1,1,1,444.0,137.0,2230.0,435.0,22019|1|1|1
2018,22109,1,1,1,136.0,72.0,786.0,129.0,22109|1|1|1
2018,28033,32,1,1,194.0,99.0,534.0,166.0,28033|32|1|1
2019,54039,1,1,1,54.0,9.0,1568.0,262.0,54039|1|1|1
2020,44007,1,1,1,711.0,76.0,6001.0,444.0,44007|1|1|1
2025,19013,1,1,1,67.0,8.0,1225.0,93.0,19013|1|1|1
2019,19153,32,1,1,53.0,21.0,2313.0,394.0,19153|32|1|1
2019,45091,1,1,1,784.0,122.0,4836.0,452.0,45091|1|1|1
2019,45045,2,1,1,51.0,31.0,326.0,138.0,45045|2|1|1
2020,20091,32,1,1,127.0,27.0,5743.0,586.0,20091|32|1|1
2021,01073,4,2,1,193.0,125.0,661.0,197.0,01073|4|2|1
2021,01035,1,1,1,59.0,37.0,57.0,21.0,01035|1|1|1
2022,02090,1,1,1,63.0,4.0,1127.0,78.0,02090|1|1|1
2022,22005,1,1,1,826.0,300.0,1556.0,215.0,22005|1|1|1
2022,22005,31,1,1,82.0,29.0,291.0,53.0,22005|31|1|1
2022,22007,1,1,1,76.0,47.0,133.0,35.0,22007|1|1|1
2023,28149,1,1,1,133.0,56.0,221.0,47.0,28149|1|1|1
2025,05085,1,1,1,98.0,36.0,1045.0,118.0,05085|1|1|1
2018,28029,1,1,1,99.0,56.0,121.0,35.0,28029|1|1|1
2018,28085,1,1,1,98.0,59.0,248.0,76.0,28085|1|1|1
2023,32003,2,1,1,48.0,31.0,483.0,221.0,32003|2|1|1
2024,02020,1,1,1,105.0,11.0,1828.0,94.0,02020|1|1|1
2025,11001,2,2,1,324.0,179.0,350.0,124.0,11001|2|2|1
2021,01081,1,1,1,684.0,240.0,2663.0,321.0,01081|1|1|1
2021,01125,32,1,1,261.0,100.0,991.0,146.0,01125|32|1|1
2024,22089,1,1,1,118.0,63.0,311.0,32.0,22089|1|1|1
2024,22073,1,1,1,352.0,146.0,974.0,213.0,22073|1|1|1
2024,22097,31,1,1,34.0,6.0,80.0,12.0,22097|31|1|1
2024,22071,31,1,3,53.0,20.0,48.0,11.0,22071|31|1|3
2025,34021,2,2,1,117.0,53.0,455.0,121.0,34021|2|2|1
2025,34005,32,1,1,330.0,125.0,928.0,238.0,34005|32|1|1
2025,34015,32,1,1,127.0,51.0,795.0,216.0,34015|32|1|1
2025,34005,1,2,1,56.0,9.0,132.0,29.0,34005|1|2|1
2018,28109,1,1,1,51.0,18.0,597.0,167.0,28109|1|1|1
2018,28067,1,1,1,116.0,64.0,456.0,124.0,28067|1|1|1
2019,28017,1,1,1,122.0,79.0,81.0,38.0,28017|1|1|1
2019,54003,32,1,1,32.0,17.0,461.0,102.0,54003|32|1|1
2024,05107,1,1,1,44.0,20.0,48.0,21.0,05107|1|1|1
2024,05119,2,1,1,125.0,91.0,160.0,58.0,05119|2|1|1
2023,15003,1,1,1,226.0,19.0,1191.0,96.0,15003|1|1|1
2019,45059,1,1,1,164.0,52.0,652.0,161.0,45059|1|1|1
2019,45083,2,2,1,46.0,27.0,342.0,154.0,45083|2|2|1
2021,01017,1,1,1,140.0,76.0,262.0,63.0,01017|1|1|1
2022,10005,2,2,1,64.0,35.0,759.0,240.0,10005|2|2|1
2022,55059,1,1,1,68.0,15.0,1733.0,147.0,55059|1|1|1
2022,32003,32,1,3,124.0,38.0,806.0,189.0,32003|32|1|3
2023,28085,1,1,1,102.0,64.0,235.0,77.0,28085|1|1|1
2023,28065,1,1,1,135.0,99.0,52.0,28.0,28065|1|1|1
2023,28087,1,1,1,170.0,49.0,322.0,44.0,28087|1|1|1
2023,28025,1,1,1,103.0,65.0,49.0,11.0,28025|1|1|1
2024,22033,1,1,1,1372.0,304.0,2172.0,140.0,22033|1|1|1
2024,22051,2,1,1,29.0,23.0,121.0,45.0,22051|2|1|1
2025,34017,1,1,1,168.0,38.0,1682.0,202.0,34017|1|1|1
2025,34039,2,2,1,227.0,135.0,750.0,232.0,34039|2|2|1
2018,22017,32,1,1,276.0,178.0,398.0,144.0,22017|32|1|1
2024,05119,32,1,1,372.0,192.0,376.0,125.0,05119|32|1|1
2024,05019,1,1,1,50.0,31.0,161.0,55.0,05019|1|1|1
2023,10001,32,1,1,182.0,90.0,285.0,95.0,10001|32|1|1
2024,16001,1,1,1,39.0,4.0,4971.0,280.0,16001|1|1|1
2019,19113,1,1,1,123.0,18.0,3661.0,162.0,19113|1|1|1
2020,10003,1,1,3,66.0,8.0,192.0,15.0,10003|1|1|3
2021,01045,1,1,1,122.0,29.0,549.0,119.0,01045|1|1|1
2022,22033,31,1,1,321.0,127.0,583.0,84.0,22033|31|1|1
2022,22085,1,1,1,36.0,23.0,211.0,59.0,22085|1|1|1
2022,22111,1,1,1,73.0,49.0,215.0,79.0,22111|1|1|1
2022,32003,31,1,1,516.0,135.0,4183.0,864.0,32003|31|1|1
2023,28059,32,1,1,72.0,34.0,291.0,117.0,28059|32|1|1
2023,28033,2,2,1,137.0,73.0,222.0,92.0,28033|2|2|1
2023,28121,32,1,1,85.0,35.0,229.0,77.0,28121|32|1|1
2024,22105,1,1,1,736.0,497.0,1255.0,370.0,22105|1|1|1
2024,22047,1,1,1,158.0,93.0,175.0,33.0,22047|1|1|1
2025,05057,1,1,1,44.0,32.0,140.0,43.0,05057|1|1|1
2025,34023,31,1,1,111.0,24.0,739.0,121.0,34023|31|1|1
2025,34035,32,1,1,89.0,31.0,341.0,82.0,34035|32|1|1
2025,40101,1,1,1,42.0,18.0,404.0,93.0,40101|1|1|1
2018,28107,1,1,1,136.0,83.0,198.0,52.0,28107|1|1|1
2023,31055,1,1,1,334.0,47.0,4663.0,264.0,31055|1|1|1
2019,45035,1,1,1,679.0,215.0,2580.0,264.0,45035|1|1|1
2019,45079,1,1,3,58.0,14.0,140.0,12.0,45079|1|1|3
2019,45079,31,2,1,100.0,36.0,256.0,36.0,45079|31|2|1
2021,01101,1,1,1,1725.0,394.0,1411.0,117.0,01101|1|1|1
2021,01031,1,1,1,129.0,31.0,957.0,127.0,01031|1|1|1
2021,01003,32,1,1,66.0,27.0,2178.0,400.0,01003|32|1|1
2022,10003,2,1,1,86.0,52.0,272.0,95.0,10003|2|1|1
2022,22115,1,1,1,61.0,15.0,480.0,127.0,22115|1|1|1
2022,22011,1,1,1,43.0,15.0,502.0,138.0,22011|1|1|1
2022,40143,1,1,1,474.0,84.0,5776.0,501.0,40143|1|1|1
2025,34007,1,2,1,79.0,17.0,130.0,19.0,34007|1|2|1
2018,28089,32,1,1,106.0,60.0,225.0,54.0,28089|32|1|1
2018,28087,1,1,1,212.0,79.0,415.0,39.0,28087|1|1|1
2023,10003,4,2,1,348.0,200.0,860.0,393.0,10003|4|2|1
2024,12111,31,1,1,174.0,72.0,460.0,134.0,12111|31|1|1
2024,12099,32,1,3,115.0,48.0,379.0,113.0,12099|32|1|3
2024,13185,1,1,1,388.0,148.0,963.0,141.0,13185|1|1|1
2024,13223,4,2,1,189.0,99.0,533.0,197.0,13223|4|2|1
2024,37101,2,2,1,162.0,74.0,568.0,183.0,37101|2|2|1
2024,37071,1,1,1,727.0,136.0,2284.0,258.0,37071|1|1|1
2025,08005,31,1,1,156.0,59.0,1528.0,319.0,08005|31|1|1
2025,12111,1,1,1,1500.0,390.0,3709.0,511.0,12111|1|1|1
2025,12105,1,1,2,55.0,18.0,321.0,69.0,12105|1|1|2
2025,12053,32,1,1,59.0,27.0,792.0,287.0,12053|32|1|1
2025,13121,2,2,1,678.0,371.0,1210.0,409.0,13121|2|2|1
2024,47037,32,1,3,76.0,25.0,204.0,68.0,47037|32|1|3
2024,48071,1,1,1,72.0,26.0,934.0,173.0,48071|1|1|1
2024,48113,4,1,1,183.0,127.0,708.0,350.0,48113|4|1|1
2024,48113,2,2,1,384.0,275.0,1314.0,670.0,48113|2|2|1
2025,08101,1,1,1,61.0,13.0,1545.0,165.0,08101|1|1|1
2025,12071,4,2,1,124.0,65.0,1873.0,779.0,12071|4|2|1
2025,12071,4,1,1,38.0,22.0,746.0,296.0,12071|4|1|1
2025,13027,1,1,1,42.0,29.0,85.0,22.0,13027|1|1|1
2025,26081,2,2,1,153.0,79.0,1696.0,300.0,26081|2|2|1
2025,37077,1,1,1,128.0,46.0,452.0,50.0,37077|1|1|1
2025,29047,1,1,1,170.0,22.0,2815.0,174.0,29047|1|1|1
2025,29189,32,1,3,66.0,22.0,188.0,40.0,29189|32|1|3
2025,37155,1,1,1,318.0,182.0,297.0,80.0,37155|1|1|1
2025,39085,1,1,1,111.0,23.0,2415.0,147.0,39085|1|1|1
2025,39045,1,1,1,303.0,62.0,1501.0,102.0,39045|1|1|1
2025,45053,1,1,1,241.0,170.0,872.0,85.0,45053|1|1|1
2025,45007,1,1,1,300.0,103.0,2447.0,335.0,45007|1|1|1
2025,45073,1,1,1,45.0,21.0,921.0,154.0,45073|1|1|1
2025,48213,1,1,1,75.0,41.0,1112.0,379.0,48213|1|1|1
2025,48121,4,2,1,184.0,115.0,1185.0,588.0,48121|4|2|1
2025,48201,2,1,1,294.0,181.0,1103.0,556.0,48201|2|1|1
2025,51810,32,1,1,265.0,99.0,787.0,211.0,51810|32|1|1
2018,22005,31,1,1,76.0,38.0,373.0,73.0,22005|31|1|1
2018,13047,1,1,1,26.0,5.0,951.0,149.0,13047|1|1|1
2018,26125,31,2,1,71.0,29.0,957.0,316.0,26125|31|2|1
2018,26163,1,2,1,94.0,33.0,322.0,48.0,26163|1|2|1
2018,37183,2,1,1,74.0,35.0,463.0,101.0,37183|2|1|1
2018,51087,1,1,1,929.0,125.0,2742.0,149.0,51087|1|1|1
2018,51650,1,2,1,46.0,4.0,58.0,6.0,51650|1|2|1
2018,51760,4,2,1,95.0,73.0,201.0,84.0,51760|4|2|1
2019,18097,4,1,1,87.0,63.0,481.0,216.0,18097|4|1|1
2019,24003,1,2,1,54.0,12.0,214.0,27.0,24003|1|2|1
2019,24510,31,1,3,77.0,42.0,128.0,42.0,24510|31|1|3
2019,24037,32,1,1,49.0,22.0,445.0,110.0,24037|32|1|1
2019,18127,1,1,1,79.0,15.0,2519.0,138.0,18127|1|1|1
2019,24031,32,2,1,70.0,22.0,210.0,53.0,24031|32|2|1
2019,37069,32,1,1,43.0,22.0,210.0,42.0,37069|32|1|1
2019,47037,31,2,1,58.0,27.0,414.0,138.0,47037|31|2|1
2020,19153,32,1,1,52.0,13.0,3223.0,341.0,19153|32|1|1
2020,13097,1,1,1,1300.0,230.0,778.0,79.0,13097|1|1|1
2020,13127,32,1,1,42.0,19.0,407.0,68.0,13127|32|1|1
2020,13051,4,1,1,40.0,34.0,159.0,70.0,13051|4|1|1
2020,39017,2,2,1,29.0,13.0,515.0,176.0,39017|2|2|1
2020,54003,32,1,1,29.0,16.0,580.0,112.0,54003|32|1|1
2020,39153,31,1,1,498.0,134.0,7595.0,1069.0,39153|31|1|1
2020,45019,2,1,1,50.0,36.0,246.0,83.0,45019|2|1|1
2021,24043,1,1,1,321.0,55.0,1611.0,139.0,24043|1|1|1
2021,24047,1,1,1,62.0,17.0,823.0,74.0,24047|1|1|1
2021,24005,2,1,1,79.0,62.0,356.0,120.0,24005|2|1|1
2021,40109,4,1,1,28.0,18.0,239.0,83.0,40109|4|1|1
2022,05069,1,1,1,303.0,100.0,300.0,81.0,05069|1|1|1
2022,20091,2,2,1,60.0,27.0,1978.0,541.0,20091|2|2|1
2022,29095,31,1,1,229.0,92.0,1210.0,250.0,29095|31|1|1
2022,29189,31,2,1,29.0,10.0,465.0,89.0,29189|31|2|1
2022,37101,32,1,1,388.0,145.0,1244.0,257.0,37101|32|1|1
2022,37133,1,1,1,461.0,73.0,4125.0,317.0,37133|1|1|1
2022,47119,1,1,1,101.0,20.0,1803.0,181.0,47119|1|1|1
2022,37117,1,1,1,83.0,45.0,136.0,30.0,37117|1|1|1
2022,44003,1,1,1,68.0,7.0,1804.0,135.0,44003|1|1|1
2023,17163,4,2,1,105.0,74.0,439.0,201.0,17163|4|2|1
2023,17031,4,1,3,43.0,19.0,68.0,40.0,17031|4|1|3
2023,25023,31,1,1,53.0,21.0,516.0,113.0,25023|31|1|1
2023,25027,2,2,1,157.0,89.0,2507.0,680.0,25027|2|2|1
2023,25027,1,2,1,57.0,17.0,301.0,69.0,25027|1|2|1
2023,24013,1,1,1,99.0,13.0,1195.0,56.0,24013|1|1|1
2023,37025,31,1,1,50.0,15.0,176.0,39.0,37025|31|1|1
2023,36027,1,1,1,247.0,55.0,1582.0,203.0,36027|1|1|1
2023,36081,32,1,3,44.0,20.0,90.0,25.0,36081|32|1|3
2023,36059,31,2,1,56.0,33.0,492.0,175.0,36059|31|2|1
2023,41051,32,1,1,47.0,22.0,511.0,160.0,41051|32|1|1
2024,25025,1,2,1,60.0,22.0,187.0,64.0,25025|1|2|1
2024,34013,1,1,1,1214.0,284.0,2086.0,188.0,34013|1|1|1
2024,34025,1,1,1,151.0,32.0,4215.0,345.0,34025|1|1|1
2024,41051,4,2,1,65.0,41.0,1141.0,442.0,41051|4|2|1
2024,45015,1,1,1,1110.0,390.0,3799.0,386.0,45015|1|1|1
2024,45015,31,1,1,138.0,36.0,414.0,66.0,45015|31|1|1
2024,51740,32,1,1,168.0,77.0,117.0,48.0,51740|32|1|1
2024,51087,31,1,1,152.0,39.0,273.0,48.0,51087|31|1|1
2025,22091,1,1,1,144.0,105.0,64.0,20.0,22091|1|1|1
2025,22033,2,1,1,71.0,50.0,118.0,50.0,22033|2|1|1
2025,28033,1,1,1,903.0,106.0,1217.0,78.0,28033|1|1|1
2025,28121,32,1,1,75.0,34.0,238.0,77.0,28121|32|1|1
2024,45031,1,1,1,295.0,173.0,454.0,106.0,45031|1|1|1
2025,36059,2,2,1,432.0,281.0,2222.0,916.0,36059|2|2|1
2019,01097,32,1,1,281.0,157.0,886.0,253.0,01097|32|1|1
2019,15003,1,1,1,243.0,21.0,1846.0,122.0,15003|1|1|1
2020,01117,31,1,1,571.0,98.0,4960.0,487.0,01117|31|1|1
2020,28129,1,1,1,100.0,72.0,130.0,44.0,28129|1|1|1
2020,25017,31,2,1,34.0,15.0,1480.0,409.0,25017|31|2|1
2021,28033,2,2,1,85.0,61.0,137.0,55.0,28033|2|2|1
2021,24031,32,2,1,34.0,11.0,103.0,20.0,24031|32|2|1
2021,24005,31,2,1,38.0,22.0,210.0,73.0,24005|31|2|1
2021,28133,1,1,1,87.0,35.0,55.0,9.0,28133|1|1|1
2022,21117,1,1,1,92.0,11.0,2298.0,206.0,21117|1|1|1
2022,11001,32,1,3,243.0,70.0,115.0,18.0,11001|32|1|3
2022,11001,31,2,1,71.0,42.0,143.0,47.0,11001|31|2|1
2022,34007,32,1,1,476.0,216.0,1701.0,410.0,34007|32|1|1
2022,34005,4,2,1,166.0,99.0,873.0,385.0,34005|4|2|1
2023,06095,32,1,1,117.0,60.0,289.0,113.0,06095|32|1|1
2023,18163,1,1,1,118.0,34.0,1744.0,208.0,18163|1|1|1
2023,22087,1,1,1,112.0,18.0,219.0,40.0,22087|1|1|1
2023,22017,2,1,1,61.0,44.0,54.0,21.0,22017|2|1|1
2023,22015,32,1,1,49.0,29.0,128.0,45.0,22015|32|1|1
2022,45077,1,1,1,121.0,30.0,1797.0,354.0,45077|1|1|1
2022,45007,31,1,1,50.0,15.0,449.0,81.0,45007|31|1|1
2022,45083,31,1,1,129.0,50.0,717.0,180.0,45083|31|1|1
2023,06037,1,2,1,113.0,41.0,729.0,229.0,06037|1|2|1
2024,01117,4,2,1,172.0,80.0,836.0,286.0,01117|4|2|1
2024,01055,1,1,1,97.0,21.0,891.0,187.0,01055|1|1|1
2024,28111,1,1,1,34.0,18.0,112.0,51.0,28111|1|1|1
2024,01089,32,1,1,336.0,125.0,680.0,167.0,01089|32|1|1
2024,24009,1,1,1,124.0,13.0,727.0,26.0,24009|1|1|1
2024,24033,1,2,1,207.0,51.0,135.0,28.0,24033|1|2|1
2024,24031,2,2,1,410.0,215.0,1143.0,409.0,24031|2|2|1
2024,42011,1,1,1,219.0,43.0,2959.0,297.0,42011|1|1|1
2025,16027,1,1,1,32.0,3.0,3503.0,189.0,16027|1|1|1
2025,42101,32,1,1,1212.0,632.0,932.0,355.0,42101|32|1|1
2025,10003,1,2,1,53.0,10.0,119.0,27.0,10003|1|2|1
2025,24017,32,1,1,381.0,150.0,176.0,59.0,24017|32|1|1
2025,24031,1,2,1,52.0,16.0,119.0,28.0,24031|1|2|1
2025,53033,1,1,1,885.0,124.0,8525.0,485.0,53033|1|1|1
2025,53033,32,1,1,168.0,78.0,1445.0,390.0,53033|32|1|1
2025,53067,32,1,1,40.0,15.0,595.0,148.0,53067|32|1|1
2018,25013,4,2,1,30.0,21.0,593.0,290.0,25013|4|2|1
2018,45083,4,1,1,36.0,26.0,260.0,104.0,45083|4|1|1
2019,22097,1,1,1,373.0,190.0,506.0,123.0,22097|1|1|1
2022,08005,2,2,1,266.0,99.0,2593.0,596.0,08005|2|2|1
2022,13217,2,2,1,127.0,86.0,74.0,36.0,13217|2|2|1
2021,45087,1,1,1,81.0,46.0,158.0,46.0,45087|1|1|1
2021,45013,32,1,1,120.0,40.0,1660.0,255.0,45013|32|1|1
2022,25025,1,1,1,459.0,78.0,3729.0,230.0,25025|1|1|1
2023,45051,1,1,2,72.0,14.0,1339.0,209.0,45051|1|1|2
2023,45079,1,1,3,75.0,19.0,118.0,12.0,45079|1|1|3
2023,45083,2,2,1,96.0,58.0,501.0,170.0,45083|2|2|1
2023,53033,31,2,1,75.0,35.0,1131.0,366.0,53033|31|2|1
2025,25017,31,1,1,117.0,39.0,2894.0,373.0,25017|31|1|1
2025,47075,1,1,1,31.0,13.0,75.0,13.0,47075|1|1|1
2018,11001,4,2,1,301.0,203.0,349.0,146.0,11001|4|2|1
2019,45061,1,1,1,91.0,61.0,58.0,19.0,45061|1|1|1
2025,36067,1,1,1,268.0,58.0,2823.0,208.0,36067|1|1|1
2025,49049,1,1,1,58.0,6.0,8072.0,586.0,49049|1|1|1
2018,05119,1,1,1,1061.0,245.0,3308.0,302.0,05119|1|1|1
2019,01089,1,1,3,61.0,11.0,359.0,16.0,01089|1|1|3
2019,44007,31,2,1,38.0,19.0,998.0,282.0,44007|31|2|1
2020,01109,1,1,1,110.0,72.0,246.0,57.0,01109|1|1|1
2020,25025,1,1,1,363.0,61.0,3829.0,215.0,25025|1|1|1
2020,25013,4,2,1,26.0,17.0,317.0,143.0,25013|4|2|1
2020,25021,31,2,1,33.0,18.0,764.0,200.0,25021|31|2|1
2021,22073,31,1,1,228.0,68.0,1243.0,182.0,22073|31|1|1
2022,01069,32,1,1,88.0,47.0,319.0,101.0,01069|32|1|1
2022,17111,1,1,1,111.0,24.0,4114.0,266.0,17111|1|1|1
2022,34035,32,1,1,155.0,43.0,662.0,146.0,34035|32|1|1
2023,06067,32,1,1,270.0,96.0,1111.0,346.0,06067|32|1|1
2023,19163,1,1,1,85.0,13.0,1621.0,96.0,19163|1|1|1
2023,22109,1,1,1,302.0,198.0,682.0,213.0,22109|1|1|1
2023,22017,32,1,1,150.0,101.0,143.0,53.0,22017|32|1|1
2023,22051,2,1,1,40.0,28.0,119.0,45.0,22051|2|1|1
2024,01073,1,1,1,1937.0,390.0,3954.0,321.0,01073|1|1|1
2024,01125,1,1,1,807.0,302.0,1558.0,257.0,01125|1|1|1
2024,28147,1,1,1,111.0,81.0,110.0,52.0,28147|1|1|1
2024,01045,1,1,1,78.0,34.0,419.0,76.0,01045|1|1|1
2024,01101,32,1,1,366.0,176.0,156.0,49.0,01101|32|1|1
2024,01081,32,1,1,107.0,46.0,279.0,75.0,01081|32|1|1
2024,24021,32,1,1,75.0,33.0,363.0,94.0,24021|32|1|1
2024,24031,32,1,1,303.0,135.0,481.0,147.0,24031|32|1|1
2024,24510,2,1,1,189.0,152.0,73.0,38.0,24510|2|1|1
2025,24031,32,1,1,281.0,121.0,629.0,158.0,24031|32|1|1
2025,24510,32,1,1,627.0,329.0,192.0,69.0,24510|32|1|1
2018,18063,1,1,1,254.0,25.0,2968.0,162.0,18063|1|1|1
2018,25023,2,2,1,180.0,133.0,2060.0,815.0,25023|2|2|1
2018,27123,2,2,1,40.0,25.0,821.0,209.0,27123|2|2|1
2018,34031,1,1,1,251.0,51.0,3284.0,340.0,34031|1|1|1
2018,45053,1,1,1,125.0,79.0,336.0,55.0,45053|1|1|1
2018,45047,32,1,1,42.0,32.0,142.0,59.0,45047|32|1|1
2019,22051,2,1,1,56.0,39.0,178.0,75.0,22051|2|1|1
2019,22115,1,1,1,43.0,11.0,448.0,113.0,22115|1|1|1
2019,35001,1,1,1,196.0,37.0,7357.0,608.0,35001|1|1|1
2020,11001,2,2,1,350.0,231.0,600.0,230.0,11001|2|2|1
2020,11001,32,2,1,36.0,14.0,90.0,10.0,11001|32|2|1
2020,11001,4,2,1,188.0,125.0,327.0,142.0,11001|4|2|1
2020,23001,1,1,1,63.0,10.0,1331.0,170.0,23001|1|1|1
2021,21111,2,2,1,109.0,51.0,968.0,280.0,21111|2|2|1
2021,45063,31,1,1,511.0,107.0,4539.0,525.0,45063|31|1|1
2021,45091,2,2,1,43.0,29.0,448.0,135.0,45091|2|2|1
2022,25017,31,1,1,122.0,35.0,3078.0,489.0,25017|31|1|1
2022,25005,2,2,1,188.0,108.0,2072.0,563.0,25005|2|2|1
2023,40017,1,1,1,183.0,27.0,2155.0,243.0,40017|1|1|1
2023,53053,32,1,1,183.0,86.0,1072.0,307.0,53053|32|1|1
2025,18003,31,1,1,75.0,19.0,1112.0,131.0,18003|31|1|1
2025,27123,1,1,1,350.0,50.0,3132.0,140.0,27123|1|1|1
2025,47157,2,1,1,469.0,309.0,269.0,123.0,47157|2|1|1
2018,19113,1,1,1,136.0,26.0,3738.0,171.0,19113|1|1|1
2021,01117,31,1,1,595.0,131.0,3796.0,429.0,01117|31|1|1
2021,01051,1,1,1,366.0,149.0,1426.0,189.0,01051|1|1|1
2022,72127,1,1,1,101.0,31.0,1602.0,361.0,72127|1|1|1
2022,55079,1,1,1,1641.0,320.0,6442.0,455.0,55079|1|1|1
2023,28099,1,1,1,51.0,35.0,134.0,48.0,28099|1|1|1
2024,22071,32,1,1,338.0,213.0,138.0,56.0,22071|32|1|1
2024,22071,1,1,3,76.0,22.0,122.0,18.0,22071|1|1|3
2018,22067,1,1,1,66.0,26.0,114.0,22.0,22067|1|1|1
2018,22013,1,1,1,35.0,21.0,78.0,26.0,22013|1|1|1
2019,28133,1,1,1,70.0,28.0,53.0,14.0,28133|1|1|1
2019,28059,1,1,1,218.0,58.0,1608.0,244.0,28059|1|1|1
2019,28049,32,1,1,269.0,146.0,164.0,51.0,28049|32|1|1
2024,05143,1,1,1,76.0,10.0,2425.0,217.0,05143|1|1|1
2023,10003,2,2,1,440.0,240.0,1032.0,337.0,10003|2|2|1
2024,05093,1,1,1,60.0,25.0,233.0,53.0,05093|1|1|1
2025,19153,32,1,1,63.0,33.0,903.0,299.0,19153|32|1|1
2025,38017,1,1,1,72.0,9.0,1759.0,71.0,38017|1|1|1
2021,01025,1,1,1,161.0,106.0,171.0,39.0,01025|1|1|1
2022,10003,32,1,1,765.0,288.0,1507.0,351.0,10003|32|1|1
2022,22051,1,1,1,826.0,194.0,2366.0,210.0,22051|1|1|1
2022,22029,1,1,1,53.0,33.0,113.0,36.0,22029|1|1|1
2022,55025,1,1,1,171.0,17.0,5502.0,203.0,55025|1|1|1
2023,28147,1,1,1,82.0,45.0,83.0,33.0,28147|1|1|1
2023,28081,32,1,1,50.0,20.0,98.0,29.0,28081|32|1|1
2023,28049,4,1,1,143.0,101.0,67.0,25.0,28049|4|1|1
2025,34005,4,1,1,51.0,28.0,263.0,106.0,34005|4|1|1
2018,22071,32,1,3,113.0,44.0,110.0,30.0,22071|32|1|3
2019,28145,1,1,1,48.0,29.0,254.0,88.0,28145|1|1|1
2020,44007,1,1,3,28.0,3.0,258.0,43.0,44007|1|1|3
2024,38017,1,1,1,105.0,10.0,1792.0,66.0,38017|1|1|1
2024,10005,32,1,1,69.0,37.0,556.0,184.0,10005|32|1|1
2021,01015,32,1,1,79.0,33.0,501.0,91.0,01015|32|1|1
2021,31055,1,2,1,44.0,6.0,273.0,28.0,31055|1|2|1
2022,10005,32,1,1,110.0,44.0,1147.0,317.0,10005|32|1|1
2022,22001,1,1,1,134.0,72.0,590.0,197.0,22001|1|1|1
2022,22069,1,1,1,124.0,72.0,247.0,65.0,22069|1|1|1
2022,55079,31,2,1,67.0,26.0,585.0,92.0,55079|31|2|1
2023,28151,1,1,1,122.0,63.0,95.0,24.0,28151|1|1|1
2023,28095,1,1,1,171.0,115.0,222.0,54.0,28095|1|1|1
2023,49057,1,1,1,37.0,6.0,2801.0,375.0,49057|1|1|1
2023,49035,4,2,1,51.0,22.0,4001.0,1384.0,49035|4|2|1
2024,22093,1,1,1,120.0,78.0,107.0,18.0,22093|1|1|1
2025,40143,2,1,1,42.0,30.0,293.0,74.0,40143|2|1|1
2018,22103,1,1,1,525.0,128.0,3397.0,337.0,22103|1|1|1
2018,22101,1,1,1,76.0,48.0,234.0,50.0,22101|1|1|1
2019,28023,1,1,1,33.0,22.0,97.0,29.0,28023|1|1|1
2020,44007,2,2,1,106.0,69.0,1153.0,477.0,44007|2|2|1
2023,31055,4,2,1,67.0,39.0,1009.0,358.0,31055|4|2|1
2025,19103,1,1,1,117.0,28.0,1558.0,69.0,19103|1|1|1
2019,19049,1,1,1,25.0,2.0,1760.0,91.0,19049|1|1|1
2019,45003,1,1,1,488.0,167.0,2169.0,281.0,45003|1|1|1
2020,10005,2,2,1,27.0,19.0,443.0,177.0,10005|2|2|1
2022,10003,4,2,1,287.0,182.0,785.0,310.0,10003|4|2|1
2022,22095,1,1,1,354.0,131.0,163.0,23.0,22095|1|1|1
2022,22071,31,1,1,240.0,132.0,330.0,58.0,22071|31|1|1
2022,40109,2,1,1,65.0,33.0,324.0,152.0,40109|2|1|1
2023,28109,1,1,1,48.0,24.0,674.0,193.0,28109|1|1|1
2023,28135,1,1,1,54.0,43.0,30.0,14.0,28135|1|1|1
2024,22055,1,1,1,794.0,361.0,2128.0,289.0,22055|1|1|1
2025,05091,1,1,1,55.0,22.0,314.0,84.0,05091|1|1|1
2025,34003,1,1,1,207.0,31.0,3290.0,293.0,34003|1|1|1
2025,44007,1,1,3,29.0,6.0,199.0,24.0,44007|1|1|3
2018,22017,2,2,1,52.0,42.0,81.0,43.0,22017|2|2|1
2018,28075,31,1,1,56.0,27.0,147.0,34.0,28075|31|1|1
2019,28049,31,1,1,369.0,161.0,330.0,66.0,28049|31|1|1
2020,31153,1,1,1,85.0,9.0,3261.0,143.0,31153|1|1|1
2020,44003,1,1,1,85.0,12.0,2409.0,165.0,44003|1|1|1
2023,31153,1,1,1,124.0,17.0,2230.0,128.0,31153|1|1|1
2025,47037,1,1,3,56.0,8.0,565.0,65.0,47037|1|1|3
2021,01015,1,1,1,322.0,82.0,1363.0,293.0,01015|1|1|1
2022,22033,1,1,1,1872.0,398.0,2998.0,183.0,22033|1|1|1
2022,32003,1,1,2,127.0,22.0,717.0,92.0,32003|1|1|2
2023,28089,1,1,1,382.0,109.0,881.0,45.0,28089|1|1|1
2023,28161,1,1,1,46.0,25.0,65.0,19.0,28161|1|1|1
2024,22033,2,1,1,73.0,55.0,68.0,20.0,22033|2|1|1
2024,22039,1,1,1,65.0,33.0,155.0,49.0,22039|1|1|1
2025,05119,4,2,1,226.0,123.0,481.0,154.0,05119|4|2|1
2025,44007,31,1,1,128.0,40.0,1373.0,260.0,44007|31|1|1
2018,28145,1,1,1,41.0,22.0,249.0,69.0,28145|1|1|1
2018,28075,1,1,1,167.0,47.0,363.0,51.0,28075|1|1|1
2018,28091,1,1,1,55.0,34.0,177.0,51.0,28091|1|1|1
2019,28095,1,1,1,123.0,62.0,298.0,94.0,28095|1|1|1
2019,28007,1,1,1,47.0,25.0,78.0,14.0,28007|1|1|1
2019,28151,31,1,1,59.0,18.0,75.0,11.0,28151|31|1|1
2023,16001,1,1,1,52.0,11.0,4590.0,278.0,16001|1|1|1
2023,10001,2,2,1,191.0,114.0,413.0,150.0,10001|2|2|1
2025,11001,4,1,1,75.0,46.0,80.0,19.0,11001|4|1|1
2020,10001,31,1,1,751.0,136.0,2531.0,317.0,10001|31|1|1
2021,01087,1,1,1,147.0,89.0,45.0,17.0,01087|1|1|1
2021,02020,1,1,1,193.0,16.0,3343.0,149.0,02020|1|1|1
2022,10001,2,2,1,154.0,91.0,484.0,168.0,10001|2|2|1
2023,49049,1,1,1,84.0,16.0,7295.0,564.0,49049|1|1|1
2024,22017,2,1,1,46.0,34.0,53.0,13.0,22017|2|1|1
2024,22085,1,1,1,58.0,45.0,178.0,72.0,22085|1|1|1
2025,34035,1,1,1,178.0,16.0,1433.0,92.0,34035|1|1|1
2025,34023,32,1,1,189.0,80.0,854.0,205.0,34023|32|1|1
2025,34005,2,1,1,50.0,19.0,256.0,81.0,34005|2|1|1
2018,28105,1,1,1,139.0,77.0,317.0,35.0,28105|1|1|1
2018,28135,1,1,1,53.0,33.0,25.0,7.0,28135|1|1|1
2018,28127,1,1,1,71.0,32.0,178.0,42.0,28127|1|1|1
2020,44007,31,2,1,26.0,12.0,649.0,181.0,44007|31|2|1
2024,05119,1,1,3,48.0,9.0,271.0,23.0,05119|1|1|3
2023,10005,1,1,1,359.0,141.0,3054.0,362.0,10005|1|1|1
2023,32003,32,1,3,36.0,10.0,236.0,79.0,32003|32|1|3
2024,10003,31,2,1,130.0,49.0,383.0,87.0,10003|31|2|1
2021,01117,32,1,1,248.0,67.0,2234.0,272.0,01117|32|1|1
2022,22051,31,1,1,181.0,77.0,586.0,150.0,22051|31|1|1
2022,32003,1,1,1,2809.0,533.0,17089.0,1846.0,32003|1|1|1
2023,28139,1,1,1,28.0,17.0,121.0,46.0,28139|1|1|1
2025,05119,1,1,3,45.0,8.0,286.0,16.0,05119|1|1|3
2025,34005,31,1,1,220.0,59.0,896.0,147.0,34005|31|1|1
2025,34007,2,2,1,250.0,147.0,1051.0,329.0,34007|2|2|1
2018,22089,1,1,1,113.0,46.0,518.0,59.0,22089|1|1|1
2018,28089,1,1,1,419.0,73.0,1330.0,70.0,28089|1|1|1
2018,28147,1,1,1,65.0,48.0,71.0,26.0,28147|1|1|1
2023,31109,1,1,1,82.0,11.0,2883.0,142.0,31109|1|1|1
2018,11001,4,1,1,107.0,78.0,107.0,29.0,11001|4|1|1
2018,11001,1,1,1,1291.0,200.0,4207.0,190.0,11001|1|1|1
2020,10001,2,2,1,67.0,44.0,273.0,100.0,10001|2|2|1
2021,01117,4,2,1,55.0,31.0,355.0,103.0,01117|4|2|1
2021,31153,1,1,1,115.0,13.0,3059.0,113.0,31153|1|1|1
2022,10003,1,1,3,68.0,11.0,202.0,12.0,10003|1|1|3
2022,10003,1,2,1,66.0,22.0,86.0,26.0,10003|1|2|1
2023,28071,1,1,1,98.0,62.0,400.0,64.0,28071|1|1|1
2023,28067,31,1,1,31.0,8.0,169.0,18.0,28067|31|1|1
2023,28121,31,1,1,42.0,18.0,238.0,36.0,28121|31|1|1
2024,22033,31,1,1,179.0,60.0,254.0,39.0,22033|31|1|1
2025,02090,1,1,1,27.0,4.0,741.0,30.0,02090|1|1|1
2018,22115,1,1,1,39.0,13.0,367.0,78.0,22115|1|1|1
2019,28093,1,1,1,130.0,69.0,256.0,66.0,28093|1|1|1
2023,23005,1,1,1,129.0,23.0,2278.0,181.0,23005|1|1|1
2024,05119,4,2,1,325.0,188.0,550.0,226.0,05119|4|2|1
2023,32003,31,2,1,60.0,26.0,553.0,175.0,32003|31|2|1
2025,19153,1,1,1,322.0,69.0,5366.0,333.0,19153|1|1|1
2024,10003,1,2,1,56.0,16.0,129.0,23.0,10003|1|2|1
2021,01101,31,1,1,1159.0,290.0,1226.0,180.0,01101|31|1|1
2021,01103,1,1,1,167.0,28.0,1653.0,246.0,01103|1|1|1
2021,01069,1,1,1,284.0,79.0,1443.0,246.0,01069|1|1|1
2022,22063,1,1,1,727.0,223.0,2446.0,544.0,22063|1|1|1
2022,22033,1,1,3,96.0,13.0,311.0,16.0,22033|1|1|3
2022,32031,1,1,1,75.0,14.0,4099.0,391.0,32031|1|1|1
2022,32003,31,2,1,63.0,29.0,574.0,197.0,32003|31|2|1
2023,28121,1,1,1,466.0,129.0,1451.0,198.0,28121|1|1|1
2024,22097,32,1,1,39.0,23.0,52.0,20.0,22097|32|1|1
2024,22009,1,1,1,97.0,63.0,232.0,76.0,22009|1|1|1
2025,05019,1,1,1,46.0,28.0,191.0,64.0,05019|1|1|1
2025,34023,4,2,1,192.0,96.0,1096.0,414.0,34023|4|2|1
2025,34013,1,2,1,69.0,32.0,71.0,29.0,34013|1|2|1
2025,44007,32,1,1,172.0,81.0,1047.0,270.0,44007|32|1|1
2018,22051,31,1,1,206.0,104.0,842.0,232.0,22051|31|1|1
2018,22047,1,1,1,120.0,63.0,190.0,32.0,22047|1|1|1
2018,28033,4,2,1,67.0,46.0,309.0,137.0,28033|4|2|1
2018,28081,1,1,1,248.0,86.0,992.0,171.0,28081|1|1|1
2019,28001,1,1,1,109.0,51.0,81.0,12.0,28001|1|1|1
2022,31055,4,2,1,60.0,32.0,1001.0,278.0,31055|4|2|1
2024,05139,1,1,1,179.0,139.0,300.0,127.0,05139|1|1|1
2024,05017,1,1,1,70.0,58.0,25.0,6.0,05017|1|1|1
2025,19193,1,1,1,45.0,10.0,851.0,101.0,19193|1|1|1
2019,45079,1,2,1,208.0,47.0,81.0,12.0,45079|1|2|1
2021,31055,32,1,1,228.0,71.0,4495.0,555.0,31055|32|1|1
2022,22005,32,1,1,140.0,76.0,349.0,84.0,22005|32|1|1
2022,22039,1,1,1,72.0,41.0,222.0,82.0,22039|1|1|1
2023,28137,1,1,1,53.0,19.0,220.0,42.0,28137|1|1|1
2023,28061,1,1,1,209.0,157.0,84.0,33.0,28061|1|1|1
2024,22061,1,1,1,152.0,101.0,265.0,54.0,22061|1|1|1
2024,22055,31,1,1,82.0,29.0,278.0,44.0,22055|31|1|1
2024,22037,1,1,1,86.0,57.0,107.0,21.0,22037|1|1|1
2024,22077,1,1,1,98.0,74.0,123.0,26.0,22077|1|1|1
2025,34013,2,1,1,85.0,58.0,130.0,56.0,34013|2|1|1
2018,22073,32,1,1,115.0,64.0,360.0,94.0,22073|32|1|1
2018,28121,32,1,1,66.0,39.0,426.0,141.0,28121|32|1|1
2018,28089,31,1,1,101.0,40.0,334.0,54.0,28089|31|1|1
2019,28071,1,1,1,112.0,66.0,553.0,61.0,28071|1|1|1
2019,28065,1,1,1,71.0,43.0,46.0,21.0,28065|1|1|1
2020,44007,31,1,1,513.0,128.0,9024.0,1149.0,44007|31|1|1
2024,05043,1,1,1,26.0,17.0,127.0,56.0,05043|1|1|1
2024,10001,31,1,1,141.0,29.0,263.0,48.0,10001|31|1|1
2020,10005,1,1,1,452.0,171.0,4088.0,558.0,10005|1|1|1
2021,01117,1,1,1,909.0,151.0,4212.0,356.0,01117|1|1|1
2021,01109,1,1,1,136.0,70.0,320.0,67.0,01109|1|1|1
2022,22077,1,1,1,96.0,65.0,182.0,60.0,22077|1|1|1
2022,32003,1,1,3,131.0,35.0,1459.0,213.0,32003|1|1|3
2023,28031,1,1,1,106.0,80.0,131.0,59.0,28031|1|1|1
2023,28151,31,1,1,47.0,8.0,40.0,3.0,28151|31|1|1
2025,05119,1,1,1,904.0,211.0,2657.0,272.0,05119|1|1|1
2025,34007,4,2,1,247.0,112.0,982.0,378.0,34007|4|2|1
2025,34039,4,2,1,205.0,107.0,652.0,256.0,34039|4|2|1
2018,28083,1,1,1,57.0,27.0,51.0,7.0,28083|1|1|1
2019,28037,1,1,1,42.0,30.0,36.0,12.0,28037|1|1|1
2019,28083,1,1,1,48.0,19.0,42.0,5.0,28083|1|1|1
2024,05037,1,1,1,34.0,20.0,94.0,34.0,05037|1|1|1
2023,32003,2,2,1,418.0,249.0,3106.0,1436.0,32003|2|2|1
2023,32003,1,2,1,94.0,31.0,493.0,128.0,32003|1|2|1
2025,19113,1,1,1,203.0,51.0,2695.0,158.0,19113|1|1|1
2022,10005,1,1,2,42.0,7.0,1421.0,109.0,10005|1|1|2
2022,55079,2,2,1,367.0,186.0,2154.0,449.0,55079|2|2|1
2023,20091,32,1,1,35.0,16.0,745.0,179.0,20091|32|1|1
2023,28059,1,1,1,229.0,58.0,1422.0,262.0,28059|1|1|1
2023,28105,1,1,1,150.0,97.0,237.0,25.0,28105|1|1|1
2024,22011,1,1,1,44.0,19.0,399.0,126.0,22011|1|1|1
2025,34013,4,2,1,324.0,175.0,716.0,283.0,34013|4|2|1
2025,44007,1,2,1,138.0,25.0,469.0,74.0,44007|1|2|1
2018,22031,1,1,1,150.0,84.0,264.0,57.0,22031|1|1|1
2019,28067,1,1,1,116.0,49.0,499.0,124.0,28067|1|1|1
2019,28089,31,1,1,136.0,39.0,672.0,74.0,28089|31|1|1
2020,72127,1,1,1,101.0,34.0,1434.0,298.0,72127|1|1|1
2022,22017,2,2,1,63.0,44.0,83.0,35.0,22017|2|2|1
2022,31109,1,1,1,93.0,12.0,3450.0,125.0,31109|1|1|1
2023,31055,1,2,1,44.0,9.0,440.0,31.0,31055|1|2|1
2023,10003,1,1,1,1267.0,201.0,2795.0,241.0,10003|1|1|1
2023,32003,1,1,1,2144.0,381.0,14964.0,1696.0,32003|1|1|1
2022,22119,1,1,1,131.0,76.0,378.0,97.0,22119|1|1|1
2022,55079,32,1,3,101.0,51.0,226.0,53.0,55079|32|1|3
2023,20091,1,1,1,195.0,24.0,4960.0,171.0,20091|1|1|1
2025,34005,2,2,1,216.0,97.0,1145.0,333.0,34005|2|2|1
2025,40109,4,1,1,43.0,32.0,323.0,116.0,40109|4|1|1
2018,22007,1,1,1,74.0,55.0,146.0,39.0,22007|1|1|1
2018,28023,1,1,1,35.0,22.0,75.0,13.0,28023|1|1|1
2018,28037,1,1,1,39.0,28.0,40.0,18.0,28037|1|1|1
2019,28025,1,1,1,101.0,59.0,62.0,8.0,28025|1|1|1
2019,28081,32,1,1,33.0,15.0,187.0,39.0,28081|32|1|1
2019,45019,1,1,1,590.0,196.0,6334.0,533.0,45019|1|1|1
2019,45045,2,2,1,90.0,58.0,832.0,350.0,45045|2|2|1
2020,20177,1,1,1,76.0,5.0,2045.0,139.0,20177|1|1|1
2021,01073,31,2,1,32.0,20.0,195.0,38.0,01073|31|2|1
2021,01089,31,1,1,1298.0,247.0,5216.0,474.0,01089|31|1|1
2021,01069,32,1,1,51.0,19.0,482.0,116.0,01069|32|1|1
2021,01113,31,1,1,276.0,61.0,373.0,61.0,01113|31|1|1
2022,32023,1,1,1,49.0,9.0,729.0,95.0,32023|1|1|1
2023,28047,1,1,1,390.0,116.0,1726.0,322.0,28047|1|1|1
2023,28023,1,1,1,59.0,49.0,90.0,25.0,28023|1|1|1
2023,28089,32,1,1,60.0,34.0,87.0,22.0,28089|32|1|1
2024,22099,1,1,1,176.0,99.0,360.0,110.0,22099|1|1|1
2025,05119,32,1,1,374.0,178.0,406.0,122.0,05119|32|1|1
2025,05119,4,1,1,69.0,40.0,176.0,80.0,05119|4|1|1
2025,05043,1,1,1,32.0,21.0,116.0,47.0,05043|1|1|1
2018,28081,32,1,1,47.0,24.0,198.0,51.0,28081|32|1|1
2018,28095,1,1,1,112.0,64.0,256.0,70.0,28095|1|1|1
2019,28081,1,1,1,284.0,98.0,955.0,184.0,28081|1|1|1
2019,28121,32,1,1,67.0,27.0,435.0,107.0,28121|32|1|1
2019,19113,1,2,1,31.0,0.0,779.0,7.0,19113|1|2|1
2021,01097,1,1,1,1568.0,330.0,4352.0,651.0,01097|1|1|1
2021,01013,1,1,1,124.0,79.0,129.0,38.0,01013|1|1|1
2022,22017,31,1,1,155.0,72.0,334.0,80.0,22017|31|1|1
2022,22073,31,1,1,71.0,23.0,351.0,62.0,22073|31|1|1
2022,32003,2,2,1,564.0,306.0,4537.0,1824.0,32003|2|2|1
2023,28047,32,1,1,117.0,72.0,359.0,140.0,28047|32|1|1
2024,22051,1,1,1,518.0,120.0,1650.0,139.0,22051|1|1|1
2025,34005,1,1,1,630.0,89.0,2794.0,175.0,34005|1|1|1
2025,40143,1,1,1,331.0,65.0,4619.0,377.0,40143|1|1|1
2018,22071,1,1,3,93.0,16.0,194.0,33.0,22071|1|1|3
2019,28005,1,1,1,53.0,34.0,61.0,18.0,28005|1|1|1
2024,05119,1,2,1,96.0,23.0,103.0,11.0,05119|1|2|1
2024,05085,1,1,1,71.0,28.0,867.0,146.0,05085|1|1|1
2025,31055,1,1,1,314.0,48.0,5145.0,268.0,31055|1|1|1
2025,54037,1,1,1,106.0,18.0,1016.0,66.0,54037|1|1|1
2019,45087,1,1,1,58.0,29.0,171.0,47.0,45087|1|1|1
2019,45079,4,2,1,138.0,95.0,381.0,150.0,45079|4|2|1
2020,10003,32,1,1,309.0,99.0,2038.0,292.0,10003|32|1|1
2021,01053,1,1,1,123.0,80.0,316.0,87.0,01053|1|1|1
2021,35043,1,1,1,97.0,12.0,2672.0,242.0,35043|1|1|1
2022,22031,1,1,1,209.0,141.0,289.0,79.0,22031|1|1|1
2022,55079,2,1,1,136.0,83.0,512.0,132.0,55079|2|1|1
2023,28073,1,1,1,165.0,53.0,645.0,139.0,28073|1|1|1
2023,28113,1,1,1,210.0,140.0,201.0,79.0,28113|1|1|1
2023,49035,2,2,1,57.0,26.0,4171.0,1015.0,49035|2|2|1
2024,22033,4,1,1,135.0,90.0,146.0,56.0,22033|4|1|1
2024,22095,1,1,1,240.0,114.0,119.0,15.0,22095|1|1|1
2025,05011,1,1,1,25.0,16.0,50.0,21.0,05011|1|1|1
2025,34007,32,1,1,351.0,135.0,995.0,275.0,34007|32|1|1
2025,34039,2,1,1,32.0,22.0,154.0,65.0,34039|2|1|1
2025,40109,2,1,1,51.0,22.0,263.0,95.0,40109|2|1|1
2018,22019,31,1,1,75.0,37.0,443.0,96.0,22019|31|1|1
2018,22113,1,1,1,65.0,36.0,462.0,120.0,22113|1|1|1
2018,28159,1,1,1,38.0,17.0,78.0,22.0,28159|1|1|1
2023,32003,4,1,1,74.0,52.0,703.0,291.0,32003|4|1|1
2019,45063,32,1,1,123.0,74.0,1140.0,278.0,45063|32|1|1
2019,45031,1,1,1,242.0,145.0,438.0,98.0,45031|1|1|1
2021,01033,1,1,1,104.0,24.0,856.0,123.0,01033|1|1|1
2022,55079,32,1,1,646.0,299.0,2295.0,531.0,55079|32|1|1
2023,28111,1,1,1,42.0,34.0,127.0,70.0,28111|1|1|1
2024,22019,32,1,1,65.0,41.0,210.0,79.0,22019|32|1|1
2024,22027,1,1,1,83.0,66.0,63.0,25.0,22027|1|1|1
2025,05107,1,1,1,35.0,17.0,30.0,6.0,05107|1|1|1
2025,40109,4,2,1,125.0,73.0,788.0,282.0,40109|4|2|1
2018,22071,2,1,1,146.0,109.0,100.0,48.0,22071|2|1|1
2018,22045,1,1,1,137.0,76.0,390.0,99.0,22045|1|1|1
2018,22079,1,1,1,264.0,69.0,975.0,163.0,22079|1|1|1
2018,28049,2,2,1,70.0,51.0,49.0,17.0,28049|2|2|1
2018,28123,1,1,1,113.0,67.0,108.0,19.0,28123|1|1|1
2025,31055,32,1,1,116.0,41.0,897.0,211.0,31055|32|1|1
2019,45067,1,1,1,140.0,94.0,126.0,46.0,45067|1|1|1
2022,55101,32,1,1,60.0,27.0,994.0,232.0,55101|32|1|1
2023,28029,1,1,1,132.0,79.0,124.0,53.0,28029|1|1|1
2023,28089,31,1,1,48.0,10.0,164.0,24.0,28089|31|1|1
2025,05037,1,1,1,37.0,24.0,146.0,39.0,05037|1|1|1
2025,34021,1,1,1,339.0,60.0,1264.0,93.0,34021|1|1|1
2018,22033,1,1,3,68.0,14.0,242.0,22.0,22033|1|1|3
2018,22091,1,1,1,111.0,85.0,63.0,26.0,22091|1|1|1
2018,28049,32,1,1,261.0,155.0,209.0,72.0,28049|32|1|1
2018,28079,1,1,1,48.0,20.0,77.0,10.0,28079|1|1|1
2019,20209,1,1,1,161.0,28.0,1334.0,158.0,20209|1|1|1
2019,45015,32,1,1,249.0,117.0,1011.0,256.0,45015|32|1|1
2019,45083,4,1,1,39.0,25.0,283.0,110.0,45083|4|1|1
2021,01129,1,1,1,52.0,36.0,161.0,61.0,01129|1|1|1
2022,22033,32,1,1,537.0,244.0,619.0,147.0,22033|32|1|1
2022,55079,31,1,1,352.0,145.0,1938.0,375.0,55079|31|1|1
2023,28043,1,1,1,40.0,17.0,106.0,33.0,28043|1|1|1
2025,34013,1,1,1,1088.0,230.0,2045.0,194.0,34013|1|1|1
2025,34021,32,1,1,146.0,60.0,390.0,95.0,34021|32|1|1
2025,34025,2,2,1,64.0,35.0,1631.0,497.0,34025|2|2|1
2025,34003,4,2,1,125.0,63.0,1379.0,558.0,34003|4|2|1
2018,22061,1,1,1,99.0,63.0,281.0,40.0,22061|1|1|1
2018,28121,1,1,1,424.0,94.0,2161.0,207.0,28121|1|1|1
2018,28005,1,1,1,67.0,52.0,77.0,27.0,28005|1|1|1
2019,28087,1,1,1,198.0,57.0,379.0,60.0,28087|1|1|1
2019,28123,1,1,1,115.0,57.0,124.0,47.0,28123|1|1|1
2019,28089,1,1,1,400.0,105.0,1261.0,72.0,28089|1|1|1
2019,28077,1,1,1,47.0,32.0,70.0,32.0,28077|1|1|1
2019,33011,1,1,1,85.0,14.0,5114.0,455.0,33011|1|1|1
2024,05031,1,1,1,96.0,27.0,929.0,119.0,05031|1|1|1
2024,05069,32,1,1,78.0,37.0,49.0,23.0,05069|32|1|1
2024,54003,32,1,1,46.0,17.0,325.0,99.0,54003|32|1|1
2024,10003,2,2,1,436.0,232.0,1089.0,312.0,10003|2|2|1
2025,11001,32,2,1,206.0,63.0,146.0,28.0,11001|32|2|1
2019,45009,1,1,1,57.0,45.0,51.0,24.0,45009|1|1|1
2021,01127,1,1,1,59.0,33.0,942.0,303.0,01127|1|1|1
2021,01023,1,1,1,48.0,30.0,72.0,19.0,01023|1|1|1
2022,22103,32,1,1,183.0,80.0,979.0,264.0,22103|32|1|1
2022,22073,32,1,1,118.0,61.0,275.0,69.0,22073|32|1|1
2022,40101,1,1,1,29.0,14.0,471.0,83.0,40101|1|1|1
2023,28075,31,1,1,27.0,10.0,88.0,9.0,28075|31|1|1
2023,28037,1,1,1,38.0,26.0,39.0,17.0,28037|1|1|1
2023,28163,1,1,1,64.0,37.0,87.0,31.0,28163|1|1|1
2024,22073,32,1,1,69.0,33.0,109.0,36.0,22073|32|1|1
2025,05123,1,1,1,68.0,46.0,70.0,26.0,05123|1|1|1
2018,22105,1,1,1,519.0,292.0,1344.0,234.0,22105|1|1|1
2018,22027,1,1,1,50.0,35.0,38.0,15.0,22027|1|1|1
2018,28065,1,1,1,64.0,41.0,29.0,12.0,28065|1|1|1
2018,28153,1,1,1,36.0,25.0,79.0,26.0,28153|1|1|1
2019,28085,1,1,1,110.0,56.0,259.0,78.0,28085|1|1|1
2019,28163,1,1,1,61.0,30.0,78.0,18.0,28163|1|1|1
2019,28121,31,1,1,107.0,26.0,750.0,126.0,28121|31|1|1
2025,11001,32,1,1,350.0,153.0,125.0,36.0,11001|32|1|1
2025,31109,1,1,1,102.0,14.0,3186.0,146.0,31109|1|1|1
2020,20103,1,1,1,44.0,5.0,1169.0,67.0,20103|1|1|1
2020,10003,31,1,1,1735.0,375.0,8262.0,851.0,10003|31|1|1
2022,22057,1,1,1,198.0,104.0,1042.0,245.0,22057|1|1|1
2023,28035,1,1,1,181.0,99.0,522.0,124.0,28035|1|1|1
2023,28009,1,1,1,26.0,19.0,54.0,18.0,28009|1|1|1
2023,28049,1,1,3,29.0,7.0,65.0,10.0,28049|1|1|3
2024,22005,1,1,1,429.0,167.0,1064.0,163.0,22005|1|1|1
2025,34029,1,1,1,129.0,32.0,5078.0,426.0,34029|1|1|1
2025,34015,2,2,1,103.0,52.0,880.0,268.0,34015|2|2|1
2025,34013,32,1,3,125.0,38.0,258.0,52.0,34013|32|1|3
2022,22017,4,1,1,43.0,30.0,64.0,25.0,22017|4|1|1
2018,22033,4,2,1,85.0,63.0,422.0,171.0,22033|4|2|1
2018,22063,1,1,1,284.0,80.0,2104.0,417.0,22063|1|1|1
2019,54037,1,1,1,42.0,6.0,864.0,76.0,54037|1|1|1
2019,28049,4,1,1,146.0,96.0,79.0,30.0,28049|4|1|1
2020,31109,1,1,1,90.0,9.0,4291.0,161.0,31109|1|1|1
2020,44007,1,2,1,60.0,13.0,275.0,53.0,44007|1|2|1
2024,05045,1,1,1,100.0,31.0,1494.0,294.0,05045|1|1|1
2024,33011,1,1,1,81.0,9.0,2888.0,224.0,33011|1|1|1
